-- phpMyAdmin SQL Dump
-- version 4.0.10.7
-- http://www.phpmyadmin.net
--
-- Host: localhost:3306
-- Generation Time: Dec 31, 2015 at 11:24 PM
-- Server version: 10.0.23-MariaDB
-- PHP Version: 5.4.31

SET SQL_MODE = "NO_AUTO_VALUE_ON_ZERO";
SET time_zone = "+00:00";


/*!40101 SET @OLD_CHARACTER_SET_CLIENT=@@CHARACTER_SET_CLIENT */;
/*!40101 SET @OLD_CHARACTER_SET_RESULTS=@@CHARACTER_SET_RESULTS */;
/*!40101 SET @OLD_COLLATION_CONNECTION=@@COLLATION_CONNECTION */;
/*!40101 SET NAMES utf8 */;

--
-- Database: `aintmtdo_banhang`
--

-- --------------------------------------------------------

--
-- Table structure for table `brand`
--

CREATE TABLE IF NOT EXISTS `brand` (
  `id` int(11) NOT NULL AUTO_INCREMENT,
  `name` varchar(45) DEFAULT NULL,
  PRIMARY KEY (`id`)
) ENGINE=InnoDB  DEFAULT CHARSET=utf8 AUTO_INCREMENT=3 ;

--
-- Dumping data for table `brand`
--

INSERT INTO `brand` (`id`, `name`) VALUES
(1, 'MADEVN'),
(2, 'ALDO');

-- --------------------------------------------------------

--
-- Table structure for table `category`
--

CREATE TABLE IF NOT EXISTS `category` (
  `id` int(11) NOT NULL AUTO_INCREMENT,
  `name` varchar(45) NOT NULL,
  `description` varchar(245) DEFAULT NULL,
  PRIMARY KEY (`id`)
) ENGINE=InnoDB  DEFAULT CHARSET=utf8 AUTO_INCREMENT=5 ;

--
-- Dumping data for table `category`
--

INSERT INTO `category` (`id`, `name`, `description`) VALUES
(1, 'VAY', NULL),
(2, 'GIAY', NULL),
(3, 'BOT', NULL),
(4, 'CHAN VAY', NULL);

-- --------------------------------------------------------

--
-- Table structure for table `config`
--

CREATE TABLE IF NOT EXISTS `config` (
  `id` int(11) NOT NULL AUTO_INCREMENT,
  `name` varchar(45) NOT NULL,
  `value` varchar(45) NOT NULL,
  `description` varchar(245) DEFAULT NULL,
  PRIMARY KEY (`id`)
) ENGINE=InnoDB DEFAULT CHARSET=utf8 AUTO_INCREMENT=1 ;

-- --------------------------------------------------------

--
-- Table structure for table `configuration`
--

CREATE TABLE IF NOT EXISTS `configuration` (
  `id` int(11) NOT NULL AUTO_INCREMENT,
  `name` varchar(45) NOT NULL,
  `value` varchar(45) NOT NULL,
  `label` varchar(255) DEFAULT NULL,
  PRIMARY KEY (`id`)
) ENGINE=InnoDB  DEFAULT CHARSET=utf8 AUTO_INCREMENT=25 ;

--
-- Dumping data for table `configuration`
--

INSERT INTO `configuration` (`id`, `name`, `value`, `label`) VALUES
(1, 'import_number_row', '16', 'NBR ROW IMPORT'),
(2, 'export_number_row', '8', 'NBR ROW EXPORT'),
(3, 'default_row_product_return', '5', 'NBR ROW IMPORT RETURN'),
(4, 'default_password', '123456', 'DEFAULT PASSWORD'),
(5, 'is_sale_for_all', '1', 'SALE ON/OFF'),
(6, 'default_number_line_spend', '5', 'NBR ROW SPEND'),
(7, 'listExportDefault_nbr_day_limit', '0', 'NBR DAY EXPORT'),
(8, 'nbr_day_default_export_returned', '0', 'NBR DAY EXPORT RETURN'),
(9, 'default_nbr_days_load_export', '10', 'NBR DAY EXPORT DEFAULT'),
(10, 'bonus_ratio', '100', 'BONUS RATIO'),
(11, 'init_money', '0', 'AMOUNT INIT'),
(12, 'timeout', '21600', 'SYSTEM TIMEOUT'),
(13, 'limit_default_customer_after_search', '100', 'NBR ROW CUS AFTER'),
(14, 'limit_default_customer_before_search', '10', 'NBR ROW CUS BEFORE'),
(15, 'nbr_customer_by_group_csv', '250', 'NBR CUSTOMER BY GROUP'),
(16, 'nbr_news_default', '20', 'NBR NEWS DEFAULT'),
(17, 'max_width_upload_img', '800', 'max_width_upload_img'),
(18, 'max_height_upload_img', '600', 'max_height_upload_img'),
(19, 'upload_img_quality', '1', 'upload_img_quality'),
(20, 'max_img_size_upload', '2000000', 'max_img_size_upload'),
(21, 'default_nbr_days_load_import', '20', 'default_nbr_days_load_import'),
(22, 'sale_all_taux', '10', 'SALE TAUX'),
(23, 'start_time_backup', '8', 'START TIME_BACK_UP'),
(24, 'end_time_backup', '24', 'END TIME_BACK_UP');

-- --------------------------------------------------------

--
-- Table structure for table `customer`
--

CREATE TABLE IF NOT EXISTS `customer` (
  `id` int(11) NOT NULL AUTO_INCREMENT,
  `name` varchar(45) NOT NULL,
  `tel` varchar(12) NOT NULL,
  `description` varchar(245) DEFAULT NULL,
  `date` datetime DEFAULT NULL,
  `created_date` datetime DEFAULT NULL,
  `isboss` varchar(1) DEFAULT '0',
  PRIMARY KEY (`id`)
) ENGINE=InnoDB  DEFAULT CHARSET=utf8 AUTO_INCREMENT=1622 ;

--
-- Dumping data for table `customer`
--

INSERT INTO `customer` (`id`, `name`, `tel`, `description`, `date`, `created_date`, `isboss`) VALUES
(1288, 'Khach le', 'aaaaaaaaa', 'Anh khach co the doi', '2015-06-12 20:54:04', '2014-03-01 23:42:54', '0'),
(1289, 'Chị Nga bạn A.Minh', '0977538189', '', '2015-12-28 20:42:31', '2015-10-08 15:57:36', '0'),
(1290, 'Anh An Pha bạn A.Minh', '0976106322', '', '2015-12-23 21:02:01', '2015-10-08 15:59:01', '0'),
(1291, 'Chị Châu', '0966807709', '', '2015-12-09 16:46:16', '2015-10-08 16:00:33', '0'),
(1292, 'Vân Anh bạn Bảo', '01649582526', NULL, '2015-10-08 16:02:54', '2015-10-08 16:02:54', '0'),
(1293, 'Vân bạn Bảo', '0967896058', NULL, '2015-10-08 16:03:59', '2015-10-08 16:03:59', '0'),
(1294, 'Chị Huyền', '01659693713', NULL, '2015-10-09 15:40:47', '2015-10-09 15:40:47', '0'),
(1295, 'Thảo bạn Bảo', '0987256180', '', '2015-10-10 18:03:34', '2015-10-10 17:14:13', '0'),
(1296, 'Chị Dung', '0972471268', NULL, '2015-10-10 17:15:07', '2015-10-10 17:15:07', '0'),
(1297, 'Chị Liên', '01694595224', NULL, '2015-10-10 17:15:56', '2015-10-10 17:15:56', '0'),
(1298, 'Chị Thủy', '0919307218', NULL, '2015-10-10 17:16:41', '2015-10-10 17:16:41', '0'),
(1299, 'Hoàn bạn Bảo', '0982899831', NULL, '2015-10-10 19:37:52', '2015-10-10 19:37:52', '0'),
(1300, 'Thảo(hd) bạn Bảo', '01663288549', '', '2015-11-07 14:23:41', '2015-10-11 12:39:21', '0'),
(1301, 'Chị Thanh', '0904528224', NULL, '2015-10-11 14:01:55', '2015-10-11 14:01:55', '0'),
(1302, 'Chị Phan Thị Nhiên', '01636096098', NULL, '2015-10-11 14:35:47', '2015-10-11 14:35:47', '0'),
(1303, 'Chị Diệu bạn chị Thanh', '123456789', NULL, '2015-10-11 14:57:57', '2015-10-11 14:57:57', '0'),
(1304, 'Chị Hoa Chi Linh', '123', NULL, '2015-10-11 15:04:53', '2015-10-11 15:04:53', '0'),
(1305, 'Chị Nguyệt', '0947916133', NULL, '2015-10-11 15:37:59', '2015-10-11 15:37:59', '0'),
(1306, 'Bạn Nguyễn Duyên', '0985737280', 'lỖI HỞ KHE', '2015-10-30 20:04:04', '2015-10-11 16:45:42', '0'),
(1307, 'Bạn Vũ Thị Thu', '0984369560', NULL, '2015-10-11 17:04:13', '2015-10-11 17:04:13', '0'),
(1308, 'Chị Thúy', '0968908225', NULL, '2015-10-11 17:28:13', '2015-10-11 17:28:13', '0'),
(1309, 'Chị Nguyễn Lan Anh khách onl của Bảo ', '0979959366', '', '2015-11-23 21:19:10', '2015-10-11 17:46:07', '0'),
(1310, 'Chị Hương', '0969734415', NULL, '2015-10-11 18:00:01', '2015-10-11 18:00:01', '0'),
(1311, 'Chị Hạnh', '0964478295', NULL, '2015-10-11 18:42:31', '2015-10-11 18:42:31', '0'),
(1312, 'B Nguyễn Thị Hương Trang', '0906295666', NULL, '2015-10-11 19:19:43', '2015-10-11 19:19:43', '0'),
(1313, 'Chị Ngọc', '0982804672', '', '2015-10-12 18:05:44', '2015-10-12 12:55:33', '0'),
(1314, 'Chị Hà', '0975595127', '', '2015-12-25 15:00:47', '2015-10-12 12:56:14', '0'),
(1315, 'Chị Nguyên', '0972187992', NULL, '2015-10-12 19:46:22', '2015-10-12 19:46:22', '0'),
(1316, 'Chị Mai', '01674312022', NULL, '2015-10-12 19:50:26', '2015-10-12 19:50:26', '0'),
(1317, 'Chị Huyền', '0986230100', '', '2015-11-16 20:36:07', '2015-10-12 20:34:21', '0'),
(1318, 'Chị Ánh', '01648401573', NULL, '2015-10-12 21:21:02', '2015-10-12 21:21:02', '0'),
(1319, 'Chị Trang', '0987216186', NULL, '2015-10-12 21:21:57', '2015-10-12 21:21:57', '0'),
(1320, 'Chị Huyền', '0982390608', NULL, '2015-10-13 12:51:42', '2015-10-13 12:51:42', '0'),
(1321, 'Chị Vân', '0988686743', '', '2015-11-18 17:45:03', '2015-10-13 18:51:04', '0'),
(1322, 'Chị Hường', '0968807758', NULL, '2015-10-13 18:52:10', '2015-10-13 18:52:10', '0'),
(1323, 'Chị Trang', '0975390127', NULL, '2015-10-14 10:22:09', '2015-10-14 10:22:09', '0'),
(1324, 'Chị Hà', '0947665055', NULL, '2015-10-14 10:22:59', '2015-10-14 10:22:59', '0'),
(1325, 'Chị Huyền', '0984417418', NULL, '2015-10-14 10:23:34', '2015-10-14 10:23:34', '0'),
(1326, 'Chị Yến', '0949140084', NULL, '2015-10-14 18:34:33', '2015-10-14 18:34:33', '0'),
(1327, 'Chị Thơm', '01662622864', NULL, '2015-10-11 18:53:46', '2015-10-11 18:53:46', '0'),
(1328, 'Bảo', '01649785255', '', '2015-12-22 16:27:49', '2015-10-14 19:33:02', '1'),
(1329, 'Chị Sửu chủ nhà', '1234', NULL, '2015-10-14 22:53:28', '2015-10-14 22:53:28', '0'),
(1330, 'Chị Ly', '0973342784', '', '2015-11-28 21:49:04', '2015-10-15 16:15:37', '0'),
(1331, 'Chị Hồng', '0974433728', NULL, '2015-10-15 20:45:04', '2015-10-15 20:45:04', '0'),
(1332, 'Chị Phương', '0904480090', NULL, '2015-10-16 10:45:17', '2015-10-16 10:45:17', '0'),
(1333, 'Hà Huyền bạn Bảo', '01649784180', NULL, '2015-10-16 12:48:42', '2015-10-16 12:48:42', '0'),
(1334, 'Minh Thu Bạn Bảo', '1234567890', NULL, '2015-10-16 12:54:04', '2015-10-16 12:54:04', '0'),
(1335, 'Chị Hồng', '0968285173', '', '2015-10-16 18:13:13', '2015-10-16 19:45:49', '0'),
(1336, 'Chị Quỳnh', '0983119383', '', '2015-11-17 16:49:58', '2015-10-16 19:47:02', '0'),
(1337, 'Chị Ly', '0903435092', NULL, '2015-10-16 19:47:56', '2015-10-16 19:47:56', '0'),
(1338, 'Cháu Vân Anh anh Khải', '1', NULL, '2015-10-16 19:48:44', '2015-10-16 19:48:44', '0'),
(1339, 'Chị Hường', '0976583360', NULL, '2015-10-16 21:39:02', '2015-10-16 21:39:02', '0'),
(1340, 'Anh Biển bạn anh Minh', '12', NULL, '2015-10-17 23:06:56', '2015-10-17 23:06:56', '0'),
(1341, 'Anh Việt Anh', '0914846662', '', '2015-12-18 19:18:36', '2015-10-17 23:07:57', '0'),
(1342, 'Hai em bạn Anh Minh', '012', NULL, '2015-10-17 23:09:25', '2015-10-17 23:09:25', '0'),
(1343, 'Hai anh chị sắp cưới bạn Anh Mình', '0123', NULL, '2015-10-17 23:12:17', '2015-10-17 23:12:17', '0'),
(1344, 'Chị Hoa', '01696185586', NULL, '2015-10-17 23:13:00', '2015-10-17 23:13:00', '0'),
(1345, 'Chị Uyển Chi khách Online', '0968698975', NULL, '2015-10-17 23:14:27', '2015-10-17 23:14:27', '0'),
(1346, 'Chị Định công ty Anh Minh', '0977414216', NULL, '2015-10-17 23:15:10', '2015-10-17 23:15:10', '0'),
(1347, 'Chị Yến', '0987566213', NULL, '2015-10-18 11:55:36', '2015-10-18 11:55:36', '0'),
(1348, 'Em Lê bạn Bảo', '01649590120', '', '2015-10-18 18:20:41', '2015-10-18 16:49:58', '0'),
(1349, 'Em Bùi Thị Vân bạn Bảo', '01234', NULL, '2015-10-18 16:50:40', '2015-10-18 16:50:40', '0'),
(1350, 'Chị Hải', '0969308927', '', '2015-10-29 17:43:42', '2015-10-18 16:51:07', '0'),
(1351, 'Chị Hằng', '01869898868', NULL, '2015-10-18 20:16:04', '2015-10-18 20:16:04', '0'),
(1352, 'Chị Hương', '0974941269', NULL, '2015-10-19 13:31:56', '2015-10-19 13:31:56', '0'),
(1353, 'Em Hà', '0987307671', NULL, '2015-10-19 16:34:20', '2015-10-19 16:34:20', '0'),
(1354, 'Chị Hồng', '0984599932', '', '2015-12-24 14:53:04', '2015-10-19 16:48:16', '0'),
(1355, 'Chị Hoài Anh', '0985121225', '', '2015-12-18 15:53:56', '2015-10-19 16:01:47', '0'),
(1356, 'Chị Hoài Anh', '0985941269', NULL, '2015-10-19 16:29:44', '2015-10-19 16:29:44', '0'),
(1357, 'Chị Bách', '0973312388', NULL, '2015-10-20 17:42:19', '2015-10-20 17:42:19', '0'),
(1358, 'Chị Lan Anh', '0966383159', '', '2015-11-29 15:53:03', '2015-10-20 19:21:15', '0'),
(1359, 'Em Thảo Ngy Kiên bạn Bảo', '0983298236', NULL, '2015-10-20 20:45:22', '2015-10-20 20:45:22', '0'),
(1360, 'Vũ bạn Bảo', '0962862119', NULL, '2015-10-20 00:17:04', '2015-10-20 00:17:04', '0'),
(1361, 'Chị Nga', '0989310678', NULL, '2015-10-21 11:53:28', '2015-10-21 11:53:28', '0'),
(1362, 'Em Linh', '01654184210', NULL, '2015-10-21 14:59:05', '2015-10-21 14:59:05', '0'),
(1363, 'Chị Ngọc', '0979034836', '', '2015-10-21 18:25:37', '2015-10-21 20:22:58', '0'),
(1364, 'Bạn Trang ', '01642395171', '', '2015-10-21 18:26:17', '2015-10-21 20:24:51', '0'),
(1365, 'Chị Hằng', '01686348616', NULL, '2015-10-22 12:08:50', '2015-10-22 12:08:50', '0'),
(1366, 'Chị Hường', '0948353584', '', '2015-12-19 16:09:08', '2015-10-23 14:49:32', '0'),
(1367, 'Chị Oanh', '01233668665', '', '2015-11-04 13:19:08', '2015-10-23 21:03:23', '0'),
(1368, 'Chị Phương', '0912433678', '', '2015-10-23 18:42:24', '2015-10-23 21:04:19', '0'),
(1369, 'Dì Tùng', '0987077585', '', '2015-10-24 20:57:41', '2015-10-24 12:02:29', '0'),
(1370, 'Chị Minh', '0976556728', NULL, '2015-10-24 12:11:52', '2015-10-24 12:11:52', '0'),
(1371, 'Chị Thủy', '098463083', NULL, '2015-10-24 20:59:37', '2015-10-24 20:59:37', '0'),
(1372, 'Chị Duyên', '0982732821', '', '2015-10-24 18:44:18', '2015-10-24 21:00:47', '0'),
(1373, 'Chị Thủy', '0904578388', NULL, '2015-10-24 21:01:24', '2015-10-24 21:01:24', '0'),
(1374, 'Chị Nga', '0973454137', NULL, '2015-10-25 13:44:57', '2015-10-25 13:44:57', '0'),
(1375, 'Chị Nga', '0945616646', NULL, '2015-10-25 13:45:18', '2015-10-25 13:45:18', '0'),
(1376, 'Chị Hoàng Nga Khách onl của Bảo', '01668080331', '', '2015-10-22 18:26:53', '2015-10-25 13:46:22', '0'),
(1377, 'Chị Hà', '0944227498', '', '2015-10-31 20:08:02', '2015-10-25 17:06:21', '0'),
(1378, 'Bạn Liên', '0972016095', NULL, '2015-10-25 17:12:44', '2015-10-25 17:12:44', '0'),
(1379, 'Huệ Vy bạn Bảo', '0988430202', NULL, '2015-10-08 18:01:56', '2015-10-08 18:01:56', '0'),
(1380, 'Chị Huyền', '0914894934', NULL, '2015-10-12 18:06:51', '2015-10-12 18:06:51', '0'),
(1381, 'Cô Lợi', '0904263059', '', '2015-10-15 18:12:08', '2015-10-25 18:11:11', '0'),
(1382, 'Chị Hậu', '0948929988', NULL, '2015-10-16 18:14:07', '2015-10-16 18:14:07', '0'),
(1383, 'Chị Hạnh', '01696237989', NULL, '2015-10-16 18:15:13', '2015-10-16 18:15:13', '0'),
(1384, 'Anh Trung', '01687506684', NULL, '2015-10-17 18:18:20', '2015-10-17 18:18:20', '0'),
(1385, 'Chị Nhung', '0985266374', NULL, '2015-10-20 18:24:31', '2015-10-20 18:24:31', '0'),
(1386, 'Chị Ngọc', '0985625593', NULL, '2015-10-22 18:28:48', '2015-10-22 18:28:48', '0'),
(1387, 'Chị Nguyễn Lai fb Bảo', '01659630716', '', '2015-10-22 18:32:25', '2015-10-25 18:31:56', '0'),
(1388, 'Chị Dung', '01689468168', NULL, '2015-10-22 18:33:11', '2015-10-22 18:33:11', '0'),
(1389, 'Chị Hương', '0979454558', NULL, '2015-10-26 11:16:09', '2015-10-26 11:16:09', '0'),
(1390, 'Chị Xuyên', '0915176787', NULL, '2015-10-26 15:50:16', '2015-10-26 15:50:16', '0'),
(1391, 'Chị Trang', '0966860790', NULL, '2015-10-26 21:41:51', '2015-10-26 21:41:51', '0'),
(1392, 'Chị Việt Anh khách onl của Bảo', '01656300816', NULL, '2015-10-26 21:42:37', '2015-10-26 21:42:37', '0'),
(1393, 'Anh Hiện', '0975211896', '', '2015-10-28 11:41:31', '2015-10-27 10:46:23', '0'),
(1394, 'Em Trang Nội Vụ', '01694568566', NULL, '2015-10-27 13:11:22', '2015-10-27 13:11:22', '0'),
(1395, 'Chị khách đi ô tô', '0', NULL, '2015-10-27 15:39:39', '2015-10-27 15:39:39', '0'),
(1396, 'Học sinh chị Châu', '0986993876', NULL, '2015-10-27 18:19:00', '2015-10-27 18:19:00', '0'),
(1397, 'Chị Lê Hương Lan Khách onl của Bảo', '01675802935', '', '2015-12-13 11:08:47', '2015-10-27 20:37:13', '0'),
(1398, 'Chị Thúy', '01642856353', NULL, '2015-10-27 21:09:57', '2015-10-27 21:09:57', '0'),
(1399, 'Chị Thủy', '072', NULL, '2015-10-28 19:55:21', '2015-10-28 19:55:21', '0'),
(1400, 'Chị Hằng', '0949523179', NULL, '2015-10-29 12:38:25', '2015-10-29 12:38:25', '0'),
(1401, 'Chị Nguyễn Thị Thêu', '0979597186', NULL, '2015-10-29 15:03:41', '2015-10-29 15:03:41', '0'),
(1402, 'Bạn Yến', '0983280940', NULL, '2015-10-29 18:08:55', '2015-10-29 18:08:55', '0'),
(1403, 'Chị Nguyễn Hằng fb Hang Nguyen fb Bảo', '100', 'Tòa nhà 319 63 Lê Văn Lương', '2015-12-15 16:43:41', '2015-10-29 18:14:47', '0'),
(1404, 'Chị Thanh chị Thảo bạn Bảo', '0936442396', NULL, '2015-10-29 18:35:51', '2015-10-29 18:35:51', '0'),
(1405, 'Bạn Mai fb Má Núm bạn Bảo', '0986552840', '', '2015-11-24 10:52:42', '2015-10-29 18:37:40', '0'),
(1406, 'Anh Tiến', '0919742186', '', '2015-12-25 20:37:21', '2015-10-29 19:02:45', '0'),
(1407, 'Chị Nga fb Thanhnga Nguyen', '0947763585', NULL, '2015-10-30 10:50:50', '2015-10-30 10:50:50', '0'),
(1408, 'Cô Lê', '0904369717', '', '2015-12-09 20:56:24', '2015-10-30 20:43:45', '0'),
(1409, 'Chị Thoa', '0966580589', NULL, '2015-10-31 20:00:08', '2015-10-31 20:00:08', '0'),
(1410, 'Chị Đỗ Thuần Phương khách onl của Bảo', '0902263626', '169 Lê Thánh Tông, TP Hạ Long, tỉnh Quảng Ninh', '2015-12-22 16:35:06', '2015-11-01 11:20:41', '0'),
(1411, 'Em Nguyễn Thị Bích Thảo khách onl của Bảo', '01648613490', NULL, '2015-11-01 11:29:37', '2015-11-01 11:29:37', '0'),
(1412, 'Bạn Hồng Hạnh fb Hong Hanh Nguyen fb Bảo', '0987483934', NULL, '2015-11-01 14:10:12', '2015-11-01 14:10:12', '0'),
(1413, 'Chị Giang', '0917399982', NULL, '2015-11-03 19:20:13', '2015-11-03 19:20:13', '0'),
(1414, 'Chị Hằng', '0968302269', '', '2015-11-10 20:12:57', '2015-11-04 12:44:38', '0'),
(1415, 'Chị Đàm Hà fb Hà Đàm', '0979293222', NULL, '2015-11-04 21:52:28', '2015-11-04 21:52:28', '0'),
(1416, 'Chị Oanh', '0986169161', NULL, '2015-11-05 16:19:24', '2015-11-05 16:19:24', '0'),
(1417, 'Chị Thu', '0968757893', NULL, '2015-11-05 16:36:58', '2015-11-05 16:36:58', '0'),
(1418, 'Em Trần Thị Minh Thương', '01689929286', NULL, '2015-11-05 18:37:06', '2015-11-05 18:37:06', '0'),
(1419, 'Chị Dung fb Thiên Bình', '0963966966', NULL, '2015-11-05 20:02:01', '2015-11-05 20:02:01', '0'),
(1420, 'Chị Thùy', '0984315747', '', '2015-11-06 14:18:47', '2015-11-06 10:39:00', '0'),
(1421, 'Chị Tú bạn chị châu', '0', NULL, '2015-11-06 16:10:30', '2015-11-06 16:10:30', '0'),
(1422, 'Chị huyền', '0973101109', NULL, '2015-11-06 17:12:00', '2015-11-06 17:12:00', '0'),
(1423, 'Chị Hậu', '0904231084', NULL, '2015-11-06 18:36:09', '2015-11-06 18:36:09', '0'),
(1424, 'Quỳnh bạn Bảo ', '0983276228', NULL, '2015-11-06 19:05:08', '2015-11-06 19:05:08', '0'),
(1425, 'Em Linh Trịnh bạn Bảo', '01687587457', '', '2015-12-28 20:36:03', '2015-11-07 12:31:58', '0'),
(1426, 'Chị Nguyệt ', '0969452269', NULL, '2015-11-05 14:18:02', '2015-11-05 14:18:02', '0'),
(1427, 'Chị Hoàng Ánh Tuyết khách onl của Bảo', '0987355567', NULL, '2015-11-06 14:19:59', '2015-11-06 14:19:59', '0'),
(1428, 'Chị Đinh Thị Loan', '01659304753', NULL, '2015-11-07 14:31:42', '2015-11-07 14:31:42', '0'),
(1429, 'Quỳnh Maruko bạn Bảo', '0973535002', NULL, '2015-11-07 14:35:08', '2015-11-07 14:35:08', '0'),
(1430, 'Chị Ngọc', '01678868222', NULL, '2015-11-07 16:39:25', '2015-11-07 16:39:25', '0'),
(1431, 'Khách onl của Chị Châu', '0968553266', NULL, '2015-11-07 16:41:10', '2015-11-07 16:41:10', '0'),
(1432, 'Chị Hiền', '0987547078', NULL, '2015-11-07 16:58:40', '2015-11-07 16:58:40', '0'),
(1433, 'Chị Hạ', '0982577788', NULL, '2015-11-07 19:17:18', '2015-11-07 19:17:18', '0'),
(1434, 'Chị Thủy', '0976261125', '', '2015-12-17 15:50:55', '2015-11-09 18:35:04', '0'),
(1435, 'Chị Hường', '0983795467', NULL, '2015-11-09 18:46:33', '2015-11-09 18:46:33', '0'),
(1436, 'Chị Ngà ', '0972412828', NULL, '2015-11-09 19:25:59', '2015-11-09 19:25:59', '0'),
(1437, 'Chị Hoa', '0987798582', NULL, '2015-11-09 19:28:35', '2015-11-09 19:28:35', '0'),
(1438, 'Chị Hải', '0979507072', NULL, '2015-11-09 20:04:10', '2015-11-09 20:04:10', '0'),
(1439, 'Chị Hương', '0988750730', NULL, '2015-11-09 20:59:57', '2015-11-09 20:59:57', '0'),
(1440, 'Bạn Lương', '01693613662', NULL, '2015-11-09 21:58:39', '2015-11-09 21:58:39', '0'),
(1441, 'Chị Hương', '0973532904', NULL, '2015-11-10 14:06:09', '2015-11-10 14:06:09', '0'),
(1442, 'Chị Hằng', '01698629719', NULL, '2015-11-10 15:19:14', '2015-11-10 15:19:14', '0'),
(1443, 'Vợ chồng anh Quân Anh', '0', NULL, '2015-11-10 21:37:52', '2015-11-10 21:37:52', '0'),
(1444, 'Chị Nguyễn Thị Ngọc Thúy', '0983649289', NULL, '2015-11-11 18:00:32', '2015-11-11 18:00:32', '0'),
(1445, 'Chị Nhi', '01646851996', NULL, '2015-11-11 20:08:53', '2015-11-11 20:08:53', '0'),
(1446, 'Anh Long', '0969850833', NULL, '2015-11-12 14:47:51', '2015-11-12 14:47:51', '0'),
(1447, 'Chị Dung', '0973549035', NULL, '2015-11-12 16:19:28', '2015-11-12 16:19:28', '0'),
(1448, 'Chị Chuyên', '0983587941', '', '2015-12-07 15:58:34', '2015-11-12 16:24:43', '0'),
(1449, 'Em Nhung', '01634143200', '', '2015-11-30 20:24:47', '2015-11-12 19:51:02', '0'),
(1450, 'Chị Tuyên', '01693629827 ', NULL, '2015-11-12 20:29:54', '2015-11-12 20:29:54', '0'),
(1451, 'Huế bạn Bảo ', '0982649048', '', '2015-12-27 15:57:38', '2015-11-13 14:59:16', '0'),
(1452, 'Chị Hương', '0983287169', NULL, '2015-11-13 14:59:28', '2015-11-13 14:59:28', '0'),
(1453, 'Chị Hường', '0967775078', NULL, '2015-11-13 18:51:49', '2015-11-13 18:51:49', '0'),
(1454, 'Chị Phúc', '0986594922', '', '2015-12-25 14:59:40', '2015-11-13 21:19:26', '0'),
(1455, 'Chị Diệu', '0983754515', NULL, '2015-11-15 16:45:42', '2015-11-15 16:45:42', '0'),
(1456, 'Chị Nhung', '0936175558', NULL, '2015-11-16 18:14:54', '2015-11-16 18:14:54', '0'),
(1457, 'Chị Vân', '09699300090', NULL, '2015-11-16 19:42:33', '2015-11-16 19:42:33', '0'),
(1458, 'Chị Oanh', '01226346968', NULL, '2015-11-17 11:11:59', '2015-11-17 11:11:59', '0'),
(1459, 'Chị Mơ', '0964681031', NULL, '2015-11-17 14:19:56', '2015-11-17 14:19:56', '0'),
(1460, 'Chị Dung', '0979603315', NULL, '2015-11-17 14:21:16', '2015-11-17 14:21:16', '0'),
(1461, 'Chị Chinh', '01297550636', NULL, '2015-11-17 14:22:04', '2015-11-17 14:22:04', '0'),
(1462, 'Chị Yến', '01643200604', NULL, '2015-11-17 18:59:36', '2015-11-17 18:59:36', '0'),
(1463, 'Chị Dương', '0977389888', '', '2015-12-08 18:28:00', '2015-11-18 18:29:23', '0'),
(1464, 'Chị Nga', '0986467233', NULL, '2015-11-19 17:56:58', '2015-11-19 17:56:58', '0'),
(1465, 'Chị Ngọc', '01698103945', NULL, '2015-11-19 18:54:20', '2015-11-19 18:54:20', '0'),
(1466, 'Em Linh', '0975960157', NULL, '2015-11-19 20:37:38', '2015-11-19 20:37:38', '0'),
(1467, 'Chị Huyền', '0974268998', NULL, '2015-11-20 12:29:44', '2015-11-20 12:29:44', '0'),
(1468, 'Chị Đường', '0915365074', '', '2015-12-05 17:38:40', '2015-11-21 12:30:41', '0'),
(1469, 'Em Linh', '01673598553', NULL, '2015-11-21 18:53:19', '2015-11-21 18:53:19', '0'),
(1470, 'Em Phương', '01685444001', NULL, '2015-11-21 18:54:53', '2015-11-21 18:54:53', '0'),
(1471, 'Chị Lan', '0968072666', NULL, '2015-11-21 18:55:22', '2015-11-21 18:55:22', '0'),
(1472, 'Chị Oanh', '0989032164', NULL, '2015-11-21 18:56:36', '2015-11-21 18:56:36', '0'),
(1473, 'Bạn Hằng khách onl của Bảo', '0961861298', '', '2015-12-06 15:39:22', '2015-11-21 19:04:38', '0'),
(1474, 'Chị My', '0988330988', NULL, '2015-11-21 20:11:00', '2015-11-21 20:11:00', '0'),
(1475, 'Chị Minh', '0948656068', NULL, '2015-11-22 13:29:38', '2015-11-22 13:29:38', '0'),
(1476, 'Chị Khách ', '0975659696', NULL, '2015-11-22 20:46:05', '2015-11-22 20:46:05', '0'),
(1477, 'Chị Thoa', '0903400168', NULL, '2015-11-23 16:52:36', '2015-11-23 16:52:36', '0'),
(1478, 'Chị Thúy', '0936710011', NULL, '2015-11-23 16:53:04', '2015-11-23 16:53:04', '0'),
(1479, 'Chị Miền', '01633635411', NULL, '2015-11-23 21:12:08', '2015-11-23 21:12:08', '0'),
(1480, 'Linh Giang bạn Bảo ', '0979894143', 'Triệu Sơn - Thanh Hóa', '2015-11-24 10:56:51', '2015-11-24 10:55:11', '0'),
(1481, 'Chị Ngọc', '0904328831', '', '2015-12-02 20:25:28', '2015-11-24 17:09:51', '0'),
(1482, 'Chị Hương', '01692118287', NULL, '2015-11-24 17:45:05', '2015-11-24 17:45:05', '0'),
(1483, 'Chị Nga', '0987501991', NULL, '2015-11-25 15:12:27', '2015-11-25 15:12:27', '0'),
(1484, 'Chị  Nhung', '01667407072', NULL, '2015-11-25 15:29:54', '2015-11-25 15:29:54', '0'),
(1485, 'Chị Oanh', '01649725326', '', '2015-12-01 18:57:08', '2015-11-27 17:46:25', '0'),
(1486, 'Chị Thảo', '0977461356', NULL, '2015-11-27 18:10:23', '2015-11-27 18:10:23', '0'),
(1487, 'Chị Duyên', '0906218989', '', '2015-12-12 15:59:26', '2015-11-28 12:18:58', '0'),
(1488, 'Chị Thảo', '01659732868', NULL, '2015-11-28 17:41:59', '2015-11-28 17:41:59', '0'),
(1489, 'Chị Hoàng Thị Tường Vy ', '0935618149', NULL, '2015-11-28 18:29:17', '2015-11-28 18:29:17', '0'),
(1490, 'Chị Thường', '0918550656', NULL, '2015-11-28 19:00:12', '2015-11-28 19:00:12', '0'),
(1491, 'Cô Hằng ', '0914637366', NULL, '2015-11-28 19:52:21', '2015-11-28 19:52:21', '0'),
(1492, 'Chị Linh', '0972282329', NULL, '2015-11-29 12:07:14', '2015-11-29 12:07:14', '0'),
(1493, 'Chị Ngọc ', '0941068994', NULL, '2015-11-29 12:12:56', '2015-11-29 12:12:56', '0'),
(1494, 'Chị Hoài bạn Bảo ', '0976931466', NULL, '2015-11-29 15:55:19', '2015-11-29 15:55:19', '0'),
(1495, 'Dương bạn Bảo', '01669398197', NULL, '2015-11-29 18:56:55', '2015-11-29 18:56:55', '0'),
(1496, 'Chị Vân Anh', '0934414569', NULL, '2015-11-29 19:24:14', '2015-11-29 19:24:14', '0'),
(1497, 'Chị Dung', '0988858383', NULL, '2015-11-30 16:06:27', '2015-11-30 16:06:27', '0'),
(1498, 'Chị Thủy ', '0969754045', NULL, '2015-11-30 17:39:26', '2015-11-30 17:39:26', '0'),
(1499, 'Chị Hương Anh ', '0984725838', NULL, '2015-11-30 18:10:15', '2015-11-30 18:10:15', '0'),
(1500, 'Chị Huyền', '0912364385', NULL, '2015-11-30 18:13:26', '2015-11-30 18:13:26', '0'),
(1501, 'Chị Vân Anh', '0983808183', NULL, '2015-11-30 20:44:31', '2015-11-30 20:44:31', '0'),
(1502, 'Bạn Uyên ', '0944288062', NULL, '2015-12-02 14:02:26', '2015-12-02 14:02:26', '0'),
(1503, 'Chị Phạm Diệu Linh', '0989323449', NULL, '2015-12-02 15:34:43', '2015-12-02 15:34:43', '0'),
(1504, 'Chị Liên', '01655899786', '', '2015-12-07 20:30:02', '2015-12-02 20:18:08', '0'),
(1505, 'Chị Linh', '0965650888', NULL, '2015-12-02 20:38:41', '2015-12-02 20:38:41', '0'),
(1506, 'Chị Sửu chủ nhà và bạn Chị Sửu', '0943708573', '', '2015-12-07 15:21:47', '2015-12-03 17:46:17', '0'),
(1507, 'Chị Vân Anh khách onl của bảo', '0917517483', '', '2015-12-08 13:36:58', '2015-12-04 11:20:39', '0'),
(1508, 'Chị Hằng', '0974167353', NULL, '2015-12-04 11:50:55', '2015-12-04 11:50:55', '0'),
(1509, 'Chị Trang', '0948655878', NULL, '2015-12-04 18:14:45', '2015-12-04 18:14:45', '0'),
(1510, 'Chị Xuân', '0962523636', NULL, '2015-12-05 12:40:52', '2015-12-05 12:40:52', '0'),
(1511, 'Chị Nguyễn Yến Thuy khách onl của Bảo ', '0961004248', NULL, '2015-12-05 15:26:10', '2015-12-05 15:26:10', '0'),
(1512, 'Chị Thủy', '01664396626', NULL, '2015-12-05 16:58:47', '2015-12-05 16:58:47', '0'),
(1513, 'Chị Hiền', '0982978428', NULL, '2015-12-05 17:30:23', '2015-12-05 17:30:23', '0'),
(1514, 'Thùy Linh bạn Bảo', '01682794434', NULL, '2015-12-05 17:51:52', '2015-12-05 17:51:52', '0'),
(1515, 'Chị Thùy Trang', '0974593610', NULL, '2015-12-05 18:27:40', '2015-12-05 18:27:40', '0'),
(1516, 'Chị Yến', '0915229567', NULL, '2015-12-05 18:28:44', '2015-12-05 18:28:44', '0'),
(1517, 'Chị Nguyệt ', '0979157118', NULL, '2015-12-05 20:38:39', '2015-12-05 20:38:39', '0'),
(1518, 'Chị Quyên', '0987245539', NULL, '2015-12-06 13:57:22', '2015-12-06 13:57:22', '0'),
(1519, 'Chị Trang', '0904334334', NULL, '2015-12-06 14:55:15', '2015-12-06 14:55:15', '0'),
(1520, 'Chị Hoài ', '0977061293', NULL, '2015-12-06 17:25:40', '2015-12-06 17:25:40', '0'),
(1521, 'Chị Hòa', '01262488898', NULL, '2015-12-06 19:06:37', '2015-12-06 19:06:37', '0'),
(1522, 'Cô Thanh', '0946634230', NULL, '2015-12-06 19:35:13', '2015-12-06 19:35:13', '0'),
(1523, 'Chị Hường', '0989108282', NULL, '2015-12-06 20:46:48', '2015-12-06 20:46:48', '0'),
(1524, 'Chị Mai Thị Hòa', '01678866827', NULL, '2015-12-06 21:08:18', '2015-12-06 21:08:18', '0'),
(1525, 'Chị Loan', '0964446848', NULL, '2015-12-06 21:42:19', '2015-12-06 21:42:19', '0'),
(1526, 'Chị Thu', '0912314768', NULL, '2015-12-08 13:35:06', '2015-12-08 13:35:06', '0'),
(1527, 'Anh Lân', '0934411689', '', '2015-12-10 16:19:47', '2015-12-08 13:35:57', '0'),
(1528, 'Chị Lan', '0903480222', '', '2015-12-22 19:06:31', '2015-12-08 19:18:05', '0'),
(1529, 'Chị Tuyết ', '0984097970', NULL, '2015-12-09 17:21:31', '2015-12-09 17:21:31', '0'),
(1530, 'Chị Nghiêm Thị Thu Hà', '01694321485', NULL, '2015-12-10 11:55:41', '2015-12-10 11:55:41', '0'),
(1531, 'Chị Nguyễn Thu Hà', '01626383471', NULL, '2015-12-10 12:58:50', '2015-12-10 12:58:50', '0'),
(1532, 'Chị Lý', '0989510622', '', '2015-12-18 15:52:08', '2015-12-10 17:20:57', '0'),
(1533, 'Hồng Bạn Bảo', '01656148986', '', '2015-12-16 18:46:05', '2015-12-10 18:46:22', '0'),
(1534, 'Chị Liên', '0969849888', NULL, '2015-12-10 20:36:35', '2015-12-10 20:36:35', '0'),
(1535, 'Chị Duyên', '0919981688', NULL, '2015-12-10 21:17:06', '2015-12-10 21:17:06', '0'),
(1536, 'Bạn Đào Ánh Ngọc ', '0979224781', NULL, '2015-12-10 21:56:10', '2015-12-10 21:56:10', '0'),
(1537, 'Chị Phượng ', '0984854059', NULL, '2015-12-11 15:31:58', '2015-12-11 15:31:58', '0'),
(1538, 'Chị Ngoan', '0912538789', NULL, '2015-12-11 15:38:04', '2015-12-11 15:38:04', '0'),
(1539, 'Bạn Phùng Thị Lan', '01664498876', NULL, '2015-12-11 16:54:10', '2015-12-11 16:54:10', '0'),
(1540, 'Chị Huyền', '0919275589', '', '2015-12-14 15:40:37', '2015-12-11 21:29:01', '0'),
(1541, 'Chị Trâm', '0944201086', NULL, '2015-12-11 21:45:11', '2015-12-11 21:45:11', '0'),
(1542, 'Chị Duyên', '0961348630', NULL, '2015-12-12 16:00:27', '2015-12-12 16:00:27', '0'),
(1543, 'Em Nguyễn Thúy khách onl của Bảo', '0919694495', NULL, '2015-12-12 16:04:09', '2015-12-12 16:04:09', '0'),
(1544, 'Chị Đỗ Thị Thu Phương', '0966524533', NULL, '2015-12-12 16:13:41', '2015-12-12 16:13:41', '0'),
(1545, 'Chị Huyền', '0945408888', NULL, '2015-12-12 16:49:45', '2015-12-12 16:49:45', '0'),
(1546, 'Chị Nhung', '01656228764', NULL, '2015-12-12 17:36:50', '2015-12-12 17:36:50', '0'),
(1547, 'Chị Vân Anh', '0949900669', 'Số 2, ngách 2/49 Định Công Thượng', '2015-12-12 23:59:44', '2015-12-12 19:09:25', '0'),
(1548, 'Chị Liễu', '01674356468', '', '2015-12-12 15:25:51', '2015-12-12 21:43:37', '0'),
(1549, 'Chị Ánh', '0976990338', NULL, '2015-12-13 11:43:52', '2015-12-13 11:43:52', '0'),
(1550, 'Chị Nguyệt ', '0986085976', NULL, '2015-12-13 12:55:22', '2015-12-13 12:55:22', '0'),
(1551, 'Chị Hương', '0982616618', '', '2015-12-13 15:37:53', '2015-12-13 16:50:04', '0'),
(1552, 'Chị Vân ', '0983106741', NULL, '2015-12-13 17:46:26', '2015-12-13 17:46:26', '0'),
(1553, 'Cô Quỳnh', '0903294806', '', '2015-12-13 15:46:37', '2015-12-13 18:52:36', '0'),
(1554, 'Chị Hồng', '0936577626', NULL, '2015-12-14 14:04:38', '2015-12-14 14:04:38', '0'),
(1555, 'Chị Trang', '0967226538', NULL, '2015-12-14 17:31:13', '2015-12-14 17:31:13', '0'),
(1556, 'Chị Dung', '0966906166', NULL, '2015-12-14 17:33:43', '2015-12-14 17:33:43', '0'),
(1557, 'Bạn Hiền', '0975936825', '', '2015-12-18 17:44:10', '2015-12-14 18:53:07', '0'),
(1558, 'Chị Thắm', '0912715649', NULL, '2015-12-14 19:29:16', '2015-12-14 19:29:16', '0'),
(1559, 'Chị Thanh Tú', '01233885884', '', '2015-12-14 21:17:50', '2015-12-14 20:55:11', '0'),
(1560, 'Chị Ngân ', '0945247554', NULL, '2015-12-14 21:20:11', '2015-12-14 21:20:11', '0'),
(1561, 'Chị Như Quỳnh', '0903456847', '', '2015-12-15 21:57:59', '2015-12-15 21:53:28', '0'),
(1562, 'Em Thương NV ', '0975448597', '', '2015-12-23 15:41:33', '2015-12-15 23:29:11', '0'),
(1563, 'Chị Hòa', '01665906888', NULL, '2015-12-16 12:51:36', '2015-12-16 12:51:36', '0'),
(1564, 'Chị Ngọc', '0987089969', '', '2015-12-27 12:02:08', '2015-12-16 16:06:59', '0'),
(1565, 'Chị Hồng Nhung', '0976219515', '', '2015-12-16 15:48:08', '2015-12-16 18:49:25', '0'),
(1566, 'Anh Thịnh', '0983626304', NULL, '2015-12-17 13:07:53', '2015-12-17 13:07:53', '0'),
(1567, 'Chị Dịu', '0985200628', NULL, '2015-12-17 16:51:21', '2015-12-17 16:51:21', '0'),
(1568, 'Chị Anh ', '0914046692', NULL, '2015-12-17 18:24:00', '2015-12-17 18:24:00', '0'),
(1569, 'Chị Hoài', '0986489145', NULL, '2015-12-17 18:26:42', '2015-12-17 18:26:42', '0'),
(1570, 'Chị Hà', '0979905088', NULL, '2015-12-18 14:12:53', '2015-12-18 14:12:53', '0'),
(1571, 'Cô Thủy ngõ 72', '0945136688', '', '2015-12-25 20:36:50', '2015-12-18 14:13:33', '0'),
(1572, 'Chị Mai Anh khách onl của Bảo', '0963868222', NULL, '2015-12-18 14:15:11', '2015-12-18 14:15:11', '0'),
(1573, 'Chị Thu', '0906137899', NULL, '2015-12-18 21:12:03', '2015-12-18 21:12:03', '0'),
(1574, 'Chị Linh', '0978949123', '', '2015-12-19 15:56:01', '2015-12-19 15:06:28', '0'),
(1575, 'Chị Linh', '0985698695', NULL, '2015-12-20 20:43:35', '2015-12-20 20:43:35', '0'),
(1576, 'Chị Vân', '09868620550', NULL, '2015-12-20 20:44:30', '2015-12-20 20:44:30', '0'),
(1577, 'Chị Liên', '01656102657', NULL, '2015-12-20 20:48:28', '2015-12-20 20:48:28', '0'),
(1578, 'Chị Phương', '0965665068', NULL, '2015-12-22 14:42:11', '2015-12-22 14:42:11', '0'),
(1579, 'A Minh', '0918888398', '', '2015-12-12 15:28:24', '2015-12-22 15:09:37', '1'),
(1580, 'Chị Lê Chủ nhà ', '000000000000', NULL, '2015-12-16 15:48:54', '2015-12-16 15:48:54', '0'),
(1581, 'Chị Hương', '0966752366', NULL, '2015-12-17 15:49:50', '2015-12-17 15:49:50', '0'),
(1582, 'Cô Chung ', '0979521378', NULL, '2015-12-19 16:07:55', '2015-12-19 16:07:55', '0'),
(1583, 'Em Toàn nhà bên ', '0911517218', NULL, '2015-12-22 17:59:48', '2015-12-22 17:59:48', '0'),
(1584, 'Chị Minh ', '0986109085', NULL, '2015-12-22 19:16:42', '2015-12-22 19:16:42', '0'),
(1585, 'Chị Quyên', '0949900621', NULL, '2015-12-22 20:14:34', '2015-12-22 20:14:34', '0'),
(1586, 'Chị Huyền', '0915883255', NULL, '2015-12-23 11:49:32', '2015-12-23 11:49:32', '0'),
(1587, 'Chị Mai ', '0936910333', NULL, '2015-12-23 11:50:06', '2015-12-23 11:50:06', '0'),
(1588, 'Hòa bạn Bảo ', '0', NULL, '2015-12-23 13:36:29', '2015-12-23 13:36:29', '0'),
(1589, 'Chị Ngọc ', '0985980598', NULL, '2015-12-23 15:05:38', '2015-12-23 15:05:38', '0'),
(1590, 'Chị Lộc ', '0984749344', NULL, '2015-12-23 17:37:38', '2015-12-23 17:37:38', '0'),
(1591, 'Chị Thảo ', '0965220391', NULL, '2015-12-23 18:08:05', '2015-12-23 18:08:05', '0'),
(1592, 'Bạn Quách Thị Hoa ', '01659015205', NULL, '2015-12-23 19:00:52', '2015-12-23 19:00:52', '0'),
(1593, 'Chị Phương', '01689936815', NULL, '2015-12-23 20:43:45', '2015-12-23 20:43:45', '0'),
(1594, 'Em Hồng Quý ', '0982643139', NULL, '2015-12-23 21:34:36', '2015-12-23 21:34:36', '0'),
(1595, 'Cô Hằng ', '0983030266', '', '2015-12-24 14:53:46', '2015-12-25 14:52:30', '0'),
(1596, 'Chị Hà ', '0986945008', NULL, '2015-12-25 14:59:03', '2015-12-25 14:59:03', '0'),
(1597, 'Em Hằng ', '0973244610', NULL, '2015-12-25 15:03:32', '2015-12-25 15:03:32', '0'),
(1598, 'Chị Thủy ', '0977371810', NULL, '2015-12-25 16:42:38', '2015-12-25 16:42:38', '0'),
(1599, 'Chị Cẩm ', '0988050683', NULL, '2015-12-25 17:32:37', '2015-12-25 17:32:37', '0'),
(1600, 'Chị Nhung', '01688030287', NULL, '2015-12-26 13:24:27', '2015-12-26 13:24:27', '0'),
(1601, 'Chị Phượng ', '0942981804', NULL, '2015-12-26 15:50:17', '2015-12-26 15:50:17', '0'),
(1602, 'Chị Huệ ', '01668302542', NULL, '2015-12-26 17:14:56', '2015-12-26 17:14:56', '0'),
(1603, 'Chị Hoa', '01693838726', NULL, '2015-12-26 18:11:23', '2015-12-26 18:11:23', '0'),
(1604, 'Em Duyên fb Bòn Bon fb Bảo ', '0936103200', NULL, '2015-12-26 20:25:49', '2015-12-26 20:25:49', '0'),
(1605, 'Chị Loan ', '01659012521', NULL, '2015-12-26 21:25:48', '2015-12-26 21:25:48', '0'),
(1606, 'Chị Hăng', '0983585475', NULL, '2015-12-27 11:59:08', '2015-12-27 11:59:08', '0'),
(1607, 'Chị Nguyệt', '0984366406', NULL, '2015-12-27 15:56:51', '2015-12-27 15:56:51', '0'),
(1608, 'Chị Huyền', '0988841840', NULL, '2015-12-28 13:11:13', '2015-12-28 13:11:13', '0'),
(1609, 'Chị Qúy', '0966488063', NULL, '2015-12-28 13:12:23', '2015-12-28 13:12:23', '0'),
(1610, 'Chị Ưu Đàm Hoa fb Bảo ', '0989089896', NULL, '2015-12-28 16:00:50', '2015-12-28 16:00:50', '0'),
(1611, 'Chị Hiên ', '0964875156', NULL, '2015-12-28 18:11:12', '2015-12-28 18:11:12', '0'),
(1612, 'Anh Lâm', '0902387450', NULL, '2015-12-31 12:34:02', '2015-12-31 12:34:02', '0'),
(1613, 'Chị Hồng 36 đường Láng ', '0982700635', NULL, '2015-12-31 12:35:30', '2015-12-31 12:35:30', '0'),
(1614, 'Chị Nhung', '01648513671', '', '2015-12-29 22:13:22', '2015-12-31 12:36:43', '0'),
(1615, 'Chị Thơm ', '0988118089', NULL, '2015-12-29 12:39:49', '2015-12-29 12:39:49', '0'),
(1616, 'Chị Hạnh ', '0972357878', NULL, '2015-12-31 15:16:09', '2015-12-31 15:16:09', '0'),
(1617, 'Chị Mai ', '01695337037', NULL, '2015-12-31 17:49:59', '2015-12-31 17:49:59', '0'),
(1618, 'Chị Lương', '0904829400', NULL, '2015-12-31 17:50:45', '2015-12-31 17:50:45', '0'),
(1619, 'Chị Hạnh ', '0936189001', NULL, '2015-12-31 19:16:44', '2015-12-31 19:16:44', '0'),
(1620, 'Chị Đông', '01628250562', NULL, '2015-12-31 19:17:39', '2015-12-31 19:17:39', '0'),
(1621, 'Chị Hoa ', '0948199485', NULL, '2015-12-31 19:35:41', '2015-12-31 19:35:41', '0');

-- --------------------------------------------------------

--
-- Table structure for table `customer_order`
--

CREATE TABLE IF NOT EXISTS `customer_order` (
  `id` int(11) NOT NULL AUTO_INCREMENT,
  `customer_tel` varchar(45) NOT NULL,
  `customer_name` varchar(45) DEFAULT NULL,
  `product_code` varchar(16) DEFAULT NULL,
  `color` varchar(45) NOT NULL,
  `size` varchar(45) NOT NULL,
  `quantity` int(11) NOT NULL DEFAULT '1',
  `date` datetime NOT NULL,
  `description` varchar(255) DEFAULT NULL,
  `status` varchar(1) DEFAULT 'N',
  PRIMARY KEY (`id`)
) ENGINE=InnoDB  DEFAULT CHARSET=utf8 AUTO_INCREMENT=18 ;

--
-- Dumping data for table `customer_order`
--

INSERT INTO `customer_order` (`id`, `customer_tel`, `customer_name`, `product_code`, `color`, `size`, `quantity`, `date`, `description`, `status`) VALUES
(1, '0962024224', 'Chị Bích', '0011', 'DEN', '36', 1, '2015-10-14 19:01:01', 'F. NIVARA ', 'Y'),
(2, '0962024224', 'Chị Bích', '0011', 'DEN', '36', 1, '2015-10-14 19:02:51', 'F.NIVARA', 'Y'),
(3, '0973342784', 'Chị Ly', '0036', 'KEM VÀNG', '38', 1, '2015-10-15 16:17:48', 'đôi nơ 5p có màu kem vàng', 'N'),
(4, '0974941269', 'Chị Hương', '0030', 'ĐEN', '38', 1, '2015-10-19 12:29:00', 'đế vuông 3p nơ giống bảo', 'N'),
(5, '1', 'Chị Phương Phan fb Bảo', '0073', 'ĐEN', '37,38', 1, '2015-10-25 17:54:03', 'Chị Phương Phan fb Bảo hỏi đôi da lộn nơ 7p màu đen size 37 38', 'Y'),
(6, '0989032164', 'Chị Oanh', '0079', 'ĐEN ', '37,38', 1, '2015-11-07 20:17:22', 'Giày da lộn 9p', 'Y'),
(7, '01698629719', 'Chị Hằng', '0075', 'KEM', '36', 1, '2015-11-14 17:03:43', 'đôi nơ 5p màu kem size 36', 'N'),
(8, '0974405836', 'Chị Nhung', '0081', 'HỒNG NHẠT', '36', 1, '2015-11-18 17:48:10', 'Skylight gót đũa ', 'N'),
(9, '0986552840', 'Bạn Mai fb Má Núm bạn Bảo', '0073', 'XANH', '37', 1, '2015-11-23 17:57:14', 'Em Mai hỏi đôi da lộn đế bạc màu xanh nơ size 37', 'Y'),
(10, '0906181616', 'Chị Loan ', '0090', 'ĐEN ', '35', 1, '2015-12-01 18:54:09', 'Đế đúp màu đen da xi size 35', 'Y'),
(11, '0906181616', 'Chị Loan ', '0040', 'ĐEN', '35', 1, '2015-12-01 18:54:41', 'đế đúp màu đen da xi size 35', 'Y'),
(12, '0976202110', 'Chị Quyên', '0008', 'ĐEN', '38', 1, '2015-12-02 15:17:09', 'Bốt cổ nhỡ màu đen size 38', 'N'),
(13, '0985061933', 'Chị Nhung', '0074', 'ĐEN', '38', 1, '2015-12-05 19:42:44', 'giày da cừu mũi nhọn màu đen size 38', 'N'),
(14, '0977986124', 'Chị Thảo', '0031', 'ĐỎ', '37', 1, '2015-12-06 13:48:40', 'Moka da miếng màu đỏ ', 'N'),
(15, '0908080555', 'Chị Hạnh ', '0079', 'ĐEN', '36', 1, '2015-12-11 18:14:32', 'Giầy da lộn 9p Uni ', 'N'),
(16, '0944201086', 'Chị Trâm', '0090', 'KEM', '37', 1, '2015-12-11 21:44:53', 'Đế đúp louboutin 11p ', 'N'),
(17, '0983287169', 'Chị Hương', '0110', 'ĐEN', '38.39', 1, '2015-12-17 17:18:06', 'Bốt da lộn gót vuông 5,7,8p', 'N');

-- --------------------------------------------------------

--
-- Table structure for table `customer_reservation_histo`
--

CREATE TABLE IF NOT EXISTS `customer_reservation_histo` (
  `id` int(11) NOT NULL AUTO_INCREMENT,
  `customer_id` int(11) NOT NULL,
  `description` varchar(255) NOT NULL,
  `amount` varchar(45) NOT NULL DEFAULT '0',
  `status` varchar(1) NOT NULL DEFAULT 'Y',
  `date` datetime NOT NULL,
  `complete_date` datetime DEFAULT NULL,
  `reserved_facture` varchar(45) DEFAULT NULL,
  `complete_facture` varchar(45) DEFAULT NULL,
  PRIMARY KEY (`id`),
  KEY `fk_customer_reservation_histo_customer1_idx` (`customer_id`)
) ENGINE=InnoDB  DEFAULT CHARSET=utf8 AUTO_INCREMENT=2 ;

--
-- Dumping data for table `customer_reservation_histo`
--

INSERT INTO `customer_reservation_histo` (`id`, `customer_id`, `description`, `amount`, `status`, `date`, `complete_date`, `reserved_facture`, `complete_facture`) VALUES
(1, 1463, 'Chị Dương đặt đôi bốt màu đỏ đun size 38 120k ', '120', 'Y', '2015-11-18 18:29:23', '2015-12-08 18:28:00', '20151118_003', '20151208_005');

-- --------------------------------------------------------

--
-- Table structure for table `export_facture`
--

CREATE TABLE IF NOT EXISTS `export_facture` (
  `code` varchar(45) NOT NULL,
  `customer_id` int(11) NOT NULL,
  `shop_id` int(11) NOT NULL,
  `description` varchar(1000) DEFAULT NULL,
  `date` datetime NOT NULL,
  `user_id` int(11) NOT NULL,
  `isonline` varchar(1) DEFAULT 'N',
  PRIMARY KEY (`code`),
  KEY `fk_export_facture_customer1_idx` (`customer_id`),
  KEY `fk_export_facture_shop1_idx` (`shop_id`),
  KEY `fk_export_facture_user1_idx` (`user_id`)
) ENGINE=InnoDB DEFAULT CHARSET=utf8;

--
-- Dumping data for table `export_facture`
--

INSERT INTO `export_facture` (`code`, `customer_id`, `shop_id`, `description`, `date`, `user_id`, `isonline`) VALUES
('20151008_001', 1289, 1, '', '2015-10-08 15:57:36', 3, 'N'),
('20151008_002', 1290, 1, '', '2015-10-08 15:59:01', 3, 'N'),
('20151008_003', 1291, 1, '', '2015-10-08 16:00:33', 3, 'N'),
('20151008_004', 1292, 1, '', '2015-10-08 16:02:54', 3, 'N'),
('20151008_005', 1293, 1, '', '2015-10-08 16:03:59', 3, 'N'),
('20151008_006', 1288, 1, '', '2015-10-08 16:05:32', 3, 'N'),
('20151008_007', 1288, 1, '', '2015-10-08 16:06:59', 3, 'N'),
('20151008_008', 1288, 1, 'Bạn Hường em Thành Văn bạn Bảo ', '2015-10-08 18:00:19', 1, 'N'),
('20151008_009', 1379, 1, '', '2015-10-08 18:01:56', 1, 'N'),
('20151009_001', 1294, 1, '', '2015-10-09 15:40:47', 3, 'N'),
('20151009_002', 1288, 1, '', '2015-10-09 18:02:34', 1, 'N'),
('20151010_001', 1295, 1, '', '2015-10-10 17:14:13', 3, 'N'),
('20151010_002', 1296, 1, '', '2015-10-10 17:15:07', 3, 'N'),
('20151010_003', 1297, 1, '', '2015-10-10 17:15:56', 3, 'N'),
('20151010_004', 1298, 1, '', '2015-10-10 17:16:41', 3, 'N'),
('20151010_005', 1299, 1, '\n\n', '2015-10-10 19:37:52', 3, 'N'),
('20151010_006', 1295, 1, '', '2015-10-10 18:03:34', 1, 'N'),
('20151011_001', 1300, 1, '', '2015-10-11 12:39:21', 3, 'N'),
('20151011_002', 1288, 1, '', '2015-10-11 12:41:12', 3, 'N'),
('20151011_003', 1288, 1, '', '2015-10-11 12:42:38', 3, 'N'),
('20151011_004', 1301, 1, '', '2015-10-11 14:01:55', 3, 'N'),
('20151011_005', 1302, 1, '', '2015-10-11 14:35:47', 3, 'N'),
('20151011_006', 1303, 1, '', '2015-10-11 14:57:57', 3, 'N'),
('20151011_007', 1304, 1, '', '2015-10-11 15:04:53', 3, 'N'),
('20151011_008', 1305, 1, '', '2015-10-11 15:37:59', 3, 'N'),
('20151011_009', 1306, 1, 'FB: Giá Biển', '2015-10-11 16:45:42', 3, 'N'),
('20151011_010', 1307, 1, '', '2015-10-11 17:04:13', 3, 'N'),
('20151011_011', 1308, 1, '', '2015-10-11 17:28:13', 3, 'N'),
('20151011_012', 1309, 1, '1704Ct7G Dương Nội', '2015-10-11 17:46:07', 3, 'N'),
('20151011_013', 1310, 1, '', '2015-10-11 18:00:01', 3, 'N'),
('20151011_014', 1311, 1, '', '2015-10-11 18:42:31', 3, 'N'),
('20151011_015', 1312, 1, '', '2015-10-11 19:19:43', 3, 'N'),
('20151011_016', 1288, 1, '', '2015-10-11 20:23:30', 3, 'N'),
('20151011_017', 1327, 1, 'Triệu sơn. phí 25k', '2015-10-11 18:53:46', 1, 'Y'),
('20151011_018', 1300, 1, '', '2015-10-11 18:04:33', 1, 'N'),
('20151012_001', 1313, 1, '', '2015-10-12 12:55:33', 3, 'N'),
('20151012_002', 1314, 1, '', '2015-10-12 12:56:14', 3, 'N'),
('20151012_003', 1315, 1, '', '2015-10-12 19:46:22', 3, 'N'),
('20151012_004', 1316, 1, '', '2015-10-12 19:50:26', 3, 'N'),
('20151012_005', 1317, 1, '', '2015-10-12 20:34:21', 3, 'N'),
('20151012_006', 1318, 1, '', '2015-10-12 21:21:02', 3, 'N'),
('20151012_007', 1319, 1, '', '2015-10-12 21:21:57', 3, 'N'),
('20151012_008', 1313, 1, '', '2015-10-12 18:05:44', 1, 'N'),
('20151012_009', 1380, 1, '', '2015-10-12 18:06:51', 1, 'N'),
('20151012_010', 1288, 1, '', '2015-10-12 18:07:17', 1, 'N'),
('20151013_001', 1320, 1, '', '2015-10-13 12:51:42', 3, 'N'),
('20151013_002', 1321, 1, '', '2015-10-13 18:51:04', 3, 'N'),
('20151013_003', 1322, 1, '', '2015-10-13 18:52:10', 3, 'N'),
('20151014_001', 1323, 1, '', '2015-10-14 10:22:09', 3, 'N'),
('20151014_002', 1324, 1, '', '2015-10-14 10:22:59', 3, 'N'),
('20151014_003', 1325, 1, '', '2015-10-14 10:23:34', 3, 'N'),
('20151014_004', 1326, 1, '', '2015-10-14 18:34:33', 1, 'N'),
('20151014_005', 1329, 1, '', '2015-10-14 22:53:28', 1, 'N'),
('20151014_006', 1288, 1, '', '2015-10-14 18:08:59', 1, 'N'),
('20151015_001', 1330, 1, 'Fb Ly Nguyễn (Bạn Bảo)', '2015-10-15 16:15:37', 3, 'N'),
('20151015_002', 1331, 1, '', '2015-10-15 20:45:04', 3, 'N'),
('20151015_003', 1288, 1, '', '2015-10-15 18:10:01', 1, 'N'),
('20151015_004', 1381, 1, '', '2015-10-15 18:12:08', 1, 'N'),
('20151016_001', 1288, 1, '', '2015-10-16 09:33:03', 3, 'N'),
('20151016_002', 1332, 1, '', '2015-10-16 10:45:17', 3, 'N'),
('20151016_003', 1333, 1, 'Hà Thị Thanh Huyền, Thọ Phú, Triệu Sơn, phí ship 12.5k', '2015-10-16 12:48:42', 1, 'Y'),
('20151016_004', 1334, 1, 'Lê Minh Thu, Minh Dân, Triệu Sơn, phí ship 12.5k', '2015-10-16 12:54:04', 1, 'Y'),
('20151016_005', 1335, 1, '', '2015-10-16 19:45:49', 3, 'N'),
('20151016_006', 1288, 1, 'Chị khách đi ô tô', '2015-10-16 19:46:16', 3, 'N'),
('20151016_007', 1336, 1, '', '2015-10-16 19:47:02', 3, 'N'),
('20151016_008', 1337, 1, '', '2015-10-16 19:47:56', 3, 'N'),
('20151016_009', 1338, 1, '', '2015-10-16 19:48:44', 3, 'N'),
('20151016_010', 1339, 1, '', '2015-10-16 21:39:02', 3, 'N'),
('20151016_011', 1335, 1, '', '2015-10-16 18:13:13', 1, 'N'),
('20151016_012', 1382, 1, '', '2015-10-16 18:14:07', 1, 'N'),
('20151016_013', 1383, 1, '', '2015-10-16 18:15:13', 1, 'N'),
('20151017_001', 1288, 1, '', '2015-10-17 23:05:14', 3, 'N'),
('20151017_002', 1288, 1, '', '2015-10-17 23:05:50', 3, 'N'),
('20151017_003', 1340, 1, '', '2015-10-17 23:06:56', 3, 'N'),
('20151017_004', 1288, 1, '', '2015-10-17 23:07:22', 3, 'N'),
('20151017_005', 1341, 1, '', '2015-10-17 23:07:57', 3, 'N'),
('20151017_006', 1288, 1, '', '2015-10-17 23:08:10', 3, 'N'),
('20151017_007', 1342, 1, '', '2015-10-17 23:09:25', 3, 'N'),
('20151017_008', 1343, 1, '', '2015-10-17 23:12:17', 3, 'N'),
('20151017_009', 1344, 1, '', '2015-10-17 23:13:00', 3, 'N'),
('20151017_010', 1345, 1, '', '2015-10-17 23:14:27', 3, 'N'),
('20151017_011', 1346, 1, '', '2015-10-17 23:15:10', 3, 'N'),
('20151017_012', 1288, 1, '', '2015-10-17 18:15:52', 1, 'N'),
('20151017_013', 1288, 1, '', '2015-10-17 18:16:29', 1, 'N'),
('20151017_014', 1288, 1, '', '2015-10-17 18:17:22', 1, 'N'),
('20151017_015', 1384, 1, '', '2015-10-17 18:18:20', 1, 'N'),
('20151018_001', 1288, 1, '', '2015-10-18 11:54:06', 3, 'N'),
('20151018_002', 1347, 1, '', '2015-10-18 11:55:36', 3, 'N'),
('20151018_003', 1348, 1, '', '2015-10-18 16:49:58', 3, 'N'),
('20151018_004', 1349, 1, '', '2015-10-18 16:50:40', 3, 'N'),
('20151018_005', 1350, 1, '', '2015-10-18 16:51:07', 3, 'N'),
('20151018_006', 1351, 1, '', '2015-10-18 20:16:04', 3, 'N'),
('20151018_007', 1348, 1, '', '2015-10-18 18:20:41', 1, 'N'),
('20151019_001', 1352, 1, '', '2015-10-19 13:31:56', 3, 'N'),
('20151019_002', 1353, 1, 'Hỏi 35 đen 11p', '2015-10-19 16:34:20', 3, 'N'),
('20151019_003', 1354, 1, '', '2015-10-19 16:48:16', 3, 'N'),
('20151019_004', 1356, 1, '', '2015-10-19 16:29:44', 1, 'N'),
('20151019_005', 1288, 1, '', '2015-10-19 18:23:01', 1, 'N'),
('20151019_006', 1288, 1, '', '2015-10-19 18:23:26', 1, 'N'),
('20151020_001', 1357, 1, '', '2015-10-20 17:42:19', 3, 'N'),
('20151020_002', 1358, 1, '', '2015-10-20 19:21:15', 3, 'N'),
('20151020_003', 1359, 1, '', '2015-10-20 20:45:22', 3, 'N'),
('20151020_004', 1360, 1, 'Đôi da miếng xuồng cho mẹ Vũ (phí ship 25k)', '2015-10-20 00:17:04', 1, 'Y'),
('20151020_005', 1288, 1, '', '2015-10-20 18:23:54', 1, 'N'),
('20151020_006', 1385, 1, '', '2015-10-20 18:24:31', 1, 'N'),
('20151021_001', 1361, 1, '', '2015-10-21 11:53:28', 3, 'N'),
('20151021_002', 1362, 1, '', '2015-10-21 14:59:05', 3, 'N'),
('20151021_003', 1363, 1, '', '2015-10-21 20:22:58', 3, 'N'),
('20151021_004', 1358, 1, '', '2015-10-21 20:23:26', 3, 'N'),
('20151021_005', 1358, 1, '', '2015-10-21 20:23:54', 3, 'N'),
('20151021_006', 1364, 1, '', '2015-10-21 20:24:51', 3, 'N'),
('20151021_007', 1288, 1, '', '2015-10-21 18:25:17', 1, 'N'),
('20151021_008', 1363, 1, '', '2015-10-21 18:25:37', 1, 'N'),
('20151021_009', 1364, 1, '', '2015-10-21 18:26:17', 1, 'N'),
('20151022_001', 1365, 1, '', '2015-10-22 12:08:50', 3, 'N'),
('20151022_002', 1363, 1, '', '2015-10-22 22:14:18', 3, 'N'),
('20151022_003', 1363, 1, '', '2015-10-22 22:33:46', 3, 'N'),
('20151022_004', 1376, 1, '', '2015-10-22 18:26:53', 1, 'N'),
('20151022_005', 1386, 1, '', '2015-10-22 18:28:48', 1, 'N'),
('20151022_006', 1288, 1, '', '2015-10-22 18:29:24', 1, 'N'),
('20151022_007', 1387, 1, '', '2015-10-22 18:32:25', 1, 'N'),
('20151022_008', 1388, 1, '', '2015-10-22 18:33:11', 1, 'N'),
('20151023_001', 1366, 1, '', '2015-10-23 14:49:32', 3, 'N'),
('20151023_002', 1288, 1, '', '2015-10-23 15:07:08', 3, 'N'),
('20151023_003', 1367, 1, '', '2015-10-23 21:03:23', 3, 'N'),
('20151023_004', 1368, 1, '', '2015-10-23 21:04:19', 3, 'N'),
('20151023_005', 1288, 1, '', '2015-10-23 18:34:49', 1, 'N'),
('20151023_006', 1367, 1, '', '2015-10-23 18:35:36', 1, 'N'),
('20151023_007', 1368, 1, '', '2015-10-23 18:42:24', 1, 'N'),
('20151024_001', 1288, 1, '', '2015-10-24 11:53:21', 1, 'N'),
('20151024_003', 1370, 1, '', '2015-10-24 12:11:52', 1, 'N'),
('20151024_004', 1369, 1, '', '2015-10-24 12:26:03', 1, 'N'),
('20151024_005', 1288, 1, '', '2015-10-24 19:40:28', 3, 'N'),
('20151024_006', 1288, 1, '', '2015-10-24 19:41:34', 3, 'N'),
('20151024_007', 1369, 1, '', '2015-10-24 20:57:41', 1, 'N'),
('20151024_008', 1348, 1, '', '2015-10-24 20:58:21', 1, 'N'),
('20151024_009', 1348, 1, '', '2015-10-24 20:58:56', 1, 'N'),
('20151024_010', 1371, 1, '', '2015-10-24 20:59:37', 1, 'N'),
('20151024_011', 1288, 1, '', '2015-10-24 21:00:07', 1, 'N'),
('20151024_012', 1372, 1, '', '2015-10-24 21:00:47', 1, 'N'),
('20151024_013', 1373, 1, '', '2015-10-24 21:01:24', 1, 'N'),
('20151024_014', 1288, 1, '', '2015-10-24 18:43:35', 1, 'N'),
('20151024_015', 1372, 1, '', '2015-10-24 18:44:18', 1, 'N'),
('20151025_001', 1374, 1, '', '2015-10-25 13:44:57', 3, 'N'),
('20151025_002', 1375, 1, '', '2015-10-25 13:45:18', 3, 'N'),
('20151025_003', 1376, 1, '', '2015-10-25 13:46:22', 3, 'N'),
('20151025_004', 1377, 1, '', '2015-10-25 17:06:21', 3, 'N'),
('20151025_005', 1378, 1, '', '2015-10-25 17:12:44', 3, 'N'),
('20151026_001', 1389, 1, '', '2015-10-26 11:16:09', 3, 'N'),
('20151026_002', 1390, 1, '', '2015-10-26 15:50:16', 1, 'N'),
('20151026_003', 1288, 1, '', '2015-10-26 17:07:29', 1, 'N'),
('20151026_004', 1288, 1, '', '2015-10-26 17:31:29', 1, 'N'),
('20151026_005', 1391, 1, '', '2015-10-26 21:41:51', 3, 'N'),
('20151026_006', 1392, 1, '', '2015-10-26 21:42:37', 3, 'N'),
('20151027_001', 1393, 1, '', '2015-10-27 10:46:23', 1, 'N'),
('20151027_002', 1394, 1, 'kieutrangulis@gmail.com', '2015-10-27 13:11:22', 3, 'N'),
('20151027_003', 1395, 1, 'Chị khách đi oto qua', '2015-10-27 15:39:39', 1, 'N'),
('20151027_004', 1396, 1, '98 Hoàng Quốc Việt', '2015-10-27 18:19:00', 1, 'N'),
('20151027_005', 1397, 1, 'FB Hương Lan Lê', '2015-10-27 20:37:13', 1, 'N'),
('20151027_006', 1398, 1, 'FB Thúy Phạm của Bảo', '2015-10-27 21:09:57', 1, 'N'),
('20151028_001', 1288, 1, '', '2015-10-28 10:59:51', 1, 'N'),
('20151028_002', 1399, 1, '', '2015-10-28 19:55:21', 1, 'N'),
('20151028_003', 1288, 1, '', '2015-10-28 09:43:53', 1, 'N'),
('20151028_004', 1393, 1, '', '2015-10-28 11:41:31', 1, 'N'),
('20151029_001', 1400, 1, '', '2015-10-29 12:38:25', 1, 'N'),
('20151029_002', 1401, 1, '', '2015-10-29 15:03:41', 1, 'N'),
('20151029_003', 1350, 1, '', '2015-10-29 17:43:42', 1, 'N'),
('20151029_004', 1402, 1, '', '2015-10-29 18:08:55', 1, 'N'),
('20151029_005', 1403, 1, 'Fb Hang Nguyen fb Bảo', '2015-10-29 18:14:47', 1, 'N'),
('20151029_006', 1404, 1, '', '2015-10-29 18:35:51', 1, 'N'),
('20151029_007', 1405, 1, '611 Vũ Tông Phan', '2015-10-29 18:37:40', 1, 'N'),
('20151029_008', 1406, 1, '', '2015-10-29 19:02:45', 1, 'N'),
('20151030_001', 1407, 1, '', '2015-10-30 10:50:50', 1, 'N'),
('20151030_002', 1288, 1, '', '2015-10-30 12:46:21', 1, 'N'),
('20151030_003', 1306, 1, 'lỖI HỞ KHE', '2015-10-30 20:04:04', 1, 'N'),
('20151030_004', 1408, 1, '', '2015-10-30 20:43:45', 1, 'N'),
('20151031_001', 1409, 1, '', '2015-10-31 20:00:08', 1, 'N'),
('20151031_002', 1288, 1, '', '2015-10-31 20:00:32', 1, 'N'),
('20151031_003', 1288, 1, '', '2015-10-31 20:00:46', 1, 'N'),
('20151031_004', 1377, 1, '', '2015-10-31 20:08:02', 1, 'N'),
('20151101_001', 1288, 1, '', '2015-11-01 10:40:52', 1, 'N'),
('20151101_002', 1410, 1, '169 Lê Thánh Tông tp Hạ Long tỉnh Quảng Ninh, phí ship 32k', '2015-11-01 11:20:41', 1, 'Y'),
('20151101_003', 1410, 1, 'Phí ship hàng lần 2 là 43k/2 đôi', '2015-11-01 11:24:40', 1, 'Y'),
('20151101_004', 1411, 1, 'ĐC: Phòng Công An xã Xuân Quang 3 huyện Đồng Xuân, tỉnh Phú Yên, phí ship 45000', '2015-11-01 11:29:37', 1, 'Y'),
('20151101_005', 1412, 1, '', '2015-11-01 14:10:12', 1, 'N'),
('20151102_001', 1288, 1, 'Chị chủ nhà', '2015-11-02 13:39:45', 1, 'N'),
('20151102_002', 1288, 1, '', '2015-11-02 16:30:50', 1, 'N'),
('20151102_003', 1288, 1, '', '2015-11-02 19:08:59', 1, 'N'),
('20151102_004', 1288, 1, '', '2015-11-02 19:52:48', 1, 'N'),
('20151102_005', 1288, 1, '', '2015-11-02 20:38:18', 1, 'N'),
('20151103_001', 1358, 1, '', '2015-11-03 19:18:39', 1, 'N'),
('20151103_002', 1288, 1, '', '2015-11-03 19:18:53', 1, 'N'),
('20151103_003', 1314, 1, '', '2015-11-03 19:19:30', 1, 'N'),
('20151103_004', 1288, 1, '', '2015-11-03 19:19:45', 1, 'N'),
('20151103_005', 1413, 1, '', '2015-11-03 19:20:13', 1, 'N'),
('20151103_006', 1288, 1, '', '2015-11-03 14:16:31', 1, 'N'),
('20151104_001', 1414, 1, '', '2015-11-04 12:44:38', 1, 'N'),
('20151104_002', 1367, 1, '', '2015-11-04 13:19:08', 1, 'N'),
('20151104_003', 1288, 1, '', '2015-11-04 21:31:50', 1, 'N'),
('20151104_004', 1288, 1, '', '2015-11-04 21:31:58', 1, 'N'),
('20151104_005', 1415, 1, '', '2015-11-04 21:52:28', 1, 'N'),
('20151105_001', 1416, 1, '', '2015-11-05 16:19:24', 1, 'N'),
('20151105_002', 1417, 1, '', '2015-11-05 16:36:58', 1, 'N'),
('20151105_003', 1422, 1, '', '2015-11-05 17:30:47', 1, 'N'),
('20151105_004', 1288, 1, '', '2015-11-05 18:33:32', 1, 'N'),
('20151105_005', 1418, 1, 'Cty vsip Bắc ninh, số 1 hữu nghị kcn Vsip bắc ninh, phù chẩn , từ sơn, bắc ninh - Phí ship 35k ', '2015-11-05 18:37:06', 1, 'Y'),
('20151105_006', 1410, 1, 'Phí ship hàng lần 3 là 53k', '2015-11-05 18:44:01', 1, 'Y'),
('20151105_007', 1288, 1, '', '2015-11-05 19:53:18', 1, 'N'),
('20151105_008', 1288, 1, 'Chị hàng xóm', '2015-11-05 19:56:03', 1, 'N'),
('20151105_009', 1419, 1, ' T18 Times city ', '2015-11-05 20:02:01', 1, 'N'),
('20151105_010', 1426, 1, '', '2015-11-05 14:18:02', 1, 'N'),
('20151106_001', 1420, 1, '', '2015-11-06 10:39:00', 1, 'N'),
('20151106_002', 1421, 1, '', '2015-11-06 16:10:30', 1, 'N'),
('20151106_003', 1422, 1, '', '2015-11-06 17:12:00', 1, 'N'),
('20151106_004', 1423, 1, '', '2015-11-06 18:36:09', 1, 'N'),
('20151106_005', 1424, 1, '', '2015-11-06 19:05:08', 1, 'N'),
('20151106_006', 1288, 1, '', '2015-11-06 21:18:24', 1, 'N'),
('20151106_007', 1420, 1, '', '2015-11-06 14:18:47', 1, 'N'),
('20151106_008', 1427, 1, '', '2015-11-06 14:19:59', 1, 'N'),
('20151107_001', 1425, 1, '', '2015-11-07 12:31:58', 1, 'N'),
('20151107_002', 1288, 1, '', '2015-11-07 13:31:48', 1, 'N'),
('20151107_003', 1428, 1, 'Thôn An Cư 1, xã Đức Xương, huyện Gia Lộc, tỉnh Hải Dương. Phí ship 43k', '2015-11-07 14:31:42', 1, 'Y'),
('20151107_004', 1429, 1, 'Đặng Đức Giang, thôn Sỏi, Quảng Thanh, Thủy Nguyên, Hải Phòng. Phí ship 18k', '2015-11-07 14:35:08', 1, 'Y'),
('20151107_005', 1410, 1, 'Phí ship hàng lần 4 là 18k', '2015-11-07 14:37:53', 1, 'Y'),
('20151107_006', 1430, 1, '', '2015-11-07 16:39:25', 1, 'N'),
('20151107_007', 1431, 1, '', '2015-11-07 16:41:10', 1, 'N'),
('20151107_008', 1288, 1, '', '2015-11-07 16:55:21', 1, 'N'),
('20151107_009', 1432, 1, '', '2015-11-07 16:58:40', 1, 'N'),
('20151107_010', 1433, 1, '', '2015-11-07 19:17:18', 1, 'N'),
('20151108_001', 1288, 1, '', '2015-11-08 17:38:26', 1, 'N'),
('20151108_002', 1288, 1, '', '2015-11-08 19:41:53', 1, 'N'),
('20151108_003', 1439, 1, '', '2015-11-08 17:16:45', 1, 'N'),
('20151109_001', 1288, 1, '', '2015-11-09 17:12:33', 1, 'N'),
('20151109_002', 1288, 1, '', '2015-11-09 17:12:48', 1, 'N'),
('20151109_003', 1288, 1, '', '2015-11-09 17:13:02', 1, 'N'),
('20151109_004', 1434, 1, '', '2015-11-09 18:35:04', 1, 'N'),
('20151109_005', 1435, 1, '', '2015-11-09 18:46:33', 1, 'N'),
('20151109_006', 1436, 1, '86 Quan Nhân', '2015-11-09 19:25:59', 1, 'N'),
('20151109_007', 1437, 1, '', '2015-11-09 19:28:35', 1, 'N'),
('20151109_008', 1438, 1, '', '2015-11-09 20:04:10', 1, 'N'),
('20151109_009', 1439, 1, '', '2015-11-09 20:59:57', 1, 'N'),
('20151109_010', 1440, 1, 'Lỗi keo dán đế', '2015-11-09 21:58:39', 1, 'N'),
('20151110_001', 1441, 1, '', '2015-11-10 14:06:09', 1, 'N'),
('20151110_002', 1442, 1, '', '2015-11-10 15:19:14', 1, 'N'),
('20151110_003', 1288, 1, '', '2015-11-10 16:35:11', 1, 'N'),
('20151110_004', 1288, 1, '', '2015-11-10 17:26:04', 1, 'N'),
('20151110_005', 1288, 1, '', '2015-11-10 17:35:34', 1, 'N'),
('20151110_006', 1414, 1, '', '2015-11-10 20:12:57', 1, 'N'),
('20151110_007', 1443, 1, '', '2015-11-10 21:37:52', 1, 'N'),
('20151111_001', 1444, 1, '', '2015-11-11 18:00:32', 1, 'N'),
('20151111_002', 1445, 1, '', '2015-11-11 20:08:53', 1, 'N'),
('20151112_001', 1446, 1, '', '2015-11-12 14:47:51', 1, 'N'),
('20151112_002', 1447, 1, '', '2015-11-12 16:19:28', 1, 'N'),
('20151112_003', 1448, 1, '', '2015-11-12 16:24:43', 1, 'N'),
('20151112_004', 1449, 1, '', '2015-11-12 19:51:02', 1, 'N'),
('20151112_005', 1450, 1, '', '2015-11-12 20:29:54', 1, 'N'),
('20151113_001', 1451, 1, '', '2015-11-13 14:59:16', 1, 'N'),
('20151113_002', 1452, 1, '', '2015-11-13 14:59:28', 1, 'N'),
('20151113_003', 1453, 1, '', '2015-11-13 18:51:49', 1, 'N'),
('20151113_004', 1288, 1, '', '2015-11-13 19:58:47', 1, 'N'),
('20151113_005', 1454, 1, '', '2015-11-13 21:19:26', 1, 'N'),
('20151114_001', 1288, 1, '', '2015-11-14 14:56:18', 1, 'N'),
('20151114_002', 1288, 1, '', '2015-11-14 17:01:15', 1, 'N'),
('20151114_003', 1454, 1, '', '2015-11-14 20:30:01', 1, 'N'),
('20151115_001', 1288, 1, '', '2015-11-15 15:58:12', 1, 'N'),
('20151115_002', 1288, 1, '', '2015-11-15 16:23:55', 1, 'N'),
('20151115_003', 1455, 1, '', '2015-11-15 16:45:42', 1, 'N'),
('20151115_004', 1288, 1, '', '2015-11-15 21:08:33', 1, 'N'),
('20151116_001', 1288, 1, '', '2015-11-16 12:21:17', 1, 'N'),
('20151116_002', 1456, 1, '', '2015-11-16 18:14:54', 1, 'N'),
('20151116_003', 1457, 1, '', '2015-11-16 19:42:33', 1, 'N'),
('20151116_004', 1317, 1, '', '2015-11-16 20:36:07', 1, 'N'),
('20151117_001', 1458, 1, '', '2015-11-17 11:11:59', 1, 'N'),
('20151117_002', 1459, 1, '', '2015-11-17 14:19:56', 3, 'N'),
('20151117_003', 1460, 1, '', '2015-11-17 14:21:16', 3, 'N'),
('20151117_004', 1461, 1, '', '2015-11-17 14:22:04', 3, 'N'),
('20151117_005', 1288, 1, '', '2015-11-17 15:57:24', 1, 'N'),
('20151117_006', 1336, 1, '', '2015-11-17 16:49:58', 1, 'N'),
('20151117_007', 1462, 1, '', '2015-11-17 18:59:36', 1, 'N'),
('20151117_008', 1397, 1, '', '2015-11-17 20:45:06', 1, 'N'),
('20151118_001', 1288, 1, '', '2015-11-18 17:14:26', 1, 'N'),
('20151118_002', 1321, 1, '', '2015-11-18 17:45:03', 1, 'N'),
('20151118_003', 1463, 1, 'Chị Dương đặt đôi bốt màu đỏ đun size 38 120k ', '2015-11-18 18:29:23', 1, 'N'),
('20151118_004', 1397, 1, '', '2015-11-18 19:56:02', 1, 'N'),
('20151119_001', 1464, 1, '', '2015-11-19 17:56:58', 1, 'N'),
('20151119_002', 1465, 1, '', '2015-11-19 18:54:20', 1, 'N'),
('20151119_003', 1466, 1, '', '2015-11-19 20:37:38', 1, 'N'),
('20151119_004', 1288, 1, '', '2015-11-19 21:00:45', 1, 'N'),
('20151121_001', 1467, 1, '', '2015-11-20 12:29:44', 1, 'N'),
('20151121_002', 1468, 1, '', '2015-11-21 12:30:41', 1, 'N'),
('20151121_003', 1469, 1, '', '2015-11-21 18:53:19', 1, 'N'),
('20151121_004', 1470, 1, '', '2015-11-21 18:54:53', 1, 'N'),
('20151121_005', 1471, 1, '', '2015-11-21 18:55:22', 1, 'N'),
('20151121_006', 1472, 1, 'Đặt giữ hàng hôm đang sale 20%', '2015-11-21 18:56:36', 1, 'N'),
('20151121_007', 1309, 1, '', '2015-11-21 19:03:13', 1, 'N'),
('20151121_008', 1473, 1, '', '2015-11-21 19:04:38', 1, 'N'),
('20151121_009', 1474, 1, '', '2015-11-21 20:11:00', 1, 'N'),
('20151122_001', 1475, 1, '', '2015-11-22 13:29:38', 1, 'N'),
('20151122_002', 1288, 1, '', '2015-11-22 18:20:07', 1, 'N'),
('20151122_003', 1476, 1, '', '2015-11-22 20:46:05', 1, 'N'),
('20151123_001', 1309, 1, '', '2015-11-23 13:42:53', 1, 'N'),
('20151123_002', 1477, 1, '', '2015-11-23 16:52:36', 1, 'N'),
('20151123_003', 1478, 1, '', '2015-11-23 16:53:04', 1, 'N'),
('20151123_004', 1288, 1, '', '2015-11-23 17:26:04', 1, 'N'),
('20151123_005', 1479, 1, '', '2015-11-23 21:12:08', 1, 'N'),
('20151123_006', 1309, 1, '', '2015-11-23 21:19:10', 1, 'N'),
('20151124_001', 1405, 1, '', '2015-11-24 10:52:42', 1, 'N'),
('20151124_002', 1480, 1, 'Triệu Sơn - Thanh Hóa', '2015-11-24 10:56:51', 1, 'Y'),
('20151124_003', 1481, 1, '', '2015-11-24 17:09:51', 1, 'N'),
('20151124_004', 1482, 1, '', '2015-11-24 17:45:05', 1, 'N'),
('20151125_001', 1410, 1, '169 Lê Thánh Tông, tp Hạ Long, tỉnh Quảng Ninh', '2015-11-25 14:40:43', 1, 'Y'),
('20151125_002', 1483, 1, '', '2015-11-25 15:12:27', 1, 'N'),
('20151125_003', 1484, 1, '', '2015-11-25 15:29:54', 1, 'N'),
('20151127_001', 1288, 1, '', '2015-11-26 17:08:33', 1, 'N'),
('20151127_002', 1288, 1, '', '2015-11-27 17:40:35', 1, 'N'),
('20151127_003', 1485, 1, '', '2015-11-27 17:46:25', 1, 'N'),
('20151127_004', 1486, 1, '', '2015-11-27 18:10:23', 1, 'N'),
('20151127_005', 1288, 1, '', '2015-11-27 18:40:01', 1, 'N'),
('20151128_001', 1487, 1, '', '2015-11-28 12:18:58', 1, 'N'),
('20151128_002', 1288, 1, '', '2015-11-28 12:19:22', 1, 'N'),
('20151128_003', 1288, 1, '', '2015-11-28 15:59:38', 1, 'N'),
('20151128_004', 1288, 1, '', '2015-11-28 16:29:05', 1, 'N'),
('20151128_005', 1288, 1, '', '2015-11-28 16:34:30', 1, 'N'),
('20151128_006', 1488, 1, '', '2015-11-28 17:41:59', 1, 'N'),
('20151128_007', 1489, 1, '189 Đinh Tiên Hoàng, phường Tự An, TP Buôn Ma Thuột, tỉnh Đăk Lăk', '2015-11-28 18:29:17', 1, 'Y'),
('20151128_008', 1490, 1, '', '2015-11-28 19:00:12', 1, 'N'),
('20151128_009', 1491, 1, '', '2015-11-28 19:52:21', 1, 'N'),
('20151128_010', 1330, 1, '', '2015-11-28 21:49:04', 1, 'N'),
('20151129_001', 1288, 1, '', '2015-11-29 10:33:07', 1, 'N'),
('20151129_002', 1492, 1, '', '2015-11-29 12:07:14', 1, 'N'),
('20151129_003', 1493, 1, '', '2015-11-29 12:12:56', 1, 'N'),
('20151129_004', 1288, 1, '', '2015-11-29 15:28:36', 1, 'N'),
('20151129_005', 1358, 1, '', '2015-11-29 15:53:03', 1, 'N'),
('20151129_006', 1494, 1, '', '2015-11-29 15:55:19', 1, 'N'),
('20151129_007', 1495, 1, '', '2015-11-29 18:56:55', 1, 'N'),
('20151129_008', 1496, 1, '', '2015-11-29 19:24:14', 1, 'N'),
('20151130_001', 1288, 1, '', '2015-11-30 15:53:29', 1, 'N'),
('20151130_002', 1288, 1, '', '2015-11-30 15:53:58', 1, 'N'),
('20151130_003', 1497, 1, '', '2015-11-30 16:06:27', 1, 'N'),
('20151130_004', 1498, 1, '', '2015-11-30 17:39:26', 1, 'N'),
('20151130_005', 1499, 1, '', '2015-11-30 18:10:15', 1, 'N'),
('20151130_006', 1500, 1, '', '2015-11-30 18:13:26', 1, 'N'),
('20151130_007', 1449, 1, '', '2015-11-30 20:24:47', 1, 'N'),
('20151130_008', 1501, 1, '', '2015-11-30 20:44:31', 1, 'N'),
('20151201_001', 1485, 1, '', '2015-12-01 18:57:08', 1, 'N'),
('20151202_001', 1502, 1, '', '2015-12-02 14:02:26', 1, 'N'),
('20151202_002', 1468, 1, '', '2015-12-02 14:52:29', 1, 'N'),
('20151202_003', 1503, 1, '', '2015-12-02 15:34:43', 1, 'N'),
('20151202_004', 1504, 1, '', '2015-12-02 20:18:08', 1, 'N'),
('20151202_005', 1481, 1, '', '2015-12-02 20:25:28', 1, 'N'),
('20151202_006', 1505, 1, '', '2015-12-02 20:38:41', 1, 'N'),
('20151203_001', 1506, 1, '', '2015-12-03 17:46:17', 1, 'N'),
('20151204_001', 1507, 1, '', '2015-12-04 11:20:39', 1, 'N'),
('20151204_002', 1508, 1, '', '2015-12-04 11:50:55', 1, 'N'),
('20151204_003', 1288, 1, '', '2015-12-04 12:20:19', 1, 'N'),
('20151204_004', 1509, 1, '', '2015-12-04 18:14:45', 1, 'N'),
('20151205_001', 1288, 1, '', '2015-12-05 10:56:54', 1, 'N'),
('20151205_002', 1510, 1, '', '2015-12-05 12:40:52', 1, 'N'),
('20151205_003', 1511, 1, '', '2015-12-05 15:26:10', 1, 'N'),
('20151205_004', 1288, 1, '', '2015-12-05 16:48:42', 1, 'N'),
('20151205_005', 1512, 1, '', '2015-12-05 16:58:47', 1, 'N'),
('20151205_006', 1513, 1, '', '2015-12-05 17:30:23', 1, 'N'),
('20151205_007', 1468, 1, '', '2015-12-05 17:38:40', 1, 'N'),
('20151205_008', 1514, 1, '23 Phan Bội Châu, Ba Đình, TP Thanh Hóa', '2015-12-05 17:51:52', 1, 'Y'),
('20151205_009', 1515, 1, '', '2015-12-05 18:27:40', 1, 'N'),
('20151205_010', 1516, 1, '', '2015-12-05 18:28:44', 1, 'N'),
('20151205_011', 1517, 1, '', '2015-12-05 20:38:39', 1, 'N'),
('20151206_001', 1518, 1, '', '2015-12-06 13:57:22', 1, 'N'),
('20151206_002', 1288, 1, '', '2015-12-06 14:38:29', 1, 'N'),
('20151206_003', 1519, 1, '', '2015-12-06 14:55:15', 1, 'N'),
('20151206_004', 1473, 1, '', '2015-12-06 15:39:22', 1, 'N'),
('20151206_005', 1288, 1, '', '2015-12-06 16:12:45', 1, 'N'),
('20151206_006', 1520, 1, '', '2015-12-06 17:25:40', 1, 'N'),
('20151206_007', 1521, 1, '', '2015-12-06 19:06:37', 1, 'N'),
('20151206_008', 1522, 1, '', '2015-12-06 19:35:13', 1, 'N'),
('20151206_009', 1523, 1, '', '2015-12-06 20:46:48', 1, 'N'),
('20151206_010', 1524, 1, '', '2015-12-06 21:08:18', 1, 'N'),
('20151206_011', 1525, 1, '', '2015-12-06 21:42:19', 1, 'N'),
('20151207_001', 1506, 1, '', '2015-12-07 15:21:47', 1, 'N'),
('20151207_002', 1448, 1, '', '2015-12-07 15:58:34', 1, 'N'),
('20151207_003', 1288, 1, '', '2015-12-07 18:49:39', 1, 'N'),
('20151207_004', 1504, 1, '', '2015-12-07 20:30:02', 1, 'N'),
('20151208_001', 1288, 1, '', '2015-12-08 13:34:11', 1, 'N'),
('20151208_002', 1526, 1, '', '2015-12-08 13:35:06', 1, 'N'),
('20151208_003', 1527, 1, '', '2015-12-08 13:35:57', 1, 'N'),
('20151208_004', 1507, 1, '', '2015-12-08 13:36:58', 1, 'N'),
('20151208_005', 1463, 1, '', '2015-12-08 18:28:00', 1, 'N'),
('20151208_006', 1528, 1, '', '2015-12-08 19:18:05', 1, 'N'),
('20151208_007', 1288, 1, '', '2015-12-08 21:45:34', 1, 'N'),
('20151209_001', 1291, 1, '', '2015-12-09 16:46:16', 1, 'N'),
('20151209_002', 1529, 1, '', '2015-12-09 17:21:31', 1, 'N'),
('20151209_003', 1288, 1, '', '2015-12-09 17:46:23', 1, 'N'),
('20151209_004', 1288, 1, '', '2015-12-09 18:15:23', 1, 'N'),
('20151209_005', 1288, 1, '', '2015-12-09 20:18:23', 1, 'N'),
('20151209_006', 1408, 1, '', '2015-12-09 20:56:24', 1, 'N'),
('20151210_001', 1530, 1, '', '2015-12-10 11:55:41', 1, 'N'),
('20151210_002', 1531, 1, '', '2015-12-10 12:58:50', 1, 'N'),
('20151210_003', 1527, 1, '', '2015-12-10 16:19:47', 1, 'N'),
('20151210_004', 1532, 1, '', '2015-12-10 17:20:57', 1, 'N'),
('20151210_005', 1533, 1, '', '2015-12-10 18:46:22', 1, 'N'),
('20151210_006', 1534, 1, '', '2015-12-10 20:36:35', 1, 'N'),
('20151210_007', 1535, 1, '', '2015-12-10 21:17:06', 1, 'N'),
('20151210_008', 1536, 1, '', '2015-12-10 21:56:10', 1, 'N'),
('20151211_001', 1537, 1, '', '2015-12-11 15:31:58', 1, 'N'),
('20151211_002', 1538, 1, '', '2015-12-11 15:38:04', 1, 'N'),
('20151211_003', 1539, 1, '', '2015-12-11 16:54:10', 1, 'N'),
('20151211_004', 1288, 1, '', '2015-12-11 17:44:35', 1, 'N'),
('20151211_005', 1540, 1, '', '2015-12-11 21:29:01', 1, 'N'),
('20151211_006', 1541, 1, '', '2015-12-11 21:45:11', 1, 'N'),
('20151212_001', 1487, 1, '', '2015-12-12 15:59:26', 1, 'N'),
('20151212_002', 1542, 1, '', '2015-12-12 16:00:27', 1, 'N'),
('20151212_003', 1543, 1, 'Thị trấn Dân Lực Triệu Sơn', '2015-12-12 16:04:09', 1, 'Y'),
('20151212_004', 1544, 1, '', '2015-12-12 16:13:41', 1, 'N'),
('20151212_005', 1545, 1, '', '2015-12-12 16:49:45', 1, 'N'),
('20151212_006', 1546, 1, '', '2015-12-12 17:36:50', 1, 'N'),
('20151212_008', 1288, 1, '', '2015-12-12 20:57:46', 1, 'N'),
('20151212_009', 1548, 1, '', '2015-12-12 21:43:37', 1, 'N'),
('20151212_010', 1547, 1, 'Số 2, ngách 2/49 Định Công Thượng', '2015-12-12 23:59:44', 1, 'Y'),
('20151212_011', 1548, 1, '', '2015-12-12 15:25:51', 1, 'N'),
('20151212_012', 1579, 1, '', '2015-12-12 15:28:24', 1, 'N'),
('20151212_013', 1562, 1, '', '2015-12-12 15:31:32', 1, 'N'),
('20151213_001', 1397, 1, '', '2015-12-13 11:08:47', 1, 'N'),
('20151213_002', 1549, 1, '', '2015-12-13 11:43:52', 1, 'N'),
('20151213_003', 1550, 1, '', '2015-12-13 12:55:22', 1, 'N'),
('20151213_004', 1551, 1, '', '2015-12-13 16:50:04', 3, 'N'),
('20151213_005', 1552, 1, '', '2015-12-13 17:46:26', 1, 'N'),
('20151213_006', 1553, 1, '', '2015-12-13 18:52:36', 1, 'N'),
('20151213_007', 1562, 1, '', '2015-12-13 15:35:22', 1, 'N'),
('20151213_008', 1551, 1, '', '2015-12-13 15:37:53', 1, 'N'),
('20151213_009', 1553, 1, '', '2015-12-13 15:46:37', 1, 'N'),
('20151213_010', 1562, 1, '', '2015-12-13 16:14:40', 1, 'N'),
('20151214_001', 1354, 1, '', '2015-12-14 14:04:07', 1, 'N'),
('20151214_002', 1554, 1, '', '2015-12-14 14:04:38', 1, 'N'),
('20151214_003', 1555, 1, '', '2015-12-14 17:31:13', 1, 'N'),
('20151214_004', 1556, 1, '', '2015-12-14 17:33:43', 1, 'N'),
('20151214_005', 1557, 1, '', '2015-12-14 18:53:07', 1, 'N'),
('20151214_006', 1558, 1, '', '2015-12-14 19:29:16', 1, 'N'),
('20151214_007', 1559, 1, '', '2015-12-14 20:55:11', 1, 'N'),
('20151214_008', 1559, 1, '', '2015-12-14 21:17:50', 1, 'N'),
('20151214_009', 1560, 1, '', '2015-12-14 21:20:11', 1, 'N'),
('20151214_010', 1548, 1, '', '2015-12-14 21:42:49', 1, 'N'),
('20151214_011', 1540, 1, '', '2015-12-14 15:40:37', 1, 'N'),
('20151214_012', 1288, 1, '', '2015-12-14 15:46:07', 1, 'N'),
('20151215_002', 1288, 1, '', '2015-12-15 17:06:24', 1, 'N'),
('20151215_003', 1288, 1, '', '2015-12-15 21:02:03', 1, 'N'),
('20151215_004', 1288, 1, '', '2015-12-15 21:47:30', 1, 'N'),
('20151215_006', 1341, 1, '', '2015-12-15 21:56:05', 1, 'N'),
('20151215_007', 1561, 1, '', '2015-12-15 21:57:59', 1, 'N'),
('20151215_008', 1403, 1, 'Tòa nhà 319 63 Lê Văn Lương', '2015-12-15 23:22:10', 1, 'Y'),
('20151215_009', 1288, 1, '', '2015-12-15 15:45:14', 1, 'N'),
('20151215_010', 1403, 1, 'Tòa nhà 319 63 Lê Văn Lương', '2015-12-15 16:43:41', 1, 'Y'),
('20151216_001', 1563, 1, '', '2015-12-16 12:51:36', 1, 'N'),
('20151216_002', 1562, 1, '', '2015-12-16 12:51:58', 1, 'N'),
('20151216_003', 1564, 1, '', '2015-12-16 16:06:59', 1, 'N'),
('20151216_004', 1533, 1, '', '2015-12-16 18:46:05', 3, 'N'),
('20151216_005', 1565, 1, '', '2015-12-16 18:49:25', 3, 'N'),
('20151216_006', 1366, 1, '', '2015-12-16 15:47:31', 1, 'N'),
('20151216_007', 1565, 1, '', '2015-12-16 15:48:08', 1, 'N'),
('20151216_008', 1580, 1, '', '2015-12-16 15:48:54', 1, 'N'),
('20151217_001', 1288, 1, '', '2015-12-17 13:06:42', 1, 'N'),
('20151217_002', 1566, 1, '', '2015-12-17 13:07:53', 1, 'N'),
('20151217_003', 1567, 1, '', '2015-12-17 16:51:21', 1, 'N'),
('20151217_004', 1568, 1, '', '2015-12-17 18:24:00', 1, 'N'),
('20151217_005', 1569, 1, '', '2015-12-17 18:26:42', 1, 'N'),
('20151217_006', 1434, 1, '', '2015-12-17 19:10:45', 1, 'N'),
('20151217_007', 1581, 1, '', '2015-12-17 15:49:50', 1, 'N'),
('20151217_008', 1434, 1, '', '2015-12-17 15:50:55', 1, 'N'),
('20151218_001', 1570, 1, '', '2015-12-18 14:12:53', 1, 'N'),
('20151218_002', 1571, 1, '', '2015-12-18 14:13:33', 1, 'N'),
('20151218_003', 1572, 1, '', '2015-12-18 14:15:11', 1, 'N'),
('20151218_004', 1288, 1, '', '2015-12-18 14:15:23', 1, 'N'),
('20151218_005', 1557, 1, '', '2015-12-18 17:44:10', 1, 'N'),
('20151218_006', 1341, 1, '', '2015-12-18 19:18:36', 1, 'N'),
('20151218_007', 1573, 1, 'Lỗi dán đế', '2015-12-18 21:12:03', 1, 'N'),
('20151218_008', 1288, 1, 'Bạn Anh Minh', '2015-12-18 21:37:54', 1, 'N'),
('20151218_009', 1532, 1, '', '2015-12-18 15:52:08', 1, 'N'),
('20151218_010', 1355, 1, '', '2015-12-18 15:53:56', 1, 'N'),
('20151219_001', 1288, 1, '', '2015-12-19 12:55:26', 1, 'N'),
('20151219_002', 1562, 1, '', '2015-12-19 13:40:13', 1, 'N'),
('20151219_003', 1574, 1, '', '2015-12-19 15:06:28', 1, 'N'),
('20151219_004', 1562, 1, '', '2015-12-19 15:54:48', 1, 'N'),
('20151219_005', 1574, 1, '', '2015-12-19 15:56:01', 1, 'N'),
('20151219_006', 1582, 1, '', '2015-12-19 16:07:55', 1, 'N'),
('20151219_007', 1366, 1, '', '2015-12-19 16:09:08', 1, 'N'),
('20151220_001', 1575, 1, '', '2015-12-20 20:43:35', 3, 'N'),
('20151220_002', 1576, 1, '', '2015-12-20 20:44:30', 3, 'N'),
('20151220_003', 1288, 1, '', '2015-12-20 20:47:32', 3, 'N'),
('20151220_004', 1577, 1, '', '2015-12-20 20:48:28', 3, 'N'),
('20151222_001', 1578, 1, '', '2015-12-22 14:42:11', 1, 'N'),
('20151222_002', 1366, 1, '', '2015-12-22 16:00:35', 1, 'N'),
('20151222_003', 1403, 1, '', '2015-12-22 16:11:03', 1, 'N'),
('20151222_004', 1328, 1, '', '2015-12-22 16:27:49', 1, 'N'),
('20151222_005', 1410, 1, '169 Lê Thánh Tông, TP Hạ Long, tỉnh Quảng Ninh', '2015-12-22 16:35:06', 1, 'Y'),
('20151222_006', 1583, 1, '', '2015-12-22 17:59:48', 1, 'N'),
('20151222_007', 1528, 1, '', '2015-12-22 19:06:31', 1, 'N'),
('20151222_008', 1584, 1, '', '2015-12-22 19:16:42', 1, 'N'),
('20151222_009', 1585, 1, 'Áo lỗi rút bông', '2015-12-22 20:14:34', 1, 'N'),
('20151223_001', 1586, 1, '', '2015-12-23 11:49:32', 1, 'N'),
('20151223_002', 1587, 1, '', '2015-12-23 11:50:06', 1, 'N'),
('20151223_003', 1588, 1, 'Xóm 6 Minh Dân Triệu Sơn Thanh Hóa', '2015-12-23 13:36:29', 1, 'Y'),
('20151223_005', 1589, 1, '', '2015-12-23 15:05:38', 1, 'N'),
('20151223_006', 1562, 1, '', '2015-12-23 15:41:33', 1, 'N'),
('20151223_007', 1590, 1, '', '2015-12-23 17:37:38', 1, 'N'),
('20151223_008', 1591, 1, '', '2015-12-23 18:08:05', 1, 'N'),
('20151223_009', 1592, 1, 'KTX Sam Sung, KCN Yên Bình, Phổ Yên, Thái Nguyên ', '2015-12-23 19:00:52', 1, 'N'),
('20151223_010', 1593, 1, '', '2015-12-23 20:43:45', 1, 'N'),
('20151223_011', 1290, 1, '', '2015-12-23 21:02:01', 1, 'N'),
('20151223_012', 1594, 1, '85c Trần Quang Diệu ', '2015-12-23 21:34:36', 1, 'N'),
('20151224_001', 1314, 1, '', '2015-12-24 15:10:01', 3, 'N'),
('20151224_002', 1354, 1, '', '2015-12-24 14:53:04', 1, 'N'),
('20151224_003', 1595, 1, '', '2015-12-24 14:53:46', 1, 'N'),
('20151225_001', 1596, 1, '', '2015-12-25 14:59:03', 1, 'N'),
('20151225_002', 1454, 1, '', '2015-12-25 14:59:40', 1, 'N'),
('20151225_003', 1314, 1, '', '2015-12-25 15:00:47', 1, 'N'),
('20151225_004', 1597, 1, '', '2015-12-25 15:03:32', 1, 'N'),
('20151225_005', 1598, 1, '', '2015-12-25 16:42:38', 1, 'N'),
('20151225_006', 1599, 1, '', '2015-12-25 17:32:37', 1, 'N'),
('20151225_007', 1571, 1, '', '2015-12-25 20:36:50', 1, 'N'),
('20151225_008', 1406, 1, '', '2015-12-25 20:37:21', 1, 'N'),
('20151226_001', 1600, 1, '', '2015-12-26 13:24:27', 1, 'N'),
('20151226_002', 1601, 1, '', '2015-12-26 15:50:17', 1, 'N'),
('20151226_003', 1602, 1, '', '2015-12-26 17:14:56', 1, 'N'),
('20151226_004', 1603, 1, '', '2015-12-26 18:11:23', 1, 'N'),
('20151226_005', 1604, 1, '', '2015-12-26 20:25:49', 1, 'N'),
('20151226_006', 1288, 1, '', '2015-12-26 20:44:57', 1, 'N'),
('20151226_007', 1605, 1, '', '2015-12-26 21:25:48', 1, 'N'),
('20151227_001', 1606, 1, '', '2015-12-27 11:59:08', 1, 'N'),
('20151227_002', 1564, 1, '', '2015-12-27 12:02:08', 1, 'N'),
('20151227_003', 1607, 1, '', '2015-12-27 15:56:51', 1, 'N'),
('20151227_004', 1451, 1, '', '2015-12-27 15:57:38', 1, 'N'),
('20151228_001', 1608, 1, '', '2015-12-28 13:11:13', 3, 'N'),
('20151228_002', 1609, 1, '', '2015-12-28 13:12:23', 3, 'N'),
('20151228_003', 1610, 1, '', '2015-12-28 16:00:50', 1, 'N'),
('20151228_004', 1611, 1, '', '2015-12-28 18:11:12', 1, 'N'),
('20151228_005', 1425, 1, '', '2015-12-28 20:36:03', 1, 'N'),
('20151228_006', 1289, 1, '', '2015-12-28 20:42:31', 1, 'N'),
('20151229_001', 1614, 1, '', '2015-12-29 22:13:22', 1, 'N'),
('20151231_001', 1612, 1, '', '2015-12-31 12:34:02', 1, 'N'),
('20151231_002', 1613, 1, '', '2015-12-31 12:35:30', 1, 'N'),
('20151231_003', 1616, 1, '', '2015-12-31 15:16:09', 1, 'N'),
('20151231_004', 1617, 1, '', '2015-12-31 17:49:59', 1, 'N'),
('20151231_005', 1618, 1, '', '2015-12-31 17:50:45', 1, 'N'),
('20151231_006', 1619, 1, '', '2015-12-31 19:16:44', 1, 'N'),
('20151231_007', 1620, 1, '', '2015-12-31 19:17:39', 1, 'N'),
('20151231_008', 1621, 1, '', '2015-12-31 19:35:41', 1, 'N');

-- --------------------------------------------------------

--
-- Table structure for table `export_facture_product`
--

CREATE TABLE IF NOT EXISTS `export_facture_product` (
  `id` int(11) NOT NULL AUTO_INCREMENT,
  `product_code` varchar(16) NOT NULL,
  `quantity` int(11) NOT NULL DEFAULT '0',
  `export_price` float NOT NULL DEFAULT '0',
  `export_facture_code` varchar(45) NOT NULL,
  `re_qty` int(11) NOT NULL DEFAULT '0',
  `re_date` datetime DEFAULT NULL,
  `re_description` varchar(245) DEFAULT NULL,
  PRIMARY KEY (`id`),
  KEY `fk_export_facture_product_product1_idx` (`product_code`),
  KEY `fk_export_facture_product_export_facture1_idx` (`export_facture_code`)
) ENGINE=InnoDB  DEFAULT CHARSET=utf8 AUTO_INCREMENT=661 ;

--
-- Dumping data for table `export_facture_product`
--

INSERT INTO `export_facture_product` (`id`, `product_code`, `quantity`, `export_price`, `export_facture_code`, `re_qty`, `re_date`, `re_description`) VALUES
(1, '0015', 1, 340, '20151008_001', 0, NULL, NULL),
(2, '0023', 1, 360, '20151008_001', 0, NULL, NULL),
(3, '0024', 1, 350, '20151008_002', 0, NULL, NULL),
(4, '0007', 1, 750, '20151008_003', 0, NULL, NULL),
(5, '0032', 1, 289, '20151008_004', 0, NULL, NULL),
(6, '0033', 1, 236, '20151008_004', 0, NULL, NULL),
(7, '0023', 1, 290, '20151008_005', 0, NULL, NULL),
(8, '0026', 1, 255, '20151008_006', 0, NULL, NULL),
(9, '0002', 1, 400, '20151008_007', 0, NULL, NULL),
(10, '0036', 1, 250, '20151009_001', 0, NULL, NULL),
(11, '0030', 1, 230, '20151010_001', 0, NULL, NULL),
(12, '0025', 1, 280, '20151010_001', 0, NULL, NULL),
(13, '0037', 1, 250, '20151010_002', 0, NULL, NULL),
(14, '0036', 1, 250, '20151010_002', 0, NULL, NULL),
(15, '0008', 1, 500, '20151010_002', 0, NULL, NULL),
(16, '0014', 1, 280, '20151010_003', 0, NULL, NULL),
(17, '0032', 1, 290, '20151010_003', 0, NULL, NULL),
(18, '0031', 1, 290, '20151010_004', 0, NULL, NULL),
(19, '0038', 1, 250, '20151010_005', 0, NULL, NULL),
(20, '0023', 1, 280, '20151010_005', 0, NULL, NULL),
(21, '0011', 1, 260, '20151011_001', 1, '2015-11-07 14:23:41', ''),
(22, '0024', 1, 280, '20151011_002', 0, NULL, NULL),
(23, '0013', 1, 270, '20151011_003', 1, '2015-12-11 17:44:35', ''),
(24, '0039', 1, 220, '20151011_004', 0, NULL, NULL),
(25, '0018', 1, 230, '20151011_005', 0, NULL, NULL),
(26, '0031', 1, 270, '20151011_006', 0, NULL, NULL),
(27, '0007', 1, 600, '20151011_006', 0, NULL, NULL),
(28, '0011', 1, 265, '20151011_007', 0, NULL, NULL),
(29, '0020', 1, 270, '20151011_008', 0, NULL, NULL),
(30, '0036', 1, 250, '20151011_009', 0, NULL, NULL),
(31, '0025', 1, 270, '20151011_010', 0, NULL, NULL),
(32, '0018', 1, 230, '20151011_011', 0, NULL, NULL),
(33, '0017', 1, 280, '20151011_012', 0, NULL, NULL),
(34, '0030', 1, 230, '20151011_013', 0, NULL, NULL),
(35, '0039', 1, 230, '20151011_014', 0, NULL, NULL),
(36, '0011', 1, 265, '20151011_015', 0, NULL, NULL),
(37, '0038', 1, 255, '20151011_016', 0, NULL, NULL),
(38, '0038', 1, 255, '20151012_001', 0, NULL, NULL),
(39, '0027', 1, 235, '20151012_002', 0, NULL, NULL),
(40, '0019', 1, 235, '20151012_002', 0, NULL, NULL),
(41, '0023', 1, 290, '20151012_003', 0, NULL, NULL),
(42, '0039', 1, 230, '20151012_004', 0, NULL, NULL),
(43, '0033', 1, 235, '20151012_005', 0, NULL, NULL),
(44, '0011', 1, 265, '20151012_006', 0, NULL, NULL),
(45, '0035', 1, 256, '20151012_007', 0, NULL, NULL),
(46, '0025', 1, 280, '20151013_001', 0, NULL, NULL),
(47, '0034', 1, 230, '20151013_002', 0, NULL, NULL),
(48, '0037', 1, 260, '20151013_002', 0, NULL, NULL),
(49, '0039', 1, 232, '20151013_003', 0, NULL, NULL),
(50, '0012', 1, 290, '20151014_001', 0, NULL, NULL),
(51, '0026', 1, 250, '20151014_002', 0, NULL, NULL),
(52, '0013', 1, 280, '20151014_002', 0, NULL, NULL),
(53, '0032', 1, 290, '20151014_002', 0, NULL, NULL),
(54, '0032', 1, 290, '20151014_003', 0, NULL, NULL),
(55, '0011', 1, 264, '20151014_004', 0, NULL, NULL),
(56, '0017', 1, 280, '20151014_004', 0, NULL, NULL),
(57, '0024', 1, 310, '20151011_017', 0, NULL, NULL),
(58, '0037', 1, 250, '20151014_005', 0, NULL, NULL),
(59, '0025', 1, 280, '20151015_001', 0, NULL, NULL),
(60, '0010', 1, 260, '20151015_002', 0, NULL, NULL),
(61, '0035', 1, 250, '20151016_001', 0, NULL, NULL),
(62, '0011', 1, 265, '20151016_002', 0, NULL, NULL),
(63, '0015', 1, 300, '20151016_003', 0, NULL, NULL),
(64, '0039', 1, 260, '20151016_004', 0, NULL, NULL),
(65, '0012', 1, 288, '20151016_005', 0, NULL, NULL),
(66, '0019', 1, 235, '20151016_006', 0, NULL, NULL),
(67, '0032', 1, 287, '20151016_007', 0, NULL, NULL),
(68, '0028', 1, 240, '20151016_008', 0, NULL, NULL),
(69, '0009', 1, 350, '20151016_009', 0, NULL, NULL),
(70, '0034', 1, 230, '20151016_010', 0, NULL, NULL),
(71, '0030', 1, 230, '20151016_010', 0, NULL, NULL),
(72, '0038', 1, 255, '20151017_001', 0, NULL, NULL),
(73, '0027', 1, 235, '20151017_002', 0, NULL, NULL),
(74, '0013', 1, 300, '20151017_003', 0, NULL, NULL),
(75, '0036', 1, 256, '20151017_004', 0, NULL, NULL),
(76, '0004', 1, 520, '20151017_005', 0, NULL, NULL),
(77, '0036', 1, 255, '20151017_006', 0, NULL, NULL),
(78, '0013', 1, 270, '20151017_007', 0, NULL, NULL),
(79, '0001', 1, 400, '20151017_007', 0, NULL, NULL),
(80, '0007', 1, 560, '20151017_008', 0, NULL, NULL),
(81, '0025', 1, 270, '20151017_008', 0, NULL, NULL),
(82, '0016', 1, 280, '20151017_009', 0, NULL, NULL),
(83, '0030', 1, 260, '20151017_010', 0, NULL, NULL),
(84, '0027', 1, 230, '20151017_011', 0, NULL, NULL),
(85, '0008', 1, 500, '20151018_001', 0, NULL, NULL),
(86, '0024', 1, 280, '20151018_002', 0, NULL, NULL),
(87, '0039', 1, 230, '20151018_002', 0, NULL, NULL),
(88, '0035', 1, 240, '20151018_003', 0, NULL, NULL),
(89, '0001', 1, 410, '20151018_003', 0, NULL, NULL),
(90, '0024', 1, 260, '20151018_004', 0, NULL, NULL),
(91, '0006', 1, 480, '20151018_005', 0, NULL, NULL),
(92, '0027', 1, 235, '20151018_006', 0, NULL, NULL),
(94, '0029', 1, 235, '20151019_001', 0, NULL, NULL),
(95, '0020', 1, 280, '20151019_002', 0, NULL, NULL),
(96, '0036', 1, 256, '20151019_003', 0, NULL, NULL),
(98, '0026', 1, 250, '20151019_004', 0, NULL, NULL),
(99, '0037', 1, 255, '20151020_001', 0, NULL, NULL),
(100, '0035', 1, 255, '20151020_002', 0, NULL, NULL),
(101, '0036', 1, 250, '20151020_003', 0, NULL, NULL),
(102, '0024', 1, 270, '20151020_003', 0, NULL, NULL),
(103, '0017', 1, 300, '20151020_004', 0, NULL, NULL),
(104, '0039', 1, 230, '20151021_001', 0, NULL, NULL),
(105, '0028', 1, 240, '20151021_002', 0, NULL, NULL),
(106, '0010', 1, 260, '20151021_003', 0, NULL, NULL),
(107, '0035', 1, 255, '20151021_004', 0, NULL, NULL),
(108, '0026', 1, 255, '20151021_005', 0, NULL, NULL),
(109, '0025', 1, 280, '20151021_006', 0, NULL, NULL),
(110, '0030', 1, 230, '20151022_001', 0, NULL, NULL),
(111, '0010', 1, 260, '20151022_002', 0, NULL, NULL),
(112, '0037', 1, 255, '20151022_003', 0, NULL, NULL),
(113, '0011', 1, 265, '20151023_001', 1, '2015-12-22 16:00:35', ''),
(114, '0031', 1, 288, '20151023_002', 0, NULL, NULL),
(115, '0033', 1, 235, '20151023_003', 1, '2015-11-04 13:19:08', ''),
(116, '0029', 1, 236, '20151023_004', 0, NULL, NULL),
(117, '0013', 1, 280, '20151024_001', 0, NULL, NULL),
(119, '0043', 1, 260, '20151024_003', 0, NULL, NULL),
(120, '0019', 1, 200, '20151024_004', 0, NULL, NULL),
(121, '0018', 1, 230, '20151024_005', 0, NULL, NULL),
(122, '0035', 1, 255, '20151024_006', 0, NULL, NULL),
(123, '0032', 1, 250, '20151024_007', 0, NULL, NULL),
(124, '0010', 1, 260, '20151024_008', 0, NULL, NULL),
(125, '0035', 1, 255, '20151024_009', 0, NULL, NULL),
(126, '0030', 1, 232, '20151024_010', 0, NULL, NULL),
(127, '0046', 1, 240, '20151024_011', 0, NULL, NULL),
(128, '0028', 1, 240, '20151024_012', 0, NULL, NULL),
(129, '0037', 1, 255, '20151024_013', 0, NULL, NULL),
(130, '0034', 1, 220, '20151025_001', 0, NULL, NULL),
(131, '0006', 1, 480, '20151025_001', 0, NULL, NULL),
(132, '0049', 1, 240, '20151025_002', 0, NULL, NULL),
(133, '0030', 1, 230, '20151025_003', 0, NULL, NULL),
(134, '0073', 1, 255, '20151025_004', 0, NULL, NULL),
(135, '0061', 1, 290, '20151025_005', 0, NULL, NULL),
(136, '0056', 1, 290, '20151008_008', 0, NULL, NULL),
(137, '0059', 1, 250, '20151008_009', 0, NULL, NULL),
(138, '0040', 1, 270, '20151009_002', 0, NULL, NULL),
(139, '0064', 1, 240, '20151010_006', 0, NULL, NULL),
(140, '0040', 1, 270, '20151011_018', 0, NULL, NULL),
(141, '0058', 1, 230, '20151012_008', 0, NULL, NULL),
(142, '0059', 1, 248, '20151012_009', 0, NULL, NULL),
(143, '0058', 1, 232, '20151012_009', 0, NULL, NULL),
(144, '0057', 1, 288, '20151012_010', 0, NULL, NULL),
(145, '0069', 1, 255, '20151014_006', 0, NULL, NULL),
(146, '0058', 1, 230, '20151015_003', 0, NULL, NULL),
(148, '0063', 1, 275, '20151015_004', 0, NULL, NULL),
(149, '0057', 1, 287, '20151016_011', 0, NULL, NULL),
(150, '0069', 1, 255, '20151016_012', 0, NULL, NULL),
(151, '0060', 1, 230, '20151016_013', 0, NULL, NULL),
(152, '0069', 1, 256, '20151017_012', 0, NULL, NULL),
(153, '0069', 1, 256, '20151017_013', 0, NULL, NULL),
(154, '0056', 1, 270, '20151017_014', 0, NULL, NULL),
(155, '0067', 1, 280, '20151017_015', 0, NULL, NULL),
(156, '0069', 1, 240, '20151018_007', 0, NULL, NULL),
(157, '0067', 1, 280, '20151019_005', 0, NULL, NULL),
(158, '0056', 2, 285, '20151019_005', 0, NULL, NULL),
(159, '0070', 1, 236, '20151019_006', 0, NULL, NULL),
(160, '0041', 1, 315, '20151020_005', 0, NULL, NULL),
(161, '0068', 1, 280, '20151020_006', 0, NULL, NULL),
(162, '0046', 1, 240, '20151021_007', 0, NULL, NULL),
(163, '0046', 1, 240, '20151021_008', 0, NULL, NULL),
(164, '0059', 1, 250, '20151021_009', 0, NULL, NULL),
(165, '0046', 1, 240, '20151022_004', 0, NULL, NULL),
(167, '0072', 1, 255, '20151022_005', 0, NULL, NULL),
(168, '0043', 1, 260, '20151022_006', 0, NULL, NULL),
(170, '0046', 1, 240, '20151022_007', 0, NULL, NULL),
(171, '0042', 1, 280, '20151022_008', 0, NULL, NULL),
(172, '0050', 1, 255, '20151023_005', 0, NULL, NULL),
(173, '0073', 1, 255, '20151023_006', 0, NULL, NULL),
(174, '0070', 1, 236, '20151023_007', 0, NULL, NULL),
(175, '0073', 1, 256, '20151024_014', 0, NULL, NULL),
(176, '0073', 1, 255, '20151024_015', 0, NULL, NULL),
(177, '0041', 1, 315, '20151026_001', 0, NULL, NULL),
(178, '0028', 1, 240, '20151026_002', 0, NULL, NULL),
(179, '0031', 1, 288, '20151026_003', 0, NULL, NULL),
(180, '0053', 1, 280, '20151026_004', 0, NULL, NULL),
(181, '0040', 1, 270, '20151026_005', 0, NULL, NULL),
(182, '0018', 1, 230, '20151026_006', 0, NULL, NULL),
(183, '0032', 1, 290, '20151027_001', 1, '2015-10-28 11:41:31', ''),
(184, '0036', 1, 250, '20151027_002', 0, NULL, NULL),
(185, '0019', 1, 235, '20151027_003', 0, NULL, NULL),
(186, '0058', 1, 290, '20151027_004', 0, NULL, NULL),
(187, '0076', 1, 230, '20151027_005', 0, NULL, NULL),
(188, '0032', 1, 290, '20151027_006', 0, NULL, NULL),
(189, '0066', 1, 500, '20151028_001', 0, NULL, NULL),
(190, '0004', 1, 520, '20151028_002', 0, NULL, NULL),
(191, '0028', 1, 240, '20151028_003', 0, NULL, NULL),
(192, '0019', 1, 235, '20151029_001', 0, NULL, NULL),
(193, '0055', 1, 290, '20151029_002', 0, NULL, NULL),
(194, '0049', 1, 240, '20151029_003', 0, NULL, NULL),
(195, '0050', 1, 255, '20151029_004', 0, NULL, NULL),
(196, '0046', 1, 270, '20151029_005', 0, NULL, NULL),
(197, '0028', 1, 230, '20151029_006', 0, NULL, NULL),
(198, '0039', 1, 230, '20151029_007', 0, NULL, NULL),
(199, '0023', 1, 290, '20151029_008', 0, NULL, NULL),
(200, '0030', 1, 230, '20151030_001', 0, NULL, NULL),
(201, '0009', 1, 265, '20151030_001', 0, NULL, NULL),
(202, '0009', 1, 260, '20151030_002', 0, NULL, NULL),
(203, '0020', 1, 270, '20151030_003', 0, NULL, NULL),
(204, '0074', 1, 290, '20151030_004', 0, NULL, NULL),
(205, '0024', 1, 280, '20151031_001', 0, NULL, NULL),
(206, '0058', 1, 232, '20151031_002', 0, NULL, NULL),
(207, '0072', 1, 250, '20151031_003', 0, NULL, NULL),
(208, '0040', 1, 272, '20151031_004', 0, NULL, NULL),
(209, '0071', 1, 240, '20151101_001', 0, NULL, NULL),
(210, '0049', 1, 270, '20151101_002', 0, NULL, NULL),
(211, '0050', 1, 288, '20151101_003', 1, '2015-11-05 18:44:01', 'Phí ship hàng lần 3 là 53k'),
(212, '0069', 1, 287, '20151101_003', 0, NULL, NULL),
(213, '0052', 1, 300, '20151101_004', 0, NULL, NULL),
(214, '0028', 1, 240, '20151101_005', 0, NULL, NULL),
(215, '0009', 1, 240, '20151102_001', 0, NULL, NULL),
(216, '0072', 1, 250, '20151102_002', 0, NULL, NULL),
(217, '0043', 1, 265, '20151102_003', 0, NULL, NULL),
(218, '0076', 1, 235, '20151102_004', 0, NULL, NULL),
(219, '0031', 1, 288, '20151102_005', 0, NULL, NULL),
(220, '0046', 1, 240, '20151103_001', 0, NULL, NULL),
(221, '0048', 1, 280, '20151103_001', 0, NULL, NULL),
(222, '0076', 1, 235, '20151103_002', 0, NULL, NULL),
(223, '0051', 1, 236, '20151103_003', 0, NULL, NULL),
(224, '0025', 1, 280, '20151103_004', 0, NULL, NULL),
(225, '0024', 1, 280, '20151103_005', 0, NULL, NULL),
(226, '0072', 1, 250, '20151104_001', 0, NULL, NULL),
(227, '0076', 1, 235, '20151104_002', 0, NULL, NULL),
(228, '0056', 1, 280, '20151104_003', 0, NULL, NULL),
(229, '0046', 1, 240, '20151104_004', 0, NULL, NULL),
(230, '0004', 1, 520, '20151104_005', 0, NULL, NULL),
(231, '0046', 1, 240, '20151104_005', 0, NULL, NULL),
(232, '0070', 1, 220, '20151105_001', 0, NULL, NULL),
(233, '0030', 1, 230, '20151105_002', 0, NULL, NULL),
(234, '0077', 1, 355, '20151105_002', 0, NULL, NULL),
(235, '0009', 1, 265, '20151105_003', 1, '2015-11-06 17:12:00', ''),
(236, '0023', 1, 290, '20151105_004', 0, NULL, NULL),
(237, '0018', 1, 260, '20151105_005', 0, NULL, NULL),
(238, '0035', 1, 280, '20151105_006', 1, '2015-11-25 14:40:43', '169 Lê Thánh Tông, tp Hạ Long, tỉnh Quảng Ninh'),
(239, '0049', 1, 270, '20151105_006', 0, NULL, NULL),
(240, '0009', 1, 265, '20151105_007', 0, NULL, NULL),
(241, '0072', 1, 250, '20151105_008', 0, NULL, NULL),
(242, '0046', 1, 270, '20151105_009', 0, NULL, NULL),
(243, '0053', 1, 280, '20151106_001', 0, NULL, NULL),
(244, '0054', 1, 265, '20151106_001', 0, NULL, NULL),
(245, '0058', 1, 210, '20151106_002', 0, NULL, NULL),
(246, '0043', 1, 260, '20151106_002', 0, NULL, NULL),
(247, '0004', 1, 520, '20151106_003', 0, NULL, NULL),
(248, '0073', 1, 255, '20151106_004', 0, NULL, NULL),
(249, '0075', 1, 210, '20151106_005', 0, NULL, NULL),
(250, '0032', 1, 280, '20151106_006', 0, NULL, NULL),
(251, '0032', 1, 270, '20151107_001', 0, NULL, NULL),
(252, '0035', 1, 240, '20151107_002', 0, NULL, NULL),
(253, '0079', 1, 280, '20151103_006', 0, NULL, NULL),
(254, '0081', 1, 268, '20151105_010', 0, NULL, NULL),
(255, '0080', 1, 255, '20151106_007', 0, NULL, NULL),
(256, '0079', 2, 280, '20151106_008', 0, NULL, NULL),
(258, '0081', 1, 300, '20151107_003', 0, NULL, NULL),
(259, '0056', 1, 300, '20151107_004', 0, NULL, NULL),
(260, '0081', 1, 280, '20151107_004', 0, NULL, NULL),
(261, '0081', 2, 300, '20151107_005', 1, '2015-11-25 14:40:43', '169 Lê Thánh Tông, tp Hạ Long, tỉnh Quảng Ninh'),
(262, '0081', 1, 270, '20151107_006', 0, NULL, NULL),
(263, '0073', 1, 320, '20151107_007', 0, NULL, NULL),
(264, '0058', 1, 230, '20151107_008', 1, '2015-11-08 17:38:26', ''),
(265, '0076', 2, 230, '20151107_009', 0, NULL, NULL),
(266, '0027', 1, 235, '20151107_010', 0, NULL, NULL),
(267, '0030', 1, 225, '20151108_001', 0, NULL, NULL),
(269, '0033', 2, 235, '20151108_002', 0, NULL, NULL),
(270, '0081', 1, 302, '20151109_001', 0, NULL, NULL),
(271, '0083', 1, 198, '20151109_001', 0, NULL, NULL),
(272, '0081', 1, 300, '20151109_002', 0, NULL, NULL),
(273, '0023', 1, 320, '20151109_003', 0, NULL, NULL),
(274, '0069', 1, 255, '20151108_003', 1, '2015-11-09 20:59:57', ''),
(275, '0033', 1, 260, '20151109_004', 0, NULL, NULL),
(276, '0065', 1, 260, '20151109_005', 0, NULL, NULL),
(277, '0020', 1, 305, '20151109_006', 0, NULL, NULL),
(278, '0031', 1, 315, '20151109_006', 0, NULL, NULL),
(279, '0050', 1, 280, '20151109_007', 0, NULL, NULL),
(280, '0076', 1, 260, '20151109_007', 0, NULL, NULL),
(281, '0016', 1, 280, '20151109_008', 0, NULL, NULL),
(282, '0069', 1, 250, '20151109_008', 0, NULL, NULL),
(283, '0039', 1, 230, '20151109_008', 0, NULL, NULL),
(284, '0002', 1, 400, '20151109_009', 0, NULL, NULL),
(285, '0051', 1, 210, '20151109_010', 0, NULL, NULL),
(286, '0045', 1, 280, '20151110_001', 0, NULL, NULL),
(287, '0075', 1, 260, '20151110_002', 0, NULL, NULL),
(288, '0032', 1, 306, '20151110_003', 0, NULL, NULL),
(289, '0083', 2, 187, '20151110_003', 0, NULL, NULL),
(290, '0054', 1, 290, '20151110_004', 0, NULL, NULL),
(291, '0058', 1, 260, '20151110_005', 0, NULL, NULL),
(292, '0040', 1, 270, '20151110_006', 0, NULL, NULL),
(293, '0018', 1, 210, '20151110_007', 0, NULL, NULL),
(294, '0031', 1, 290, '20151028_004', 0, NULL, NULL),
(295, '0073', 1, 280, '20151111_001', 0, NULL, NULL),
(296, '0072', 1, 280, '20151111_002', 0, NULL, NULL),
(297, '0036', 1, 288, '20151112_001', 0, NULL, NULL),
(298, '0067', 1, 300, '20151112_002', 0, NULL, NULL),
(299, '0006', 1, 480, '20151112_003', 0, NULL, NULL),
(300, '0018', 1, 250, '20151112_004', 0, NULL, NULL),
(301, '0053', 1, 300, '20151112_004', 0, NULL, NULL),
(302, '0079', 1, 300, '20151112_004', 0, NULL, NULL),
(303, '0076', 1, 265, '20151112_005', 0, NULL, NULL),
(304, '0081', 1, 270, '20151113_001', 0, NULL, NULL),
(305, '0074', 1, 320, '20151113_002', 0, NULL, NULL),
(306, '0081', 1, 300, '20151113_003', 0, NULL, NULL),
(307, '0076', 1, 260, '20151113_004', 0, NULL, NULL),
(308, '0017', 1, 315, '20151113_005', 1, '2015-11-14 20:30:01', ''),
(309, '0065', 1, 265, '20151114_001', 1, '2015-11-15 16:23:55', ''),
(310, '0074', 1, 320, '20151114_002', 0, NULL, NULL),
(311, '0082', 1, 315, '20151114_003', 0, NULL, NULL),
(312, '0049', 2, 260, '20151115_001', 0, NULL, NULL),
(313, '0018', 1, 265, '20151115_002', 0, NULL, NULL),
(314, '0054', 1, 297, '20151115_003', 0, NULL, NULL),
(315, '0024', 1, 315, '20151115_004', 0, NULL, NULL),
(316, '0020', 1, 300, '20151116_001', 0, NULL, NULL),
(317, '0008', 1, 560, '20151116_001', 0, NULL, NULL),
(318, '0079', 1, 300, '20151116_002', 0, NULL, NULL),
(319, '0009', 1, 300, '20151116_002', 0, NULL, NULL),
(320, '0071', 1, 250, '20151116_002', 0, NULL, NULL),
(321, '0019', 1, 265, '20151116_003', 0, NULL, NULL),
(322, '0079', 1, 300, '20151116_004', 0, NULL, NULL),
(323, '0046', 1, 270, '20151117_001', 0, NULL, NULL),
(324, '0081', 1, 290, '20151117_002', 0, NULL, NULL),
(325, '0009', 1, 280, '20151117_003', 0, NULL, NULL),
(326, '0073', 1, 272, '20151117_003', 0, NULL, NULL),
(327, '0073', 1, 273, '20151117_004', 0, NULL, NULL),
(328, '0055', 1, 300, '20151117_005', 0, NULL, NULL),
(329, '0086', 1, 290, '20151117_006', 0, NULL, NULL),
(330, '0073', 1, 280, '20151117_007', 0, NULL, NULL),
(331, '0019', 1, 240, '20151117_008', 1, '2015-11-18 19:56:02', ''),
(332, '0085', 1, 270, '20151118_001', 0, NULL, NULL),
(333, '0056', 1, 310, '20151118_002', 0, NULL, NULL),
(334, '0028', 1, 280, '20151118_003', 0, NULL, NULL),
(335, '0001', 1, 465, '20151119_001', 0, NULL, NULL),
(336, '0059', 1, 280, '20151119_002', 0, NULL, NULL),
(337, '0085', 1, 280, '20151119_003', 0, NULL, NULL),
(338, '0057', 1, 325, '20151119_004', 0, NULL, NULL),
(339, '0090', 1, 305, '20151121_001', 0, NULL, NULL),
(340, '0085', 1, 280, '20151121_002', 0, NULL, NULL),
(341, '0023', 1, 310, '20151121_003', 0, NULL, NULL),
(342, '0083', 1, 200, '20151121_003', 0, NULL, NULL),
(343, '0088', 1, 300, '20151121_004', 0, NULL, NULL),
(344, '0013', 1, 315, '20151121_005', 0, NULL, NULL),
(345, '0079', 1, 280, '20151121_006', 0, NULL, NULL),
(346, '0017', 1, 310, '20151121_007', 0, NULL, NULL),
(347, '0089', 1, 300, '20151121_008', 0, NULL, NULL),
(348, '0066', 1, 560, '20151121_009', 0, NULL, NULL),
(349, '0068', 1, 300, '20151122_001', 0, NULL, NULL),
(350, '0018', 1, 250, '20151122_002', 0, NULL, NULL),
(351, '0035', 1, 280, '20151122_003', 0, NULL, NULL),
(352, '0089', 1, 290, '20151123_001', 0, NULL, NULL),
(353, '0024', 1, 310, '20151123_002', 0, NULL, NULL),
(354, '0086', 1, 300, '20151123_003', 0, NULL, NULL),
(355, '0096', 1, 315, '20151123_004', 0, NULL, NULL),
(356, '0097', 1, 265, '20151123_005', 0, NULL, NULL),
(357, '0100', 1, 265, '20151123_006', 0, NULL, NULL),
(358, '0073', 1, 280, '20151124_001', 0, NULL, NULL),
(360, '0051', 1, 265, '20151124_002', 0, NULL, NULL),
(361, '0091', 1, 300, '20151124_003', 0, NULL, NULL),
(362, '0054', 1, 300, '20151124_003', 0, NULL, NULL),
(363, '0092', 1, 190, '20151124_004', 0, NULL, NULL),
(364, '0089', 1, 300, '20151125_001', 0, NULL, NULL),
(365, '0085', 2, 280, '20151125_001', 0, NULL, NULL),
(366, '0051', 1, 265, '20151125_002', 0, NULL, NULL),
(367, '0093', 1, 290, '20151125_003', 0, NULL, NULL),
(368, '0088', 1, 300, '20151127_001', 0, NULL, NULL),
(369, '0073', 1, 275, '20151127_002', 0, NULL, NULL),
(370, '0085', 1, 275, '20151127_002', 0, NULL, NULL),
(371, '0087', 1, 270, '20151127_003', 0, NULL, NULL),
(372, '0018', 1, 260, '20151127_004', 0, NULL, NULL),
(373, '0081', 1, 290, '20151127_005', 0, NULL, NULL),
(374, '0031', 1, 320, '20151128_001', 0, NULL, NULL),
(375, '0049', 1, 270, '20151128_002', 0, NULL, NULL),
(376, '0085', 1, 280, '20151128_003', 0, NULL, NULL),
(377, '0096', 1, 315, '20151128_004', 0, NULL, NULL),
(378, '0018', 1, 250, '20151128_005', 0, NULL, NULL),
(379, '0009', 1, 280, '20151128_005', 0, NULL, NULL),
(380, '0100', 1, 255, '20151128_006', 0, NULL, NULL),
(381, '0093', 1, 290, '20151128_006', 0, NULL, NULL),
(382, '0077', 1, 400, '20151128_007', 0, NULL, NULL),
(383, '0075', 1, 250, '20151128_008', 0, NULL, NULL),
(384, '0092', 1, 200, '20151128_008', 0, NULL, NULL),
(385, '0104', 1, 280, '20151128_009', 0, NULL, NULL),
(386, '0077', 1, 380, '20151128_010', 0, NULL, NULL),
(387, '0079', 1, 300, '20151128_010', 0, NULL, NULL),
(388, '0012', 1, 320, '20151129_001', 0, NULL, NULL),
(389, '0093', 1, 300, '20151129_002', 0, NULL, NULL),
(390, '0073', 1, 280, '20151129_003', 0, NULL, NULL),
(391, '0105', 1, 285, '20151129_004', 0, NULL, NULL),
(392, '0091', 1, 285, '20151129_004', 0, NULL, NULL),
(393, '0076', 1, 260, '20151129_005', 0, NULL, NULL),
(394, '0003', 1, 420, '20151129_006', 0, NULL, NULL),
(395, '0097', 1, 250, '20151129_007', 0, NULL, NULL),
(396, '0091', 1, 270, '20151129_007', 0, NULL, NULL),
(397, '0083', 1, 180, '20151129_008', 0, NULL, NULL),
(398, '0080', 1, 300, '20151130_001', 0, NULL, NULL),
(399, '0085', 1, 275, '20151130_002', 0, NULL, NULL),
(400, '0066', 1, 550, '20151130_003', 0, NULL, NULL),
(401, '0080', 1, 270, '20151130_004', 0, NULL, NULL),
(402, '0053', 1, 293, '20151130_005', 0, NULL, NULL),
(403, '0099', 1, 262, '20151130_005', 0, NULL, NULL),
(404, '0091', 1, 270, '20151130_006', 0, NULL, NULL),
(405, '0083', 1, 180, '20151130_006', 0, NULL, NULL),
(406, '0091', 1, 270, '20151130_007', 0, NULL, NULL),
(407, '0094', 1, 500, '20151130_008', 0, NULL, NULL),
(408, '0091', 1, 290, '20151201_001', 0, NULL, NULL),
(409, '0083', 1, 190, '20151202_001', 0, NULL, NULL),
(410, '0023', 1, 300, '20151202_002', 0, NULL, NULL),
(411, '0068', 1, 300, '20151202_002', 0, NULL, NULL),
(412, '0071', 1, 250, '20151202_003', 0, NULL, NULL),
(413, '0084', 1, 250, '20151202_003', 0, NULL, NULL),
(414, '0105', 1, 300, '20151202_004', 0, NULL, NULL),
(415, '0091', 1, 300, '20151202_005', 0, NULL, NULL),
(416, '0079', 1, 300, '20151202_006', 0, NULL, NULL),
(417, '0091', 1, 300, '20151202_006', 0, NULL, NULL),
(418, '0104', 1, 250, '20151203_001', 0, NULL, NULL),
(419, '0032', 1, 290, '20151203_001', 0, NULL, NULL),
(420, '0105', 1, 280, '20151204_001', 1, '2015-12-08 13:36:58', ''),
(421, '0056', 1, 320, '20151204_002', 0, NULL, NULL),
(422, '0079', 1, 300, '20151204_003', 0, NULL, NULL),
(423, '0084', 1, 250, '20151204_004', 0, NULL, NULL),
(424, '0093', 1, 300, '20151205_001', 0, NULL, NULL),
(425, '0073', 1, 280, '20151205_002', 0, NULL, NULL),
(426, '0091', 1, 285, '20151205_003', 0, NULL, NULL),
(427, '0010', 1, 275, '20151205_004', 1, '2015-12-07 18:49:39', ''),
(428, '0094', 1, 490, '20151205_004', 0, NULL, NULL),
(429, '0084', 1, 250, '20151205_005', 0, NULL, NULL),
(430, '0080', 1, 280, '20151205_006', 0, NULL, NULL),
(431, '0092', 1, 190, '20151205_007', 0, NULL, NULL),
(432, '0093', 1, 290, '20151205_008', 0, NULL, NULL),
(433, '0081', 1, 290, '20151205_009', 0, NULL, NULL),
(434, '0088', 1, 290, '20151205_010', 0, NULL, NULL),
(435, '0099', 1, 270, '20151205_011', 0, NULL, NULL),
(436, '0075', 1, 250, '20151206_001', 0, NULL, NULL),
(437, '0032', 1, 300, '20151206_002', 0, NULL, NULL),
(438, '0031', 1, 300, '20151206_002', 0, NULL, NULL),
(439, '0074', 1, 320, '20151206_003', 0, NULL, NULL),
(440, '0054', 1, 280, '20151206_004', 0, NULL, NULL),
(441, '0086', 1, 300, '20151206_005', 0, NULL, NULL),
(442, '0088', 1, 290, '20151206_006', 0, NULL, NULL),
(443, '0088', 1, 280, '20151206_007', 0, NULL, NULL),
(444, '0057', 1, 300, '20151206_008', 0, NULL, NULL),
(445, '0104', 1, 270, '20151206_009', 0, NULL, NULL),
(446, '0093', 1, 300, '20151206_010', 0, NULL, NULL),
(447, '0076', 1, 260, '20151206_011', 0, NULL, NULL),
(448, '0088', 1, 260, '20151207_001', 0, NULL, NULL),
(449, '0035', 1, 280, '20151207_002', 0, NULL, NULL),
(450, '0086', 1, 275, '20151207_003', 0, NULL, NULL),
(451, '0105', 1, 280, '20151207_004', 0, NULL, NULL),
(452, '0084', 1, 240, '20151208_001', 0, NULL, NULL),
(453, '0077', 1, 380, '20151208_002', 0, NULL, NULL),
(454, '0084', 1, 240, '20151208_002', 0, NULL, NULL),
(455, '0085', 1, 250, '20151208_003', 0, NULL, NULL),
(456, '0007', 1, 600, '20151208_003', 1, '2015-12-10 16:19:47', ''),
(457, '0030', 1, 250, '20151208_004', 0, NULL, NULL),
(458, '0009', 1, 270, '20151208_005', 0, NULL, NULL),
(459, '0096', 1, 300, '20151208_006', 0, NULL, NULL),
(460, '0031', 1, 280, '20151208_007', 0, NULL, NULL),
(461, '0108', 1, 340, '20151209_001', 0, NULL, NULL),
(462, '0018', 1, 240, '20151209_002', 0, NULL, NULL),
(463, '0074', 1, 290, '20151209_003', 0, NULL, NULL),
(464, '0066', 1, 500, '20151209_004', 0, NULL, NULL),
(465, '0043', 1, 280, '20151209_005', 0, NULL, NULL),
(466, '0070', 1, 230, '20151209_005', 0, NULL, NULL),
(467, '0012', 1, 290, '20151209_006', 0, NULL, NULL),
(468, '0093', 1, 290, '20151210_001', 0, NULL, NULL),
(469, '0074', 1, 300, '20151210_001', 0, NULL, NULL),
(470, '0028', 1, 260, '20151210_002', 0, NULL, NULL),
(471, '0090', 1, 290, '20151210_002', 0, NULL, NULL),
(472, '0104', 1, 250, '20151210_003', 0, NULL, NULL),
(473, '0015', 1, 310, '20151210_004', 0, NULL, NULL),
(474, '0087', 1, 250, '20151210_005', 0, NULL, NULL),
(475, '0010', 1, 270, '20151210_006', 0, NULL, NULL),
(476, '0052', 1, 280, '20151210_007', 0, NULL, NULL),
(477, '0109', 1, 410, '20151210_007', 0, NULL, NULL),
(478, '0099', 1, 250, '20151210_007', 0, NULL, NULL),
(479, '0031', 1, 320, '20151210_008', 0, NULL, NULL),
(480, '0068', 1, 290, '20151211_001', 0, NULL, NULL),
(481, '0085', 1, 260, '20151211_001', 0, NULL, NULL),
(482, '0095', 1, 300, '20151211_001', 0, NULL, NULL),
(483, '0105', 1, 280, '20151211_002', 0, NULL, NULL),
(484, '0090', 1, 290, '20151211_003', 0, NULL, NULL),
(485, '0017', 1, 270, '20151211_004', 0, NULL, NULL),
(486, '0091', 2, 285, '20151211_005', 0, NULL, NULL),
(487, '0090', 1, 290, '20151211_006', 0, NULL, NULL),
(488, '0085', 1, 280, '20151212_001', 0, NULL, NULL),
(489, '0079', 1, 300, '20151212_002', 0, NULL, NULL),
(490, '0076', 1, 260, '20151212_003', 0, NULL, NULL),
(491, '0106', 1, 260, '20151212_003', 0, NULL, NULL),
(492, '0106', 1, 250, '20151212_004', 0, NULL, NULL),
(493, '0099', 1, 280, '20151212_005', 0, NULL, NULL),
(494, '0106', 1, 260, '20151212_006', 0, NULL, NULL),
(496, '0081', 1, 300, '20151212_008', 0, NULL, NULL),
(497, '0048', 1, 320, '20151212_009', 1, '2015-12-14 21:42:49', ''),
(498, '0006', 1, 510, '20151212_010', 0, NULL, NULL),
(499, '0081', 1, 270, '20151213_001', 0, NULL, NULL),
(500, '0073', 1, 280, '20151213_002', 0, NULL, NULL),
(501, '0019', 1, 265, '20151213_003', 0, NULL, NULL),
(502, '0004', 1, 550, '20151213_004', 0, NULL, NULL),
(503, '0046', 1, 260, '20151213_005', 0, NULL, NULL),
(504, '0083', 1, 190, '20151213_006', 0, NULL, NULL),
(505, '0055', 1, 310, '20151214_001', 0, NULL, NULL),
(506, '0085', 1, 270, '20151214_002', 0, NULL, NULL),
(507, '0076', 1, 260, '20151214_003', 0, NULL, NULL),
(508, '0014', 1, 300, '20151214_004', 0, NULL, NULL),
(509, '0029', 1, 260, '20151214_005', 1, '2015-12-18 17:44:10', ''),
(510, '0088', 1, 300, '20151214_006', 0, NULL, NULL),
(511, '0109', 1, 400, '20151214_007', 1, '2015-12-14 21:17:50', ''),
(512, '0008', 1, 600, '20151214_008', 0, NULL, NULL),
(513, '0074', 2, 300, '20151214_009', 0, NULL, NULL),
(515, '0001', 1, 460, '20151215_002', 0, NULL, NULL),
(516, '0050', 1, 260, '20151215_002', 0, NULL, NULL),
(517, '0033', 1, 250, '20151215_003', 0, NULL, NULL),
(518, '0068', 1, 290, '20151215_004', 0, NULL, NULL),
(519, '0101', 1, 260, '20151215_004', 0, NULL, NULL),
(521, '0109', 1, 420, '20151215_006', 0, NULL, NULL),
(522, '0074', 1, 300, '20151215_007', 0, NULL, NULL),
(523, '0083', 1, 180, '20151215_007', 0, NULL, NULL),
(524, '0110', 1, 420, '20151215_008', 0, NULL, NULL),
(526, '0105', 1, 290, '20151216_001', 0, NULL, NULL),
(527, '0096', 1, 260, '20151216_002', 0, NULL, NULL),
(528, '0005', 1, 470, '20151216_003', 0, NULL, NULL),
(529, '0097', 1, 220, '20151216_004', 0, NULL, NULL),
(530, '0039', 1, 245, '20151216_005', 0, NULL, NULL),
(531, '0085', 1, 280, '20151217_001', 0, NULL, NULL),
(532, '0010', 1, 290, '20151217_002', 0, NULL, NULL),
(533, '0086', 1, 280, '20151217_003', 0, NULL, NULL),
(534, '0028', 1, 270, '20151217_004', 0, NULL, NULL),
(535, '0081', 1, 290, '20151217_005', 0, NULL, NULL),
(536, '0077', 1, 400, '20151217_006', 0, NULL, NULL),
(537, '0012', 1, 305, '20151218_001', 0, NULL, NULL),
(538, '0030', 1, 245, '20151218_001', 0, NULL, NULL),
(539, '0095', 1, 350, '20151218_002', 0, NULL, NULL),
(540, '0016', 1, 300, '20151218_003', 0, NULL, NULL),
(541, '0085', 1, 280, '20151218_004', 0, NULL, NULL),
(542, '0033', 1, 260, '20151218_005', 0, NULL, NULL),
(543, '0090', 1, 300, '20151218_006', 0, NULL, NULL),
(544, '0110', 1, 400, '20151218_007', 0, NULL, NULL),
(545, '0004', 1, 500, '20151218_008', 0, NULL, NULL),
(546, '0108', 1, 420, '20151219_001', 0, NULL, NULL),
(547, '0019', 1, 200, '20151219_002', 0, NULL, NULL),
(548, '0094', 1, 460, '20151219_003', 0, NULL, NULL),
(549, '0091', 1, 300, '20151220_001', 0, NULL, NULL),
(550, '0074', 1, 320, '20151220_002', 0, NULL, NULL),
(551, '0040', 1, 150, '20151220_003', 0, NULL, NULL),
(552, '0110', 1, 440, '20151220_004', 0, NULL, NULL),
(553, '0105', 1, 270, '20151222_001', 0, NULL, NULL),
(554, '0122', 1, 350, '20151212_011', 0, NULL, NULL),
(556, '0122', 1, 356, '20151212_012', 0, NULL, NULL),
(558, '0122', 1, 220, '20151212_013', 0, NULL, NULL),
(559, '0122', 1, 220, '20151213_007', 0, NULL, NULL),
(560, '0122', 2, 350, '20151213_008', 0, NULL, NULL),
(562, '0122', 1, 350, '20151214_011', 0, NULL, NULL),
(565, '0124', 1, 130, '20151215_009', 0, NULL, NULL),
(567, '0123', 1, 200, '20151214_012', 0, NULL, NULL),
(568, '0121', 1, 330, '20151213_009', 0, NULL, NULL),
(569, '0122', 1, 350, '20151216_006', 1, '2015-12-19 16:09:08', ''),
(570, '0114', 1, 505, '20151216_007', 0, NULL, NULL),
(571, '0112', 1, 400, '20151216_008', 0, NULL, NULL),
(572, '0122', 1, 350, '20151217_007', 0, NULL, NULL),
(573, '0122', 1, 350, '20151217_008', 0, NULL, NULL),
(574, '0114', 1, 530, '20151218_009', 0, NULL, NULL),
(575, '0117', 1, 450, '20151218_010', 0, NULL, NULL),
(576, '0112', 1, 400, '20151219_004', 0, NULL, NULL),
(577, '0116', 1, 520, '20151219_005', 0, NULL, NULL),
(578, '0122', 1, 310, '20151219_005', 0, NULL, NULL),
(579, '0108', 1, 395, '20151222_002', 0, NULL, NULL),
(580, '0119', 1, 495, '20151219_006', 0, NULL, NULL),
(581, '0036', 1, 290, '20151219_007', 0, NULL, NULL),
(582, '0122', 1, 350, '20151222_003', 0, NULL, NULL),
(583, '0096', 1, 260, '20151213_010', 0, NULL, NULL),
(585, '0081', 1, 335, '20151222_004', 0, NULL, NULL),
(586, '0108', 1, 410, '20151222_005', 0, NULL, NULL),
(587, '0101', 1, 225, '20151222_005', 0, NULL, NULL),
(588, '0122', 1, 315, '20151222_005', 0, NULL, NULL),
(589, '0122', 1, 350, '20151215_010', 0, NULL, NULL),
(590, '0116', 1, 500, '20151222_006', 0, NULL, NULL),
(591, '0019', 1, 230, '20151222_007', 0, NULL, NULL),
(592, '0035', 1, 255, '20151222_008', 0, NULL, NULL),
(593, '0042', 1, 280, '20151222_009', 0, NULL, NULL),
(594, '0112', 1, 370, '20151222_009', 0, NULL, NULL),
(595, '0093', 1, 270, '20151223_001', 0, NULL, NULL),
(596, '0074', 1, 290, '20151223_002', 0, NULL, NULL),
(597, '0115', 1, 420, '20151223_003', 0, NULL, NULL),
(598, '0091', 1, 280, '20151223_003', 0, NULL, NULL),
(600, '0077', 1, 340, '20151223_005', 0, NULL, NULL),
(602, '0114', 1, 450, '20151223_006', 0, NULL, NULL),
(603, '0024', 2, 260, '20151223_006', 0, NULL, NULL),
(604, '0019', 1, 230, '20151223_007', 0, NULL, NULL),
(605, '0085', 1, 250, '20151223_008', 0, NULL, NULL),
(606, '0081', 1, 290, '20151223_009', 0, NULL, NULL),
(607, '0087', 2, 250, '20151223_010', 0, NULL, NULL),
(608, '0069', 1, 250, '20151223_010', 0, NULL, NULL),
(609, '0077', 1, 300, '20151223_011', 0, NULL, NULL),
(610, '0081', 1, 270, '20151223_012', 0, NULL, NULL),
(611, '0118', 1, 395, '20151224_001', 1, '2015-12-25 15:00:47', ''),
(615, '0088', 1, 265, '20151224_002', 0, NULL, NULL),
(616, '0074', 1, 315, '20151224_003', 0, NULL, NULL),
(617, '0095', 1, 285, '20151224_003', 0, NULL, NULL),
(618, '0002', 1, 400, '20151225_001', 0, NULL, NULL),
(619, '0005', 1, 440, '20151225_001', 0, NULL, NULL),
(620, '0016', 1, 280, '20151225_002', 0, NULL, NULL),
(621, '0114', 1, 475, '20151225_003', 0, NULL, NULL),
(622, '0038', 1, 255, '20151225_004', 0, NULL, NULL),
(623, '0081', 1, 270, '20151225_005', 0, NULL, NULL),
(624, '0110', 1, 395, '20151225_005', 0, NULL, NULL),
(625, '0108', 1, 375, '20151225_006', 0, NULL, NULL),
(626, '0112', 1, 400, '20151225_006', 0, NULL, NULL),
(627, '0117', 2, 448, '20151225_007', 0, NULL, NULL),
(628, '0091', 1, 265, '20151225_008', 0, NULL, NULL),
(629, '0024', 1, 275, '20151226_001', 0, NULL, NULL),
(630, '0114', 1, 470, '20151226_002', 0, NULL, NULL),
(631, '0112', 1, 400, '20151226_003', 0, NULL, NULL),
(632, '0085', 1, 250, '20151226_004', 0, NULL, NULL),
(633, '0081', 1, 270, '20151226_005', 0, NULL, NULL),
(634, '0008', 1, 480, '20151226_006', 0, NULL, NULL),
(635, '0075', 1, 230, '20151226_007', 0, NULL, NULL),
(636, '0119', 1, 430, '20151227_001', 0, NULL, NULL),
(637, '0050', 1, 255, '20151227_002', 0, NULL, NULL),
(638, '0089', 1, 265, '20151227_002', 0, NULL, NULL),
(639, '0108', 1, 395, '20151227_003', 0, NULL, NULL),
(640, '0109', 1, 385, '20151227_004', 0, NULL, NULL),
(641, '0071', 1, 240, '20151228_001', 0, NULL, NULL),
(642, '0093', 1, 270, '20151228_002', 0, NULL, NULL),
(643, '0056', 1, 280, '20151228_003', 0, NULL, NULL),
(644, '0114', 1, 475, '20151228_004', 0, NULL, NULL),
(645, '0087', 1, 240, '20151228_005', 0, NULL, NULL),
(646, '0119', 1, 400, '20151228_006', 0, NULL, NULL),
(647, '0085', 1, 220, '20151228_006', 0, NULL, NULL),
(648, '0116', 1, 520, '20151231_001', 0, NULL, NULL),
(649, '0119', 1, 440, '20151231_002', 0, NULL, NULL),
(650, '0122', 1, 310, '20151231_002', 0, NULL, NULL),
(653, '0115', 1, 400, '20151231_003', 0, NULL, NULL),
(654, '0120', 1, 560, '20151231_004', 0, NULL, NULL),
(655, '0085', 1, 250, '20151231_005', 0, NULL, NULL),
(656, '0119', 1, 440, '20151231_006', 0, NULL, NULL),
(657, '0115', 1, 400, '20151231_007', 0, NULL, NULL),
(658, '0092', 1, 175, '20151231_008', 0, NULL, NULL),
(660, '0085', 1, 250, '20151229_001', 0, NULL, NULL);

-- --------------------------------------------------------

--
-- Table structure for table `export_facture_trace`
--

CREATE TABLE IF NOT EXISTS `export_facture_trace` (
  `id` int(11) NOT NULL AUTO_INCREMENT,
  `export_facture_code` varchar(45) NOT NULL,
  `total` float NOT NULL DEFAULT '0',
  `debt` float NOT NULL DEFAULT '0',
  `reserved` float NOT NULL DEFAULT '0',
  `order` float NOT NULL DEFAULT '0',
  `customer_give` float NOT NULL DEFAULT '0',
  `give_customer` float NOT NULL DEFAULT '0',
  `bonus_used` float NOT NULL DEFAULT '0',
  `return_amount` float NOT NULL DEFAULT '0',
  `shop_id` int(11) NOT NULL,
  `amount` float NOT NULL DEFAULT '0',
  `customer_id` int(11) NOT NULL,
  `bonus_ratio` float NOT NULL DEFAULT '100',
  PRIMARY KEY (`id`),
  KEY `fk_export_facture_trace_export_facture1_idx` (`export_facture_code`),
  KEY `fk_export_facture_trace_shop1_idx` (`shop_id`),
  KEY `fk_export_facture_trace_customer1_idx` (`customer_id`)
) ENGINE=InnoDB  DEFAULT CHARSET=utf8 AUTO_INCREMENT=573 ;

--
-- Dumping data for table `export_facture_trace`
--

INSERT INTO `export_facture_trace` (`id`, `export_facture_code`, `total`, `debt`, `reserved`, `order`, `customer_give`, `give_customer`, `bonus_used`, `return_amount`, `shop_id`, `amount`, `customer_id`, `bonus_ratio`) VALUES
(1, '20151008_001', 700, 0, 0, 0, 700, 0, 0, 0, 1, 700, 1289, 100),
(2, '20151008_002', 350, 0, 0, 0, 400, 50, 0, 0, 1, 350, 1290, 100),
(3, '20151008_003', 750, 0, 0, 0, 750, 0, 0, 0, 1, 750, 1291, 100),
(4, '20151008_004', 525, 0, 0, 0, 600, 75, 0, 0, 1, 525, 1292, 100),
(5, '20151008_005', 290, 0, 0, 0, 300, 10, 0, 0, 1, 290, 1293, 100),
(6, '20151008_006', 255, 0, 0, 0, 255, 0, 0, 0, 1, 255, 1288, 100),
(7, '20151008_007', 400, 0, 0, 0, 500, 100, 0, 0, 1, 400, 1288, 100),
(8, '20151009_001', 250, 0, 0, 0, 250, 0, 0, 0, 1, 250, 1294, 100),
(9, '20151010_001', 510, 0, 0, 0, 510, 0, 0, 0, 1, 510, 1295, 100),
(10, '20151010_002', 1000, 0, 0, 0, 1000, 0, 0, 0, 1, 1000, 1296, 100),
(11, '20151010_003', 570, 0, 0, 0, 570, 0, 0, 0, 1, 570, 1297, 100),
(12, '20151010_004', 290, 0, 0, 0, 290, 0, 0, 0, 1, 290, 1298, 100),
(13, '20151010_005', 530, 0, 0, 0, 530, 0, 0, 0, 1, 530, 1299, 100),
(14, '20151011_001', 260, 0, 0, 0, 260, 0, 0, 0, 1, 260, 1300, 100),
(15, '20151011_002', 280, 0, 0, 0, 280, 0, 0, 0, 1, 280, 1288, 100),
(16, '20151011_003', 270, 0, 0, 0, 270, 0, 0, 0, 1, 270, 1288, 100),
(17, '20151011_004', 220, 0, 0, 0, 220, 0, 0, 0, 1, 220, 1301, 100),
(18, '20151011_005', 230, 0, 0, 0, 230, 0, 0, 0, 1, 230, 1302, 100),
(19, '20151011_006', 870, 0, 0, 0, 870, 0, 0, 0, 1, 870, 1303, 100),
(20, '20151011_007', 265, 0, 0, 0, 315, 50, 0, 0, 1, 265, 1304, 100),
(21, '20151011_008', 270, 0, 0, 0, 520, 250, 0, 0, 1, 270, 1305, 100),
(22, '20151011_009', 250, 0, 0, 0, 500, 250, 0, 0, 1, 250, 1306, 100),
(23, '20151011_010', 270, 0, 0, 0, 520, 250, 0, 0, 1, 270, 1307, 100),
(24, '20151011_011', 230, 0, 0, 0, 230, 0, 0, 0, 1, 230, 1308, 100),
(25, '20151011_012', 280, 0, 0, 0, 280, 0, 0, 0, 1, 280, 1309, 100),
(26, '20151011_013', 230, 0, 0, 0, 300, 70, 0, 0, 1, 230, 1310, 100),
(27, '20151011_014', 230, 0, 0, 0, 250, 20, 0, 0, 1, 230, 1311, 100),
(28, '20151011_015', 265, 0, 0, 0, 265, 0, 0, 0, 1, 265, 1312, 100),
(29, '20151011_016', 255, 0, 0, 0, 405, 150, 0, 0, 1, 255, 1288, 100),
(30, '20151012_001', 255, 0, 0, 0, 255, 0, 0, 0, 1, 255, 1313, 100),
(31, '20151012_002', 470, 0, 0, 0, 470, 0, 0, 0, 1, 470, 1314, 100),
(32, '20151012_003', 290, 0, 0, 0, 300, 10, 0, 0, 1, 290, 1315, 100),
(33, '20151012_004', 230, 0, 0, 0, 230, 0, 0, 0, 1, 230, 1316, 100),
(34, '20151012_005', 235, 0, 0, 0, 235, 0, 0, 0, 1, 235, 1317, 100),
(35, '20151012_006', 265, 0, 0, 0, 500, 235, 0, 0, 1, 265, 1318, 100),
(36, '20151012_007', 256, 0, 0, 0, 256, 0, 0, 0, 1, 256, 1319, 100),
(37, '20151013_001', 280, 0, 0, 0, 300, 20, 0, 0, 1, 280, 1320, 100),
(38, '20151013_002', 490, 0, 0, 0, 490, 0, 0, 0, 1, 490, 1321, 100),
(39, '20151013_003', 232, 0, 0, 0, 232, 0, 0, 0, 1, 232, 1322, 100),
(40, '20151014_001', 290, 0, 0, 0, 300, 10, 0, 0, 1, 290, 1323, 100),
(41, '20151014_002', 820, 0, 0, 0, 820, 0, 0, 0, 1, 820, 1324, 100),
(42, '20151014_003', 290, 0, 0, 0, 500, 210, 0, 0, 1, 290, 1325, 100),
(43, '20151014_004', 544, 0, 0, 0, 600, 56, 0, 0, 1, 544, 1326, 100),
(44, '20151011_017', 310, 0, 0, 0, 310, 0, 0, 0, 1, 310, 1327, 100),
(45, '20151014_005', 250, 0, 0, 0, 250, 0, 0, 0, 1, 250, 1329, 100),
(46, '20151015_001', 280, 0, 0, 0, 500, 220, 0, 0, 1, 280, 1330, 100),
(47, '20151015_002', 260, 0, 0, 0, 300, 40, 0, 0, 1, 260, 1331, 100),
(48, '20151016_001', 250, 0, 0, 0, 250, 0, 0, 0, 1, 250, 1288, 100),
(49, '20151016_002', 265, 0, 0, 0, 505, 240, 0, 0, 1, 265, 1332, 100),
(50, '20151016_003', 300, 0, 0, 0, 300, 0, 0, 0, 1, 300, 1333, 100),
(51, '20151016_004', 260, 0, 0, 0, 260, 0, 0, 0, 1, 260, 1334, 100),
(52, '20151016_005', 288, 0, 0, 0, 288, 0, 0, 0, 1, 288, 1335, 100),
(53, '20151016_006', 235, 0, 0, 0, 235, 0, 0, 0, 1, 235, 1288, 100),
(54, '20151016_007', 287, 0, 0, 0, 287, 0, 0, 0, 1, 287, 1336, 100),
(55, '20151016_008', 240, 0, 0, 0, 240, 0, 0, 0, 1, 240, 1337, 100),
(56, '20151016_009', 350, 0, 0, 0, 350, 0, 0, 0, 1, 350, 1338, 100),
(57, '20151016_010', 460, 0, 0, 0, 500, 40, 0, 0, 1, 460, 1339, 100),
(58, '20151017_001', 255, 0, 0, 0, 255, 0, 0, 0, 1, 255, 1288, 100),
(59, '20151017_002', 235, 0, 0, 0, 235, 0, 0, 0, 1, 235, 1288, 100),
(60, '20151017_003', 300, 0, 0, 0, 300, 0, 0, 0, 1, 300, 1340, 100),
(61, '20151017_004', 256, 0, 0, 0, 256, 0, 0, 0, 1, 256, 1288, 100),
(62, '20151017_005', 520, 0, 0, 0, 550, 30, 0, 0, 1, 520, 1341, 100),
(63, '20151017_006', 255, 0, 0, 0, 255, 0, 0, 0, 1, 255, 1288, 100),
(64, '20151017_007', 670, 0, 0, 0, 670, 0, 0, 0, 1, 670, 1342, 100),
(65, '20151017_008', 830, 0, 0, 0, 830, 0, 0, 0, 1, 830, 1343, 100),
(66, '20151017_009', 280, 0, 0, 0, 380, 100, 0, 0, 1, 280, 1344, 100),
(67, '20151017_010', 260, 0, 0, 0, 260, 0, 0, 0, 1, 260, 1345, 100),
(68, '20151017_011', 230, 0, 0, 0, 230, 0, 0, 0, 1, 230, 1346, 100),
(69, '20151018_001', 500, 0, 0, 0, 500, 0, 0, 0, 1, 500, 1288, 100),
(70, '20151018_002', 510, 0, 0, 0, 510, 0, 0, 0, 1, 510, 1347, 100),
(71, '20151018_003', 650, 0, 0, 0, 650, 0, 0, 0, 1, 650, 1348, 100),
(72, '20151018_004', 260, 0, 0, 0, 260, 0, 0, 0, 1, 260, 1349, 100),
(73, '20151018_005', 480, 0, 0, 0, 480, 0, 0, 0, 1, 480, 1350, 100),
(74, '20151018_006', 235, 0, 0, 0, 235, 0, 0, 0, 1, 235, 1351, 100),
(76, '20151019_001', 235, 0, 0, 0, 235, 0, 0, 0, 1, 235, 1352, 100),
(77, '20151019_002', 280, 0, 0, 0, 280, 0, 0, 0, 1, 280, 1353, 100),
(78, '20151019_003', 256, 0, 0, 0, 256, 0, 0, 0, 1, 256, 1354, 100),
(80, '20151019_004', 250, 0, 0, 0, 250, 0, 0, 0, 1, 250, 1356, 100),
(81, '20151020_001', 255, 0, 0, 0, 400, 145, 0, 0, 1, 255, 1357, 100),
(82, '20151020_002', 255, 0, 0, 0, 300, 45, 0, 0, 1, 255, 1358, 100),
(83, '20151020_003', 520, 0, 0, 0, 520, 0, 0, 0, 1, 520, 1359, 100),
(84, '20151020_004', 300, 0, 0, 0, 300, 0, 0, 0, 1, 300, 1360, 100),
(85, '20151021_001', 230, 0, 0, 0, 230, 0, 0, 0, 1, 230, 1361, 100),
(86, '20151021_002', 240, 0, 0, 0, 240, 0, 0, 0, 1, 240, 1362, 100),
(87, '20151021_003', 260, 0, 0, 0, 260, 0, 0, 0, 1, 260, 1363, 100),
(88, '20151021_004', 255, 0, 0, 0, 255, 0, 0, 0, 1, 255, 1358, 100),
(89, '20151021_005', 255, 0, 0, 0, 255, 0, 0, 0, 1, 255, 1358, 100),
(90, '20151021_006', 280, 0, 0, 0, 280, 0, 0, 0, 1, 280, 1364, 100),
(91, '20151022_001', 230, 0, 0, 0, 230, 0, 0, 0, 1, 230, 1365, 100),
(92, '20151022_002', 260, 0, 0, 0, 260, 0, 0, 0, 1, 260, 1363, 100),
(93, '20151022_003', 255, 0, 0, 0, 255, 0, 0, 0, 1, 255, 1363, 100),
(94, '20151023_001', 265, 0, 0, 0, 265, 0, 0, 0, 1, 265, 1366, 100),
(95, '20151023_002', 288, 0, 0, 0, 300, 12, 0, 0, 1, 288, 1288, 100),
(96, '20151023_003', 235, 0, 0, 0, 235, 0, 0, 0, 1, 235, 1367, 100),
(97, '20151023_004', 236, 0, 0, 0, 236, 0, 0, 0, 1, 236, 1368, 100),
(98, '20151024_001', 280, 0, 0, 0, 280, 0, 0, 0, 1, 280, 1288, 100),
(100, '20151024_003', 260, 0, 0, 0, 260, 0, 0, 0, 1, 260, 1370, 100),
(101, '20151024_004', 200, 0, 0, 0, 200, 0, 0, 0, 1, 200, 1369, 100),
(102, '20151024_005', 230, 0, 0, 0, 230, 0, 0, 0, 1, 230, 1288, 100),
(103, '20151024_006', 255, 0, 0, 0, 255, 0, 0, 0, 1, 255, 1288, 100),
(104, '20151024_007', 250, 0, 0, 0, 250, 0, 0, 0, 1, 250, 1369, 100),
(105, '20151024_008', 260, 0, 0, 0, 260, 0, 0, 0, 1, 260, 1348, 100),
(106, '20151024_009', 255, 0, 0, 0, 0, -255, 0, 0, 1, 0, 1348, 100),
(107, '20151024_010', 232, 0, 0, 0, 232, 0, 0, 0, 1, 232, 1371, 100),
(108, '20151024_011', 240, 0, 0, 0, 240, 0, 0, 0, 1, 240, 1288, 100),
(109, '20151024_012', 240, 0, 0, 0, 240, 0, 0, 0, 1, 240, 1372, 100),
(110, '20151024_013', 255, 0, 0, 0, 255, 0, 0, 0, 1, 255, 1373, 100),
(111, '20151025_001', 700, 0, 0, 0, 700, 0, 0, 0, 1, 700, 1374, 100),
(112, '20151025_002', 240, 0, 0, 0, 240, 0, 0, 0, 1, 240, 1375, 100),
(113, '20151025_003', 230, 0, 0, 0, 230, 0, 0, 0, 1, 230, 1376, 100),
(114, '20151025_004', 255, 0, 0, 0, 255, 0, 0, 0, 1, 255, 1377, 100),
(115, '20151025_005', 290, 0, 0, 0, 300, 10, 0, 0, 1, 290, 1378, 100),
(116, '20151008_008', 290, 0, 0, 0, 290, 0, 0, 0, 1, 290, 1288, 100),
(117, '20151008_009', 250, 0, 0, 0, 250, 0, 0, 0, 1, 250, 1379, 100),
(118, '20151009_002', 270, 0, 0, 0, 270, 0, 0, 0, 1, 270, 1288, 100),
(119, '20151010_006', 240, 0, 0, 0, 240, 0, 0, 0, 1, 240, 1295, 100),
(120, '20151011_018', 270, 0, 0, 0, 270, 0, 0, 0, 1, 270, 1300, 100),
(121, '20151012_008', 230, 0, 0, 0, 230, 0, 0, 0, 1, 230, 1313, 100),
(122, '20151012_009', 480, 0, 0, 0, 480, 0, 0, 0, 1, 480, 1380, 100),
(123, '20151012_010', 288, 0, 0, 0, 288, 0, 0, 0, 1, 288, 1288, 100),
(124, '20151014_006', 255, 0, 0, 0, 255, 0, 0, 0, 1, 255, 1288, 100),
(125, '20151015_003', 230, 0, 0, 0, 230, 0, 0, 0, 1, 230, 1288, 100),
(127, '20151015_004', 275, 0, 0, 0, 275, 0, 0, 0, 1, 275, 1381, 100),
(128, '20151016_011', 287, 0, 0, 0, 287, 0, 0, 0, 1, 287, 1335, 100),
(129, '20151016_012', 255, 0, 0, 0, 255, 0, 0, 0, 1, 255, 1382, 100),
(130, '20151016_013', 230, 0, 0, 0, 230, 0, 0, 0, 1, 230, 1383, 100),
(131, '20151017_012', 256, 0, 0, 0, 256, 0, 0, 0, 1, 256, 1288, 100),
(132, '20151017_013', 256, 0, 0, 0, 256, 0, 0, 0, 1, 256, 1288, 100),
(133, '20151017_014', 270, 0, 0, 0, 270, 0, 0, 0, 1, 270, 1288, 100),
(134, '20151017_015', 280, 0, 0, 0, 280, 0, 0, 0, 1, 280, 1384, 100),
(135, '20151018_007', 240, 255, 0, 0, 240, -255, 0, 0, 1, 240, 1348, 100),
(136, '20151019_005', 850, 0, 0, 0, 850, 0, 0, 0, 1, 850, 1288, 100),
(137, '20151019_006', 236, 0, 0, 0, 236, 0, 0, 0, 1, 236, 1288, 100),
(138, '20151020_005', 315, 0, 0, 0, 315, 0, 0, 0, 1, 315, 1288, 100),
(139, '20151020_006', 280, 0, 0, 0, 280, 0, 0, 0, 1, 280, 1385, 100),
(140, '20151021_007', 240, 0, 0, 0, 240, 0, 0, 0, 1, 240, 1288, 100),
(141, '20151021_008', 240, 0, 0, 0, 240, 0, 0, 0, 1, 240, 1363, 100),
(142, '20151021_009', 250, 0, 0, 0, 250, 0, 0, 0, 1, 250, 1364, 100),
(143, '20151022_004', 240, 0, 0, 0, 240, 0, 0, 0, 1, 240, 1376, 100),
(145, '20151022_005', 255, 0, 0, 0, 255, 0, 0, 0, 1, 255, 1386, 100),
(146, '20151022_006', 260, 0, 0, 0, 260, 0, 0, 0, 1, 260, 1288, 100),
(148, '20151022_007', 240, 0, 0, 0, 240, 0, 0, 0, 1, 240, 1387, 100),
(149, '20151022_008', 280, 0, 0, 0, 280, 0, 0, 0, 1, 280, 1388, 100),
(150, '20151023_005', 255, 0, 0, 0, 255, 0, 0, 0, 1, 255, 1288, 100),
(151, '20151023_006', 255, 0, 0, 0, 255, 0, 0, 0, 1, 255, 1367, 100),
(152, '20151023_007', 236, 0, 0, 0, 236, 0, 0, 0, 1, 236, 1368, 100),
(153, '20151024_014', 256, 0, 0, 0, 256, 0, 0, 0, 1, 256, 1288, 100),
(154, '20151024_015', 255, 0, 0, 0, 255, 0, 0, 0, 1, 255, 1372, 100),
(155, '20151026_001', 315, 0, 0, 0, 315, 0, 0, 0, 1, 315, 1389, 100),
(156, '20151026_002', 240, 0, 0, 0, 240, 0, 0, 0, 1, 240, 1390, 100),
(157, '20151026_003', 288, 0, 0, 0, 288, 0, 0, 0, 1, 288, 1288, 100),
(158, '20151026_004', 280, 0, 0, 0, 500, 220, 0, 0, 1, 280, 1288, 100),
(159, '20151026_005', 270, 0, 0, 0, 270, 0, 0, 0, 1, 270, 1391, 100),
(160, '20151026_006', 230, 0, 0, 0, 200, -30, 0, 0, 1, 200, 1392, 100),
(161, '20151027_001', 290, 0, 0, 0, 500, 210, 0, 0, 1, 290, 1393, 100),
(162, '20151027_002', 250, 0, 0, 0, 250, 0, 0, 0, 1, 250, 1394, 100),
(163, '20151027_003', 235, 0, 0, 0, 535, 300, 0, 0, 1, 235, 1395, 100),
(164, '20151027_004', 290, 0, 0, 0, 290, 0, 0, 0, 1, 290, 1396, 100),
(165, '20151027_005', 230, 0, 0, 0, 230, 0, 0, 0, 1, 230, 1397, 100),
(166, '20151027_006', 290, 0, 0, 0, 500, 210, 0, 0, 1, 290, 1398, 100),
(167, '20151028_001', 500, 0, 0, 0, 500, 0, 0, 0, 1, 500, 1288, 100),
(168, '20151028_002', 520, 0, 0, 0, 600, 80, 0, 0, 1, 520, 1399, 100),
(169, '20151028_003', 240, 0, 0, 0, 500, 260, 0, 0, 1, 240, 1288, 100),
(170, '20151029_001', 235, 0, 0, 0, 250, 15, 0, 0, 1, 235, 1400, 100),
(171, '20151029_002', 290, 0, 0, 0, 510, 220, 0, 0, 1, 290, 1401, 100),
(172, '20151029_003', 240, 0, 0, 0, 300, 60, 0, 0, 1, 240, 1350, 100),
(173, '20151029_004', 255, 0, 0, 0, 255, 0, 0, 0, 1, 255, 1402, 100),
(174, '20151029_005', 270, 0, 0, 0, 270, 0, 0, 0, 1, 270, 1403, 100),
(175, '20151029_006', 230, 0, 0, 0, 500, 270, 0, 0, 1, 230, 1404, 100),
(176, '20151029_007', 230, 0, 0, 0, 230, 0, 0, 0, 1, 230, 1405, 100),
(177, '20151029_008', 290, 0, 0, 0, 290, 0, 0, 0, 1, 290, 1406, 100),
(178, '20151030_001', 495, 0, 0, 0, 600, 105, 0, 0, 1, 495, 1407, 100),
(179, '20151030_002', 260, 0, 0, 0, 560, 300, 0, 0, 1, 260, 1288, 100),
(180, '20151030_003', 270, 0, 0, 0, 500, 230, 0, 0, 1, 270, 1306, 100),
(181, '20151030_004', 290, 0, 0, 0, 300, 10, 0, 0, 1, 290, 1408, 100),
(182, '20151031_001', 280, 0, 0, 0, 280, 0, 0, 0, 1, 280, 1409, 100),
(183, '20151031_002', 232, 0, 0, 0, 232, 0, 0, 0, 1, 232, 1288, 100),
(184, '20151031_003', 250, 0, 0, 0, 250, 0, 0, 0, 1, 250, 1288, 100),
(185, '20151031_004', 272, 0, 0, 0, 272, 0, 0, 0, 1, 272, 1377, 100),
(186, '20151101_001', 240, 0, 0, 0, 250, 10, 0, 0, 1, 240, 1288, 100),
(187, '20151101_002', 270, 0, 0, 0, 270, 0, 0, 0, 1, 270, 1410, 100),
(188, '20151101_003', 575, 0, 0, 0, 575, 0, 0, 0, 1, 575, 1410, 100),
(189, '20151101_004', 300, 0, 0, 0, 300, 0, 0, 0, 1, 300, 1411, 100),
(190, '20151101_005', 240, 0, 0, 0, 500, 260, 0, 0, 1, 240, 1412, 100),
(191, '20151102_001', 240, 0, 0, 0, 240, 0, 0, 0, 1, 240, 1288, 100),
(192, '20151102_002', 250, 0, 0, 0, 250, 0, 0, 0, 1, 250, 1288, 100),
(193, '20151102_003', 265, 0, 0, 0, 265, 0, 0, 0, 1, 265, 1288, 100),
(194, '20151102_004', 235, 0, 0, 0, 250, 15, 0, 0, 1, 235, 1288, 100),
(195, '20151102_005', 288, 0, 0, 0, 590, 302, 0, 0, 1, 288, 1288, 100),
(196, '20151103_001', 520, 0, 0, 0, 520, 0, 0, 0, 1, 520, 1358, 100),
(197, '20151103_002', 235, 0, 0, 0, 235, 0, 0, 0, 1, 235, 1288, 100),
(198, '20151103_003', 236, 0, 0, 0, 236, 0, 0, 0, 1, 236, 1314, 100),
(199, '20151103_004', 280, 0, 0, 0, 280, 0, 0, 0, 1, 280, 1288, 100),
(200, '20151103_005', 280, 0, 0, 0, 280, 0, 0, 0, 1, 280, 1413, 100),
(201, '20151104_001', 250, 0, 0, 0, 400, 150, 0, 0, 1, 250, 1414, 100),
(202, '20151104_002', 235, 0, 0, 0, 0, 0, 0, 235, 1, 0, 1367, 100),
(203, '20151104_003', 280, 0, 0, 0, 280, 0, 0, 0, 1, 280, 1288, 100),
(204, '20151104_004', 240, 0, 0, 0, 240, 0, 0, 0, 1, 240, 1288, 100),
(205, '20151104_005', 760, 0, 0, 0, 760, 0, 0, 0, 1, 760, 1415, 100),
(206, '20151105_001', 220, 0, 0, 0, 400, 180, 0, 0, 1, 220, 1416, 100),
(207, '20151105_002', 585, 0, 0, 0, 600, 15, 0, 0, 1, 585, 1417, 100),
(208, '20151105_003', 265, 0, 0, 0, 265, 0, 0, 0, 1, 265, 1422, 100),
(209, '20151105_004', 290, 0, 0, 0, 300, 10, 0, 0, 1, 290, 1288, 100),
(210, '20151105_005', 260, 0, 0, 0, 260, 0, 0, 0, 1, 260, 1418, 100),
(211, '20151105_006', 550, 0, 0, 0, 262, 0, 0, 288, 1, 262, 1410, 100),
(212, '20151105_007', 265, 0, 0, 0, 305, 40, 0, 0, 1, 265, 1288, 100),
(213, '20151105_008', 250, 0, 0, 0, 250, 0, 0, 0, 1, 250, 1288, 100),
(214, '20151105_009', 270, 0, 0, 0, 270, 0, 0, 0, 1, 270, 1419, 100),
(215, '20151106_001', 545, 0, 0, 0, 545, 0, 0, 0, 1, 545, 1420, 100),
(216, '20151106_002', 470, 0, 0, 0, 500, 30, 0, 0, 1, 470, 1421, 100),
(217, '20151106_003', 520, 0, 0, 0, 255, 0, 0, 265, 1, 255, 1422, 100),
(218, '20151106_004', 255, 0, 0, 0, 500, 245, 0, 0, 1, 255, 1423, 100),
(219, '20151106_005', 210, 0, 0, 0, 250, 40, 0, 0, 1, 210, 1424, 100),
(220, '20151106_006', 280, 0, 0, 0, 300, 20, 0, 0, 1, 280, 1288, 100),
(221, '20151107_001', 270, 0, 0, 0, 300, 30, 0, 0, 1, 270, 1425, 100),
(222, '20151107_002', 240, 0, 0, 0, 500, 260, 0, 0, 1, 240, 1288, 100),
(223, '20151103_006', 280, 0, 0, 0, 280, 0, 0, 0, 1, 280, 1288, 100),
(224, '20151105_010', 268, 0, 0, 0, 268, 0, 0, 0, 1, 268, 1426, 100),
(225, '20151106_007', 255, 0, 0, 0, 255, 0, 0, 0, 1, 255, 1420, 100),
(226, '20151106_008', 560, 0, 0, 0, 560, 0, 0, 0, 1, 560, 1427, 100),
(228, '20151107_003', 300, 0, 0, 0, 300, 0, 0, 0, 1, 300, 1428, 100),
(229, '20151107_004', 580, 0, 0, 0, 580, 0, 0, 0, 1, 580, 1429, 100),
(230, '20151107_005', 600, 0, 0, 0, 600, 0, 0, 0, 1, 600, 1410, 100),
(231, '20151107_006', 270, 0, 0, 0, 270, 0, 0, 0, 1, 270, 1430, 100),
(232, '20151107_007', 320, 0, 0, 0, 320, 0, 0, 0, 1, 320, 1431, 100),
(233, '20151107_008', 230, 0, 0, 0, 250, 20, 0, 0, 1, 230, 1288, 100),
(234, '20151107_009', 460, 0, 0, 0, 460, 0, 0, 0, 1, 460, 1432, 100),
(235, '20151107_010', 235, 0, 0, 0, 250, 15, 0, 0, 1, 235, 1433, 100),
(236, '20151108_001', 225, 0, 0, 0, 1, 6, 0, 230, 1, -5, 1288, 100),
(238, '20151108_002', 470, 0, 0, 0, 470, 0, 0, 0, 1, 470, 1288, 100),
(239, '20151109_001', 500, 0, 0, 0, 500, 0, 0, 0, 1, 500, 1288, 100),
(240, '20151109_002', 300, 0, 0, 0, 300, 0, 0, 0, 1, 300, 1288, 100),
(241, '20151109_003', 320, 0, 0, 0, 320, 0, 0, 0, 1, 320, 1288, 100),
(242, '20151108_003', 255, 0, 0, 0, 255, 0, 0, 0, 1, 255, 1439, 100),
(243, '20151109_004', 260, 0, 0, 0, 500, 240, 0, 0, 1, 260, 1434, 100),
(244, '20151109_005', 260, 0, 0, 0, 300, 40, 0, 0, 1, 260, 1435, 100),
(245, '20151109_006', 620, 0, 0, 0, 620, 0, 0, 0, 1, 620, 1436, 100),
(246, '20151109_007', 540, 0, 0, 0, 540, 0, 0, 0, 1, 540, 1437, 100),
(247, '20151109_008', 760, 0, 0, 0, 770, 10, 0, 0, 1, 760, 1438, 100),
(248, '20151109_009', 400, 0, 0, 0, 145, 0, 0, 255, 1, 145, 1439, 100),
(249, '20151109_010', 210, 0, 0, 0, 250, 40, 0, 0, 1, 210, 1440, 100),
(250, '20151110_001', 280, 0, 0, 0, 280, 0, 0, 0, 1, 280, 1441, 100),
(251, '20151110_002', 260, 0, 0, 0, 260, 0, 0, 0, 1, 260, 1442, 100),
(252, '20151110_003', 680, 0, 0, 0, 730, 50, 0, 0, 1, 680, 1288, 100),
(253, '20151110_004', 290, 0, 0, 0, 290, 0, 0, 0, 1, 290, 1288, 100),
(254, '20151110_005', 260, 0, 0, 0, 510, 250, 0, 0, 1, 260, 1288, 100),
(255, '20151110_006', 270, 0, 0, 0, 500, 230, 0, 0, 1, 270, 1414, 100),
(256, '20151110_007', 210, 0, 0, 0, 210, 0, 0, 0, 1, 210, 1443, 100),
(257, '20151028_004', 290, 0, 0, 0, 0, 0, 0, 290, 1, 0, 1393, 100),
(258, '20151111_001', 280, 0, 0, 0, 500, 220, 0, 0, 1, 280, 1444, 100),
(259, '20151111_002', 280, 0, 0, 0, 300, 20, 0, 0, 1, 280, 1445, 100),
(260, '20151112_001', 288, 0, 0, 0, 300, 12, 0, 0, 1, 288, 1446, 100),
(261, '20151112_002', 300, 0, 0, 0, 300, 0, 0, 0, 1, 300, 1447, 100),
(262, '20151112_003', 480, 0, 0, 0, 500, 20, 0, 0, 1, 480, 1448, 100),
(263, '20151112_004', 850, 0, 0, 0, 850, 0, 0, 0, 1, 850, 1449, 100),
(264, '20151112_005', 265, 0, 0, 0, 265, 0, 0, 0, 1, 265, 1450, 100),
(265, '20151113_001', 270, 0, 0, 0, 500, 230, 0, 0, 1, 270, 1451, 100),
(266, '20151113_002', 320, 0, 0, 0, 520, 200, 0, 0, 1, 320, 1452, 100),
(267, '20151113_003', 300, 0, 0, 0, 300, 0, 0, 0, 1, 300, 1453, 100),
(268, '20151113_004', 260, 0, 0, 0, 400, 140, 0, 0, 1, 260, 1288, 100),
(269, '20151113_005', 315, 0, 0, 0, 320, 5, 0, 0, 1, 315, 1454, 100),
(270, '20151114_001', 265, 0, 0, 0, 300, 35, 0, 0, 1, 265, 1288, 100),
(271, '20151114_002', 320, 0, 0, 0, 320, 0, 0, 0, 1, 320, 1288, 100),
(272, '20151114_003', 315, 0, 0, 0, 0, 0, 0, 315, 1, 0, 1454, 100),
(273, '20151115_001', 520, 0, 0, 0, 520, 0, 0, 0, 1, 520, 1288, 100),
(274, '20151115_002', 265, 0, 0, 0, 0, 0, 0, 265, 1, 0, 1288, 100),
(275, '20151115_003', 297, 0, 0, 0, 297, 0, 0, 0, 1, 297, 1455, 100),
(276, '20151115_004', 315, 0, 0, 0, 500, 185, 0, 0, 1, 315, 1288, 100),
(277, '20151116_001', 860, 0, 0, 0, 860, 0, 0, 0, 1, 860, 1288, 100),
(278, '20151116_002', 850, 0, 0, 0, 850, 0, 0, 0, 1, 850, 1456, 100),
(279, '20151116_003', 265, 0, 0, 0, 500, 235, 0, 0, 1, 265, 1457, 100),
(280, '20151116_004', 300, 0, 0, 0, 300, 0, 0, 0, 1, 300, 1317, 100),
(281, '20151117_001', 270, 0, 0, 0, 400, 130, 0, 0, 1, 270, 1458, 100),
(282, '20151117_002', 290, 0, 0, 0, 400, 110, 0, 0, 1, 290, 1459, 100),
(283, '20151117_003', 552, 0, 0, 0, 552, 0, 0, 0, 1, 552, 1460, 100),
(284, '20151117_004', 273, 0, 0, 0, 273, 0, 0, 0, 1, 273, 1461, 100),
(285, '20151117_005', 300, 0, 0, 0, 500, 200, 0, 0, 1, 300, 1288, 100),
(286, '20151117_006', 290, 0, 0, 0, 300, 10, 0, 0, 1, 290, 1336, 100),
(287, '20151117_007', 280, 0, 0, 0, 500, 220, 0, 0, 1, 280, 1462, 100),
(288, '20151117_008', 240, 0, 0, 0, 300, 60, 0, 0, 1, 240, 1397, 100),
(289, '20151118_001', 270, 0, 0, 0, 300, 30, 0, 0, 1, 270, 1288, 100),
(290, '20151118_002', 310, 0, 0, 0, 350, 40, 0, 0, 1, 310, 1321, 100),
(291, '20151118_003', 280, 0, 0, 120, 500, 100, 0, 0, 1, 280, 1463, 100),
(292, '20151118_004', 0, 0, 0, 0, 1, 241, 0, 240, 1, -240, 1397, 100),
(293, '20151119_001', 465, 0, 0, 0, 515, 50, 0, 0, 1, 465, 1464, 100),
(294, '20151119_002', 280, 0, 0, 0, 300, 20, 0, 0, 1, 280, 1465, 100),
(295, '20151119_003', 280, 0, 0, 0, 400, 120, 0, 0, 1, 280, 1466, 100),
(296, '20151119_004', 325, 0, 0, 0, 350, 25, 0, 0, 1, 325, 1288, 100),
(297, '20151121_001', 305, 0, 0, 0, 305, 0, 0, 0, 1, 305, 1467, 100),
(298, '20151121_002', 280, 0, 0, 0, 500, 220, 0, 0, 1, 280, 1468, 100),
(299, '20151121_003', 510, 0, 0, 0, 510, 0, 0, 0, 1, 510, 1469, 100),
(300, '20151121_004', 300, 0, 0, 0, 300, 0, 0, 0, 1, 300, 1470, 100),
(301, '20151121_005', 315, 0, 0, 0, 315, 0, 0, 0, 1, 315, 1471, 100),
(302, '20151121_006', 280, 0, 0, 0, 280, 0, 0, 0, 1, 280, 1472, 100),
(303, '20151121_007', 310, 0, 0, 0, 310, 0, 0, 0, 1, 310, 1309, 100),
(304, '20151121_008', 300, 0, 0, 0, 300, 0, 0, 0, 1, 300, 1473, 100),
(305, '20151121_009', 560, 0, 0, 0, 600, 40, 0, 0, 1, 560, 1474, 100),
(306, '20151122_001', 300, 0, 0, 0, 300, 0, 0, 0, 1, 300, 1475, 100),
(307, '20151122_002', 250, 0, 0, 0, 250, 0, 0, 0, 1, 250, 1288, 100),
(308, '20151122_003', 280, 0, 0, 0, 280, 0, 0, 0, 1, 280, 1476, 100),
(309, '20151123_001', 290, 0, 0, 0, 290, 0, 0, 0, 1, 290, 1309, 100),
(310, '20151123_002', 310, 0, 0, 0, 310, 0, 0, 0, 1, 310, 1477, 100),
(311, '20151123_003', 300, 0, 0, 0, 300, 0, 0, 0, 1, 300, 1478, 100),
(312, '20151123_004', 315, 0, 0, 0, 315, 0, 0, 0, 1, 315, 1288, 100),
(313, '20151123_005', 265, 0, 0, 0, 500, 235, 0, 0, 1, 265, 1479, 100),
(314, '20151123_006', 265, 0, 0, 0, 265, 0, 0, 0, 1, 265, 1309, 100),
(315, '20151124_001', 280, 0, 0, 0, 300, 20, 0, 0, 1, 280, 1405, 100),
(317, '20151124_002', 265, 0, 0, 0, 265, 0, 0, 0, 1, 265, 1480, 100),
(318, '20151124_003', 600, 0, 0, 0, 600, 0, 0, 0, 1, 600, 1481, 100),
(319, '20151124_004', 190, 0, 0, 0, 200, 10, 0, 0, 1, 190, 1482, 100),
(320, '20151125_001', 860, 0, 0, 0, 280, 0, 0, 580, 1, 280, 1410, 100),
(321, '20151125_002', 265, 0, 0, 0, 300, 35, 0, 0, 1, 265, 1483, 100),
(322, '20151125_003', 290, 0, 0, 0, 300, 10, 0, 0, 1, 290, 1484, 100),
(323, '20151127_001', 300, 0, 0, 0, 300, 0, 0, 0, 1, 300, 1288, 100),
(324, '20151127_002', 550, 0, 0, 0, 550, 0, 0, 0, 1, 550, 1288, 100),
(325, '20151127_003', 270, 0, 0, 0, 270, 0, 0, 0, 1, 270, 1485, 100),
(326, '20151127_004', 260, 0, 0, 0, 260, 0, 0, 0, 1, 260, 1486, 100),
(327, '20151127_005', 290, 0, 0, 0, 300, 10, 0, 0, 1, 290, 1288, 100),
(328, '20151128_001', 320, 0, 0, 0, 500, 180, 0, 0, 1, 320, 1487, 100),
(329, '20151128_002', 270, 0, 0, 0, 300, 30, 0, 0, 1, 270, 1288, 100),
(330, '20151128_003', 280, 0, 0, 0, 280, 0, 0, 0, 1, 280, 1288, 100),
(331, '20151128_004', 315, 0, 0, 0, 520, 205, 0, 0, 1, 315, 1288, 100),
(332, '20151128_005', 530, 0, 0, 0, 530, 0, 0, 0, 1, 530, 1288, 100),
(333, '20151128_006', 545, 0, 0, 0, 600, 55, 0, 0, 1, 545, 1488, 100),
(334, '20151128_007', 400, 0, 0, 0, 400, 0, 0, 0, 1, 400, 1489, 100),
(335, '20151128_008', 450, 0, 0, 0, 550, 100, 0, 0, 1, 450, 1490, 100),
(336, '20151128_009', 280, 0, 0, 0, 500, 220, 0, 0, 1, 280, 1491, 100),
(337, '20151128_010', 680, 0, 0, 0, 900, 220, 0, 0, 1, 680, 1330, 100),
(338, '20151129_001', 320, 0, 0, 0, 320, 0, 0, 0, 1, 320, 1288, 100),
(339, '20151129_002', 300, 0, 0, 0, 500, 200, 0, 0, 1, 300, 1492, 100),
(340, '20151129_003', 280, 0, 0, 0, 300, 20, 0, 0, 1, 280, 1493, 100),
(341, '20151129_004', 570, 0, 0, 0, 570, 0, 0, 0, 1, 570, 1288, 100),
(342, '20151129_005', 260, 0, 0, 0, 260, 0, 0, 0, 1, 260, 1358, 100),
(343, '20151129_006', 420, 0, 0, 0, 500, 80, 0, 0, 1, 420, 1494, 100),
(344, '20151129_007', 520, 0, 0, 0, 520, 0, 0, 0, 1, 520, 1495, 100),
(345, '20151129_008', 180, 0, 0, 0, 180, 0, 0, 0, 1, 180, 1496, 100),
(346, '20151130_001', 300, 0, 0, 0, 300, 0, 0, 0, 1, 300, 1288, 100),
(347, '20151130_002', 275, 0, 0, 0, 275, 0, 0, 0, 1, 275, 1288, 100),
(348, '20151130_003', 550, 0, 0, 0, 550, 0, 0, 0, 1, 550, 1497, 100),
(349, '20151130_004', 270, 0, 0, 0, 270, 0, 0, 0, 1, 270, 1498, 100),
(350, '20151130_005', 555, 0, 0, 0, 605, 50, 0, 0, 1, 555, 1499, 100),
(351, '20151130_006', 450, 0, 0, 0, 450, 0, 0, 0, 1, 450, 1500, 100),
(352, '20151130_007', 270, 0, 0, 0, 270, 0, 0, 0, 1, 270, 1449, 100),
(353, '20151130_008', 500, 0, 0, 0, 500, 0, 0, 0, 1, 500, 1501, 100),
(354, '20151201_001', 290, 0, 0, 0, 290, 0, 0, 0, 1, 290, 1485, 100),
(355, '20151202_001', 190, 0, 0, 0, 500, 310, 0, 0, 1, 190, 1502, 100),
(356, '20151202_002', 600, 0, 0, 0, 1000, 400, 0, 0, 1, 600, 1468, 100),
(357, '20151202_003', 500, 0, 0, 0, 500, 0, 0, 0, 1, 500, 1503, 100),
(358, '20151202_004', 300, 0, 0, 0, 300, 0, 0, 0, 1, 300, 1504, 100),
(359, '20151202_005', 300, 0, 0, 0, 300, 0, 0, 0, 1, 300, 1481, 100),
(360, '20151202_006', 600, 0, 0, 0, 600, 0, 0, 0, 1, 600, 1505, 100),
(361, '20151203_001', 540, 0, 0, 0, 540, 0, 0, 0, 1, 540, 1506, 100),
(362, '20151204_001', 280, 0, 0, 0, 300, 20, 0, 0, 1, 280, 1507, 100),
(363, '20151204_002', 320, 0, 0, 0, 520, 200, 0, 0, 1, 320, 1508, 100),
(364, '20151204_003', 300, 0, 0, 0, 500, 200, 0, 0, 1, 300, 1288, 100),
(365, '20151204_004', 250, 0, 0, 0, 300, 50, 0, 0, 1, 250, 1509, 100),
(366, '20151205_001', 300, 0, 0, 0, 300, 0, 0, 0, 1, 300, 1288, 100),
(367, '20151205_002', 280, 0, 0, 0, 500, 220, 0, 0, 1, 280, 1510, 100),
(368, '20151205_003', 285, 0, 0, 0, 305, 20, 0, 0, 1, 285, 1511, 100),
(369, '20151205_004', 765, 0, 0, 0, 800, 35, 0, 0, 1, 765, 1288, 100),
(370, '20151205_005', 250, 0, 0, 0, 500, 250, 0, 0, 1, 250, 1512, 100),
(371, '20151205_006', 280, 0, 0, 0, 300, 20, 0, 0, 1, 280, 1513, 100),
(372, '20151205_007', 190, 0, 0, 0, 200, 10, 0, 0, 1, 190, 1468, 100),
(373, '20151205_008', 290, 0, 0, 0, 290, 0, 0, 0, 1, 290, 1514, 100),
(374, '20151205_009', 290, 0, 0, 0, 300, 10, 0, 0, 1, 290, 1515, 100),
(375, '20151205_010', 290, 0, 0, 0, 300, 10, 0, 0, 1, 290, 1516, 100),
(376, '20151205_011', 270, 0, 0, 0, 500, 230, 0, 0, 1, 270, 1517, 100),
(377, '20151206_001', 250, 0, 0, 0, 250, 0, 0, 0, 1, 250, 1518, 100),
(378, '20151206_002', 600, 0, 0, 0, 600, 0, 0, 0, 1, 600, 1288, 100),
(379, '20151206_003', 320, 0, 0, 0, 500, 180, 0, 0, 1, 320, 1519, 100),
(380, '20151206_004', 280, 0, 0, 0, 300, 20, 0, 0, 1, 280, 1473, 100),
(381, '20151206_005', 300, 0, 0, 0, 300, 0, 0, 0, 1, 300, 1288, 100),
(382, '20151206_006', 290, 0, 0, 0, 300, 10, 0, 0, 1, 290, 1520, 100),
(383, '20151206_007', 280, 0, 0, 0, 500, 220, 0, 0, 1, 280, 1521, 100),
(384, '20151206_008', 300, 0, 0, 0, 500, 200, 0, 0, 1, 300, 1522, 100),
(385, '20151206_009', 270, 0, 0, 0, 300, 30, 0, 0, 1, 270, 1523, 100),
(386, '20151206_010', 300, 0, 0, 0, 300, 0, 0, 0, 1, 300, 1524, 100),
(387, '20151206_011', 260, 0, 0, 0, 300, 40, 0, 0, 1, 260, 1525, 100),
(388, '20151207_001', 260, 0, 0, 0, 260, 0, 0, 0, 1, 260, 1506, 100),
(389, '20151207_002', 280, 0, 0, 0, 280, 0, 0, 0, 1, 280, 1448, 100),
(390, '20151207_003', 275, 0, 0, 0, 0, 0, 0, 275, 1, 0, 1288, 100),
(391, '20151207_004', 280, 0, 0, 0, 280, 0, 0, 0, 1, 280, 1504, 100),
(392, '20151208_001', 240, 0, 0, 0, 240, 0, 0, 0, 1, 240, 1288, 100),
(393, '20151208_002', 620, 0, 0, 0, 620, 0, 0, 0, 1, 620, 1526, 100),
(394, '20151208_003', 850, 0, 0, 0, 850, 0, 0, 0, 1, 850, 1527, 100),
(395, '20151208_004', 250, 0, 0, 0, 1, 31, 0, 280, 1, -30, 1507, 100),
(396, '20151208_005', 270, 0, 120, 0, 200, 50, 0, 0, 1, 270, 1463, 100),
(397, '20151208_006', 300, 0, 0, 0, 300, 0, 0, 0, 1, 300, 1528, 100),
(398, '20151208_007', 280, 0, 0, 0, 500, 220, 0, 0, 1, 280, 1288, 100),
(399, '20151209_001', 340, 0, 0, 0, 500, 160, 0, 0, 1, 340, 1291, 100),
(400, '20151209_002', 240, 0, 0, 0, 250, 10, 0, 0, 1, 240, 1529, 100),
(401, '20151209_003', 290, 0, 0, 0, 300, 10, 0, 0, 1, 290, 1288, 100),
(402, '20151209_004', 500, 0, 0, 0, 500, 0, 0, 0, 1, 500, 1288, 100),
(403, '20151209_005', 510, 0, 0, 0, 510, 0, 0, 0, 1, 510, 1288, 100),
(404, '20151209_006', 290, 0, 0, 0, 300, 10, 0, 0, 1, 290, 1408, 100),
(405, '20151210_001', 590, 0, 0, 0, 590, 0, 0, 0, 1, 590, 1530, 100),
(406, '20151210_002', 550, 0, 0, 0, 550, 0, 0, 0, 1, 550, 1531, 100),
(407, '20151210_003', 250, 0, 0, 0, 1, 351, 0, 600, 1, -350, 1527, 100),
(408, '20151210_004', 310, 0, 0, 0, 310, 0, 0, 0, 1, 310, 1532, 100),
(409, '20151210_005', 250, 0, 0, 0, 250, 0, 0, 0, 1, 250, 1533, 100),
(410, '20151210_006', 270, 0, 0, 0, 400, 130, 0, 0, 1, 270, 1534, 100),
(411, '20151210_007', 940, 0, 0, 0, 1100, 160, 0, 0, 1, 940, 1535, 100),
(412, '20151210_008', 320, 0, 0, 0, 500, 180, 0, 0, 1, 320, 1536, 100),
(413, '20151211_001', 850, 0, 0, 0, 850, 0, 0, 0, 1, 850, 1537, 100),
(414, '20151211_002', 280, 0, 0, 0, 500, 220, 0, 0, 1, 280, 1538, 100),
(415, '20151211_003', 290, 0, 0, 0, 400, 110, 0, 0, 1, 290, 1539, 100),
(416, '20151211_004', 270, 0, 0, 0, 0, 0, 0, 270, 1, 0, 1288, 100),
(417, '20151211_005', 570, 0, 0, 0, 600, 30, 0, 0, 1, 570, 1540, 100),
(418, '20151211_006', 290, 0, 0, 0, 500, 210, 0, 0, 1, 290, 1541, 100),
(419, '20151212_001', 280, 0, 0, 0, 280, 0, 0, 0, 1, 280, 1487, 100),
(420, '20151212_002', 300, 0, 0, 0, 300, 0, 0, 0, 1, 300, 1542, 100),
(421, '20151212_003', 520, 0, 0, 0, 520, 0, 0, 0, 1, 520, 1543, 100),
(422, '20151212_004', 250, 0, 0, 0, 250, 0, 0, 0, 1, 250, 1544, 100),
(423, '20151212_005', 280, 0, 0, 0, 300, 20, 0, 0, 1, 280, 1545, 100),
(424, '20151212_006', 260, 0, 0, 0, 300, 40, 0, 0, 1, 260, 1546, 100),
(426, '20151212_008', 300, 0, 0, 0, 500, 200, 0, 0, 1, 300, 1288, 100),
(427, '20151212_009', 320, 0, 0, 0, 320, 0, 0, 0, 1, 320, 1548, 100),
(428, '20151212_010', 510, 0, 0, 0, 510, 0, 0, 0, 1, 510, 1547, 100),
(429, '20151213_001', 270, 0, 0, 0, 270, 0, 0, 0, 1, 270, 1397, 100),
(430, '20151213_002', 280, 0, 0, 0, 280, 0, 0, 0, 1, 280, 1549, 100),
(431, '20151213_003', 265, 0, 0, 0, 500, 235, 0, 0, 1, 265, 1550, 100),
(432, '20151213_004', 550, 0, 0, 0, 550, 0, 0, 0, 1, 550, 1551, 100),
(433, '20151213_005', 260, 0, 0, 0, 500, 240, 0, 0, 1, 260, 1552, 100),
(434, '20151213_006', 190, 0, 0, 0, 200, 10, 0, 0, 1, 190, 1553, 100),
(435, '20151214_001', 310, 0, 0, 0, 310, 0, 0, 0, 1, 310, 1354, 100),
(436, '20151214_002', 270, 0, 0, 0, 270, 0, 0, 0, 1, 270, 1554, 100),
(437, '20151214_003', 260, 0, 0, 0, 260, 0, 0, 0, 1, 260, 1555, 100),
(438, '20151214_004', 300, 0, 0, 0, 300, 0, 0, 0, 1, 300, 1556, 100),
(439, '20151214_005', 260, 0, 0, 0, 260, 0, 0, 0, 1, 260, 1557, 100),
(440, '20151214_006', 300, 0, 0, 0, 300, 0, 0, 0, 1, 300, 1558, 100),
(441, '20151214_007', 400, 0, 0, 0, 400, 0, 0, 0, 1, 400, 1559, 100),
(442, '20151214_008', 600, 0, 0, 0, 200, 0, 0, 400, 1, 200, 1559, 100),
(443, '20151214_009', 600, 0, 0, 0, 600, 0, 0, 0, 1, 600, 1560, 100),
(444, '20151214_010', 0, 0, 0, 0, 0, 320, 0, 320, 1, -320, 1548, 100),
(446, '20151215_002', 720, 0, 0, 0, 720, 0, 0, 0, 1, 720, 1288, 100),
(447, '20151215_003', 250, 0, 0, 0, 500, 250, 0, 0, 1, 250, 1288, 100),
(448, '20151215_004', 550, 0, 0, 0, 550, 0, 0, 0, 1, 550, 1288, 100),
(450, '20151215_006', 420, 0, 0, 0, 420, 0, 0, 0, 1, 420, 1341, 100),
(451, '20151215_007', 480, 0, 0, 0, 480, 0, 0, 0, 1, 480, 1561, 100),
(452, '20151215_008', 420, 0, 0, 0, 420, 0, 0, 0, 1, 420, 1403, 100),
(454, '20151216_001', 290, 0, 0, 0, 400, 110, 0, 0, 1, 290, 1563, 100),
(455, '20151216_002', 260, 0, 0, 0, 260, 0, 0, 0, 1, 260, 1562, 100),
(456, '20151216_003', 470, 0, 0, 0, 500, 30, 0, 0, 1, 470, 1564, 100),
(457, '20151216_004', 220, 0, 0, 0, 220, 0, 0, 0, 1, 220, 1533, 100),
(458, '20151216_005', 245, 0, 0, 0, 245, 0, 0, 0, 1, 245, 1565, 100),
(459, '20151217_001', 280, 0, 0, 0, 280, 0, 0, 0, 1, 280, 1288, 100),
(460, '20151217_002', 290, 0, 0, 0, 290, 0, 0, 0, 1, 290, 1566, 100),
(461, '20151217_003', 280, 0, 0, 0, 280, 0, 0, 0, 1, 280, 1567, 100),
(462, '20151217_004', 270, 0, 0, 0, 500, 230, 0, 0, 1, 270, 1568, 100),
(463, '20151217_005', 290, 0, 0, 0, 290, 0, 0, 0, 1, 290, 1569, 100),
(464, '20151217_006', 400, 0, 0, 0, 400, 0, 0, 0, 1, 400, 1434, 100),
(465, '20151218_001', 550, 0, 0, 0, 550, 0, 0, 0, 1, 550, 1570, 100),
(466, '20151218_002', 350, 0, 0, 0, 350, 0, 0, 0, 1, 350, 1571, 100),
(467, '20151218_003', 300, 0, 0, 0, 300, 0, 0, 0, 1, 300, 1572, 100),
(468, '20151218_004', 280, 0, 0, 0, 280, 0, 0, 0, 1, 280, 1288, 100),
(469, '20151218_005', 260, 0, 0, 0, 0, 0, 0, 260, 1, 0, 1557, 100),
(470, '20151218_006', 300, 0, 0, 0, 300, 0, 0, 0, 1, 300, 1341, 100),
(471, '20151218_007', 400, 0, 0, 0, 500, 100, 0, 0, 1, 400, 1573, 100),
(472, '20151218_008', 500, 0, 0, 0, 500, 0, 0, 0, 1, 500, 1288, 100),
(473, '20151219_001', 420, 0, 0, 0, 500, 80, 0, 0, 1, 420, 1288, 100),
(474, '20151219_002', 200, 0, 0, 0, 200, 0, 0, 0, 1, 200, 1562, 100),
(475, '20151219_003', 460, 0, 0, 0, 460, 0, 0, 0, 1, 460, 1574, 100),
(476, '20151220_001', 300, 0, 0, 0, 300, 0, 0, 0, 1, 300, 1575, 100),
(477, '20151220_002', 320, 0, 0, 0, 320, 0, 0, 0, 1, 320, 1576, 100),
(478, '20151220_003', 150, 0, 0, 0, 150, 0, 0, 0, 1, 150, 1288, 100),
(479, '20151220_004', 440, 0, 0, 0, 440, 0, 0, 0, 1, 440, 1577, 100),
(480, '20151222_001', 270, 0, 0, 0, 520, 250, 0, 0, 1, 270, 1578, 100),
(481, '20151212_011', 350, 0, 0, 0, 350, 0, 0, 0, 1, 350, 1548, 100),
(483, '20151212_012', 356, 0, 0, 0, 356, 0, 0, 0, 1, 356, 1579, 100),
(485, '20151212_013', 220, 0, 0, 0, 220, 0, 0, 0, 1, 220, 1562, 100),
(486, '20151213_007', 220, 0, 0, 0, 220, 0, 0, 0, 1, 220, 1562, 100),
(487, '20151213_008', 700, 0, 0, 0, 700, 0, 0, 0, 1, 700, 1551, 100),
(489, '20151214_011', 350, 0, 0, 0, 350, 0, 0, 0, 1, 350, 1540, 100),
(492, '20151215_009', 130, 0, 0, 0, 130, 0, 0, 0, 1, 130, 1288, 100),
(494, '20151214_012', 200, 0, 0, 0, 200, 0, 0, 0, 1, 200, 1288, 100),
(495, '20151213_009', 330, 0, 0, 0, 330, 0, 0, 0, 1, 330, 1553, 100),
(496, '20151216_006', 350, 0, 0, 0, 350, 0, 0, 0, 1, 350, 1366, 100),
(497, '20151216_007', 505, 0, 0, 0, 505, 0, 0, 0, 1, 505, 1565, 100),
(498, '20151216_008', 400, 0, 0, 0, 400, 0, 0, 0, 1, 400, 1580, 100),
(499, '20151217_007', 350, 0, 0, 0, 350, 0, 0, 0, 1, 350, 1581, 100),
(500, '20151217_008', 350, 0, 0, 0, 350, 0, 0, 0, 1, 350, 1434, 100),
(501, '20151218_009', 530, 0, 0, 0, 530, 0, 0, 0, 1, 530, 1532, 100),
(502, '20151218_010', 450, 0, 0, 0, 450, 0, 0, 0, 1, 450, 1355, 100),
(503, '20151219_004', 400, 0, 0, 0, 400, 0, 0, 0, 1, 400, 1562, 100),
(504, '20151219_005', 830, 0, 0, 0, 830, 0, 0, 0, 1, 830, 1574, 100),
(505, '20151222_002', 395, 0, 0, 0, 130, 0, 0, 265, 1, 130, 1366, 100),
(506, '20151219_006', 495, 0, 0, 0, 450, -45, 0, 0, 1, 450, 1582, 100),
(507, '20151219_007', 290, 0, 0, 0, 1, 61, 0, 350, 1, -60, 1366, 100),
(508, '20151222_003', 350, 0, 0, 0, 350, 0, 0, 0, 1, 350, 1403, 100),
(509, '20151213_010', 260, 0, 0, 0, 260, 0, 0, 0, 1, 260, 1562, 100),
(511, '20151222_004', 335, 0, 0, 0, 335, 0, 0, 0, 1, 335, 1328, 100),
(512, '20151222_005', 950, 0, 0, 0, 950, 0, 0, 0, 1, 950, 1410, 100),
(513, '20151215_010', 350, 0, 0, 0, 350, 0, 0, 0, 1, 350, 1403, 100),
(514, '20151222_006', 500, 0, 0, 0, 0, -500, 0, 0, 1, 0, 1583, 100),
(515, '20151222_007', 230, 0, 0, 0, 230, 0, 0, 0, 1, 230, 1528, 100),
(516, '20151222_008', 255, 0, 0, 0, 255, 0, 0, 0, 1, 255, 1584, 100),
(517, '20151222_009', 650, 0, 0, 0, 650, 0, 0, 0, 1, 650, 1585, 100),
(518, '20151223_001', 270, 0, 0, 0, 270, 0, 0, 0, 1, 270, 1586, 100),
(519, '20151223_002', 290, 0, 0, 0, 290, 0, 0, 0, 1, 290, 1587, 100),
(520, '20151223_003', 700, 0, 0, 0, 700, 0, 0, 0, 1, 700, 1588, 100),
(522, '20151223_005', 340, 0, 0, 0, 340, 0, 0, 0, 1, 340, 1589, 100),
(524, '20151223_006', 970, 0, 0, 0, 0, -970, 0, 0, 1, 0, 1562, 100),
(525, '20151223_007', 230, 0, 0, 0, 250, 20, 0, 0, 1, 230, 1590, 100),
(526, '20151223_008', 250, 0, 0, 0, 250, 0, 0, 0, 1, 250, 1591, 100),
(527, '20151223_009', 290, 0, 0, 0, 290, 0, 0, 0, 1, 290, 1592, 100),
(528, '20151223_010', 750, 0, 0, 0, 750, 0, 0, 0, 1, 750, 1593, 100),
(529, '20151223_011', 300, 0, 0, 0, 500, 200, 0, 0, 1, 300, 1290, 100),
(530, '20151223_012', 270, 0, 0, 0, 500, 230, 0, 0, 1, 270, 1594, 100),
(531, '20151224_001', 395, 0, 0, 0, 400, 5, 0, 0, 1, 395, 1314, 100),
(534, '20151224_002', 265, 0, 0, 0, 265, 0, 0, 0, 1, 265, 1354, 100),
(535, '20151224_003', 600, 0, 0, 0, 600, 0, 0, 0, 1, 600, 1595, 100),
(536, '20151225_001', 840, 0, 0, 0, 800, -40, 0, 0, 1, 800, 1596, 100),
(537, '20151225_002', 280, 0, 0, 0, 280, 0, 0, 0, 1, 280, 1454, 100),
(538, '20151225_003', 475, 0, 0, 0, 100, 20, 0, 395, 1, 80, 1314, 100),
(539, '20151225_004', 255, 0, 0, 0, 255, 0, 0, 0, 1, 255, 1597, 100),
(540, '20151225_005', 665, 0, 0, 0, 665, 0, 0, 0, 1, 665, 1598, 100),
(541, '20151225_006', 775, 0, 0, 0, 1005, 230, 0, 0, 1, 775, 1599, 100),
(542, '20151225_007', 896, 0, 0, 0, 896, 0, 0, 0, 1, 896, 1571, 100),
(543, '20151225_008', 265, 0, 0, 0, 265, 0, 0, 0, 1, 265, 1406, 100),
(544, '20151226_001', 275, 0, 0, 0, 275, 0, 0, 0, 1, 275, 1600, 100),
(545, '20151226_002', 470, 0, 0, 0, 470, 0, 0, 0, 1, 470, 1601, 100),
(546, '20151226_003', 400, 0, 0, 0, 400, 0, 0, 0, 1, 400, 1602, 100),
(547, '20151226_004', 250, 0, 0, 0, 250, 0, 0, 0, 1, 250, 1603, 100),
(548, '20151226_005', 270, 0, 0, 0, 300, 30, 0, 0, 1, 270, 1604, 100),
(549, '20151226_006', 480, 0, 0, 0, 500, 20, 0, 0, 1, 480, 1288, 100),
(550, '20151226_007', 230, 0, 0, 0, 300, 70, 0, 0, 1, 230, 1605, 100),
(551, '20151227_001', 430, 0, 0, 0, 500, 70, 0, 0, 1, 430, 1606, 100),
(552, '20151227_002', 520, 0, 0, 0, 520, 0, 0, 0, 1, 520, 1564, 100),
(553, '20151227_003', 395, 0, 0, 0, 500, 105, 0, 0, 1, 395, 1607, 100),
(554, '20151227_004', 385, 0, 0, 0, 400, 15, 0, 0, 1, 385, 1451, 100),
(555, '20151228_001', 240, 0, 0, 0, 300, 60, 0, 0, 1, 240, 1608, 100),
(556, '20151228_002', 270, 0, 0, 0, 500, 230, 0, 0, 1, 270, 1609, 100),
(557, '20151228_003', 280, 0, 0, 0, 500, 220, 0, 0, 1, 280, 1610, 100),
(558, '20151228_004', 475, 0, 0, 0, 500, 25, 0, 0, 1, 475, 1611, 100),
(559, '20151228_005', 240, 0, 0, 0, 240, 0, 0, 0, 1, 240, 1425, 100),
(560, '20151228_006', 620, 0, 0, 0, 720, 100, 0, 0, 1, 620, 1289, 100),
(561, '20151231_001', 520, 0, 0, 0, 520, 0, 0, 0, 1, 520, 1612, 100),
(562, '20151231_002', 750, 0, 0, 0, 750, 0, 0, 0, 1, 750, 1613, 100),
(565, '20151231_003', 400, 0, 0, 0, 400, 0, 0, 0, 1, 400, 1616, 100),
(566, '20151231_004', 560, 0, 0, 0, 560, 0, 0, 0, 1, 560, 1617, 100),
(567, '20151231_005', 250, 0, 0, 0, 250, 0, 0, 0, 1, 250, 1618, 100),
(568, '20151231_006', 440, 0, 0, 0, 600, 160, 0, 0, 1, 440, 1619, 100),
(569, '20151231_007', 400, 0, 0, 0, 400, 0, 0, 0, 1, 400, 1620, 100),
(570, '20151231_008', 175, 0, 0, 0, 500, 325, 0, 0, 1, 175, 1621, 100),
(572, '20151229_001', 250, 0, 0, 0, 250, 0, 0, 0, 1, 250, 1614, 100);

-- --------------------------------------------------------

--
-- Table structure for table `fund`
--

CREATE TABLE IF NOT EXISTS `fund` (
  `id` int(11) NOT NULL AUTO_INCREMENT,
  `name` varchar(45) NOT NULL,
  `description` varchar(255) DEFAULT NULL,
  PRIMARY KEY (`id`)
) ENGINE=InnoDB  DEFAULT CHARSET=utf8 AUTO_INCREMENT=18 ;

--
-- Dumping data for table `fund`
--

INSERT INTO `fund` (`id`, `name`, `description`) VALUES
(1, 'KÉT SẮT', 'KETSAT'),
(2, 'Anh Minh', NULL),
(8, 'OCEANBANK', 'OCEANBANK'),
(9, 'Châu', NULL),
(10, 'BẢO', NULL),
(12, 'MẸ', NULL),
(13, 'BALANCE', NULL),
(14, 'Tiêu Vặt', NULL),
(15, 'VIETINBANK BAO', NULL),
(16, 'COD bưu điện ', NULL),
(17, 'KÉT SẮT', NULL);

-- --------------------------------------------------------

--
-- Table structure for table `fund_change_histo`
--

CREATE TABLE IF NOT EXISTS `fund_change_histo` (
  `id` int(11) NOT NULL AUTO_INCREMENT,
  `fund_id` int(11) NOT NULL,
  `amount` float NOT NULL DEFAULT '0',
  `date` datetime NOT NULL,
  `description` varchar(245) DEFAULT NULL,
  `ratio` float NOT NULL DEFAULT '1',
  `user_id` int(11) NOT NULL,
  PRIMARY KEY (`id`),
  KEY `fk_fund_change_histo_fund1_idx` (`fund_id`),
  KEY `fk_fund_change_histo_user1_idx` (`user_id`)
) ENGINE=InnoDB  DEFAULT CHARSET=utf8 AUTO_INCREMENT=416 ;

--
-- Dumping data for table `fund_change_histo`
--

INSERT INTO `fund_change_histo` (`id`, `fund_id`, `amount`, `date`, `description`, `ratio`, `user_id`) VALUES
(1, 2, 50000, '2015-09-27 13:48:22', 'gửi 50M', 1, 1),
(2, 2, -2160, '2015-10-01 00:29:00', 'See spend : Mua thanh ray, thanh đỡ kính (Anh Minh   Anh Duệ)', 1, 1),
(3, 2, -34, '2015-10-02 00:29:00', 'See spend : Mua đồ thắp hương', 1, 1),
(4, 2, -50, '2015-10-02 00:17:10', 'See spend : Mua thêm 2 thanh ray', 1, 2),
(5, 2, -60, '2015-10-01 02:21:35', 'See spend : Tiền ốc vít', 1, 1),
(6, 2, -4000, '2015-10-03 11:15:04', 'See spend : laptop dell', 1, 1),
(8, 2, -2000, '2015-10-04 13:46:21', 'See spend : Mua 100m led lắp cửa hàng', 1, 1),
(9, 2, -5000, '2015-10-03 13:46:54', 'Anh minh rút 5M', 1, 1),
(11, 2, -5000, '2015-10-03 13:51:29', 'Vay thanh toán hàng dương', 1, 1),
(12, 9, 5000, '2015-10-03 13:51:29', 'Vay thanh toán hàng dương', 1, 1),
(13, 2, -8000, '2015-10-04 13:51:51', 'Vay thanh toán tiền hàng chị hương', 1, 1),
(14, 9, 8000, '2015-10-04 13:51:51', 'Vay thanh toán tiền hàng chị hương', 1, 1),
(15, 2, 4400, '2015-10-04 15:22:41', 'Thêm vào 4400 để thanh toán vinh tuyết', 1, 1),
(16, 2, -28096, '2015-10-04 22:27:27', 'Trả nợ : Vinh Tuyết | Hóa đơn 28830.', 1, 1),
(17, 9, -734, '2015-10-04 22:27:27', 'Trả nợ : Vinh Tuyết | Hóa đơn 28830.', 1, 1),
(18, 2, 30000, '2015-10-05 15:56:40', 'Thêm 30M', 1, 1),
(19, 2, -480, '2015-10-05 15:57:00', 'See spend : Mua ghế', 1, 2),
(20, 2, -180, '2015-10-06 15:31:58', 'See spend : Sớ đi phủ tây hồ', 1, 2),
(21, 2, -500, '2015-10-06 15:31:58', 'See spend : Đưa bảo', 1, 2),
(22, 2, -220, '2015-10-06 15:31:58', 'See spend : Mua lễ đi phủ', 1, 2),
(23, 2, -30, '2015-10-06 15:31:58', 'See spend : Mua hoa', 1, 2),
(24, 2, -100, '2015-10-06 15:31:58', 'See spend : Tiền lẻ đi lễ', 1, 2),
(25, 2, 30000, '2015-10-07 15:37:45', 'Thêm', 1, 1),
(26, 2, -500, '2015-10-07 15:39:25', 'See spend : Đưa bảo', 1, 2),
(27, 2, -105, '2015-10-07 15:39:25', 'See spend : Mua máy tính, sổ bút', 1, 2),
(28, 2, -200, '2015-10-07 15:39:25', 'See spend : Tiền 2 nhân viên', 1, 2),
(29, 2, 0, '2015-10-07 15:39:25', 'See spend : ', 1, 1),
(30, 2, -25, '2015-10-07 15:41:41', 'See spend : Bình nước', 1, 1),
(31, 2, -350, '2015-10-08 02:52:32', 'See spend : Đi chợ sáng mua gà. ... khai trương', 1, 1),
(32, 2, -550, '2015-10-08 15:54:47', 'See spend : Châu đi mua lễ thắp hương (hoa quả, bánh, hương vàng túi đựng tiền)', 1, 2),
(33, 2, -200, '2015-10-08 15:54:47', 'See spend : Đưa bảo trả lại cho khách hôm khai trương', 1, 2),
(34, 2, -60, '2015-10-08 15:54:47', 'See spend : Tiền lẻ thắp hương', 1, 2),
(35, 2, -600, '2015-10-08 15:54:47', 'See spend : Tiền phong bao lì xì', 1, 2),
(36, 2, -35000, '2015-10-08 22:56:05', 'Trả nợ : Dương | ', 1, 1),
(37, 9, -8000, '2015-10-08 16:02:30', 'Anh minh nợ Châu. Ứng tạm thanh toán tiền hàng. Châu sẽ nợ lại Anh Minh 4266k', 1, 1),
(43, 2, -1300, '2015-10-09 16:17:14', 'See spend : Chi mua đồ điện: Quạt trần, 3 bóng đôi, các phụ kiện điện', 1, 1),
(44, 2, -5000, '2015-10-09 16:17:14', 'See spend : Ứng trước 5m tiền gương kính', 1, 1),
(45, 1, 3400, '2015-10-08 17:20:37', 'Rút bớt tiền bán hàng', 1, 3),
(46, 1, 560, '2015-10-09 17:21:06', 'Rút bớt tiền bán hàng', 1, 3),
(47, 2, -120, '2015-10-10 21:57:06', 'See spend : Mua chuột cho bảo', 1, 4),
(48, 2, -160, '2015-10-10 21:57:06', 'See spend : Mua 2 súng bắn giá cho bảo', 1, 4),
(49, 1, 3100, '2015-10-10 23:44:20', 'Tiền bán hàng trong ngày', 1, 3),
(51, 1, 4940, '2015-10-11 22:28:15', 'Tiền bán hàng trong ngày', 1, 3),
(52, 2, -220, '2015-10-11 23:56:04', 'See spend : Mua access point lắp wifi', 1, 4),
(54, 1, 3000, '2015-10-12 23:06:16', 'Tièn bán hàng trong ngày', 1, 3),
(55, 2, -10000, '2015-10-12 23:55:04', 'Trả nợ : Dương | Rút 10M từ tiền gửi anh Minh còn lại trả dương 10M', 1, 1),
(56, 9, -4266, '2015-10-13 23:38:25', 'Trả hết nợ anh minh lấy tiền trả camera cho anh minh', 1, 1),
(57, 2, 4266, '2015-10-13 23:38:25', 'Trả hết nợ anh minh lấy tiền trả camera cho anh minh', 1, 1),
(58, 2, -157, '2015-10-13 23:43:41', 'See spend : Lot thuong truoc 5x3.5, lot thuong sau 20x3.5, silicon 10x 7.0', 1, 1),
(59, 1, -700, '2015-10-13 18:50:01', 'See spend : Mua thảm', 1, 3),
(60, 1, 900, '2015-10-13 18:51:39', 'tiền hàng', 1, 3),
(61, 12, 310, '2015-10-11 18:53:46', 'Hóa đơn số 20151011_017 |  Chị Thơm | online | 12  | Triệu sơn. phí 25k', 1, 1),
(62, 2, -5445, '2015-10-14 22:18:24', 'See spend : Lắp camera', 1, 4),
(63, 1, 2500, '2015-10-14 22:54:24', 'Tiền bán hàng trong ngày', 1, 3),
(64, 1, 1000, '2015-10-15 21:30:01', 'Tiền bán hàng trong ngày', 1, 3),
(65, 12, 300, '2015-10-16 12:48:42', 'Hóa đơn số 20151016_003 |  Hà Huyền bạn Bảo | online | 12  | Hà Thị Thanh Huyền, Thọ Phú, Triệu Sơn, phí ship 12.5k', 1, 1),
(66, 12, 260, '2015-10-16 12:54:04', 'Hóa đơn số 20151016_004 |  Minh Thu Bạn Bảo | online | 12  | Lê Minh Thu, Minh Dân, Triệu Sơn, phí ship 12.5k', 1, 1),
(67, 1, 3100, '2015-10-16 22:59:27', 'Tiền bán hàng trong ngày', 1, 3),
(68, 1, -1650, '2015-10-17 23:21:13', 'See spend : mua bàn quầy', 1, 3),
(69, 1, 5150, '2015-10-17 23:22:56', 'Tiền bán hàng trong ngày', 1, 3),
(70, 1, -20000, '2015-10-18 22:24:39', 'Chuyển cho anh Duệ đi lấy hàng', 1, 1),
(71, 2, 20000, '2015-10-18 22:24:39', 'Chuyển cho anh Duệ đi lấy hàng', 1, 1),
(72, 2, -1890, '2015-10-18 22:25:34', 'See spend : In túi bóng và mua giấy cuộn', 1, 1),
(73, 2, -14350, '2015-10-18 22:55:40', 'Châu Vay Anh Minh để thanh toán hàng giầy, lương nhân viên. học phí cún', 1, 1),
(74, 9, 14350, '2015-10-18 22:55:40', 'Châu Vay Anh Minh để thanh toán hàng giầy, lương nhân viên. học phí cún', 1, 1),
(75, 1, 2700, '2015-10-18 22:57:03', 'Tiền bán hàng trong ngày', 1, 3),
(76, 9, 25000, '2015-10-20 22:48:36', 'Anh Minh Chuyển khoản cho Duệ', 1, 1),
(78, 1, 3900, '2015-10-20 00:13:12', 'tien ban hang ngay 19 va 20 thang 10', 1, 3),
(79, 12, 300, '2015-10-20 00:17:04', 'Hóa đơn số 20151020_004 |  Vũ bạn Bảo | online | 12  | Đôi da miếng xuồng cho mẹ Vũ (phí ship 25k)', 1, 1),
(80, 1, 2100, '2015-10-21 22:57:08', 'tien ban hang trong ngay', 1, 3),
(81, 1, 2000, '2015-10-22 22:36:03', 'tien ban hang trong ngay', 1, 3),
(83, 1, 1800, '2015-10-23 21:07:28', 'Tiền bán hàng trong ngày\n', 1, 3),
(84, 9, -2850, '2015-10-24 09:48:19', 'trả tiền nhà metronic hộ anh minh', 1, 1),
(85, 2, 2850, '2015-10-24 09:48:19', 'trả tiền nhà metronic hộ anh minh', 1, 1),
(86, 2, -2850, '2015-10-24 09:52:54', 'Trả nợ : METRONIC VIET NAM | Lấy tiền nhà Châu trả', 1, 4),
(87, 9, -4573, '2015-10-24 10:59:23', 'Trả nợ : Vinh Tuyết | 1 hóa đơn vinh tuyết chia 2 bên. Chị Châu thanh toán hết', 1, 1),
(88, 2, -6524, '2015-10-24 12:10:22', 'Chuyển hết phần tiền Duệ cầm sang Quỹ Châu để trả tiền hàng cho anh Minh', 1, 1),
(89, 9, 6524, '2015-10-24 12:10:22', 'Chuyển hết phần tiền Duệ cầm sang Quỹ Châu để trả tiền hàng cho anh Minh', 1, 1),
(90, 9, -27294, '2015-10-24 12:17:23', 'Trả nợ : Chị Châu | Hàng Chau thanh toán Hộ Anh Minh', 1, 1),
(91, 1, 3200, '2015-10-24 22:49:58', 'Tiền bán hàng trong ngày', 1, 3),
(93, 1, -8500, '2015-10-25 14:39:17', 'Trả nợ : Tuyến | đã thanh toán hết', 1, 1),
(94, 13, -25, '2015-10-25 14:39:17', 'Trả nợ : Tuyến | đã thanh toán hết', 1, 1),
(95, 1, 1700, '2015-10-25 20:57:39', 'Tiền bán hàng trong ngày', 1, 1),
(96, 9, 2310, '2015-10-26 00:42:37', 'Trả nợ : Chị Châu | Trả lại 14 đôi 2483 cho Chị Châu', 1, 1),
(97, 9, -13467, '2015-10-26 00:50:31', 'Trả nợ : Dương | Tiền chị châu đã dùng hết chuyển sang trả Dương', 1, 1),
(98, 1, 1600, '2015-10-26 15:43:29', 'Tiền bán hàng trong ngày', 1, 1),
(99, 1, 1500, '2015-10-27 10:23:18', 'Tiền bán hàng trong ngày', 1, 3),
(100, 1, -10000, '2015-10-27 10:24:57', 'Chuyển tiền để Chị Châu thanh toán tiền nhà', 1, 1),
(101, 9, 10000, '2015-10-27 10:24:57', 'Chuyển tiền để Chị Châu thanh toán tiền nhà', 1, 1),
(102, 1, 1300, '2015-10-29 10:35:54', 'Tiền bán hàng trong ngày', 1, 3),
(103, 1, 2000, '2015-10-29 11:59:53', 'Tiền bán hàng trong ngày', 1, 3),
(104, 9, -2342, '2015-10-31 09:09:04', 'Tiền bảo nợ chị Châu.', 1, 4),
(105, 9, -540, '2015-10-31 09:06:14', 'See spend : tiền quảng cáo facebook (HSBC của A Duệ)', 1, 4),
(106, 9, -3250, '2015-10-31 23:19:44', 'Trả nợ : METRONIC VIET NAM | Chị Châu trả hết hóa đơn tổng.', 1, 1),
(107, 1, -9000, '2015-10-31 23:20:33', 'Bảo mang qua đưa anh Duệ', 1, 1),
(108, 9, 9000, '2015-10-31 23:20:33', 'Bảo mang qua đưa anh Duệ', 1, 1),
(110, 1, 1300, '2015-10-30 10:53:00', 'tiền bán hàng trong ngày', 1, 3),
(111, 1, 1000, '2015-10-31 10:53:34', 'tiền bán hàng trong ngày', 1, 3),
(112, 10, 270, '2015-11-01 11:20:41', 'Hóa đơn số 20151101_002 |  Chị Đỗ Thuần Phương khách onl của Bảo | online | 10  | 169 Lê Thánh Tông tp Hạ Long tỉnh Quảng Ninh, phí ship 32k', 1, 1),
(113, 10, 575, '2015-11-01 11:24:40', 'Hóa đơn số 20151101_003 |  Chị Đỗ Thuần Phương khách onl của Bảo | online | 10  | Phí ship hàng lần 2 là 43k/2 đôi', 1, 1),
(114, 9, 300, '2015-11-01 11:29:37', 'Hóa đơn số 20151101_004 |  Em Nguyễn Thị Bích Thảo khách onl của Bảo | online | 9  | ĐC: Phòng Công An xã Xuân Quang 3 huyện Đồng Xuân, tỉnh Phú Yên, phí ship 45000', 1, 1),
(115, 1, 1500, '2015-11-03 22:26:35', 'Tiền bán hàng ngày 1/11 và 2/11', 1, 3),
(116, 9, -200, '2015-11-03 22:34:39', 'See spend : tăng like   comment  share fb', 1, 3),
(117, 9, -5000, '2015-11-03 23:07:47', 'Bảo qua lấy 5M', 1, 1),
(118, 1, 5000, '2015-11-03 23:07:47', 'Bảo qua lấy 5M', 1, 1),
(119, 9, -165, '2015-11-03 23:28:06', 'See spend : Quảng cáo facebook (thẻ HSBC anh Duệ)', 1, 4),
(120, 1, -2000, '2015-11-04 20:04:31', 'Đưa tiền cho anh Minh', 1, 1),
(121, 2, 2000, '2015-11-04 20:04:31', 'Đưa tiền cho anh Minh', 1, 1),
(122, 1, 2000, '2015-11-03 23:02:34', 'Tiền bán hàng trong ngày', 1, 3),
(123, 1, 1500, '2015-11-04 23:04:42', 'Tiền bán hàng trong ngày', 1, 3),
(124, 9, 1915, '2015-11-05 00:29:08', 'Trả nợ : Chị Châu | trả 0061, 0062 cho chị châu', 1, 1),
(125, 10, 260, '2015-11-05 18:37:06', 'Hóa đơn số 20151105_005 |  Em Trần Thị Minh Thương | online | 10  | Cty vsip Bắc ninh, số 1 hữu nghị kcn Vsip bắc ninh, phù chẩn , từ sơn, bắc ninh - Phí ship 35k ', 1, 1),
(126, 10, 262, '2015-11-05 18:44:01', 'Hóa đơn số 20151105_006 |  Chị Đỗ Thuần Phương khách onl của Bảo | online | 10  | Phí ship hàng lần 3 là 53k', 1, 1),
(127, 10, -1300, '2015-11-05 21:13:33', 'Rút bớt tiền trong thẻ ngân hàng', 1, 1),
(128, 1, 1300, '2015-11-05 21:13:33', 'Rút bớt tiền trong thẻ ngân hàng', 1, 1),
(130, 1, 2300, '2015-11-05 11:19:06', 'Tiền bán hàng trong ngày', 1, 3),
(131, 1, 2500, '2015-11-06 13:33:18', 'tiền bán hàng trong ngày', 1, 3),
(132, 1, -2000, '2015-11-07 13:33:43', 'Anh Minh lấy tiền', 1, 1),
(133, 2, 2000, '2015-11-07 13:33:43', 'Anh Minh lấy tiền', 1, 1),
(138, 1, -430, '2015-11-05 13:42:41', 'See spend : thanh toán tiền điện, nước, nét tháng 10.2015', 1, 3),
(139, 1, -5345, '2015-11-07 14:13:50', 'Trả nợ : Tuyến | Thanh toán ngày 5.11, thanh toán luôn 635k cho hóa đơn cảu Chị Châu', 1, 1),
(140, 1, -685, '2015-11-07 14:15:13', 'Thanh toán hộ chị Châu hóa đơn ngày 5.11 của Anh Tuyến', 1, 1),
(141, 9, 685, '2015-11-07 14:15:13', 'Thanh toán hộ chị Châu hóa đơn ngày 5.11 của Anh Tuyến', 1, 1),
(142, 9, 300, '2015-11-07 14:31:42', 'Hóa đơn số 20151107_003 |  Chị Đinh Thị Loan | online | 9  | Thôn An Cư 1, xã Đức Xương, huyện Gia Lộc, tỉnh Hải Dương. Phí ship 43k', 1, 1),
(143, 10, 580, '2015-11-07 14:35:08', 'Hóa đơn số 20151107_004 |  Quỳnh Maruko bạn Bảo | online | 10  | Đặng Đức Giang, thôn Sỏi, Quảng Thanh, Thủy Nguyên, Hải Phòng. Phí ship 18k', 1, 1),
(144, 10, 600, '2015-11-07 14:37:53', 'Hóa đơn số 20151107_005 |  Chị Đỗ Thuần Phương khách onl của Bảo | online | 10  | Phí ship hàng lần 4 là 18k', 1, 1),
(147, 9, -288, '2015-11-07 20:31:21', 'Nhận tiền đôi giầy của chị châu: mã 2560', 1, 1),
(148, 15, 288, '2015-11-07 20:31:21', 'Nhận tiền đôi giầy của chị châu: mã 2560', 1, 1),
(149, 10, -1247, '2015-11-07 20:34:31', 'Chuyển quỹ', 1, 1),
(150, 15, 1247, '2015-11-07 20:34:31', 'Chuyển quỹ', 1, 1),
(151, 1, 2000, '2015-11-07 21:15:49', 'tiền bán hàng trong ngày', 1, 3),
(152, 1, -540, '2015-11-08 10:26:28', 'chuyển quỹ', 1, 1),
(153, 14, 540, '2015-11-08 10:26:28', 'chuyển quỹ', 1, 1),
(154, 14, -20, '2015-11-08 10:27:10', 'See spend : mua bánh gạo thắp hương', 1, 3),
(155, 14, -100, '2015-11-08 10:27:36', 'See spend : nạp thẻ', 1, 3),
(156, 9, -2815, '2015-11-08 22:39:27', 'Trả nợ : Vinh Tuyết | Thanh toán hóa đơn hộ bảo', 1, 1),
(157, 1, 1000, '2015-11-08 10:50:43', 'tiền bán hàng trong ngày ', 1, 3),
(158, 1, 3800, '2015-11-09 10:51:19', 'tiền bán hàng trong ngày', 1, 3),
(159, 14, 115, '2015-11-09 10:52:05', 'tiền bán hàng trong ngày lẻ', 1, 3),
(160, 14, -12, '2015-11-10 10:54:04', 'See spend : mua táo', 1, 3),
(161, 9, -495, '2015-11-10 22:12:00', 'See spend : Tiền bảo lấy hàng bên chị châu còn nợ. anh Duệ chốt trả hết nợ này để quản lý khi bảo có lấy hàng bên chị châu ship online và nhận tiền bên bảo', 1, 3),
(162, 9, -6050, '2015-11-10 22:21:11', 'See spend : Thanh toán tiền biển quảng cáo cho hưởng', 1, 1),
(164, 1, 2200, '2015-11-10 10:39:55', 'Tiền bán hàng trong ngày ', 1, 3),
(165, 1, -14000, '2015-11-11 10:40:35', 'Bảo đưa chị Châu để thanh toán tiền hàng cho anh Dương lấy thêm hàng mới ', 1, 1),
(166, 9, 14000, '2015-11-11 10:40:35', 'Bảo đưa chị Châu để thanh toán tiền hàng cho anh Dương lấy thêm hàng mới ', 1, 1),
(167, 14, -34, '2015-11-11 12:13:57', 'See spend : Phí chip chuyển hoàn hàng của Chị Đỗ Thuần Phương', 1, 3),
(168, 14, -20, '2015-11-11 12:14:38', 'See spend : Mua hoa ly thắp hương', 1, 3),
(169, 9, -10000, '2015-11-11 22:43:07', 'See spend : Chị châu thanh toán tiền Kính gương 10M', 1, 2),
(170, 9, 950, '2015-11-11 22:43:55', 'Trả nợ : Vinh Tuyết | 0044 chuyển sang nhà chị châu 5 đôi', 1, 1),
(171, 9, 950, '2015-11-11 22:44:28', 'Trả nợ : METRONIC VIET NAM | 0040 chuyển lên chị châu 5 đôi', 1, 1),
(172, 9, 230, '2015-11-11 22:44:51', 'Trả nợ : Chị Châu | Hàng trả lại chị châu', 1, 1),
(173, 9, -7185, '2015-11-11 22:55:15', 'Trả nợ : Dương | Phần tiền còn lại của bảo bên chị châu là 7185 coi như chuyển sang thanh toán cho Dương. bảo và chị châu hết nợ', 1, 1),
(176, 1, 500, '2015-11-11 10:34:46', 'tiền bán hàng trong ngày', 1, 3),
(177, 14, 100, '2015-11-11 10:35:09', 'tiền bán hàng trong ngày 11.11', 1, 3),
(178, 14, -57, '2015-11-12 10:38:15', 'See spend : Mua đồ thắp hương mùng 1', 1, 3),
(179, 14, -100, '2015-11-12 23:11:03', 'See spend : mua giấy xi măng gói hàng', 1, 3),
(180, 1, 2000, '2015-11-12 23:11:33', 'tiền bán hàng trong ngày', 1, 3),
(181, 14, 200, '2015-11-12 23:12:40', 'tiền bán hàng trong ngày 12.11', 1, 3),
(182, 1, 1500, '2015-11-13 23:54:48', 'tiền bán hàng trong ngày', 1, 3),
(183, 1, 500, '2015-11-14 23:03:50', 'tiền bán hàng trong ngày ', 1, 3),
(184, 14, -23, '2015-11-14 23:04:42', 'See spend : Mua bánh gạp thắp hương', 1, 3),
(185, 12, -1000, '2015-11-14 23:07:46', 'mẹ gửi tiền bán hàng ra', 1, 1),
(186, 1, 1000, '2015-11-14 23:07:46', 'mẹ gửi tiền bán hàng ra', 1, 1),
(187, 12, -170, '2015-11-14 23:08:38', 'tiền lẻ từ quỹ mẹ', 1, 1),
(188, 14, 170, '2015-11-14 23:08:38', 'tiền lẻ từ quỹ mẹ', 1, 1),
(189, 9, -5300, '2015-11-15 20:46:43', 'Trả nợ : Chiến đại mỗ | ', 1, 1),
(190, 1, 1000, '2015-11-15 00:04:02', 'tiền bán hàng trong ngày', 1, 3),
(191, 14, 100, '2015-11-15 00:04:26', 'tiền bán hàng trong ngày ', 1, 3),
(192, 14, -20, '2015-11-16 20:48:07', 'See spend : Mua chuối', 1, 3),
(194, 1, -530, '2015-11-16 20:51:32', 'See spend : Chốt chí chạy ads fanpage đến 19h ngày 14.11', 1, 3),
(195, 1, -460, '2015-11-16 20:52:54', 'See spend : Thanh toán 50% chi phí tăng 10 nghìn like fanpage', 1, 3),
(196, 1, -10, '2015-11-16 20:53:40', 'chuyển tiền lẻ sang', 1, 1),
(197, 14, 10, '2015-11-16 20:53:40', 'chuyển tiền lẻ sang', 1, 1),
(198, 1, 2500, '2015-11-16 11:15:11', 'tiền bán hàng trong ngày', 1, 3),
(199, 14, -30, '2015-11-17 11:18:53', 'See spend : mua hoa ly thắp hương', 1, 3),
(200, 1, 2300, '2015-11-17 10:50:41', 'tiền bán hàng trong ngày', 1, 3),
(201, 14, -20, '2015-11-18 10:51:19', 'See spend : Mua chuối thắp hương', 1, 3),
(202, 1, 700, '2015-11-18 20:55:26', 'tiền bán hàng trong ngày', 1, 3),
(203, 1, 1500, '2015-11-19 21:49:54', 'Tiền bán hàng trong ngày', 1, 3),
(204, 9, -2700, '2015-11-19 22:33:41', 'Trả nợ : Chiến đại mỗ | Chị Châu thanh toán hộ', 1, 1),
(205, 1, -3000, '2015-11-20 12:59:55', 'Anh Minh lấy tiền về quê', 1, 1),
(206, 2, 3000, '2015-11-20 12:59:55', 'Anh Minh lấy tiền về quê', 1, 1),
(207, 14, -20, '2015-11-21 12:27:33', 'See spend : Mua hoa ly thắp hương', 1, 3),
(208, 1, -5000, '2015-11-21 12:27:50', 'bảo vay ', 1, 1),
(209, 10, 5000, '2015-11-21 12:27:50', 'bảo vay ', 1, 1),
(210, 1, 3000, '2015-11-21 22:04:25', 'tiền bán hàng trong 2 ngày 20.11 và 21.11', 1, 3),
(211, 1, 1000, '2015-11-22 23:24:55', 'tiền bán hàng trong ngày', 1, 3),
(212, 14, -25, '2015-11-23 23:25:50', 'See spend : mua bánh thắp hương', 1, 3),
(213, 9, -220, '2015-11-23 15:42:31', 'See spend : Chị Châu thanh toán tiền cáp anh Minh', 1, 2),
(214, 9, -8335, '2015-11-23 17:28:33', 'Trả nợ : Vinh Tuyết | ', 1, 1),
(215, 13, -15, '2015-11-23 17:28:33', 'Trả nợ : Vinh Tuyết | ', 1, 1),
(216, 13, 15, '2015-11-23 17:54:23', 'Trả nợ : Vinh Tuyết | ', 1, 1),
(217, 9, -2145, '2015-11-23 21:20:17', 'Trả nợ : Vinh Tuyết | ', 1, 1),
(218, 9, -600, '2015-11-23 21:22:12', 'Trả nợ : Dương | ', 1, 1),
(219, 1, -8000, '2015-11-23 21:23:35', 'Trả nợ : Dương | Bảo chuyển cho chị Châu để thanh toán nợ cho Anh Dương sáng 23.11', 1, 1),
(220, 1, 1500, '2015-11-23 23:36:30', 'tiền bán hàng trong ngày', 1, 3),
(221, 14, 100, '2015-11-23 23:37:05', 'tiền dư bán hàng trong ngày 23.11', 1, 3),
(222, 14, -25, '2015-11-24 10:55:43', 'See spend : Phí ship hàng cho Linh Giang bạn Bảo', 1, 3),
(223, 12, 265, '2015-11-24 10:56:51', 'Hóa đơn số 20151124_002 |  Linh Giang bạn Bảo  | online | 12  | Triệu Sơn - Thanh Hóa', 1, 1),
(224, 1, 1000, '2015-11-24 22:09:57', 'tiền bán hàng trong ngày', 1, 3),
(225, 14, 100, '2015-11-24 22:10:23', 'tiền bán hàng dư trong ngày 24.11', 1, 3),
(226, 15, 280, '2015-11-25 14:40:43', 'Hóa đơn số 20151125_001 |  Chị Đỗ Thuần Phương khách onl của Bảo | online | 15  | 169 Lê Thánh Tông, tp Hạ Long, tỉnh Quảng Ninh', 1, 1),
(227, 14, -50, '2015-11-25 14:41:25', 'See spend : phí ship hàng chyển hoàn đôi giầy lỗi của chị Đỗ Thuần Phương', 1, 3),
(228, 1, 500, '2015-11-25 21:07:55', 'tiền bán hàng trong ngày', 1, 3),
(229, 14, -100, '2015-11-26 10:48:00', 'See spend : mua xôi giò, bánh gạo, hoa,, tiền vàng, thuốc lá thắp hương rằm', 1, 3),
(230, 1, -6000, '2015-11-26 10:48:44', 'Chuyển tiền cho Chị Châu nộp tiền nhà', 1, 1),
(231, 9, 6000, '2015-11-26 10:48:44', 'Chuyển tiền cho Chị Châu nộp tiền nhà', 1, 1),
(232, 1, 1500, '2015-11-27 22:53:47', 'tiền bán hàng trong 2 ngày 26 và 27.11', 1, 3),
(233, 14, 200, '2015-11-27 22:54:36', 'tiền bán hàng trong ngày 26 và 27.11 dư ra', 1, 3),
(234, 14, -95, '2015-11-28 18:25:22', 'See spend : Mua bánh đồng tiền, chè, trầu cau, nến bay ban thờ ', 1, 3),
(236, 16, 400, '2015-11-28 18:29:17', 'Hóa đơn số 20151128_007 |  Chị Hoàng Thị Tường Vy  | online | 16  | 189 Đinh Tiên Hoàng, phường Tự An, TP Buôn Ma Thuột, tỉnh Đăk Lăk', 1, 1),
(237, 14, -33, '2015-11-28 18:30:18', 'ứng trước tiền ship cod, đợi bưu điện thu hộ hoàn ship ', 1, 1),
(238, 16, 33, '2015-11-28 18:30:18', 'ứng trước tiền ship cod, đợi bưu điện thu hộ hoàn ship ', 1, 1),
(239, 1, -450, '2015-11-28 18:31:12', 'See spend : Thanh toán nốt tiền chạy 10k like fanpage', 1, 3),
(240, 9, 4065, '2015-11-28 19:28:05', 'Trả nợ : Dương | ', 1, 1),
(243, 9, 2080, '2015-11-28 22:15:36', 'Trả nợ : Chị Châu | Lấy lại phần hàng bảo chuyển cho chị châu', 1, 1),
(244, 1, 3500, '2015-11-28 23:27:11', 'tiền bán hàng trong ngày', 1, 3),
(245, 14, -20, '2015-11-29 15:58:21', 'See spend : Phí ship hàng cho c Hoài bạn Bảo ', 1, 3),
(246, 14, -30, '2015-11-29 20:15:55', 'See spend : Anh Minh rút ', 1, 3),
(247, 1, -2000, '2015-11-29 20:16:17', 'Anh Minh rút', 1, 1),
(248, 2, 2000, '2015-11-29 20:16:17', 'Anh Minh rút', 1, 1),
(249, 1, -50, '2015-11-29 20:16:43', 'Chuyển tiền dư sang ', 1, 1),
(250, 14, 50, '2015-11-29 20:16:43', 'Chuyển tiền dư sang ', 1, 1),
(251, 1, 3000, '2015-11-29 22:04:59', 'tiền bán hàng trong ngày', 1, 3),
(252, 14, -35, '2015-11-30 15:58:35', 'See spend : Mua bánh thăp hương ', 1, 3),
(253, 1, -4475, '2015-11-30 16:37:06', 'Trả nợ : METRONIC VIET NAM | Vay Chị Châu 12 triệu thanh toán tiền, Anh Khánh nhận hộ', 1, 1),
(254, 9, -12000, '2015-11-30 16:37:06', 'Trả nợ : METRONIC VIET NAM | Vay Chị Châu 12 triệu thanh toán tiền, Anh Khánh nhận hộ', 1, 1),
(255, 13, 15, '2015-11-30 16:37:06', 'Trả nợ : METRONIC VIET NAM | Vay Chị Châu 12 triệu thanh toán tiền, Anh Khánh nhận hộ', 1, 1),
(256, 1, -25, '2015-11-30 16:39:42', 'Chuyển tiền lẻ sang', 1, 1),
(257, 14, 25, '2015-11-30 16:39:42', 'Chuyển tiền lẻ sang', 1, 1),
(258, 1, -1000, '2015-11-30 19:28:30', 'Anh Minh rút tiền', 1, 1),
(259, 2, 1000, '2015-11-30 19:28:30', 'Anh Minh rút tiền', 1, 1),
(260, 1, 3000, '2015-11-30 22:05:49', 'tiền bán hàng trong ngày ', 1, 3),
(262, 14, -20, '2015-12-01 12:56:04', 'See spend : Mua hoa, chè thắp hương ', 1, 3),
(263, 1, 500, '2015-12-01 12:52:21', 'tiền bán hàng trong ngày', 1, 3),
(264, 14, -275, '2015-12-02 12:53:14', 'See spend : Mua sách cho ch ', 1, 3),
(265, 14, -25, '2015-12-02 12:53:32', 'See spend : Mua bánh thắp hương ', 1, 3),
(266, 1, 2500, '2015-12-02 22:53:18', 'tiền bán hàng trong ngày', 1, 3),
(269, 1, 500, '2015-12-03 22:45:41', 'tiền bán hàng trong ngày', 1, 3),
(270, 1, -2000, '2015-12-04 22:33:34', 'Anh Minh rút tiền', 1, 1),
(271, 2, 2000, '2015-12-04 22:33:34', 'Anh Minh rút tiền', 1, 1),
(272, 1, 1000, '2015-12-04 22:50:26', 'tiền bán hàng trong ngày', 1, 3),
(273, 14, 200, '2015-12-04 22:50:49', 'tiền bán hàng trong ngày dư', 1, 3),
(274, 14, -25, '2015-12-03 22:52:25', 'See spend : Mua đủ đủ và bánh thắp hương', 1, 3),
(275, 14, -15, '2015-12-04 22:52:51', 'See spend : mua bánh thắp hương', 1, 3),
(276, 14, -15, '2015-12-05 10:57:18', 'See spend : Mua bánh chưng thắp hương', 1, 3),
(277, 15, 290, '2015-12-05 17:51:52', 'Hóa đơn số 20151205_008 |  Thùy Linh bạn Bảo | online | 15  | 23 Phan Bội Châu, Ba Đình, TP Thanh Hóa', 1, 1),
(278, 14, -20, '2015-12-05 17:52:22', 'See spend : phí chuyển hàng cho Thùy Linh bạn Bảo', 1, 3),
(279, 1, -1765, '2015-12-05 22:19:19', 'See spend : Đóng tiền điện , nước, net tháng 11.2015. Tháng trước chị chủ nhà xem nhầm công tơ nên ít, tháng này nộp bù', 1, 3),
(280, 1, 3265, '2015-12-05 00:32:03', 'tiền bán hàng tronng ngày', 1, 3),
(281, 1, -2000, '2015-12-03 22:36:22', 'Anh Minh rút tiền', 1, 1),
(282, 2, 2000, '2015-12-03 22:36:22', 'Anh Minh rút tiền', 1, 1),
(283, 1, 3500, '2015-12-06 22:39:35', 'tiền bán hàng trong ngày', 1, 3),
(284, 14, -45, '2015-12-07 14:26:35', 'See spend : Mua bánh thắp hương và đồ lặt vặt', 1, 3),
(285, 1, -7700, '2015-12-07 14:31:54', 'See spend : Mua tủ lạnh và máy giặt ', 1, 1),
(286, 12, -265, '2015-12-07 14:32:19', 'mẹ đưa tiền bán giày', 1, 1),
(287, 1, 265, '2015-12-07 14:32:19', 'mẹ đưa tiền bán giày', 1, 1),
(288, 1, -65, '2015-12-07 14:33:17', 'Chuyển tiền lẻ sang', 1, 1),
(289, 14, 65, '2015-12-07 14:33:17', 'Chuyển tiền lẻ sang', 1, 1),
(290, 1, 500, '2015-12-07 13:33:06', 'tiền bán hàng trong ngày', 1, 3),
(291, 14, -40, '2015-12-08 13:43:29', 'See spend : mua hoa, xoài thắp hương', 1, 3),
(292, 9, -5280, '2015-12-08 22:24:33', 'Trả nợ : Chiến đại mỗ | Chị Châu thanh toán hộ', 1, 1),
(293, 9, -3000, '2015-12-07 22:27:41', 'See spend : Mua tủ lạnh và máy giặt (rút từ chị Châu)', 1, 1),
(294, 1, 2500, '2015-12-08 23:15:15', 'tiền bán hàng trong ngày', 1, 3),
(295, 1, -1000, '2015-12-09 13:43:42', 'Anh Minh rút tiền', 1, 1),
(296, 2, 1000, '2015-12-09 13:43:42', 'Anh Minh rút tiền', 1, 1),
(297, 14, -240, '2015-12-09 23:59:54', 'See spend : Mua đồ trang trí noel ', 1, 3),
(298, 14, -15, '2015-12-09 00:06:22', 'See spend : mua bánh chưng thắp hương', 1, 3),
(299, 1, 2000, '2015-12-09 00:06:59', 'tiền bán hàng trong ngày', 1, 3),
(300, 14, 300, '2015-12-09 00:07:23', 'tiền bán hàng trong ngày dư', 1, 3),
(301, 1, 2500, '2015-12-10 00:30:10', 'tiền bh trong ngày', 1, 3),
(302, 14, 200, '2015-12-10 00:30:55', 'tiền bh trong ngày dư', 1, 3),
(303, 14, -35, '2015-12-10 00:33:40', 'See spend : mua đồ thắp hương', 1, 3),
(304, 9, -1193, '2015-12-11 22:21:54', 'See spend : Thuê host và domain 2nine.vn', 1, 4),
(305, 1, 2500, '2015-12-11 15:48:13', 'Tiền bán hàng trong ngày', 1, 3),
(306, 14, -15, '2015-12-12 15:51:45', 'See spend : mua bánh thắp hương', 1, 3),
(307, 15, 520, '2015-12-12 16:04:09', 'Hóa đơn số 20151212_003 |  Em Nguyễn Thúy khách onl của Bảo | online | 15  | Thị trấn Dân Lực Triệu Sơn', 1, 1),
(308, 9, -210, '2015-12-12 19:13:32', 'Trả nợ : Vinh Tuyết | ', 1, 1),
(309, 2, 510, '2015-12-12 23:59:44', 'Hóa đơn số 20151212_010 |  Chị Vân Anh | online | 2  | Số 2, ngách 2/49 Định Công Thượng', 1, 1),
(310, 1, 2300, '2015-12-12 00:12:41', 'Tiền bán hàng trong ngày', 1, 3),
(311, 1, -2000, '2015-12-13 13:08:11', 'Anh Minh rút ', 1, 1),
(312, 2, 2000, '2015-12-13 13:08:11', 'Anh Minh rút ', 1, 1),
(313, 1, 2700, '2015-12-13 23:21:24', 'tiền bán hàng trong ngày', 1, 3),
(314, 14, -65, '2015-12-13 23:22:36', 'See spend : Mua bánh thắp hương và giấy vệ sinh', 1, 1),
(315, 9, -450, '2015-12-13 23:27:39', 'See spend : Chị Châu thanh toán tiền quảng cáo face. chốt đến ngày 11.12.2015', 1, 1),
(316, 2, -500, '2015-12-14 21:00:12', 'Anh Pha trả tiền hôm trước ship giầy ', 1, 1),
(317, 1, 500, '2015-12-14 21:00:12', 'Anh Pha trả tiền hôm trước ship giầy ', 1, 1),
(318, 2, -10, '2015-12-14 21:00:37', 'Anh Pha trả tiền hôm trước ship giầy ', 1, 1),
(319, 14, 10, '2015-12-14 21:00:37', 'Anh Pha trả tiền hôm trước ship giầy ', 1, 1),
(320, 1, -300, '2015-12-14 22:53:22', 'See spend : Ứng trước lương cho Thương', 1, 3),
(321, 14, -70, '2015-12-14 22:55:35', 'See spend : Mua hoa ly và bánh thắp hương', 1, 1),
(322, 1, 3200, '2015-12-14 23:00:52', 'tiền bán hàng trong ngày', 1, 1),
(323, 14, -50, '2015-12-15 23:14:40', 'See spend : Mua đồ thắp hương', 1, 3),
(324, 1, -3300, '2015-12-15 23:20:10', 'See spend : Thanh toán lương cho Em Thương NV _ Chốt 14.12', 1, 3),
(325, 15, 420, '2015-12-15 23:22:10', 'Hóa đơn số 20151215_008 |  Chị Nguyễn Hằng fb Hang Nguyen fb Bảo | online | 15  | Tòa nhà 319 63 Lê Văn Lương', 1, 1),
(326, 1, 2500, '2015-12-15 23:26:51', 'Tiền bán hàng trong ngày', 1, 3),
(327, 14, 100, '2015-12-15 23:27:07', 'tiền bán hàng trong ngày dư', 1, 3),
(328, 14, -20, '2015-12-16 00:34:14', 'See spend : Mua bánh thắp hương', 1, 3),
(333, 1, -2000, '2015-12-16 00:35:13', 'Anh Minh rút', 1, 1),
(334, 2, 2000, '2015-12-16 00:35:13', 'Anh Minh rút', 1, 1),
(335, 1, -10000, '2015-12-17 00:35:58', 'Trả chị Châu ', 1, 1),
(336, 9, 10000, '2015-12-17 00:35:58', 'Trả chị Châu ', 1, 1),
(337, 14, -50, '2015-12-16 00:41:26', 'See spend : Nạp thẻ', 1, 3),
(338, 1, 2500, '2015-12-16 13:13:16', 'tiền bán hàng trong ngày', 1, 3),
(339, 1, 200, '2015-12-16 13:13:50', 'tiền bán hàng trong ngày dư', 1, 3),
(340, 14, -485, '2015-12-17 14:49:16', 'See spend : Mua giá và móc quần áo', 1, 3),
(341, 1, -800, '2015-12-17 14:51:36', 'Chuyển sang', 1, 1),
(342, 14, 800, '2015-12-17 14:51:36', 'Chuyển sang', 1, 1),
(343, 14, -60, '2015-12-17 14:07:17', 'See spend : mua bánh thắp hương và đồ lặt vặt', 1, 3),
(344, 14, -85, '2015-12-18 14:07:35', 'See spend : Mua 20 móc áo ', 1, 3),
(345, 1, 2500, '2015-12-17 14:11:05', 'tiền bán hàng trong ngày', 1, 3),
(346, 1, -2000, '2015-12-19 12:51:39', 'Anh Minh rút', 1, 1),
(347, 2, 2000, '2015-12-19 12:51:39', 'Anh Minh rút', 1, 1),
(348, 1, 3500, '2015-12-18 12:52:05', 'tiền bán hàng trong ngày', 1, 3),
(349, 14, 200, '2015-12-18 12:52:26', 'tiền bán hàng trong ngày dư', 1, 3),
(350, 14, -400, '2015-12-19 12:54:09', 'See spend : Mua giá quần áo', 1, 3),
(351, 14, -50, '2015-12-19 12:54:31', 'See spend : Mua đồ thắp hương', 1, 3),
(352, 14, -20, '2015-12-19 12:55:04', 'See spend : Mua bán thắp hương', 1, 3),
(354, 14, 200, '2015-12-20 21:05:05', 'tiền bán hàng dư trong ngày', 1, 3),
(355, 14, -20, '2015-12-20 21:15:36', 'See spend : mua bánh thắp hương', 1, 3),
(356, 9, -10000, '2015-12-21 11:54:24', 'See spend : Mua 2 laptop cho anh minh', 1, 4),
(357, 1, 2500, '2015-12-19 16:55:45', 'Tiền bán hàng trong ngày', 1, 3),
(358, 1, -10000, '2015-12-21 16:56:15', 'Anh Minh rút', 1, 1),
(359, 2, 10000, '2015-12-21 16:56:15', 'Anh Minh rút', 1, 1),
(360, 1, 1000, '2015-12-20 16:56:53', 'Tiền bán hàng trong ngày', 1, 3),
(361, 14, 200, '2015-12-20 16:57:32', 'Tiền bán hàng trong ngày dư ', 1, 3),
(362, 14, -264, '2015-12-21 17:01:10', 'See spend : Mua đồ dùng cho của hàng và gia đình ', 1, 3),
(364, 14, -20, '2015-12-22 16:12:00', 'See spend : Phí chuyển hàng cho chị Hằng ', 1, 3),
(365, 14, -35, '2015-12-22 16:12:16', 'See spend : Mua bánh thắp hương', 1, 3),
(366, 15, -20, '2015-12-15 16:13:51', 'See spend : Phí chuyển tiền của chị Hằng ', 1, 3),
(367, 15, 950, '2015-12-22 16:35:06', 'Hóa đơn số 20151222_005 |  Chị Đỗ Thuần Phương khách onl của Bảo | online | 15  | 169 Lê Thánh Tông, TP Hạ Long, tỉnh Quảng Ninh', 1, 1),
(368, 14, -28, '2015-12-22 16:35:40', 'See spend : Phí chuyển hàng cho Chị Đỗ Thuần Phương khách onl của Bảo ', 1, 3),
(369, 15, 350, '2015-12-15 16:43:41', 'Hóa đơn số 20151215_010 |  Chị Nguyễn Hằng fb Hang Nguyen fb Bảo | online | 15  | Tòa nhà 319 63 Lê Văn Lương', 1, 1),
(370, 1, -2000, '2015-12-22 16:46:13', 'Bảo rút ', 1, 1),
(371, 10, 2000, '2015-12-22 16:46:13', 'Bảo rút ', 1, 1),
(372, 9, -26550, '2015-12-23 11:39:30', 'Trả nợ : Chị Châu | Bảo nhạp hàng lấy từ zamy. Hien. Chị thanh bên chị châu', 1, 1),
(373, 1, 2000, '2015-12-22 11:43:20', 'Tiền bán hàng trong ngày ', 1, 3),
(374, 14, -15, '2015-12-23 11:51:08', 'See spend : Mua bánh thắp hương', 1, 3),
(375, 12, 700, '2015-12-23 13:36:29', 'Hóa đơn số 20151223_003 |  Hòa bạn Bảo  | online | 12  | Xóm 6 Minh Dân Triệu Sơn Thanh Hóa', 1, 1),
(376, 1, -1300, '2015-12-23 21:49:48', 'Anh Minh rút cho tiền vay ', 1, 1),
(377, 2, 1300, '2015-12-23 21:49:48', 'Anh Minh rút cho tiền vay ', 1, 1),
(378, 9, -590, '2015-12-23 23:18:07', 'Trả nợ : Chị Châu | ', 1, 1),
(379, 1, 3000, '2015-12-23 12:25:39', 'Tiền bán hàng trong ngày ', 1, 3),
(380, 16, -400, '2015-12-24 12:26:28', 'Lầy tiền về từ bưu điện ', 1, 1),
(381, 1, 400, '2015-12-24 12:26:28', 'Lầy tiền về từ bưu điện ', 1, 1),
(382, 16, -33, '2015-12-24 12:26:54', 'Lấy tiền về từ bưu điện ', 1, 1),
(383, 14, 33, '2015-12-24 12:26:54', 'Lấy tiền về từ bưu điện ', 1, 1),
(384, 14, -65, '2015-12-24 12:27:35', 'See spend : Mua đồ thắp hương và đồ dùng vặt ', 1, 3),
(385, 9, -2800, '2015-12-24 22:57:45', 'Trả nợ : Chiến đại mỗ | Thanh toán hộ', 1, 1),
(386, 2, 1350, '2015-12-24 14:56:38', 'Tiền bán hàng trong ngày, anh Minh cầm luôn', 1, 3),
(387, 1, 3500, '2015-12-25 21:27:14', 'tiền bán hàng trong ngày ', 1, 3),
(388, 14, 300, '2015-12-25 21:27:54', 'tiền bán hàng trong ngày dư', 1, 3),
(389, 9, -2000, '2015-12-25 21:28:21', 'Anh Minh rút bên Chị Châu ', 1, 1),
(390, 2, 2000, '2015-12-25 21:28:21', 'Anh Minh rút bên Chị Châu ', 1, 1),
(391, 14, -105, '2015-12-25 21:31:54', 'See spend : Mua đồ thắp hương rằm', 1, 3),
(392, 14, -50, '2015-12-25 21:32:08', 'See spend : nạp thẻ', 1, 3),
(393, 9, -1260, '2015-12-25 21:39:23', 'Trả nợ : Chị Châu | Lấy hàng bên chị châu (20151225_002)', 1, 1),
(394, 14, -45, '2015-12-26 13:39:09', 'See spend : Mua đồ thắp hương', 1, 1),
(395, 1, 2000, '2015-12-26 20:56:03', 'Tiền bán hàng trong ngày ', 1, 3),
(396, 14, 200, '2015-12-26 20:56:23', 'Tiền bán hàng trong ngày dư ', 1, 3),
(397, 10, -363, '2015-12-26 21:22:08', 'See spend : Lấy 110 lót giầy Chị Châu', 1, 1),
(398, 9, -363, '2015-12-26 21:23:08', 'See spend : Lấy 110 lót giầy chị châu', 1, 2),
(399, 9, -550, '2015-12-26 21:48:52', 'Trả nợ : Chị Châu | Bảo lấy hôm anh chị lên chợ đồng xuân về qua', 1, 1),
(400, 9, -2125, '2015-12-27 22:00:32', 'Trả nợ : Vinh Tuyết | Chị châu thanh toán hộ. 10 đôi. lúc nhập tiền này chưa nhập mã, bảo đi đám cưới', 1, 1),
(401, 1, 2100, '2015-12-27 14:42:28', 'Tiền bán hàng trong ngày ', 1, 3),
(402, 1, 2000, '2015-12-28 21:24:43', 'tiền bán hàng trong ngày ', 1, 3),
(403, 9, -170, '2015-12-28 22:06:04', 'Trả nợ : Chiến đại mỗ | 2676', 1, 1),
(404, 9, -3550, '2015-12-28 22:06:38', 'Trả nợ : Chị Châu | lấy hàng ngày 28.12.2015', 1, 1),
(405, 9, -580, '2015-12-30 21:51:19', 'Trả nợ : Chị Châu | ', 1, 1),
(406, 1, -3225, '2015-12-27 13:25:55', 'See spend : Mua canh nam nữ và móc ', 1, 1),
(407, 1, -500, '2015-12-30 13:27:00', 'See spend : Đi đám cưới nhà cô cầm đồ ', 1, 1),
(408, 14, -20, '2015-12-29 13:27:43', 'See spend : Mua bánh gạo thắp hương', 1, 3),
(409, 14, -30, '2015-12-31 13:27:57', 'See spend : Mua bánh thắp hương', 1, 3),
(410, 1, -1400, '2015-12-31 13:30:50', 'Anh Minh rút ', 1, 1),
(411, 2, 1400, '2015-12-31 13:30:50', 'Anh Minh rút ', 1, 1),
(412, 1, 3360, '2015-12-30 13:33:18', 'Tiền bán hàng gộp 2 ngày 29 và 30 ', 1, 3),
(413, 14, -15, '2015-12-31 20:04:51', 'See spend : Mua bánh chưng thắp hương', 1, 3),
(414, 1, -1950, '2015-12-31 20:05:25', 'Anh Minh rut', 1, 1),
(415, 2, 1950, '2015-12-31 20:05:25', 'Anh Minh rut', 1, 1);

-- --------------------------------------------------------

--
-- Table structure for table `import_facture`
--

CREATE TABLE IF NOT EXISTS `import_facture` (
  `code` varchar(45) NOT NULL,
  `date` datetime NOT NULL,
  `description` varchar(1000) DEFAULT NULL,
  `provider_id` int(11) NOT NULL,
  `deadline` datetime DEFAULT NULL,
  `link` varchar(255) DEFAULT NULL,
  PRIMARY KEY (`code`),
  UNIQUE KEY `code_UNIQUE` (`code`),
  KEY `fk_import_facture_provider1_idx` (`provider_id`)
) ENGINE=InnoDB DEFAULT CHARSET=utf8;

--
-- Dumping data for table `import_facture`
--

INSERT INTO `import_facture` (`code`, `date`, `description`, `provider_id`, `deadline`, `link`) VALUES
('20151007_001', '2015-10-07 19:45:07', 'Trả lại 3 đôi', 2, '2015-10-21 19:45:07', 'img/facture/20151007_001.png'),
('20151007_002', '2015-10-07 16:19:42', 'Nhập về nhà chị châu', 3, '2015-10-21 16:19:42', 'img/facture/20151007_002.png'),
('20151024_001', '2015-10-24 09:47:27', 'Chị Châu lấy', 4, '2015-11-07 09:47:27', 'img/facture/20151024_001.png'),
('20151024_002', '2015-10-24 10:08:16', 'Mang ngày 17.10', 3, '2015-11-07 10:08:16', 'img/facture/20151024_002.png'),
('20151024_003', '2015-10-24 10:15:12', 'Chia 1 phần hóa đơn chị châu lấy từ vinh tuyết', 2, '2015-11-07 10:15:12', 'img/facture/20151024_003.png'),
('20151024_004', '2015-10-24 10:35:39', 'Nhập trực tiếp', 3, '2015-11-07 10:35:39', 'img/facture/20151024_004.png'),
('20151024_005', '2015-10-24 10:42:55', 'lon xon', 3, '2015-11-07 10:42:55', 'img/facture/20151024_005.png'),
('20151024_006', '2015-10-24 11:33:14', 'Bảo nhận riêng', 5, '2015-11-07 11:33:14', 'img/facture/20151024_006.png'),
('20151024_007', '2015-10-24 12:07:49', 'Hàng Chuyển từ shop chị Châu', 6, '2015-11-07 12:07:49', 'img/facture/20151024_007.png'),
('20151024_008', '2015-10-24 20:22:46', 'Dương mang từ 22.10 nhưng 24 mới chụp hóa đơn.', 3, '2015-11-07 20:22:46', 'img/facture/20151024_008.png'),
('20151024_009', '2015-10-24 20:27:49', 'Dương mang chiều 24.10: có cả hàng chị châu. Nhưng Hóa đơn từ giờ đã chốt riêng', 3, '2015-11-07 20:27:49', 'img/facture/20151024_009.png'),
('20151026_001', '2015-10-26 20:27:44', 'Chia cùng chị châu 1 hóa đơn 10825:7575:3250', 4, '2015-11-09 20:27:44', 'img/facture/20151026_001.png'),
('20151031_001', '2015-10-31 12:23:01', 'Chị Châu lấy hộ, mang sang và trông hàng hộ.', 3, '2015-11-14 12:23:01', 'img/facture/20151031_001.png'),
('20151101_001', '2015-11-01 23:28:52', 'Chi hoa don voi chi chau. Chị Châu đã nhập máy nhưng lại chuyển lại cho bảo.', 3, '2015-11-15 23:28:52', 'img/facture/20151101_001.png'),
('20151107_001', '2015-11-07 14:06:04', 'Anh Tuyến giao hàng ngày 3.11, giao thêm ngày 5.11, thanh toán hóa đơn và trả hàng lỗi ngày 5.11', 5, '2015-11-03 14:06:04', 'img/facture/20151107_001.png'),
('20151108_001', '2015-11-08 19:04:52', 'Bổ sung size 37, 38', 3, '2015-11-22 19:04:52', 'img/facture/20151108_001.png'),
('20151109_001', '2015-11-09 17:10:55', 'Chị Châu lấy hàng ngày 8.11', 2, '2015-11-23 17:10:55', 'img/facture/20151109_001.png'),
('20151115_001', '2015-11-15 20:18:28', 'bảo nhận hàng, mẫu nào không ưng trả lại, chưa thanh toán', 3, '2015-11-29 20:18:28', 'img/facture/20151115_001.png'),
('20151115_002', '2015-11-15 20:41:03', 'Chị Châu lấy hộ, chưa thanh toán', 3, '2015-11-29 20:41:03', 'img/facture/20151115_002.png'),
('20151115_003', '2015-11-15 20:46:05', 'Chị Châu nhập hộ, thanh toán hộ', 7, '2015-11-29 20:46:05', 'img/facture/20151115_003.png'),
('20151119_001', '2015-11-19 14:42:12', 'lấy 1 đôi của chị Châu', 3, '2015-12-03 14:42:12', 'img/facture/20151119_001.png'),
('20151119_002', '2015-11-19 14:46:36', 'Chị Châu nhập 6 dây 5 màu, Bảo lấy 3 màu', 7, '2015-12-03 14:46:36', 'img/facture/20151119_002.png'),
('20151120_001', '2015-11-20 12:53:43', 'Anh Dương mang hàng trực tiếp sang cho Bảo', 3, '2015-12-04 12:53:43', 'img/facture/20151120_001.png'),
('20151123_001', '2015-11-23 17:49:12', 'Chị Châu nhập hàng ngày 22.11 và thanh toán luôn', 2, '2015-12-07 17:49:12', 'img/facture/20151123_001.png'),
('20151123_002', '2015-11-23 20:50:03', 'Bảo nhận hàng, chưa thanh toán', 4, '2015-12-07 20:50:03', 'img/facture/20151123_002.png'),
('20151123_003', '2015-11-23 21:17:44', 'Chị Châu chuyển hàng từ dưới shop chị Châu lên', 2, '2015-12-07 21:17:44', 'img/facture/20151123_003.png'),
('20151123_004', '2015-11-23 21:18:47', 'Chị Châu chuyển hàng từ dưới nhà Chị Châu lên', 3, '2015-12-07 21:18:47', 'img/facture/20151123_004.png'),
('20151128_001', '2015-11-28 19:49:21', 'Bảo nhận hàng, chưa thanh toán tiền', 4, '2015-12-12 19:49:21', 'img/facture/20151128_001.png'),
('20151128_002', '2015-11-28 19:51:08', 'Chị Châu nhập hàng', 7, '2015-12-12 19:51:08', 'img/facture/20151128_002.png'),
('20151130_001', '2015-11-30 21:46:21', 'Lấy 1 đôi dưới anh Duệ (2662)', 3, '2015-12-14 21:46:21', 'img/facture/20151130_001.png'),
('20151204_001', '2015-12-04 11:21:55', 'Lấy dưới nhà chị Châu 1 đôi cho khách đặt', 3, '2015-12-18 11:21:55', 'img/facture/20151204_001.png'),
('20151204_002', '2015-12-04 20:41:16', 'lấy bên chị châu 1 đôi', 7, '2015-12-18 20:41:16', 'img/facture/20151204_002.png'),
('20151208_001', '2015-12-08 16:17:15', 'Chị CHâu nhập hàng', 3, '2015-12-22 16:17:15', 'img/facture/20151208_001.png'),
('20151208_002', '2015-12-08 16:41:19', 'Chưa thanh toán', 7, '2015-12-22 16:41:19', 'img/facture/20151208_002.png'),
('20151210_001', '2015-12-10 18:19:33', 'Chị Châu nhập hàng hộ Bảo', 3, '2015-12-24 18:19:33', 'img/facture/20151210_001.png'),
('20151212_001', '2015-12-12 19:13:19', 'Lấy nhà chị Châu', 2, '2015-12-26 19:13:19', 'img/facture/20151212_001.png'),
('20151214_001', '2015-12-14 18:21:33', 'Chị Châu lấy 1 đôi hôm trước hôm nay trả lại', 3, '2015-12-28 18:21:33', 'img/facture/20151214_001.png'),
('20151214_002', '2015-12-14 22:38:44', 'Lấy hàng từ nhà chị Châu', 4, '2015-12-28 22:38:44', 'img/facture/20151214_002.png'),
('20151219_001', '2015-12-19 12:42:07', 'hàng lỗi đã đưa chị Châu trả nhưng k trả đc nên lấy lại', 5, '2016-01-02 12:42:07', 'img/facture/20151219_001.png'),
('20151222_001', '2015-12-22 15:05:14', 'Lấy hàng dưới Chị Châu', 6, '2016-01-05 15:05:14', 'img/facture/20151222_001.png'),
('20151223_001', '2015-12-23 23:17:44', 'lấy 2 cái 2 mã 0114, 0115', 6, '2016-01-06 23:17:44', 'img/facture/20151223_001.png'),
('20151225_001', '2015-12-25 15:10:06', 'Lấy dưới nhà Chị Châu ngày 23.12', 6, '2016-01-08 15:10:06', 'img/facture/20151225_001.png'),
('20151225_002', '2015-12-25 15:12:52', 'Lấy dưới nhà chị châu ngày 24.12', 6, '2016-01-08 15:12:52', 'img/facture/20151225_002.png'),
('20151226_001', '2015-12-26 21:47:18', 'Lay them 2 cái', 6, '2016-01-09 21:47:18', 'img/facture/20151226_001.png'),
('20151228_001', '2015-12-28 18:17:19', 'Chị Châu nhập nhà Vinh Tuyết cùng lót giày', 6, '2016-01-11 18:17:19', 'img/facture/20151228_001.png'),
('20151228_002', '2015-12-28 21:51:11', 'Lấy hàng nhà chị Châu', 6, '2016-01-11 21:51:11', 'img/facture/20151228_002.png'),
('20151228_003', '2015-12-28 18:19:51', 'Chị Châu nhập hàng nhà Vinh Tuyết cùng lót giày', 2, '2016-01-11 18:19:51', 'img/facture/20151228_003.png'),
('20151228_004', '2015-12-28 21:55:08', 'Lấy dưới chị Châu', 7, '2016-01-11 21:55:08', 'img/facture/20151228_004.png'),
('20151228_005', '2015-12-28 18:24:53', 'Lấy hàng dưới Chị Châu', 6, '2016-01-11 18:24:53', 'img/facture/20151228_005.png'),
('20151228_006', '2015-12-28 21:14:08', 'Lấy nhà chị Châu cho chị Nga bạn a Minh', 6, '2016-01-11 21:14:08', 'img/facture/20151228_006.png'),
('20151228_007', '2015-12-28 21:59:29', '2 chân váy, trả lại 1', 6, '2016-01-11 21:59:29', 'img/facture/20151228_007.png'),
('20151230_001', '2015-12-30 21:51:06', 'lay 2 cái', 6, '2016-01-13 21:51:06', 'img/facture/20151230_001.png');

-- --------------------------------------------------------

--
-- Table structure for table `inout_type`
--

CREATE TABLE IF NOT EXISTS `inout_type` (
  `id` int(11) NOT NULL,
  `name` varchar(45) NOT NULL,
  PRIMARY KEY (`id`)
) ENGINE=InnoDB DEFAULT CHARSET=utf8;

--
-- Dumping data for table `inout_type`
--

INSERT INTO `inout_type` (`id`, `name`) VALUES
(1, 'Thêm tiền'),
(2, 'Rút tiền');

-- --------------------------------------------------------

--
-- Table structure for table `money_inout`
--

CREATE TABLE IF NOT EXISTS `money_inout` (
  `id` int(11) NOT NULL AUTO_INCREMENT,
  `shop_id` int(11) NOT NULL,
  `user_id` int(11) NOT NULL,
  `date` datetime NOT NULL,
  `amount` float NOT NULL DEFAULT '0',
  `description` varchar(255) DEFAULT NULL,
  PRIMARY KEY (`id`),
  KEY `fk_money_inout_shop1_idx` (`shop_id`),
  KEY `fk_money_inout_user1_idx` (`user_id`)
) ENGINE=InnoDB  DEFAULT CHARSET=utf8 AUTO_INCREMENT=138 ;

--
-- Dumping data for table `money_inout`
--

INSERT INTO `money_inout` (`id`, `shop_id`, `user_id`, `date`, `amount`, `description`) VALUES
(1, 1, 3, '2015-10-08 16:10:32', -70, 'lì xì cho khách'),
(2, 1, 3, '2015-10-09 15:39:00', 540, 'Để lại tiền lẻ'),
(3, 1, 3, '2015-10-10 17:17:20', 500, 'Để lại tiền lẻ'),
(4, 1, 3, '2015-10-11 12:47:09', 540, 'Để lại tiền lẻ'),
(5, 1, 3, '2015-10-12 11:29:25', 520, 'để tiền lẻ '),
(6, 1, 3, '2015-10-13 12:50:09', 519, 'để tiền lẻ'),
(7, 1, 3, '2015-10-13 12:53:18', -71, 'mua hoa quả bánh tiền vàng thắp hương mung 1'),
(8, 1, 3, '2015-10-14 11:28:24', 550, 'để tiền lẻ'),
(9, 1, 1, '2015-10-11 18:53:46', -310, 'Hóa đơn số 20151011_017 |  Chị Thơm | online | MẸ | Triệu sơn. phí 25k'),
(10, 1, 3, '2015-10-15 14:32:12', 499, 'để tiền lẻ'),
(11, 1, 3, '2015-10-16 09:36:49', 524, 'để tiền lẻ'),
(12, 1, 1, '2015-10-16 12:48:42', -300, 'Hóa đơn số 20151016_003 |  Hà Huyền bạn Bảo | online | MẸ | Hà Thị Thanh Huyền, Thọ Phú, Triệu Sơn, phí ship 12.5k'),
(13, 1, 1, '2015-10-16 12:54:04', -260, 'Hóa đơn số 20151016_004 |  Minh Thu Bạn Bảo | online | MẸ | Lê Minh Thu, Minh Dân, Triệu Sơn, phí ship 12.5k'),
(14, 1, 3, '2015-10-16 12:59:13', -25, 'phí ship hàng cho Huyển và Thu'),
(15, 1, 3, '2015-10-17 23:15:47', 546, 'để tiền lẻ'),
(16, 1, 3, '2015-10-17 23:16:04', -20, 'mua hoa thắp hương'),
(18, 1, 3, '2015-10-18 11:56:20', 530, 'tiền lẻ'),
(19, 1, 3, '2015-10-19 13:21:11', 705, 'tiền lẻ'),
(20, 1, 3, '2015-10-19 16:19:56', -50, 'mua bánh thắp hương, tỏi để shop, nước'),
(21, 1, 1, '2015-10-20 00:17:04', -300, 'Hóa đơn số 20151020_004 |  Vũ bạn Bảo | online | MẸ | Đôi da miếng xuồng cho mẹ Vũ (phí ship 25k)'),
(22, 1, 3, '2015-10-20 00:17:43', -25, 'phi ship hàng cho Vũ'),
(23, 1, 3, '2015-10-21 09:04:12', 462, 'tien le'),
(24, 1, 3, '2015-10-21 14:59:53', -60, 'Rút tiền mua chổi lau nhà'),
(25, 1, 3, '2015-10-22 10:12:46', 552, 'tien le'),
(26, 1, 3, '2015-10-22 10:13:23', -20, 'mua hoa va banh thap huong'),
(28, 1, 3, '2015-10-23 13:57:39', 552, 'tiền lẻ'),
(29, 1, 3, '2015-10-24 21:09:31', 522, 'tiền lẻ'),
(30, 1, 3, '2015-10-25 13:46:45', 535, 'tiền lẻ'),
(31, 1, 3, '2015-10-26 11:58:16', 550, 'tiền lẻ'),
(32, 1, 3, '2015-10-26 11:58:33', -25, 'mua hoa và quả thắp hương'),
(33, 1, 3, '2015-10-27 15:44:00', 518, 'tiền lẻ'),
(34, 1, 3, '2015-10-27 15:44:30', -42, 'Mua đồ thắp hương rằm'),
(35, 1, 3, '2015-10-28 10:25:26', 561, 'tiền lẻ'),
(36, 1, 3, '2015-10-29 10:37:16', 520, 'tiền lẻ'),
(37, 1, 3, '2015-10-29 10:39:30', -17, 'Mua hoa ly '),
(38, 1, 3, '2015-10-30 10:57:48', -16, 'Mua táo thắp hương'),
(39, 1, 3, '2015-10-30 10:58:09', 543, 'tiền lẻ'),
(40, 1, 3, '2015-10-31 20:12:59', 542, 'tiền lẻ'),
(41, 1, 3, '2015-11-01 10:59:43', -12, 'mua táo'),
(42, 1, 3, '2015-11-01 11:00:09', 576, 'tiền lẻ'),
(43, 1, 1, '2015-11-01 11:20:41', -270, 'Hóa đơn số 20151101_002 |  Chị Đỗ Thuần Phương khách onl của Bảo | online | BẢO | 169 Lê Thánh Tông tp Hạ Long tỉnh Quảng Ninh, phí ship 32k'),
(44, 1, 3, '2015-11-01 11:22:02', -32, 'phí ship hàng cho chị Đỗ Thuần Phương lần 1'),
(45, 1, 1, '2015-11-01 11:24:40', -575, 'Hóa đơn số 20151101_003 |  Chị Đỗ Thuần Phương khách onl của Bảo | online | BẢO | Phí ship hàng lần 2 là 43k/2 đôi'),
(46, 1, 3, '2015-11-01 11:25:57', -43, 'Phi ship hàng cho chị Đỗ Thuần Phương lần 2/ 2 đôi'),
(47, 1, 1, '2015-11-01 11:29:37', -300, 'Hóa đơn số 20151101_004 |  Em Nguyễn Thị Bích Thảo khách onl của Bảo | online | Châu | ĐC: Phòng Công An xã Xuân Quang 3 huyện Đồng Xuân, tỉnh Phú Yên, phí ship 45000'),
(48, 1, 3, '2015-11-01 11:30:11', -45, 'Phí ship hàng cho em Nguyễn Thị Bích Thảo'),
(49, 1, 3, '2015-11-02 15:05:14', -39, 'đổi nước và mua bánh gạo thắp hương'),
(50, 1, 3, '2015-11-02 15:15:21', 924, 'tiền từ hôm qua không rút để lại luôn'),
(51, 1, 3, '2015-11-03 19:20:40', 663, 'tiền lẻ'),
(52, 1, 3, '2015-11-04 12:52:28', 494, 'tiền lẻ'),
(53, 1, 3, '2015-11-05 16:37:53', 524, 'tiền lẻ'),
(54, 1, 1, '2015-11-05 18:37:06', -260, 'Hóa đơn số 20151105_005 |  Em Trần Thị Minh Thương | online | BẢO | Cty vsip Bắc ninh, số 1 hữu nghị kcn Vsip bắc ninh, phù chẩn , từ sơn, bắc ninh - Phí ship 35k '),
(55, 1, 3, '2015-11-05 18:39:01', -35, 'phí ship hàng đi bắc ninh cho em Trần Thị Minh Thương'),
(56, 1, 3, '2015-11-05 18:39:37', -35, 'Mua hoa và táo'),
(57, 1, 1, '2015-11-05 18:44:01', -262, 'Hóa đơn số 20151105_006 |  Chị Đỗ Thuần Phương khách onl của Bảo | online | BẢO | Phí ship hàng lần 3 là 53k'),
(58, 1, 3, '2015-11-05 18:45:35', -53, 'phí ship hàng lần 3 cho chị Đỗ Thuần Phương'),
(59, 1, 3, '2015-11-06 11:20:03', 514, 'tiên lẻ'),
(60, 1, 3, '2015-11-06 20:32:36', -20, 'mua giấy gói hàng'),
(61, 1, 3, '2015-11-07 13:32:34', 824, 'tiền lẻ'),
(62, 1, 1, '2015-11-07 14:31:42', -300, 'Hóa đơn số 20151107_003 |  Chị Đinh Thị Loan | online | Châu | Thôn An Cư 1, xã Đức Xương, huyện Gia Lộc, tỉnh Hải Dương. Phí ship 43k'),
(63, 1, 1, '2015-11-07 14:35:08', -580, 'Hóa đơn số 20151107_004 |  Quỳnh Maruko bạn Bảo | online | BẢO | Đặng Đức Giang, thôn Sỏi, Quảng Thanh, Thủy Nguyên, Hải Phòng. Phí ship 18k'),
(64, 1, 1, '2015-11-07 14:37:53', -600, 'Hóa đơn số 20151107_005 |  Chị Đỗ Thuần Phương khách onl của Bảo | online | BẢO | Phí ship hàng lần 4 là 18k'),
(65, 1, 3, '2015-11-07 14:38:39', -79, 'phí ship hàng cho chị Đỗ Thuần Phương, Quỳnh Maruko và chị Đinh Thị Loan'),
(66, 1, 3, '2015-11-08 10:33:29', 770, 'tiền lẻ'),
(67, 1, 3, '2015-11-09 17:18:41', 490, 'tiền lẻ'),
(68, 1, 3, '2015-11-10 10:52:58', 490, 'tiền lẻ'),
(69, 1, 3, '2015-11-11 11:55:08', 540, 'tiền lẻ'),
(70, 1, 3, '2015-11-12 17:08:23', 500, 'tiền lẻ'),
(71, 1, 3, '2015-11-13 15:01:40', 483, 'tiền lẻ'),
(72, 1, 3, '2015-11-14 14:56:46', 448, 'tien le'),
(73, 1, 3, '2015-11-15 11:40:50', 533, 'tiền lẻ'),
(74, 1, 3, '2015-11-16 00:04:47', 565, 'tiền lẻ'),
(75, 1, 2, '2015-11-17 11:19:18', 340, 'thêm tiền lẻ'),
(76, 1, 3, '2015-11-18 10:51:41', 535, 'tiền lẻ'),
(77, 1, 3, '2015-11-19 20:55:55', 575, 'tiền lẻ'),
(78, 1, 3, '2015-11-20 21:50:19', 425, 'tiền lẻ'),
(79, 1, 3, '2015-11-21 12:31:56', 730, 'tiền từ hôm qua chuyển sang'),
(80, 1, 3, '2015-11-22 22:13:25', 585, 'tiền lẻ'),
(81, 1, 3, '2015-11-23 23:25:18', 415, 'tiền lẻ'),
(82, 1, 3, '2015-11-24 23:37:28', 560, 'tiền lẻ'),
(83, 1, 1, '2015-11-24 10:56:51', -265, 'Hóa đơn số 20151124_002 |  Linh Giang bạn Bảo  | online | MẸ | Triệu Sơn - Thanh Hóa'),
(84, 1, 3, '2015-11-25 22:11:01', 530, 'tiền lẻ'),
(85, 1, 1, '2015-11-25 14:40:43', -280, 'Hóa đơn số 20151125_001 |  Chị Đỗ Thuần Phương khách onl của Bảo | online | VIETINBANK BAO | 169 Lê Thánh Tông, tp Hạ Long, tỉnh Quảng Ninh'),
(86, 1, 3, '2015-11-26 21:08:29', 585, 'tiền lẻ'),
(87, 1, 3, '2015-11-27 18:12:09', 885, 'tiền lẻ hôm qua để lại luôn'),
(89, 1, 3, '2015-11-28 22:57:17', 555, 'tiền lẻ'),
(90, 1, 1, '2015-11-28 18:29:17', -400, 'Hóa đơn số 20151128_007 |  Chị Hoàng Thị Tường Vy  | online | COD bưu điện  | 189 Đinh Tiên Hoàng, phường Tự An, TP Buôn Ma Thuột, tỉnh Đăk Lăk'),
(92, 1, 3, '2015-11-29 23:27:59', 725, 'tiền lẻ'),
(93, 1, 3, '2015-11-30 22:05:29', 575, 'tiền lẻ'),
(94, 1, 3, '2015-12-01 22:18:06', 745, 'tiền lẻ'),
(95, 1, 3, '2015-12-02 12:52:55', 535, 'tiền lẻ'),
(96, 1, 3, '2015-12-03 22:54:18', 525, 'tiền lẻ'),
(97, 1, 3, '2015-12-04 22:46:11', 565, 'tiền lẻ'),
(98, 1, 3, '2015-12-05 22:51:06', 515, 'tiền lẻ'),
(99, 1, 1, '2015-12-05 17:51:52', -290, 'Hóa đơn số 20151205_008 |  Thùy Linh bạn Bảo | online | VIETINBANK BAO | 23 Phan Bội Châu, Ba Đình, TP Thanh Hóa'),
(100, 1, 3, '2015-12-06 00:32:49', 450, 'tiền lẻ'),
(101, 1, 3, '2015-12-07 22:51:06', 400, 'tiền lẻ'),
(102, 1, 3, '2015-12-08 13:33:53', 720, 'tiền lẻ'),
(103, 1, 3, '2015-12-09 23:15:38', 630, 'tiền lẻ'),
(104, 1, 3, '2015-12-10 11:02:38', 500, 'thêm tiền'),
(105, 1, 3, '2015-12-11 00:31:52', 680, 'tiền lẻ'),
(106, 1, 3, '2015-12-12 15:51:13', 460, 'tiền lẻ'),
(107, 1, 1, '2015-12-12 16:04:09', -520, 'Hóa đơn số 20151212_003 |  Em Nguyễn Thúy khách onl của Bảo | online | VIETINBANK BAO | Thị trấn Dân Lực Triệu Sơn'),
(108, 1, 1, '2015-12-12 23:59:44', -510, 'Hóa đơn số 20151212_010 |  Chị Vân Anh | online | Anh Minh | Số 2, ngách 2/49 Định Công Thượng'),
(109, 1, 3, '2015-12-13 00:14:09', 500, 'tiền lẻ'),
(110, 1, 3, '2015-12-14 23:21:56', 645, 'tiền lẻ'),
(111, 1, 3, '2015-12-15 23:01:20', 575, 'tiền lẻ'),
(113, 1, 1, '2015-12-15 23:22:10', -420, 'Hóa đơn số 20151215_008 |  Chị Nguyễn Hằng fb Hang Nguyen fb Bảo | online | VIETINBANK BAO | Tòa nhà 319 63 Lê Văn Lương'),
(114, 1, 3, '2015-12-16 23:27:50', 545, 'tiền lẻ'),
(115, 1, 3, '2015-12-17 13:15:41', 585, 'tiền lẻ'),
(116, 1, 3, '2015-12-18 14:11:22', 595, 'tiền lẻ'),
(117, 1, 3, '2015-12-19 12:52:46', 555, 'tiền lẻ'),
(118, 1, 3, '2015-12-20 21:05:51', 555, 'tiền lẻ'),
(119, 1, 3, '2015-12-22 13:43:07', 555, 'tiền lẻ'),
(121, 1, 1, '2015-12-12 15:28:24', -356, 'Hóa đơn số 20151212_012 A Minh lấy ( )'),
(124, 1, 1, '2015-12-22 16:27:49', -335, 'Hóa đơn số 20151222_004 Bảo lấy ( )'),
(125, 1, 1, '2015-12-22 16:35:06', -950, 'Hóa đơn số 20151222_005 |  Chị Đỗ Thuần Phương khách onl của Bảo | online | VIETINBANK BAO | 169 Lê Thánh Tông, TP Hạ Long, tỉnh Quảng Ninh'),
(126, 1, 1, '2015-12-15 16:43:41', -350, 'Hóa đơn số 20151215_010 |  Chị Nguyễn Hằng fb Hang Nguyen fb Bảo | online | VIETINBANK BAO | Tòa nhà 319 63 Lê Văn Lương'),
(127, 1, 3, '2015-12-23 11:48:12', 440, 'tiền lẻ'),
(128, 1, 1, '2015-12-23 13:36:29', -700, 'Hóa đơn số 20151223_003 |  Hòa bạn Bảo  | online | MẸ | Xóm 6 Minh Dân Triệu Sơn Thanh Hóa'),
(129, 1, 3, '2015-12-24 12:28:06', 430, 'tiền lẻ'),
(130, 1, 3, '2015-12-25 14:57:08', 340, 'tiền lẻ'),
(131, 1, 3, '2015-12-26 21:28:43', 536, 'tiền lẻ'),
(133, 1, 3, '2015-12-27 21:26:37', 711, 'tiền lẻ'),
(134, 1, 3, '2015-12-28 14:43:51', 341, 'tiền lẻ'),
(135, 1, 3, '2015-12-29 21:25:00', 466, 'tiền lẻ'),
(136, 1, 3, '2015-12-31 13:32:03', 326, 'tiền lẻ'),
(137, 1, 3, '2015-12-30 13:36:38', 1756, 'tiền bán hàng ngày 29 để lại k rút ');

-- --------------------------------------------------------

--
-- Table structure for table `news`
--

CREATE TABLE IF NOT EXISTS `news` (
  `id` int(11) NOT NULL AUTO_INCREMENT,
  `description` varchar(1000) DEFAULT NULL,
  `date` datetime DEFAULT NULL,
  `shop_id` int(11) NOT NULL,
  `user_id` int(11) NOT NULL,
  PRIMARY KEY (`id`),
  KEY `fk_news_shop1_idx` (`shop_id`),
  KEY `fk_news_user1_idx` (`user_id`)
) ENGINE=InnoDB  DEFAULT CHARSET=utf8 AUTO_INCREMENT=13 ;

--
-- Dumping data for table `news`
--

INSERT INTO `news` (`id`, `description`, `date`, `shop_id`, `user_id`) VALUES
(5, 'Còn một đôi mã 0040 Thảo(hd) mua chưa nhập do chưa có mã trong hệ thống', '2015-10-11 12:43:50', 1, 3),
(6, 'Còn một đôi mã 0040 Thảo(hd) mua chưa nhập do chưa có mã trong hệ thống', '2015-10-11 12:43:51', 1, 3),
(7, 'Còn một đôi mã 0040 Thảo(hd) mua chưa nhập do chưa có mã trong hệ thống', '2015-10-11 12:43:53', 1, 3),
(8, 'Ngày 20/10, 1 đôi mã 2519(290 sale còn 230) chưa nhập C Ngọc(đuôi 672)', '2015-10-12 12:57:10', 1, 3),
(9, 'Ngày 12/10: Chị Huyền(0914894934): 2522+2519: 480k\n', '2015-10-12 21:23:55', 1, 3),
(10, 'Ngày 12/10: 2410:288k(3 chị em sv)', '2015-10-12 21:24:33', 1, 3),
(11, 'Ngày 15/10: bán mã 2519: 290k->230k', '2015-10-15 14:32:44', 1, 3),
(12, 'Ngày 15/10: bán mã 2519: 290k->230k', '2015-10-15 14:32:48', 1, 3);

-- --------------------------------------------------------

--
-- Table structure for table `product`
--

CREATE TABLE IF NOT EXISTS `product` (
  `code` varchar(16) NOT NULL,
  `name` varchar(245) NOT NULL,
  `category_id` int(11) NOT NULL,
  `season_id` int(11) NOT NULL,
  `sex_id` int(11) NOT NULL,
  `export_price` float NOT NULL,
  `description` varchar(1000) DEFAULT NULL,
  `brand_id` int(11) NOT NULL,
  `sale` float NOT NULL DEFAULT '0',
  `link` varchar(255) DEFAULT NULL,
  PRIMARY KEY (`code`),
  UNIQUE KEY `code_UNIQUE` (`code`),
  KEY `fk_product_product_type1_idx` (`category_id`),
  KEY `fk_product_season1_idx` (`season_id`),
  KEY `fk_product_sex1_idx` (`sex_id`),
  KEY `fk_product_brand1_idx` (`brand_id`)
) ENGINE=InnoDB DEFAULT CHARSET=utf8;

--
-- Dumping data for table `product`
--

INSERT INTO `product` (`code`, `name`, `category_id`, `season_id`, `sex_id`, `export_price`, `description`, `brand_id`, `sale`, `link`) VALUES
('0001', 'Giầy nữ cao cấp  16628-6-GNT', 2, 4, 1, 550, '', 1, 0, 'img/product/0001.png'),
('0002', 'Giầy nữ cao cấp  16201-3-GNT', 1, 4, 1, 500, 'Cao cấp ()', 1, 0, 'img/product/0002.png'),
('0003', 'Giầy nữ cao cấp  16518-10-GNT', 1, 4, 1, 525, '', 1, 0, 'img/product/0003.png'),
('0004', 'Giầy nữ cao cấp  A5099-GN', 1, 4, 1, 650, '', 1, 0, 'img/product/0004.png'),
('0005', 'Giầy nữ cao cấp  102-152-GNT', 1, 4, 1, 525, '', 1, 0, 'img/product/0005.png'),
('0006', 'Giầy nữ cao cấp  161992-GNH', 1, 4, 1, 600, '', 1, 0, 'img/product/0006.png'),
('0007', 'Giầy nữ cao cấp  1511518-GNH', 1, 4, 1, 750, '', 1, 0, 'img/product/0007.png'),
('0008', 'Giầy nữ cao cấp  8553-GND', 1, 4, 1, 650, '', 1, 0, 'img/product/0008.png'),
('0009', 'Giầy nữ cao cấp  85-2-GLNC', 1, 4, 1, 330, '', 1, 0, 'img/product/0009.png'),
('0010', 'Giầy nữ VNXK HP 327-GNTT', 1, 4, 1, 325, '', 1, 0, 'img/product/0010.png'),
('0011', 'Giầy nữ VNXK 876-GNP', 1, 4, 1, 330, '', 1, 0, 'img/product/0011.png'),
('0012', 'Giầy nữ da miếng HA7116-GNAC', 1, 4, 1, 360, '', 1, 0, 'img/product/0012.png'),
('0013', 'Giầy nữ da miếng LA-18-GN', 1, 4, 1, 350, '', 1, 0, 'img/product/0013.png'),
('0014', 'Giầy nữ da miếng QT18-GNLA', 1, 4, 1, 350, '', 1, 0, 'img/product/0014.png'),
('0015', 'Giầy nữ da miếng QT19-GNLA', 1, 4, 1, 350, '', 1, 0, 'img/product/0015.png'),
('0016', 'Giầy nữ da miếng LA-19-GN', 1, 4, 1, 350, '', 1, 0, 'img/product/0016.png'),
('0017', 'Giầy nữ da miếng LA-22-GNLA', 1, 4, 1, 350, '', 1, 0, 'img/product/0017.png'),
('0018', 'Giầy nữ VNXK 2235-95', 2, 4, 1, 290, '', 1, 0, 'img/product/0018.png'),
('0019', 'Giầy nữ VNXK 140-908', 2, 4, 1, 295, '', 1, 0, 'img/product/0019.png'),
('0020', 'Giầy nữ VNXK 1593-GE', 2, 4, 1, 350, '', 1, 0, 'img/product/0020.png'),
('0022', 'Giầy nữ VNXK D002', 2, 4, 1, 350, '', 1, 0, 'img/product/0022.png'),
('0023', 'Giầy nữ VNXK D002_4', 2, 4, 1, 360, '', 1, 0, 'img/product/0023.png'),
('0024', 'Giầy nữ VNXK D002_1', 2, 4, 1, 350, '', 1, 0, 'img/product/0024.png'),
('0025', 'Giầy nữ VNXK 8174', 2, 4, 1, 350, '', 1, 0, 'img/product/0025.png'),
('0026', 'Giầy nữ VNXK V0025N-1', 2, 4, 1, 320, '', 1, 0, 'img/product/0026.png'),
('0027', 'Giầy nữ VNXK KH0025', 2, 4, 1, 295, '', 1, 0, 'img/product/0027.png'),
('0028', 'Giầy nữ VNXK Bal nhọn', 2, 4, 1, 300, '', 1, 0, 'img/product/0028.png'),
('0029', 'Giầy nữ VNXK HTP01', 2, 4, 1, 295, '', 1, 0, 'img/product/0029.png'),
('0030', 'Giầy nữ VNXK 0906N-1', 2, 4, 1, 290, '', 1, 0, 'img/product/0030.png'),
('0031', 'Giầy nữ VNXK 1068', 2, 4, 1, 360, '', 1, 0, 'img/product/0031.png'),
('0032', 'Giầy nữ VNXK 1069', 2, 4, 1, 360, '', 1, 0, 'img/product/0032.png'),
('0033', 'Giầy nữ VNXK 1502N-4', 2, 4, 1, 295, '', 1, 0, 'img/product/0033.png'),
('0034', 'Giầy nữ VNXK 2235-58', 2, 4, 1, 290, '', 1, 0, 'img/product/0034.png'),
('0035', 'Giầy nữ VNXK AT14', 2, 4, 1, 320, '', 1, 0, 'img/product/0035.png'),
('0036', 'Giầy nữ VNXK AT15', 2, 4, 1, 320, '', 1, 0, 'img/product/0036.png'),
('0037', 'Giầy nữ VNXK AT18', 2, 4, 1, 320, '', 1, 0, 'img/product/0037.png'),
('0038', 'Giầy nữ VNXK AT107', 2, 4, 1, 320, '', 1, 0, 'img/product/0038.png'),
('0039', 'Giầy nữ VNXK 190-04', 2, 4, 1, 290, '', 1, 0, 'img/product/0039.png'),
('0040', 'Giầy nữ VNXK cao 9p đế kép louboutin', 1, 4, 1, 340, '', 1, 0, 'img/product/0040.png'),
('0041', 'Giầy nữ đế xuồng da miếng 7p P_27', 2, 4, 1, 395, '', 1, 0, 'img/product/0041.png'),
('0042', 'Giầy nữ da miếng đế xuồng 3p LA 22', 2, 4, 1, 350, '', 1, 0, 'img/product/0042.png'),
('0043', 'Giầy nữ F.NIR đen nơ loại số 2', 2, 4, 1, 330, '', 1, 0, 'img/product/0043.png'),
('0044', 'Giầy nữ đế vuông 3p mũi tròn nơ', 2, 4, 1, 340, '', 1, 0, 'img/product/0044.png'),
('0045', 'Giầy nữ đế trụ 5p trơn', 2, 4, 1, 320, '', 1, 0, 'img/product/0045.png'),
('0046', 'Giầy gót nhọn 5p ZARA BASIC AD08', 2, 4, 1, 300, '', 1, 0, 'img/product/0046.png'),
('0047', 'Giầy da miếng moka trơn 1068', 2, 4, 1, 360, '', 1, 0, 'img/product/0047.png'),
('0048', 'Giầy da miếng bánh mỳ mũi nhọn 2106', 2, 4, 1, 360, '', 1, 0, 'img/product/0048.png'),
('0049', 'Giầy gót nhọn 5p nơ kép 2235', 1, 4, 1, 300, '', 1, 0, 'img/product/0049.png'),
('0050', 'Giầy da bóng gót nhọn kim loại 7p 911N01', 1, 4, 1, 320, '', 1, 0, 'img/product/0050.png'),
('0051', 'Giầy da mờ gót vuông 3p nơ tết lụa', 1, 4, 1, 295, '', 1, 0, 'img/product/0051.png'),
('0052', 'Giầy VNXK merris 5p nơ bóng', 1, 4, 1, 330, '', 1, 0, 'img/product/0052.png'),
('0053', 'Giầy cao đế kép 5p ZARA', 1, 4, 1, 350, '', 1, 0, 'img/product/0053.png'),
('0054', 'Giầy VNXK Merris múi 5p trơn', 1, 4, 1, 330, '', 1, 0, 'img/product/0054.png'),
('0055', 'Giầy cao gót 5p da miếng', 1, 4, 1, 360, '', 1, 0, 'img/product/0055.png'),
('0056', 'Giầy lười da miếng may viền SAVATO 1068 (2376)', 1, 4, 1, 360, '', 1, 0, 'img/product/0056.png'),
('0057', 'Giầy da miếng gót vuông 3p (2410)', 1, 4, 1, 360, '', 1, 0, 'img/product/0057.png'),
('0058', 'Giầy gót vuông 3p nơ xích zalong (2519)', 1, 4, 1, 290, '', 1, 0, 'img/product/0058.png'),
('0059', 'Giầy bệt versac chống xước (2522)', 1, 4, 1, 310, '', 1, 0, 'img/product/0059.png'),
('0060', 'Giầy da xi gót nhọn nơ thắt nút 5p (2483)', 1, 4, 1, 295, '', 1, 0, 'img/product/0060.png'),
('0061', 'Giầy da bóng gót 11p đế kép zalong HP299(2374)', 1, 4, 1, 360, '', 1, 0, 'img/product/0061.png'),
('0062', 'Giầy cao đế kép louboutin(2381)', 1, 4, 1, 360, '', 1, 0, 'img/product/0062.png'),
('0063', 'Giầy VNXK COCO DIVA đế xuồng(2213)', 1, 4, 1, 345, '', 1, 0, 'img/product/0063.png'),
('0064', 'Giầy da lộn họa tiết lá (2467)', 1, 4, 1, 300, '', 1, 0, 'img/product/0064.png'),
('0065', 'Giầy gót nhọn 5p nơ to đính đá da mờ(2525)', 1, 4, 1, 295, '', 1, 0, 'img/product/0065.png'),
('0066', 'Giầy cao cấp K156383 GN (2534)', 1, 4, 1, 630, '', 1, 0, 'img/product/0066.png'),
('0067', 'Giầy cao cấp 051-2-GNLC(2537)', 1, 4, 1, 350, '', 1, 0, 'img/product/0067.png'),
('0068', 'Giầy cao cấp 06 - 02 GNLC(2535)', 1, 4, 1, 350, '', 1, 0, 'img/product/0068.png'),
('0069', 'Giầy nữ gót nhọn 3p KP1020 GNPX (2529)', 1, 4, 1, 320, '', 1, 0, 'img/product/0069.png'),
('0070', 'Giầy da bóng gót vuông 2p có nơ zalong (2366)', 1, 4, 1, 295, '', 1, 0, 'img/product/0070.png'),
('0071', 'Giầy da lộn họa tiết xoắn (2468)', 1, 4, 1, 300, '', 1, 0, 'img/product/0071.png'),
('0072', 'Giầy da lộn gót vuông 4p SOLE', 2, 4, 1, 320, '', 1, 0, 'img/product/0072.png'),
('0073', 'Giầy da lộn gót kim loại 7p nơ C&K', 2, 4, 1, 320, '', 1, 0, 'img/product/0073.png'),
('0074', 'Giầy da thật mũi tròn trơn 1p', 2, 4, 1, 360, '', 1, 0, 'img/product/0074.png'),
('0075', 'Giầy cao gót ALDO nơ 7p da mờ CG12', 2, 4, 1, 290, '', 2, 0, 'img/product/0075.png'),
('0076', 'Giầy cao gót ALDO gót vuông 5p nơ CQ29', 2, 4, 1, 295, '', 1, 0, 'img/product/0076.png'),
('0077', 'Bốt ngắn 3F da mờ', 3, 4, 1, 445, '', 1, 0, 'img/product/0077.png'),
('0078', 'Bốt ngắn tán đinh', 1, 4, 1, 450, '', 1, 0, 'img/product/0078.png'),
('0079', 'Giày da lộn 9p Uni', 1, 4, 1, 350, '', 1, 20, 'img/product/0079.png'),
('0080', 'Giầy da xi 3p Uni', 1, 4, 1, 320, '', 1, 20, 'img/product/0080.png'),
('0081', 'Giầy 6p gót đũa Skylight (2676)', 1, 4, 1, 335, '', 1, 20, 'img/product/0081.png'),
('0082', 'Giày da miếng xuồng 3p nơ YSL', 1, 4, 1, 350, '', 1, 0, 'img/product/0082.png'),
('0083', 'Giày bệt đột vân Alaca', 1, 4, 1, 220, '', 1, 0, 'img/product/0083.png'),
('0084', 'Giày gót vuông 3p lưỡi gà', 1, 4, 1, 290, '', 1, 0, 'img/product/0084.png'),
('0085', 'Giày gót vuông 4p da lộn', 1, 4, 1, 315, '', 1, 0, 'img/product/0085.png'),
('0086', 'Giày Skylight 9p', 1, 4, 1, 335, '', 1, 0, 'img/product/0086.png'),
('0087', 'Giày da bóng gót 2p Morris', 1, 4, 1, 320, '', 1, 0, 'img/product/0087.png'),
('0088', 'Giày gót vuông 3p nơ Ferragamour', 1, 4, 1, 330, '', 1, 0, 'img/product/0088.png'),
('0089', 'Giày đế xuồng da thật', 1, 4, 1, 330, '', 1, 0, 'img/product/0089.png'),
('0090', 'Giày đế đúp gót son 9p', 1, 4, 1, 340, '', 1, 0, 'img/product/0090.png'),
('0091', 'Giày bệt da thật', 1, 4, 1, 335, '', 1, 0, 'img/product/0091.png'),
('0092', 'Giày bệt đột vân Alaca nơ loại 2', 1, 4, 1, 220, '', 1, 0, 'img/product/0092.png'),
('0093', 'Giày Rednex 6p gót đũa', 1, 4, 1, 335, '', 1, 0, 'img/product/0093.png'),
('0094', 'Giày Quảng Châu cao cấp lót xanh', 1, 4, 1, 575, '', 1, 0, 'img/product/0094.png'),
('0095', 'Giày da miếng đế xuồng 7p trơn P24', 1, 4, 1, 395, '', 1, 0, 'img/product/0095.png'),
('0096', 'Giày da miếng đế xuồng 5p nơ giáo LA28', 1, 4, 1, 350, '', 1, 0, 'img/product/0096.png'),
('0097', 'Giày cao gót 5p Kaleea da mờ CG29', 1, 4, 1, 295, '', 1, 0, 'img/product/0097.png'),
('0098', 'Giày cao gót Dior 9p CG59', 1, 4, 1, 315, '', 1, 0, 'img/product/0098.png'),
('0099', 'Giày cao gót Louboutin 9p chỉ khâu CG60', 1, 4, 1, 315, '', 1, 0, 'img/product/0099.png'),
('0100', 'Giày cao gót 5p Vagabond nơ chữ nhất', 1, 4, 1, 295, '', 1, 0, 'img/product/0100.png'),
('0101', 'Giầy Kaleea 7p khoét cạnh', 1, 4, 1, 295, '', 1, 0, 'img/product/0101.png'),
('0102', 'Giầy 7p nơ Chanel', 1, 4, 1, 295, '', 1, 0, 'img/product/0102.png'),
('0103', 'Giầy Kaleea 7p mặt người', 1, 4, 1, 315, '', 1, 0, 'img/product/0103.png'),
('0104', 'Giày Kaleea 7p da bóng gót vuông', 1, 4, 1, 315, '', 1, 0, 'img/product/0104.png'),
('0105', 'Giày Skylight 3p', 1, 4, 1, 335, '', 1, 0, 'img/product/0105.png'),
('0106', 'Giày da xi gót vuông 5p Zara', 1, 4, 1, 295, '', 1, 0, 'img/product/0106.png'),
('0107', 'Giày bệt da miếng nơ Savato', 1, 4, 1, 349, '', 1, 0, 'img/product/0107.png'),
('0108', 'Bốt cổ ngắn 7p Uni', 1, 4, 1, 494, '', 1, 0, 'img/product/0108.png'),
('0109', 'Bốt cổ ngắn có quai 9p', 1, 4, 1, 484, '', 1, 0, 'img/product/0109.png'),
('0110', 'Bốt cổ ngắn d lộn Zara', 1, 4, 1, 494, '', 1, 0, 'img/product/0110.png'),
('0111', 'Giầy 7p đế đúp 150255M', 1, 4, 1, 329, '', 1, 0, 'img/product/0111.png'),
('0112', 'Áo phao nữ BSK cổ lệch 2756', 1, 4, 1, 500, '', 1, 0, 'img/product/0112.png'),
('0113', 'Áo phao nữ BSK cổ tàu 2757', 1, 4, 1, 450, '', 1, 0, 'img/product/0113.png'),
('0114', 'Áo phao béo Aber chấm bi 2626', 1, 4, 1, 595, '', 1, 0, 'img/product/0114.png'),
('0115', 'Áo phao nữ cuộn Zara 2737', 1, 4, 1, 500, '', 1, 0, 'img/product/0115.png'),
('0116', 'Áo phao nam siêu nhẹ xuất dư 2760', 1, 4, 1, 650, '', 1, 0, 'img/product/0116.png'),
('0117', 'Áo phao nữ BSK xuất dư 2758', 1, 4, 1, 560, '', 1, 0, 'img/product/0117.png'),
('0118', 'Áo phao nữ BSK siêu nhẹ có mũ 2761', 1, 4, 1, 495, '', 1, 0, 'img/product/0118.png'),
('0119', 'Áo phao nữ BSK mũ 2765', 1, 4, 1, 550, '', 1, 0, 'img/product/0119.png'),
('0120', 'Áo phao cuộn siêu nhẹ nam 2644', 1, 4, 1, 695, '', 1, 0, 'img/product/0120.png'),
('0121', 'Áo phao cổ bèo Chị Châu 1862', 1, 4, 1, 400, '', 1, 0, 'img/product/0121.png'),
('0122', 'Áo phao nam lông vũ xả 2740', 1, 4, 1, 395, '', 1, 0, 'img/product/0122.png'),
('0123', 'Áo phao TE trần trám xuất dư 2718', 1, 4, 1, 240, '', 1, 0, 'img/product/0123.png'),
('0124', 'Áo len TE cổ lọ 2753', 1, 4, 1, 150, '', 1, 0, 'img/product/0124.png'),
('0125', 'Giày da miếng đế xuồng Victoria', 1, 4, 1, 350, '', 1, 0, 'img/product/0125.png'),
('0126', 'Giày da miếng đế xuồng nơ lá F.Nir', 1, 4, 1, 350, '', 1, 0, 'img/product/0126.png'),
('0127', 'Áo phao nữ Aber cuộn túi dáng dài (2780)', 1, 4, 1, 650, '', 1, 0, 'img/product/0127.png'),
('0128', 'Chân váy công sở tuyết mưa xếp ly 2 bên (2454)', 4, 4, 1, 250, '', 1, 0, 'img/product/0128.png');

-- --------------------------------------------------------

--
-- Table structure for table `product_deviation`
--

CREATE TABLE IF NOT EXISTS `product_deviation` (
  `product_code` varchar(16) NOT NULL,
  `quantity` float NOT NULL DEFAULT '0',
  `date` datetime DEFAULT NULL,
  `description` varchar(245) DEFAULT NULL,
  KEY `fk_product_deviation_product1_idx` (`product_code`)
) ENGINE=InnoDB DEFAULT CHARSET=utf8;

-- --------------------------------------------------------

--
-- Table structure for table `product_import`
--

CREATE TABLE IF NOT EXISTS `product_import` (
  `id` int(11) NOT NULL AUTO_INCREMENT,
  `product_code` varchar(16) NOT NULL,
  `import_facture_code` varchar(45) NOT NULL,
  `quantity` int(11) NOT NULL,
  `import_price` float NOT NULL,
  PRIMARY KEY (`id`),
  KEY `fk_product_import_product1_idx` (`product_code`),
  KEY `fk_product_import_import_facture1_idx` (`import_facture_code`)
) ENGINE=InnoDB  DEFAULT CHARSET=utf8 AUTO_INCREMENT=167 ;

--
-- Dumping data for table `product_import`
--

INSERT INTO `product_import` (`id`, `product_code`, `import_facture_code`, `quantity`, `import_price`) VALUES
(1, '0001', '20151007_001', 8, 305),
(2, '0002', '20151007_001', 10, 291),
(3, '0003', '20151007_001', 3, 299),
(4, '0004', '20151007_001', 9, 374),
(5, '0005', '20151007_001', 5, 304),
(6, '0006', '20151007_001', 5, 343),
(7, '0007', '20151007_001', 5, 424),
(8, '0008', '20151007_001', 5, 365),
(9, '0009', '20151007_001', 10, 196),
(10, '0010', '20151007_001', 10, 185),
(11, '0011', '20151007_001', 10, 190),
(12, '0012', '20151007_001', 5, 215),
(13, '0013', '20151007_001', 5, 210),
(14, '0014', '20151007_001', 5, 210),
(15, '0015', '20151007_001', 5, 210),
(16, '0016', '20151007_001', 5, 210),
(17, '0017', '20151007_001', 5, 210),
(18, '0018', '20151007_002', 15, 160),
(19, '0019', '20151007_002', 15, 165),
(20, '0020', '20151007_002', 10, 205),
(21, '0039', '20151007_002', 20, 160),
(22, '0022', '20151007_002', 10, 200),
(23, '0023', '20151007_002', 15, 210),
(24, '0024', '20151007_002', 25, 205),
(25, '0025', '20151007_002', 15, 205),
(26, '0026', '20151007_002', 10, 170),
(27, '0027', '20151007_002', 15, 165),
(28, '0028', '20151007_002', 15, 170),
(29, '0029', '20151007_002', 10, 165),
(30, '0030', '20151007_002', 20, 160),
(31, '0031', '20151007_002', 20, 215),
(32, '0032', '20151007_002', 15, 225),
(33, '0033', '20151007_002', 25, 165),
(34, '0034', '20151007_002', 25, 160),
(35, '0035', '20151007_002', 15, 170),
(36, '0036', '20151007_002', 15, 170),
(37, '0037', '20151007_002', 10, 170),
(38, '0038', '20151007_002', 10, 170),
(39, '0040', '20151024_001', 15, 190),
(40, '0019', '20151024_002', 5, 165),
(41, '0041', '20151024_003', 5, 235),
(42, '0042', '20151024_003', 5, 210),
(43, '0043', '20151024_003', 5, 185),
(44, '0044', '20151024_003', 5, 190),
(45, '0045', '20151024_003', 5, 175),
(46, '0046', '20151024_004', 15, 165),
(47, '0047', '20151024_004', 5, 215),
(48, '0048', '20151024_004', 5, 210),
(49, '0049', '20151024_005', 15, 160),
(50, '0050', '20151024_005', 10, 175),
(51, '0051', '20151024_005', 15, 165),
(52, '0048', '20151024_005', 5, 210),
(53, '0052', '20151024_006', 10, 175),
(54, '0053', '20151024_006', 10, 180),
(55, '0054', '20151024_006', 10, 175),
(56, '0055', '20151024_006', 15, 215),
(57, '0056', '20151024_007', 15, 215),
(58, '0057', '20151024_007', 10, 230),
(59, '0058', '20151024_007', 20, 160),
(60, '0059', '20151024_007', 15, 150),
(61, '0060', '20151024_007', 15, 165),
(62, '0061', '20151024_007', 5, 210),
(63, '0062', '20151024_007', 5, 215),
(64, '0063', '20151024_007', 1, 210),
(65, '0064', '20151024_007', 1, 170),
(66, '0065', '20151024_007', 15, 165),
(67, '0066', '20151024_007', 4, 371),
(68, '0067', '20151024_007', 5, 190),
(69, '0068', '20151024_007', 5, 195),
(70, '0069', '20151024_007', 15, 180),
(71, '0070', '20151024_007', 7, 175),
(72, '0071', '20151024_007', 9, 170),
(73, '0072', '20151024_008', 15, 175),
(74, '0073', '20151024_008', 15, 170),
(75, '0074', '20151024_009', 5, 205),
(76, '0075', '20151026_001', 10, 160),
(77, '0076', '20151026_001', 10, 165),
(78, '0032', '20151031_001', 5, 225),
(79, '0077', '20151101_001', 15, 255),
(80, '0078', '20151101_001', 10, 265),
(81, '0079', '20151107_001', 10, 195),
(82, '0080', '20151107_001', 5, 175),
(83, '0081', '20151107_001', 15, 180),
(84, '0023', '20151108_001', 3, 210),
(85, '0016', '20151109_001', 5, 210),
(86, '0082', '20151109_001', 5, 210),
(87, '0083', '20151109_001', 10, 90),
(88, '0084', '20151115_001', 15, 155),
(89, '0085', '20151115_001', 25, 165),
(90, '0030', '20151115_001', 15, 155),
(91, '0073', '20151115_002', 5, 175),
(92, '0086', '20151115_003', 10, 175),
(93, '0087', '20151115_003', 10, 175),
(94, '0081', '20151115_003', 5, 175),
(95, '0079', '20151115_003', 5, 185),
(96, '0073', '20151119_001', 1, 175),
(97, '0088', '20151119_002', 15, 180),
(98, '0089', '20151120_001', 10, 170),
(99, '0090', '20151120_001', 9, 175),
(100, '0091', '20151120_001', 25, 155),
(101, '0092', '20151123_001', 5, 90),
(102, '0093', '20151123_001', 15, 175),
(103, '0094', '20151123_001', 3, 301),
(104, '0095', '20151123_001', 5, 230),
(105, '0096', '20151123_001', 5, 210),
(106, '0083', '20151123_001', 10, 90),
(107, '0007', '20151123_001', 3, 419),
(108, '0097', '20151123_002', 10, 165),
(109, '0098', '20151123_002', 10, 165),
(110, '0099', '20151123_002', 15, 165),
(111, '0076', '20151123_002', 14, 165),
(112, '0100', '20151123_003', 13, 165),
(113, '0059', '20151123_004', 4, 150),
(114, '0101', '20151128_001', 15, 165),
(115, '0102', '20151128_001', 10, 165),
(116, '0103', '20151128_001', 15, 170),
(117, '0104', '20151128_001', 10, 170),
(118, '0105', '20151128_002', 15, 170),
(119, '0081', '20151128_002', 15, 170),
(120, '0085', '20151130_001', 1, 165),
(121, '0090', '20151204_001', 1, 175),
(122, '0088', '20151204_002', 1, 180),
(123, '0106', '20151208_001', 15, 165),
(124, '0107', '20151208_001', 10, 205),
(125, '0108', '20151208_002', 10, 280),
(126, '0109', '20151210_001', 10, 285),
(127, '0110', '20151210_001', 10, 295),
(128, '0111', '20151210_001', 15, 170),
(129, '0074', '20151210_001', 10, 200),
(130, '0014', '20151212_001', 1, 210),
(131, '0074', '20151214_001', 1, 200),
(132, '0076', '20151214_002', 1, 165),
(133, '0053', '20151219_001', 1, 180),
(134, '0112', '20151222_001', 17, 230),
(135, '0113', '20151222_001', 9, 200),
(136, '0114', '20151222_001', 19, 350),
(137, '0115', '20151222_001', 7, 240),
(138, '0116', '20151222_001', 4, 270),
(139, '0117', '20151222_001', 3, 275),
(140, '0118', '20151222_001', 5, 185),
(141, '0119', '20151222_001', 6, 230),
(142, '0120', '20151222_001', 3, 330),
(143, '0121', '20151222_001', 6, 350),
(144, '0122', '20151222_001', 29, 180),
(145, '0123', '20151222_001', 1, 140),
(146, '0124', '20151222_001', 1, 80),
(147, '0114', '20151223_001', 1, 350),
(148, '0115', '20151223_001', 1, 240),
(151, '0115', '20151225_002', 1, 240),
(152, '0119', '20151225_002', 2, 230),
(153, '0095', '20151225_002', 1, 230),
(154, '0120', '20151225_002', 1, 330),
(155, '0117', '20151226_001', 2, 275),
(158, '0127', '20151228_002', 8, 370),
(159, '0125', '20151228_003', 5, 210),
(160, '0126', '20151228_003', 5, 215),
(161, '0081', '20151228_004', 1, 170),
(162, '0119', '20151228_005', 1, 230),
(163, '0119', '20151228_006', 1, 230),
(164, '0128', '20151228_007', 1, 130),
(165, '0114', '20151230_001', 1, 350),
(166, '0119', '20151230_001', 1, 230);

-- --------------------------------------------------------

--
-- Table structure for table `product_return`
--

CREATE TABLE IF NOT EXISTS `product_return` (
  `id` int(11) NOT NULL AUTO_INCREMENT,
  `product_code` varchar(16) NOT NULL,
  `quantity` int(11) NOT NULL,
  `date` datetime DEFAULT NULL,
  `description` varchar(245) DEFAULT NULL,
  `provider_id` int(11) NOT NULL,
  `return_price` float NOT NULL DEFAULT '0',
  PRIMARY KEY (`id`),
  KEY `fk_product_return_provider1_idx` (`provider_id`)
) ENGINE=InnoDB  DEFAULT CHARSET=utf8 AUTO_INCREMENT=38 ;

--
-- Dumping data for table `product_return`
--

INSERT INTO `product_return` (`id`, `product_code`, `quantity`, `date`, `description`, `provider_id`, `return_price`) VALUES
(1, '0011', 1, '2015-10-22 21:51:53', 'Lỗi 21.10.15', 2, 190),
(2, '0015', 1, '2015-10-22 21:51:53', 'Lỗi 21.10.15', 2, 210),
(3, '0020', 1, '2015-10-22 21:51:53', 'Lỗi 21.10.15', 3, 205),
(4, '0039', 1, '2015-10-22 21:51:53', 'Lỗi 21.10.15', 3, 160),
(5, '0039', 2, '2015-10-22 21:52:36', 'Lỗi 10.10.15', 3, 160),
(6, '0031', 1, '2015-10-22 21:52:36', 'Lỗi 10.10.15', 3, 215),
(7, '0060', 14, '2015-10-26 00:41:44', 'Trả lại Chị Châu', 6, 165),
(8, '0043', 1, '2015-11-02 22:28:03', 'Lỗi ', 2, 185),
(9, '0061', 4, '2015-11-05 00:28:36', 'trả cho châu bán', 6, 210),
(10, '0062', 5, '2015-11-05 00:28:36', 'trả cho châu bán', 6, 215),
(11, '0053', 1, '2015-11-07 14:09:52', 'Lỗi xước và keo', 5, 180),
(12, '0020', 1, '2015-11-11 11:29:04', 'Lỗi keo dán', 3, 205),
(13, '0057', 1, '2015-11-11 11:51:43', 'Lỗi 10.10.2015', 6, 230),
(14, '0044', 5, '2015-11-11 22:01:38', 'Chuyển chị châu', 2, 190),
(15, '0040', 5, '2015-11-11 22:01:38', 'Chuyển chị châu', 4, 190),
(16, '0033', 10, '2015-11-11 22:01:38', 'Trả', 3, 165),
(17, '0034', 22, '2015-11-11 22:01:38', 'Trả', 3, 160),
(18, '0022', 10, '2015-11-11 22:01:38', 'Lỗi ', 3, 200),
(19, '0028', 1, '2015-11-11 22:25:07', 'Lỗi ', 3, 170),
(20, '0019', 1, '2015-11-11 22:25:07', 'Lỗi ', 3, 165),
(21, '0085', 1, '2015-11-17 10:49:08', 'Lỗi dính mực ', 3, 165),
(22, '0026', 1, '2015-11-20 12:58:00', 'Lỗi bạc màu', 3, 170),
(23, '0019', 2, '2015-11-20 12:58:00', 'Lỗi bạc màu và xước', 3, 165),
(24, '0051', 11, '2015-11-28 19:07:28', 'Lỗi ', 3, 165),
(25, '0058', 13, '2015-11-28 19:07:28', 'Lỗi ', 6, 160),
(26, '0059', 15, '2015-11-28 19:07:28', 'Lỗi ', 3, 150),
(27, '0098', 10, '2015-12-01 18:59:19', 'Lỗi ', 4, 165),
(28, '0102', 10, '2015-12-01 18:59:19', 'Lỗi ', 4, 165),
(29, '0103', 15, '2015-12-01 18:59:19', 'Lỗi ', 4, 170),
(30, '0053', 1, '2015-12-07 18:51:21', 'Lỗi - Chuyển chị Châu trả hàng ', 5, 180),
(31, '0078', 10, '2015-12-07 18:51:21', 'Chuyển chị Châu', 3, 265),
(32, '0074', 1, '2015-12-12 23:44:31', 'Lỗi ', 3, 205),
(33, '0031', 1, '2015-12-14 18:17:44', 'Lỗi đưa C châu trả', 3, 215),
(34, '0085', 1, '2015-12-14 18:17:44', 'Lỗi đưa c châu trả', 3, 165),
(35, '0092', 1, '2015-12-14 18:17:44', 'Lỗi đưa c châu trả', 2, 90),
(36, '0109', 1, '2015-12-18 21:44:30', 'Lỗi ', 3, 285),
(37, '0112', 1, '2015-12-22 19:31:33', 'Lỗi màu hồng bị bẩn phía sau Bảo trả lại', 6, 230);

-- --------------------------------------------------------

--
-- Table structure for table `property`
--

CREATE TABLE IF NOT EXISTS `property` (
  `id` int(11) NOT NULL AUTO_INCREMENT,
  `date` date NOT NULL,
  `amount` float NOT NULL DEFAULT '0',
  `ket` float DEFAULT '0',
  `loan` float DEFAULT '0',
  `fund` float DEFAULT '0',
  `store` float DEFAULT '0',
  `debt` float DEFAULT '0',
  PRIMARY KEY (`id`)
) ENGINE=InnoDB  DEFAULT CHARSET=utf8 AUTO_INCREMENT=29 ;

--
-- Dumping data for table `property`
--

INSERT INTO `property` (`id`, `date`, `amount`, `ket`, `loan`, `fund`, `store`, `debt`) VALUES
(1, '2015-10-25', 108608, 12500, 41275, 24827, 124801, 255),
(2, '2015-10-26', 110455, 14200, 32750, 26502, 116448, 255),
(3, '2015-10-28', 109825, 15800, 22533, 16945, 115128, 285),
(4, '2015-10-30', 110290, 8600, 22533, 19745, 112793, 285),
(5, '2015-10-31', 111328, 10600, 22533, 21745, 111831, 285),
(6, '2015-11-05', 111621, 11900, 26698, 23693, 114341, 285),
(7, '2015-11-07', 111163, 15500, 26698, 28430, 109146, 285),
(8, '2015-11-10', 110422, 11000, 27513, 25700, 111950, 285),
(9, '2015-11-15', 101073, 9500, 12618, 15769, 97637, 285),
(10, '2015-11-16', 100568, 9500, 22268, 10469, 112082, 285),
(11, '2015-11-18', 100016, 12000, 22103, 13029, 108805, 285),
(12, '2015-11-21', 103261, 13500, 28928, 14809, 117095, 285),
(13, '2015-11-23', 104715, 12500, 28928, 18764, 114594, 285),
(14, '2015-11-25', 105600, 7000, 29013, 2404, 131924, 285),
(15, '2015-11-29', 107339, 6050, 42488, 14234, 135308, 285),
(16, '2015-11-30', 108525, 7000, 42488, 17184, 133544, 285),
(17, '2015-12-03', 110588, 7500, 20343, 6369, 124277, 285),
(18, '2015-12-06', 107497, 4235, 20698, 6519, 121391, 285),
(19, '2015-12-07', 112007, 10000, 20698, 13284, 119136, 285),
(20, '2015-12-08', 103752, 2500, 17868, 5539, 115796, 285),
(21, '2015-12-10', 100116, 4500, 19913, -21, 119765, 285),
(22, '2015-12-11', 100570, 6500, 29243, 2264, 127264, 285),
(23, '2015-12-13', 102219, 11500, 29038, 7041, 123931, 285),
(24, '2015-12-16', 104515, 17100, 29953, 14026, 120157, 285),
(25, '2015-12-17', 103506, 17100, 29953, 14026, 119148, 285),
(26, '2015-12-18', 104521, 7000, 29953, 16171, 118018, 285),
(27, '2015-12-26', 99624, 10100, 27048, -4016, 128848, 1840),
(28, '2015-12-29', 100888, 16200, 27048, -4882, 130978, 1840);

-- --------------------------------------------------------

--
-- Table structure for table `provider`
--

CREATE TABLE IF NOT EXISTS `provider` (
  `id` int(11) NOT NULL AUTO_INCREMENT,
  `name` varchar(45) NOT NULL,
  `tel` varchar(16) NOT NULL,
  `address` varchar(245) DEFAULT NULL,
  `description` varchar(245) DEFAULT NULL,
  `date` datetime DEFAULT NULL,
  PRIMARY KEY (`id`)
) ENGINE=InnoDB  DEFAULT CHARSET=utf8 AUTO_INCREMENT=9 ;

--
-- Dumping data for table `provider`
--

INSERT INTO `provider` (`id`, `name`, `tel`, `address`, `description`, `date`) VALUES
(2, 'Vinh Tuyết', '0913077448', 'Hàng Thùng', 'Hàng thùng', '2015-10-04 22:25:52'),
(3, 'Dương', '01666082922', 'Cầu Giấy', '', '2015-10-07 23:04:59'),
(4, 'METRONIC VIET NAM', '0948387993', 'Hào Nam, sau nhạc viện hà nội', '043.211.52.37/0948.387.993. Mrs. Lê', '2015-10-24 09:44:06'),
(5, 'Tuyến', '0904123322', 'Ngã Tư sở', '', '2015-10-24 11:32:53'),
(6, 'Chị Châu', '0966807709', 'Số 3 Lê Văn Lương Vạn Phúc Hà Đông Hà Nội', '', '2015-10-24 11:35:38'),
(7, 'Chiến đại mỗ', '0936374347', 'Đại mỗ', 'rẻ', '2015-11-15 20:21:59'),
(8, 'Chị Thanh', '0466638998', '135 Trần Đại Nghĩa', 'Hàng xả', '2015-12-12 23:26:01');

-- --------------------------------------------------------

--
-- Table structure for table `provider_paid`
--

CREATE TABLE IF NOT EXISTS `provider_paid` (
  `id` int(11) NOT NULL AUTO_INCREMENT,
  `provider_id` int(11) NOT NULL,
  `amount` float NOT NULL,
  `date` datetime NOT NULL,
  `description` varchar(245) DEFAULT NULL,
  PRIMARY KEY (`id`),
  KEY `fk_provider_paid_provider1_idx` (`provider_id`)
) ENGINE=InnoDB  DEFAULT CHARSET=utf8 AUTO_INCREMENT=40 ;

--
-- Dumping data for table `provider_paid`
--

INSERT INTO `provider_paid` (`id`, `provider_id`, `amount`, `date`, `description`) VALUES
(1, 2, 28830, '2015-10-04 22:27:27', 'Hóa đơn 28830. | 2:28096 | 9:734 | 2:0 | '),
(2, 3, 35000, '2015-10-08 22:56:05', ' | 2:35000 | 2:0 | 2:0 | '),
(3, 3, 10000, '2015-10-12 23:55:04', 'Rút 10M từ tiền gửi anh Minh còn lại trả dương 10M | 2:10000 | 2:0 | 2:0 | '),
(4, 4, 2850, '2015-10-24 09:48:40', 'Lấy tiền nhà Châu trả | 1:2850 | 2:0 | 2:0 | '),
(5, 2, 4573, '2015-10-24 10:59:23', '1 hóa đơn vinh tuyết chia 2 bên. Chị Châu thanh toán hết | 9:4573 | 2:0 | 2:0 | '),
(6, 6, 27294, '2015-10-24 12:17:23', 'Hàng Chau thanh toán Hộ Anh Minh | 9:27294 | 2:0 | 2:0 | '),
(7, 5, 8525, '2015-10-25 14:39:17', 'đã thanh toán hết | 1:8500 | 13:25 | 2:0 | '),
(8, 6, -2310, '2015-10-26 00:42:37', 'Trả lại 14 đôi 2483 cho Chị Châu | 9:-2310 | 2:0 | 2:0 | '),
(9, 3, 13467, '2015-10-26 00:50:31', 'Tiền chị châu đã dùng hết chuyển sang trả Dương | 9:13467 | 2:0 | 2:0 | '),
(10, 4, 3250, '2015-10-31 23:19:44', 'Chị Châu trả hết hóa đơn tổng. | 9:3250 | 2:0 | 2:0 | '),
(11, 6, -1915, '2015-11-05 00:29:08', 'trả 0061, 0062 cho chị châu | 9:-1915 | 2:0 | 2:0 | '),
(12, 5, 5345, '2015-11-07 14:13:50', 'Thanh toán ngày 5.11, thanh toán luôn 635k cho hóa đơn cảu Chị Châu | 1:5345 | 2:0 | 2:0 | '),
(13, 2, 2815, '2015-11-08 22:39:27', 'Thanh toán hóa đơn hộ bảo | 9:2815 | 2:0 | 2:0 | '),
(14, 2, -950, '2015-11-11 22:43:55', '0044 chuyển sang nhà chị châu 5 đôi | 9:-950 | 2:0 | 2:0 | '),
(15, 4, -950, '2015-11-11 22:44:28', '0040 chuyển lên chị châu 5 đôi | 9:-950 | 2:0 | 2:0 | '),
(16, 6, -230, '2015-11-11 22:44:51', 'Hàng trả lại chị châu | 9:-230 | 2:0 | 2:0 | '),
(17, 3, 7185, '2015-11-11 22:55:15', 'Phần tiền còn lại của bảo bên chị châu là 7185 coi như chuyển sang thanh toán cho Dương. bảo và chị châu hết nợ | 9:7185 | 2:0 | 2:0 | '),
(18, 7, 5300, '2015-11-15 20:46:43', ' | 9:5300 | 2:0 | 2:0 | '),
(19, 7, 2700, '2015-11-19 22:33:41', 'Chị Châu thanh toán hộ | 9:2700 | 2:0 | 2:0 | '),
(20, 2, 8350, '2015-11-23 17:28:33', ' | 9:8335 | 13:15 | 2:0 | '),
(21, 2, -15, '2015-11-23 17:54:23', ' | 13:-15 | 2:0 | 2:0 | '),
(22, 2, 2145, '2015-11-23 21:20:17', ' | 9:2145 | 2:0 | 2:0 | '),
(23, 3, 600, '2015-11-23 21:22:12', ' | 9:600 | 2:0 | 2:0 | '),
(24, 3, 8000, '2015-11-23 21:23:35', 'Bảo chuyển cho chị Châu để thanh toán nợ cho Anh Dương sáng 23.11 | 1:08000 | 2:0 | 2:0 | '),
(25, 3, -4065, '2015-11-28 19:28:05', ' | 9:-4065 | 2:0 | 2:0 | '),
(27, 6, -2080, '2015-11-28 22:15:36', 'Lấy lại phần hàng bảo chuyển cho chị châu | 9:-2080 | 2:0 | 2:0 | '),
(28, 4, 16460, '2015-11-30 16:37:06', 'Vay Chị Châu 12 triệu thanh toán tiền, Anh Khánh nhận hộ | 1:4475 | 9:12000 | 13:-15 | '),
(29, 7, 5280, '2015-12-08 22:24:33', 'Chị Châu thanh toán hộ | 9:5280 | 2:0 | 2:0 | '),
(30, 2, 210, '2015-12-12 19:13:32', ' | 9:210 | 2:0 | 2:0 | '),
(31, 6, 26550, '2015-12-23 09:04:13', 'Bảo nhạp hàng lấy từ zamy. Hien. Chị thanh bên chị châu | 1:26550 | 2:0 | 2:0 | '),
(32, 6, 590, '2015-12-23 23:18:07', ' | 9:590 | 2:0 | 2:0 | '),
(33, 7, 2800, '2015-12-24 22:57:44', 'Thanh toán hộ | 9:2800 | 2:0 | 2:0 | '),
(34, 6, 1260, '2015-12-25 21:39:23', 'Lấy hàng bên chị châu (20151225_002) | 1:0 | 9:1260 | 2:0 | '),
(35, 6, 550, '2015-12-26 21:48:52', 'Bảo lấy hôm anh chị lên chợ đồng xuân về qua | 9:550 | 2:0 | 2:0 | '),
(36, 2, 2125, '2015-12-27 22:00:32', 'Chị châu thanh toán hộ. 10 đôi. lúc nhập tiền này chưa nhập mã, bảo đi đám cưới | 9:2125 | 2:0 | 2:0 | '),
(37, 7, 170, '2015-12-28 22:06:04', '2676 | 1:0 | 9:170 | 2:0 | '),
(38, 6, 3550, '2015-12-28 22:06:38', 'lấy hàng ngày 28.12.2015 | 1:0 | 9:3550 | 2:0 | '),
(39, 6, 580, '2015-12-30 21:51:19', ' | 9:580 | 2:0 | 2:0 | ');

-- --------------------------------------------------------

--
-- Table structure for table `provider_paid_fund_change_histo`
--

CREATE TABLE IF NOT EXISTS `provider_paid_fund_change_histo` (
  `id` int(11) NOT NULL AUTO_INCREMENT,
  `fund_change_histo_id` int(11) NOT NULL,
  `provider_paid_id` int(11) NOT NULL,
  PRIMARY KEY (`id`),
  KEY `fk_provider_paid_fund_change_fund_change_histo1_idx` (`fund_change_histo_id`),
  KEY `fk_provider_paid_fund_change_provider_paid1_idx` (`provider_paid_id`)
) ENGINE=InnoDB  DEFAULT CHARSET=utf8 AUTO_INCREMENT=45 ;

--
-- Dumping data for table `provider_paid_fund_change_histo`
--

INSERT INTO `provider_paid_fund_change_histo` (`id`, `fund_change_histo_id`, `provider_paid_id`) VALUES
(1, 16, 1),
(2, 17, 1),
(3, 36, 2),
(4, 55, 3),
(5, 86, 4),
(6, 87, 5),
(7, 90, 6),
(8, 93, 7),
(9, 94, 7),
(10, 96, 8),
(11, 97, 9),
(12, 106, 10),
(13, 124, 11),
(14, 139, 12),
(15, 156, 13),
(16, 170, 14),
(17, 171, 15),
(18, 172, 16),
(19, 173, 17),
(20, 189, 18),
(21, 204, 19),
(22, 214, 20),
(23, 215, 20),
(24, 216, 21),
(25, 217, 22),
(26, 218, 23),
(27, 219, 24),
(28, 240, 25),
(30, 243, 27),
(31, 253, 28),
(32, 254, 28),
(33, 255, 28),
(34, 292, 29),
(35, 308, 30),
(36, 372, 31),
(37, 378, 32),
(38, 385, 33),
(39, 393, 34),
(40, 399, 35),
(41, 400, 36),
(42, 403, 37),
(43, 404, 38),
(44, 405, 39);

-- --------------------------------------------------------

--
-- Table structure for table `role`
--

CREATE TABLE IF NOT EXISTS `role` (
  `id` int(11) NOT NULL AUTO_INCREMENT,
  `name` varchar(8) NOT NULL,
  `description` varchar(255) NOT NULL,
  PRIMARY KEY (`id`)
) ENGINE=InnoDB  DEFAULT CHARSET=utf8 AUTO_INCREMENT=4 ;

--
-- Dumping data for table `role`
--

INSERT INTO `role` (`id`, `name`, `description`) VALUES
(1, 'admin', 'Quản Trị'),
(2, 'editor', 'Nhập Liệu'),
(3, 'employee', 'Nhân Viên');

-- --------------------------------------------------------

--
-- Table structure for table `season`
--

CREATE TABLE IF NOT EXISTS `season` (
  `id` int(11) NOT NULL AUTO_INCREMENT,
  `start_time` date NOT NULL,
  `end_time` date NOT NULL,
  `name` varchar(45) NOT NULL,
  PRIMARY KEY (`id`)
) ENGINE=InnoDB  DEFAULT CHARSET=utf8 AUTO_INCREMENT=5 ;

--
-- Dumping data for table `season`
--

INSERT INTO `season` (`id`, `start_time`, `end_time`, `name`) VALUES
(1, '2014-01-01', '2014-03-31', 'SPRING'),
(2, '2014-04-01', '2014-06-30', 'SUMMER'),
(3, '2014-07-01', '2014-09-30', 'AUTUMN'),
(4, '2014-10-01', '2014-12-31', 'WINTER');

-- --------------------------------------------------------

--
-- Table structure for table `sex`
--

CREATE TABLE IF NOT EXISTS `sex` (
  `id` int(11) NOT NULL,
  `name` varchar(6) NOT NULL DEFAULT 'woman',
  PRIMARY KEY (`id`)
) ENGINE=InnoDB DEFAULT CHARSET=utf8;

--
-- Dumping data for table `sex`
--

INSERT INTO `sex` (`id`, `name`) VALUES
(1, 'WOMAN'),
(2, 'MAN');

-- --------------------------------------------------------

--
-- Table structure for table `shop`
--

CREATE TABLE IF NOT EXISTS `shop` (
  `id` int(11) NOT NULL AUTO_INCREMENT,
  `name` varchar(32) NOT NULL,
  `address` varchar(256) DEFAULT NULL,
  `date` datetime DEFAULT NULL,
  PRIMARY KEY (`id`)
) ENGINE=InnoDB  DEFAULT CHARSET=utf8 AUTO_INCREMENT=3 ;

--
-- Dumping data for table `shop`
--

INSERT INTO `shop` (`id`, `name`, `address`, `date`) VALUES
(1, 'shop1', '19 Vạn phúc Hà Đông Hà Nội', '2015-06-12 22:38:34'),
(2, 'shop2', 'Số 3 Lê Văn Lương - Vạn Phúc', '2015-06-12 22:38:34');

-- --------------------------------------------------------

--
-- Table structure for table `spend`
--

CREATE TABLE IF NOT EXISTS `spend` (
  `id` int(11) NOT NULL AUTO_INCREMENT,
  `spend_category_id` int(11) NOT NULL,
  `amount` float NOT NULL DEFAULT '0',
  `user_id` int(11) NOT NULL,
  `description` varchar(245) DEFAULT NULL,
  `date` datetime DEFAULT NULL,
  `spend_for_id` int(11) NOT NULL,
  `spend_type_id` int(11) NOT NULL,
  PRIMARY KEY (`id`),
  KEY `fk_spend_spend_category1_idx` (`spend_category_id`),
  KEY `fk_spend_user1_idx` (`user_id`),
  KEY `fk_spend_spend_for1_idx` (`spend_for_id`),
  KEY `fk_spend_spend_type1_idx` (`spend_type_id`)
) ENGINE=InnoDB  DEFAULT CHARSET=utf8 AUTO_INCREMENT=148 ;

--
-- Dumping data for table `spend`
--

INSERT INTO `spend` (`id`, `spend_category_id`, `amount`, `user_id`, `description`, `date`, `spend_for_id`, `spend_type_id`) VALUES
(1, 1, 2160, 1, 'Mua thanh ray, thanh đỡ kính (Anh Minh   Anh Duệ)', '2015-10-01 00:29:00', 2, 2),
(2, 1, 34, 1, 'Mua đồ thắp hương', '2015-10-02 00:29:00', 2, 1),
(3, 1, 50, 2, 'Mua thêm 2 thanh ray', '2015-10-02 00:17:10', 2, 1),
(4, 1, 60, 1, 'Tiền ốc vít', '2015-10-01 02:21:35', 2, 1),
(5, 1, 4000, 1, 'laptop dell', '2015-10-03 11:15:04', 2, 1),
(6, 1, 2000, 1, 'Mua 100m led lắp cửa hàng', '2015-10-04 13:46:21', 2, 1),
(7, 1, 480, 2, 'Mua ghế', '2015-10-05 15:57:00', 2, 1),
(8, 1, 180, 2, 'Sớ đi phủ tây hồ', '2015-10-06 15:31:58', 2, 1),
(9, 1, 500, 2, 'Đưa bảo', '2015-10-06 15:31:58', 2, 1),
(10, 1, 220, 2, 'Mua lễ đi phủ', '2015-10-06 15:31:58', 2, 1),
(11, 1, 30, 2, 'Mua hoa', '2015-10-06 15:31:58', 2, 1),
(12, 1, 100, 2, 'Tiền lẻ đi lễ', '2015-10-06 15:31:58', 2, 1),
(13, 1, 500, 2, 'Đưa bảo', '2015-10-07 15:39:25', 2, 1),
(14, 1, 105, 2, 'Mua máy tính, sổ bút', '2015-10-07 15:39:25', 2, 1),
(15, 1, 200, 2, 'Tiền 2 nhân viên', '2015-10-07 15:39:25', 2, 1),
(16, 1, 25, 1, 'Bình nước', '2015-10-07 15:41:41', 2, 1),
(17, 1, 350, 1, 'Đi chợ sáng mua gà. ... khai trương', '2015-10-08 02:52:32', 2, 1),
(18, 1, 550, 2, 'Châu đi mua lễ thắp hương (hoa quả, bánh, hương vàng túi đựng tiền)', '2015-10-08 15:54:47', 2, 1),
(19, 1, 200, 2, 'Đưa bảo trả lại cho khách hôm khai trương', '2015-10-08 15:54:47', 2, 1),
(20, 1, 60, 2, 'Tiền lẻ thắp hương', '2015-10-08 15:54:47', 2, 1),
(21, 1, 600, 2, 'Tiền phong bao lì xì', '2015-10-08 15:54:47', 2, 1),
(22, 1, 1300, 1, 'Chi mua đồ điện: Quạt trần, 3 bóng đôi, các phụ kiện điện', '2015-10-09 16:17:14', 2, 1),
(23, 1, 5000, 1, 'Ứng trước 5m tiền gương kính', '2015-10-09 16:17:14', 2, 1),
(24, 1, 120, 4, 'Mua chuột cho bảo', '2015-10-10 21:57:06', 2, 1),
(25, 1, 160, 4, 'Mua 2 súng bắn giá cho bảo', '2015-10-10 21:57:06', 2, 1),
(26, 1, 220, 4, 'Mua access point lắp wifi', '2015-10-11 23:56:04', 2, 1),
(27, 1, 157, 1, 'Lot thuong truoc 5x3.5, lot thuong sau 20x3.5, silicon 10x 7.0', '2015-10-13 23:43:41', 2, 1),
(28, 1, 700, 3, 'Mua thảm', '2015-10-13 18:50:01', 2, 1),
(29, 1, 71, 3, 'đồ thắp hương', '2015-10-13 18:50:01', 2, 1),
(30, 1, 25, 3, 'SHIP FEE', '2015-10-11 18:55:25', 2, 1),
(31, 1, 5445, 4, 'Lắp camera', '2015-10-14 22:18:24', 2, 1),
(32, 1, 70, 3, 'tiền lì xì mở hàng', '2015-10-08 22:57:02', 2, 1),
(33, 1, 25, 3, 'phí ship hàng cho Thu   Huyền', '2015-10-16 12:55:15', 2, 1),
(35, 1, 20, 3, 'mua hoa thắp hương', '2015-10-17 23:19:26', 2, 1),
(36, 1, 1650, 3, 'mua bàn quầy', '2015-10-17 23:21:13', 2, 1),
(37, 1, 1890, 1, 'In túi bóng và mua giấy cuộn', '2015-10-18 22:25:34', 2, 1),
(38, 1, 50, 3, 'Mua bánh thắp hương, muaỉ toỉ để cửa hàng, mua nước', '2015-10-19 16:14:03', 2, 1),
(39, 1, 25, 3, 'phí ship hàng cho Vũ', '2015-10-20 00:18:08', 2, 1),
(40, 1, 60, 3, 'mua choi lau', '2015-10-21 22:55:00', 2, 1),
(41, 1, 20, 3, 'mua banh va hoa thap huong', '2015-10-22 22:35:28', 2, 1),
(43, 1, 10, 3, 'Mua lựu thắp hương', '2015-10-26 15:52:53', 2, 1),
(44, 1, 540, 4, 'tiền quảng cáo facebook (HSBC của A Duệ)', '2015-10-31 09:06:14', 2, 1),
(45, 1, 42, 3, 'bánh, tiền vàng, hoa thắp hương rằm', '2015-10-27 11:07:18', 2, 1),
(46, 1, 17, 3, 'mua hoa ly', '2015-10-29 11:07:54', 2, 1),
(47, 1, 16, 3, 'mua táo', '2015-10-30 11:08:16', 2, 1),
(48, 1, 12, 1, 'mua táo', '2015-11-01 11:08:36', 2, 1),
(49, 1, 32, 3, 'phí ship hàng cho chị Đỗ Thuần Phương lần 1', '2015-11-01 11:21:35', 2, 1),
(50, 1, 43, 3, 'Phí ship hàng cho Chị Đỗ THuần Phương lần 2', '2015-11-01 11:25:32', 2, 1),
(51, 1, 45, 3, 'Phí ship hàng cho em Nguyễn Thị Bích Thảo', '2015-11-01 11:30:33', 2, 1),
(52, 1, 39, 3, 'đổi nước, mua bánh gạo thắp hương', '2015-11-02 15:04:30', 2, 1),
(53, 1, 200, 3, 'tăng like   comment  share fb', '2015-11-03 22:34:39', 2, 1),
(54, 1, 165, 4, 'Quảng cáo facebook (thẻ HSBC anh Duệ)', '2015-11-03 23:28:06', 2, 1),
(55, 1, 35, 3, 'Phí ship hàng đi Bắc Ninh cho em Trần Thị Minh Thương', '2015-11-05 18:37:40', 2, 1),
(56, 1, 53, 3, 'Phí ship hàng lần 3 cho chị Đỗ Thuần Phương', '2015-11-05 18:44:43', 2, 1),
(59, 1, 20, 3, 'Mua giấy gói hàng', '2015-11-06 13:41:39', 2, 1),
(60, 1, 430, 3, 'thanh toán tiền điện, nước, nét tháng 10.2015', '2015-11-05 13:42:41', 2, 1),
(61, 1, 35, 3, 'mua táo, hoa ', '2015-11-05 13:43:54', 2, 1),
(62, 1, 43, 3, 'Phí ship hàng cho chị Đinh Thị Loan', '2015-11-07 14:39:01', 2, 1),
(63, 1, 18, 3, 'Phí ship hàng cho Quỳnh Maruko ', '2015-11-07 14:39:27', 2, 1),
(64, 1, 18, 3, 'phí ship hàng cho chị Đỗ Thuần Phương', '2015-11-07 14:39:50', 2, 1),
(65, 1, 20, 3, 'mua bánh gạo thắp hương', '2015-11-08 10:27:10', 2, 1),
(66, 1, 100, 3, 'nạp thẻ', '2015-11-08 10:27:36', 2, 1),
(67, 1, 12, 3, 'mua táo', '2015-11-10 10:54:04', 2, 1),
(68, 1, 495, 3, 'Tiền bảo lấy hàng bên chị châu còn nợ. anh Duệ chốt trả hết nợ này để quản lý khi bảo có lấy hàng bên chị châu ship online và nhận tiền bên bảo', '2015-11-10 22:12:00', 1, 1),
(69, 1, 6050, 1, 'Thanh toán tiền biển quảng cáo cho hưởng', '2015-11-10 22:21:11', 2, 1),
(71, 1, 34, 3, 'Phí chip chuyển hoàn hàng của Chị Đỗ Thuần Phương', '2015-11-11 12:13:57', 2, 1),
(72, 1, 20, 3, 'Mua hoa ly thắp hương', '2015-11-11 12:14:38', 2, 1),
(73, 1, 10000, 2, 'Chị châu thanh toán tiền Kính gương 10M', '2015-11-11 22:43:07', 2, 1),
(74, 1, 57, 3, 'Mua đồ thắp hương mùng 1', '2015-11-12 10:38:15', 2, 1),
(75, 1, 100, 3, 'mua giấy xi măng gói hàng', '2015-11-12 23:11:03', 2, 1),
(76, 1, 23, 3, 'Mua bánh gạp thắp hương', '2015-11-14 23:04:42', 2, 1),
(77, 1, 20, 3, 'Mua chuối', '2015-11-16 20:48:07', 2, 1),
(78, 1, 450, 3, 'Thanh toán 50% phí tăng 10k like fanpage', '2015-11-16 20:49:00', 2, 1),
(79, 1, 530, 3, 'Chốt chí chạy ads fanpage đến 19h ngày 14.11', '2015-11-16 20:51:32', 2, 1),
(80, 1, 460, 3, 'Thanh toán 50% chi phí tăng 10 nghìn like fanpage', '2015-11-16 20:52:54', 2, 1),
(81, 1, 30, 3, 'mua hoa ly thắp hương', '2015-11-17 11:18:53', 2, 1),
(82, 1, 20, 3, 'Mua chuối thắp hương', '2015-11-18 10:51:19', 2, 1),
(83, 1, 20, 3, 'Mua hoa ly thắp hương', '2015-11-21 12:27:33', 2, 1),
(84, 1, 25, 3, 'mua bánh thắp hương', '2015-11-23 23:25:50', 2, 1),
(85, 1, 220, 2, 'Chị Châu thanh toán tiền cáp anh Minh', '2015-11-23 15:42:31', 1, 1),
(86, 1, 25, 3, 'Phí ship hàng cho Linh Giang bạn Bảo', '2015-11-24 10:55:43', 2, 1),
(87, 1, 50, 3, 'phí ship hàng chyển hoàn đôi giầy lỗi của chị Đỗ Thuần Phương', '2015-11-25 14:41:25', 2, 1),
(88, 1, 100, 3, 'mua xôi giò, bánh gạo, hoa,, tiền vàng, thuốc lá thắp hương rằm', '2015-11-26 10:48:00', 2, 1),
(89, 1, 95, 3, 'Mua bánh đồng tiền, chè, trầu cau, nến bay ban thờ ', '2015-11-28 18:25:22', 2, 1),
(90, 1, 450, 3, 'Thanh toán nốt tiền chạy 10k like fanpage', '2015-11-28 18:31:12', 2, 1),
(91, 1, 20, 3, 'Phí ship hàng cho c Hoài bạn Bảo ', '2015-11-29 15:58:21', 2, 1),
(92, 1, 30, 3, 'Anh Minh rút ', '2015-11-29 20:15:55', 2, 1),
(93, 1, 35, 3, 'Mua bánh thăp hương ', '2015-11-30 15:58:35', 2, 1),
(94, 1, 20, 3, 'Mua hoa, chè thắp hương ', '2015-12-01 12:56:04', 2, 1),
(95, 1, 275, 3, 'Mua sách cho ch ', '2015-12-02 12:53:14', 2, 1),
(96, 1, 25, 3, 'Mua bánh thắp hương ', '2015-12-02 12:53:32', 2, 1),
(97, 1, 25, 3, 'Mua đủ đủ và bánh thắp hương', '2015-12-03 22:52:25', 2, 1),
(98, 1, 15, 3, 'mua bánh thắp hương', '2015-12-04 22:52:51', 2, 1),
(99, 1, 15, 3, 'Mua bánh chưng thắp hương', '2015-12-05 10:57:18', 2, 1),
(100, 1, 20, 3, 'phí chuyển hàng cho Thùy Linh bạn Bảo', '2015-12-05 17:52:22', 2, 1),
(101, 1, 1765, 3, 'Đóng tiền điện , nước, net tháng 11.2015. Tháng trước chị chủ nhà xem nhầm công tơ nên ít, tháng này nộp bù', '2015-12-05 22:19:19', 2, 1),
(102, 1, 45, 3, 'Mua bánh thắp hương và đồ lặt vặt', '2015-12-07 14:26:35', 2, 1),
(103, 1, 7700, 1, 'Mua tủ lạnh và máy giặt ', '2015-12-07 14:31:54', 1, 1),
(104, 1, 40, 3, 'mua hoa, xoài thắp hương', '2015-12-08 13:43:29', 2, 1),
(105, 1, 3000, 1, 'Mua tủ lạnh và máy giặt (rút từ chị Châu)', '2015-12-07 22:27:41', 1, 1),
(106, 1, 240, 3, 'Mua đồ trang trí noel ', '2015-12-09 23:59:54', 2, 1),
(107, 1, 15, 3, 'mua bánh chưng thắp hương', '2015-12-09 00:06:22', 2, 1),
(108, 1, 35, 3, 'mua đồ thắp hương', '2015-12-10 00:33:40', 2, 1),
(109, 1, 1193, 4, 'Thuê host và domain 2nine.vn', '2015-12-11 22:21:54', 2, 1),
(110, 1, 15, 3, 'mua bánh thắp hương', '2015-12-12 15:51:45', 2, 1),
(111, 1, 65, 1, 'Mua bánh thắp hương và giấy vệ sinh', '2015-12-13 23:22:36', 2, 1),
(112, 1, 450, 1, 'Chị Châu thanh toán tiền quảng cáo face. chốt đến ngày 11.12.2015', '2015-12-13 23:27:39', 2, 1),
(113, 1, 300, 3, 'Ứng trước lương cho Thương', '2015-12-14 22:53:22', 2, 1),
(114, 1, 70, 1, 'Mua hoa ly và bánh thắp hương', '2015-12-14 22:55:35', 2, 1),
(115, 1, 50, 3, 'Mua đồ thắp hương', '2015-12-15 23:14:40', 2, 1),
(116, 1, 4000, 3, 'Thanh toán lương cho Em Thương NV _ Chốt 14.12', '2015-12-15 16:21:11', 2, 1),
(117, 1, 20, 3, 'Mua bánh thắp hương', '2015-12-16 14:49:41', 2, 1),
(118, 1, 50, 3, 'Nạp thẻ', '2015-12-16 00:41:26', 2, 1),
(119, 1, 485, 3, 'Mua giá và móc quần áo', '2015-12-17 14:49:16', 2, 1),
(120, 1, 60, 3, 'mua bánh thắp hương và đồ lặt vặt', '2015-12-17 14:07:17', 2, 1),
(121, 1, 85, 3, 'Mua 20 móc áo ', '2015-12-18 14:07:35', 2, 1),
(122, 1, 400, 3, 'Mua giá quần áo', '2015-12-19 12:54:09', 2, 1),
(123, 1, 50, 3, 'Mua đồ thắp hương', '2015-12-19 12:54:31', 2, 1),
(124, 1, 20, 3, 'Mua bán thắp hương', '2015-12-19 12:55:04', 2, 1),
(125, 1, 20, 3, 'mua bánh thắp hương', '2015-12-20 21:15:36', 2, 1),
(126, 1, 10000, 4, 'Mua 2 laptop cho anh minh', '2015-12-21 11:54:24', 1, 1),
(127, 1, 264, 3, 'Mua đồ dùng cho của hàng và gia đình ', '2015-12-21 17:01:10', 2, 1),
(129, 8, 356, 1, 'Hóa đơn số 20151212_012 A Minh lấy ( )', '2015-12-12 15:28:24', 1, 1),
(130, 1, 20, 3, 'Phí chuyển hàng cho chị Hằng ', '2015-12-22 16:12:00', 2, 1),
(131, 1, 35, 3, 'Mua bánh thắp hương', '2015-12-22 16:12:16', 2, 1),
(132, 1, 20, 3, 'Phí chuyển tiền của chị Hằng ', '2015-12-15 16:13:51', 2, 1),
(134, 8, 335, 1, 'Hóa đơn số 20151222_004 Bảo lấy ( )', '2015-12-22 16:27:49', 1, 1),
(135, 1, 28, 3, 'Phí chuyển hàng cho Chị Đỗ Thuần Phương khách onl của Bảo ', '2015-12-22 16:35:40', 2, 1),
(136, 1, 15, 3, 'Mua bánh thắp hương', '2015-12-23 11:51:08', 2, 1),
(137, 1, 80, 3, 'Mua đồ thắp hương và đồ dùng vặt ', '2015-12-24 12:29:20', 2, 1),
(138, 1, 105, 3, 'Mua đồ thắp hương rằm', '2015-12-25 21:31:54', 2, 1),
(139, 1, 50, 3, 'nạp thẻ', '2015-12-25 21:32:08', 2, 1),
(140, 1, 45, 1, 'Mua đồ thắp hương', '2015-12-26 13:39:09', 2, 1),
(142, 1, 363, 2, 'Lấy 110 lót giầy chị châu', '2015-12-26 21:23:08', 2, 1),
(143, 1, 3225, 1, 'Mua canh nam nữ và móc ', '2015-12-27 13:25:55', 2, 1),
(144, 1, 500, 1, 'Đi đám cưới nhà cô cầm đồ ', '2015-12-30 13:27:00', 1, 1),
(145, 1, 20, 3, 'Mua bánh gạo thắp hương', '2015-12-29 13:27:43', 2, 1),
(146, 1, 30, 3, 'Mua bánh thắp hương', '2015-12-31 13:27:57', 2, 1),
(147, 1, 15, 3, 'Mua bánh chưng thắp hương', '2015-12-31 20:04:51', 2, 1);

-- --------------------------------------------------------

--
-- Table structure for table `spend_category`
--

CREATE TABLE IF NOT EXISTS `spend_category` (
  `id` int(11) NOT NULL AUTO_INCREMENT,
  `name` varchar(45) NOT NULL,
  PRIMARY KEY (`id`)
) ENGINE=InnoDB  DEFAULT CHARSET=utf8 AUTO_INCREMENT=9 ;

--
-- Dumping data for table `spend_category`
--

INSERT INTO `spend_category` (`id`, `name`) VALUES
(1, 'Chi tiêu hàng ngày'),
(2, 'Giao thông'),
(3, 'Y tế'),
(4, 'Giáo dục'),
(5, 'Ngoại giao'),
(6, 'Viễn thông'),
(7, 'Khác'),
(8, 'Lấy quần áo');

-- --------------------------------------------------------

--
-- Table structure for table `spend_for`
--

CREATE TABLE IF NOT EXISTS `spend_for` (
  `id` int(11) NOT NULL AUTO_INCREMENT,
  `name` varchar(45) NOT NULL,
  PRIMARY KEY (`id`)
) ENGINE=InnoDB  DEFAULT CHARSET=utf8 AUTO_INCREMENT=3 ;

--
-- Dumping data for table `spend_for`
--

INSERT INTO `spend_for` (`id`, `name`) VALUES
(1, 'Gia đình'),
(2, 'Cửa hàng');

-- --------------------------------------------------------

--
-- Table structure for table `spend_type`
--

CREATE TABLE IF NOT EXISTS `spend_type` (
  `id` int(11) NOT NULL AUTO_INCREMENT,
  `name` varchar(45) NOT NULL,
  PRIMARY KEY (`id`)
) ENGINE=InnoDB  DEFAULT CHARSET=utf8 AUTO_INCREMENT=4 ;

--
-- Dumping data for table `spend_type`
--

INSERT INTO `spend_type` (`id`, `name`) VALUES
(1, 'Khấu hao ngay'),
(2, 'Khấu hao dần'),
(3, 'Không khấu hao');

-- --------------------------------------------------------

--
-- Table structure for table `user`
--

CREATE TABLE IF NOT EXISTS `user` (
  `id` int(11) NOT NULL AUTO_INCREMENT,
  `shop_id` int(11) NOT NULL,
  `name` varchar(128) NOT NULL,
  `email` varchar(64) DEFAULT NULL,
  `phone_number` varchar(16) DEFAULT NULL,
  `username` varchar(16) NOT NULL,
  `password` varchar(32) NOT NULL,
  `confirmcode` varchar(32) DEFAULT 'y',
  `status` varchar(1) NOT NULL DEFAULT 'Y',
  `start_date` datetime NOT NULL DEFAULT '2014-01-01 08:00:00',
  `end_date` datetime DEFAULT '2020-12-31 22:00:00',
  `description` varchar(500) DEFAULT NULL,
  PRIMARY KEY (`id`),
  KEY `fk_user_shop_idx` (`shop_id`)
) ENGINE=InnoDB  DEFAULT CHARSET=utf8 COMMENT='Employees Information' AUTO_INCREMENT=5 ;

--
-- Dumping data for table `user`
--

INSERT INTO `user` (`id`, `shop_id`, `name`, `email`, `phone_number`, `username`, `password`, `confirmcode`, `status`, `start_date`, `end_date`, `description`) VALUES
(1, 1, 'Anh Minh', 'trantridue@gmail.com', '0918888398', 'admin', '4eae18cf9e54a0f62b44176d074cbe2f', 'y', 'y', '2013-01-01 09:07:18', '2015-08-19 20:19:40', 'nothing'),
(2, 1, 'Chị Châu', 'zabuza.vn@gmail.com', '0966807709', 'chau ', 'e10adc3949ba59abbe56e057f20f883e', 'y', 'y', '2015-06-15 09:08:37', '2015-09-04 08:00:41', 'nothing'),
(3, 1, 'Bảo', 'baobao@gmail.com', '01649785255', 'bao', 'e10adc3949ba59abbe56e057f20f883e', 'y', 'y', '2013-06-01 20:47:12', '2015-09-21 20:34:22', 'nothing'),
(4, 1, 'Anh Duệ', 'trantridue@gmail.com', '0979355285', 'due', 'e10adc3949ba59abbe56e057f20f883e', 'y', 'y', '2015-10-10 06:40:54', '2020-12-31 22:00:00', 'Due');

-- --------------------------------------------------------

--
-- Table structure for table `user_role`
--

CREATE TABLE IF NOT EXISTS `user_role` (
  `id` int(11) NOT NULL AUTO_INCREMENT,
  `role_id` int(11) NOT NULL,
  `description` varchar(255) DEFAULT NULL,
  `user_id` int(11) NOT NULL,
  PRIMARY KEY (`id`,`user_id`),
  KEY `fk_user_role_role_idx` (`role_id`),
  KEY `fk_user_role_user1_idx` (`user_id`)
) ENGINE=InnoDB  DEFAULT CHARSET=utf8 AUTO_INCREMENT=2 ;

--
-- Dumping data for table `user_role`
--

INSERT INTO `user_role` (`id`, `role_id`, `description`, `user_id`) VALUES
(1, 1, NULL, 1);

--
-- Constraints for dumped tables
--

--
-- Constraints for table `customer_reservation_histo`
--
ALTER TABLE `customer_reservation_histo`
  ADD CONSTRAINT `fk_customer_reservation_histo_customer1` FOREIGN KEY (`customer_id`) REFERENCES `customer` (`id`) ON DELETE NO ACTION ON UPDATE NO ACTION;

--
-- Constraints for table `export_facture`
--
ALTER TABLE `export_facture`
  ADD CONSTRAINT `fk_export_facture_customer1` FOREIGN KEY (`customer_id`) REFERENCES `customer` (`id`) ON DELETE NO ACTION ON UPDATE NO ACTION,
  ADD CONSTRAINT `fk_export_facture_shop1` FOREIGN KEY (`shop_id`) REFERENCES `shop` (`id`) ON DELETE NO ACTION ON UPDATE NO ACTION,
  ADD CONSTRAINT `fk_export_facture_user1` FOREIGN KEY (`user_id`) REFERENCES `user` (`id`) ON DELETE NO ACTION ON UPDATE NO ACTION;

--
-- Constraints for table `export_facture_product`
--
ALTER TABLE `export_facture_product`
  ADD CONSTRAINT `fk_export_facture_product_export_facture1` FOREIGN KEY (`export_facture_code`) REFERENCES `export_facture` (`code`) ON DELETE NO ACTION ON UPDATE NO ACTION,
  ADD CONSTRAINT `fk_export_facture_product_product1` FOREIGN KEY (`product_code`) REFERENCES `product` (`code`) ON DELETE NO ACTION ON UPDATE NO ACTION;

--
-- Constraints for table `export_facture_trace`
--
ALTER TABLE `export_facture_trace`
  ADD CONSTRAINT `fk_export_facture_trace_customer1` FOREIGN KEY (`customer_id`) REFERENCES `customer` (`id`) ON DELETE NO ACTION ON UPDATE NO ACTION,
  ADD CONSTRAINT `fk_export_facture_trace_export_facture1` FOREIGN KEY (`export_facture_code`) REFERENCES `export_facture` (`code`) ON DELETE NO ACTION ON UPDATE NO ACTION,
  ADD CONSTRAINT `fk_export_facture_trace_shop1` FOREIGN KEY (`shop_id`) REFERENCES `shop` (`id`) ON DELETE NO ACTION ON UPDATE NO ACTION;

--
-- Constraints for table `fund_change_histo`
--
ALTER TABLE `fund_change_histo`
  ADD CONSTRAINT `fk_fund_change_histo_fund1` FOREIGN KEY (`fund_id`) REFERENCES `fund` (`id`) ON DELETE NO ACTION ON UPDATE NO ACTION,
  ADD CONSTRAINT `fk_fund_change_histo_user1` FOREIGN KEY (`user_id`) REFERENCES `user` (`id`) ON DELETE NO ACTION ON UPDATE NO ACTION;

--
-- Constraints for table `import_facture`
--
ALTER TABLE `import_facture`
  ADD CONSTRAINT `fk_import_facture_provider1` FOREIGN KEY (`provider_id`) REFERENCES `provider` (`id`) ON DELETE NO ACTION ON UPDATE NO ACTION;

--
-- Constraints for table `money_inout`
--
ALTER TABLE `money_inout`
  ADD CONSTRAINT `fk_money_inout_shop1` FOREIGN KEY (`shop_id`) REFERENCES `shop` (`id`) ON DELETE NO ACTION ON UPDATE NO ACTION,
  ADD CONSTRAINT `fk_money_inout_user1` FOREIGN KEY (`user_id`) REFERENCES `user` (`id`) ON DELETE NO ACTION ON UPDATE NO ACTION;

--
-- Constraints for table `news`
--
ALTER TABLE `news`
  ADD CONSTRAINT `fk_news_shop1` FOREIGN KEY (`shop_id`) REFERENCES `shop` (`id`) ON DELETE NO ACTION ON UPDATE NO ACTION,
  ADD CONSTRAINT `fk_news_user1` FOREIGN KEY (`user_id`) REFERENCES `user` (`id`) ON DELETE NO ACTION ON UPDATE NO ACTION;

--
-- Constraints for table `product`
--
ALTER TABLE `product`
  ADD CONSTRAINT `fk_product_brand1` FOREIGN KEY (`brand_id`) REFERENCES `brand` (`id`) ON DELETE NO ACTION ON UPDATE NO ACTION,
  ADD CONSTRAINT `fk_product_category1` FOREIGN KEY (`category_id`) REFERENCES `category` (`id`) ON DELETE NO ACTION ON UPDATE NO ACTION,
  ADD CONSTRAINT `fk_product_season1` FOREIGN KEY (`season_id`) REFERENCES `season` (`id`) ON DELETE NO ACTION ON UPDATE NO ACTION,
  ADD CONSTRAINT `fk_product_sex1` FOREIGN KEY (`sex_id`) REFERENCES `sex` (`id`) ON DELETE NO ACTION ON UPDATE NO ACTION;

--
-- Constraints for table `product_deviation`
--
ALTER TABLE `product_deviation`
  ADD CONSTRAINT `fk_product_deviation_product1` FOREIGN KEY (`product_code`) REFERENCES `product` (`code`) ON DELETE NO ACTION ON UPDATE NO ACTION;

--
-- Constraints for table `product_import`
--
ALTER TABLE `product_import`
  ADD CONSTRAINT `fk_product_import_import_facture1` FOREIGN KEY (`import_facture_code`) REFERENCES `import_facture` (`code`) ON DELETE NO ACTION ON UPDATE NO ACTION,
  ADD CONSTRAINT `fk_product_import_product1` FOREIGN KEY (`product_code`) REFERENCES `product` (`code`) ON DELETE NO ACTION ON UPDATE NO ACTION;

--
-- Constraints for table `product_return`
--
ALTER TABLE `product_return`
  ADD CONSTRAINT `fk_product_return_provider1` FOREIGN KEY (`provider_id`) REFERENCES `provider` (`id`) ON DELETE NO ACTION ON UPDATE NO ACTION;

--
-- Constraints for table `provider_paid`
--
ALTER TABLE `provider_paid`
  ADD CONSTRAINT `fk_provider_paid_provider1` FOREIGN KEY (`provider_id`) REFERENCES `provider` (`id`) ON DELETE NO ACTION ON UPDATE NO ACTION;

--
-- Constraints for table `provider_paid_fund_change_histo`
--
ALTER TABLE `provider_paid_fund_change_histo`
  ADD CONSTRAINT `fk_provider_paid_fund_change_fund_change_histo1` FOREIGN KEY (`fund_change_histo_id`) REFERENCES `fund_change_histo` (`id`) ON DELETE CASCADE ON UPDATE NO ACTION,
  ADD CONSTRAINT `fk_provider_paid_fund_change_provider_paid1` FOREIGN KEY (`provider_paid_id`) REFERENCES `provider_paid` (`id`) ON DELETE CASCADE ON UPDATE NO ACTION;

--
-- Constraints for table `spend`
--
ALTER TABLE `spend`
  ADD CONSTRAINT `fk_spend_spend_category1` FOREIGN KEY (`spend_category_id`) REFERENCES `spend_category` (`id`) ON DELETE NO ACTION ON UPDATE NO ACTION,
  ADD CONSTRAINT `fk_spend_spend_for1` FOREIGN KEY (`spend_for_id`) REFERENCES `spend_for` (`id`) ON DELETE NO ACTION ON UPDATE NO ACTION,
  ADD CONSTRAINT `fk_spend_spend_type1` FOREIGN KEY (`spend_type_id`) REFERENCES `spend_type` (`id`) ON DELETE NO ACTION ON UPDATE NO ACTION,
  ADD CONSTRAINT `fk_spend_user1` FOREIGN KEY (`user_id`) REFERENCES `user` (`id`) ON DELETE NO ACTION ON UPDATE NO ACTION;

--
-- Constraints for table `user`
--
ALTER TABLE `user`
  ADD CONSTRAINT `fk_user_shop` FOREIGN KEY (`shop_id`) REFERENCES `shop` (`id`) ON DELETE NO ACTION ON UPDATE NO ACTION;

--
-- Constraints for table `user_role`
--
ALTER TABLE `user_role`
  ADD CONSTRAINT `fk_user_role_role` FOREIGN KEY (`role_id`) REFERENCES `role` (`id`) ON DELETE NO ACTION ON UPDATE NO ACTION,
  ADD CONSTRAINT `fk_user_role_user1` FOREIGN KEY (`user_id`) REFERENCES `user` (`id`) ON DELETE NO ACTION ON UPDATE NO ACTION;

/*!40101 SET CHARACTER_SET_CLIENT=@OLD_CHARACTER_SET_CLIENT */;
/*!40101 SET CHARACTER_SET_RESULTS=@OLD_CHARACTER_SET_RESULTS */;
/*!40101 SET COLLATION_CONNECTION=@OLD_COLLATION_CONNECTION */;
