-- phpMyAdmin SQL Dump
-- version 4.0.10.14
-- http://www.phpmyadmin.net
--
-- Host: localhost:3306
-- Generation Time: Jul 20, 2016 at 11:15 PM
-- Server version: 10.0.26-MariaDB
-- PHP Version: 5.4.31

SET SQL_MODE = "NO_AUTO_VALUE_ON_ZERO";
SET time_zone = "+00:00";


/*!40101 SET @OLD_CHARACTER_SET_CLIENT=@@CHARACTER_SET_CLIENT */;
/*!40101 SET @OLD_CHARACTER_SET_RESULTS=@@CHARACTER_SET_RESULTS */;
/*!40101 SET @OLD_COLLATION_CONNECTION=@@COLLATION_CONNECTION */;
/*!40101 SET NAMES utf8 */;

--
-- Database: `aintmtdo_banhang`
--

-- --------------------------------------------------------

--
-- Table structure for table `brand`
--

CREATE TABLE IF NOT EXISTS `brand` (
  `id` int(11) NOT NULL AUTO_INCREMENT,
  `name` varchar(45) DEFAULT NULL,
  PRIMARY KEY (`id`)
) ENGINE=InnoDB  DEFAULT CHARSET=utf8 AUTO_INCREMENT=3 ;

--
-- Dumping data for table `brand`
--

INSERT INTO `brand` (`id`, `name`) VALUES
(1, 'MADEVN'),
(2, 'ALDO');

-- --------------------------------------------------------

--
-- Table structure for table `category`
--

CREATE TABLE IF NOT EXISTS `category` (
  `id` int(11) NOT NULL AUTO_INCREMENT,
  `name` varchar(45) NOT NULL,
  `description` varchar(245) DEFAULT NULL,
  PRIMARY KEY (`id`)
) ENGINE=InnoDB  DEFAULT CHARSET=utf8 AUTO_INCREMENT=5 ;

--
-- Dumping data for table `category`
--

INSERT INTO `category` (`id`, `name`, `description`) VALUES
(1, 'VAY', NULL),
(2, 'GIAY', NULL),
(3, 'BOT', NULL),
(4, 'CHAN VAY', NULL);

-- --------------------------------------------------------

--
-- Table structure for table `config`
--

CREATE TABLE IF NOT EXISTS `config` (
  `id` int(11) NOT NULL AUTO_INCREMENT,
  `name` varchar(45) NOT NULL,
  `value` varchar(45) NOT NULL,
  `description` varchar(245) DEFAULT NULL,
  PRIMARY KEY (`id`)
) ENGINE=InnoDB DEFAULT CHARSET=utf8 AUTO_INCREMENT=1 ;

-- --------------------------------------------------------

--
-- Table structure for table `configuration`
--

CREATE TABLE IF NOT EXISTS `configuration` (
  `id` int(11) NOT NULL AUTO_INCREMENT,
  `name` varchar(45) NOT NULL,
  `value` varchar(45) NOT NULL,
  `label` varchar(255) DEFAULT NULL,
  PRIMARY KEY (`id`)
) ENGINE=InnoDB  DEFAULT CHARSET=utf8 AUTO_INCREMENT=29 ;

--
-- Dumping data for table `configuration`
--

INSERT INTO `configuration` (`id`, `name`, `value`, `label`) VALUES
(1, 'import_number_row', '15', 'NBR ROW IMPORT'),
(2, 'export_number_row', '11', 'NBR ROW EXPORT'),
(3, 'default_row_product_return', '10', 'NBR ROW IMPORT RETURN'),
(4, 'default_password', '123456', 'DEFAULT PASSWORD'),
(5, 'is_sale_for_all', '1', 'SALE ON/OFF'),
(6, 'default_number_line_spend', '5', 'NBR ROW SPEND'),
(7, 'listExportDefault_nbr_day_limit', '0', 'NBR DAY EXPORT'),
(8, 'nbr_day_default_export_returned', '0', 'NBR DAY EXPORT RETURN'),
(9, 'default_nbr_days_load_export', '10', 'NBR DAY EXPORT DEFAULT'),
(10, 'bonus_ratio', '100', 'BONUS RATIO'),
(11, 'init_money', '0', 'AMOUNT INIT'),
(12, 'timeout', '21600', 'SYSTEM TIMEOUT'),
(13, 'limit_default_customer_after_search', '100', 'NBR ROW CUS AFTER'),
(14, 'limit_default_customer_before_search', '10', 'NBR ROW CUS BEFORE'),
(15, 'nbr_customer_by_group_csv', '20', 'NBR CUSTOMER BY GROUP'),
(16, 'nbr_news_default', '30', 'NBR NEWS DEFAULT'),
(17, 'max_width_upload_img', '800', 'max_width_upload_img'),
(18, 'max_height_upload_img', '600', 'max_height_upload_img'),
(19, 'upload_img_quality', '1', 'upload_img_quality'),
(20, 'max_img_size_upload', '2000000', 'max_img_size_upload'),
(21, 'default_nbr_days_load_import', '10', 'default_nbr_days_load_import'),
(22, 'sale_all_taux', '10', 'SALE TAUX'),
(23, 'start_time_backup', '8', 'START TIME_BACK_UP'),
(24, 'end_time_backup', '24', 'END TIME_BACK_UP'),
(25, 'default_discount_taux', '30', 'default_discount_taux'),
(26, 'default_fund_id', '14', 'default_fund_id'),
(27, 'defautl_source_fund_id', '1', 'defautl_source_fund_id'),
(28, 'defautl_dest_fund_id', '14', 'defautl_dest_fund_id');

-- --------------------------------------------------------

--
-- Table structure for table `customer`
--

CREATE TABLE IF NOT EXISTS `customer` (
  `id` int(11) NOT NULL AUTO_INCREMENT,
  `name` varchar(45) NOT NULL,
  `tel` varchar(12) NOT NULL,
  `description` varchar(245) DEFAULT NULL,
  `date` datetime DEFAULT NULL,
  `created_date` datetime DEFAULT NULL,
  `isboss` varchar(1) DEFAULT '0',
  PRIMARY KEY (`id`)
) ENGINE=InnoDB  DEFAULT CHARSET=utf8 AUTO_INCREMENT=2105 ;

--
-- Dumping data for table `customer`
--

INSERT INTO `customer` (`id`, `name`, `tel`, `description`, `date`, `created_date`, `isboss`) VALUES
(1288, 'Khach le', 'aaaaaaaaa', 'Anh khach co the doi', '2015-06-12 20:54:04', '2014-03-01 23:42:54', '0'),
(1289, 'Chị Nga bạn A.Minh', '0977538189', '', '2015-12-28 20:42:31', '2015-10-08 15:57:36', '0'),
(1290, 'Anh An Pha bạn A.Minh', '0976106322', '', '2015-12-23 21:02:01', '2015-10-08 15:59:01', '0'),
(1291, 'Chị Châu', '0966807709', '', '2016-02-16 18:02:16', '2015-10-08 16:00:33', '0'),
(1292, 'Vân Anh bạn Bảo', '01649582526', '', '2016-04-23 20:09:14', '2015-10-08 16:02:54', '0'),
(1293, 'Vân bạn Bảo', '0967896058', '', '2016-04-20 19:59:35', '2015-10-08 16:03:59', '0'),
(1294, 'Chị Huyền', '01659693713', NULL, '2015-10-09 15:40:47', '2015-10-09 15:40:47', '0'),
(1295, 'Thảo bạn Bảo', '0987256180', 'hà Nội ', '2016-07-13 21:33:43', '2015-10-10 17:14:13', '0'),
(1296, 'Chị Dung', '0972471268', NULL, '2015-10-10 17:15:07', '2015-10-10 17:15:07', '0'),
(1297, 'Chị Liên', '01694595224', NULL, '2015-10-10 17:15:56', '2015-10-10 17:15:56', '0'),
(1298, 'Chị Thủy', '0919307218', NULL, '2015-10-10 17:16:41', '2015-10-10 17:16:41', '0'),
(1299, 'Hoàn bạn Bảo', '0982899831', NULL, '2015-10-10 19:37:52', '2015-10-10 19:37:52', '0'),
(1300, 'Thảo(hd) bạn Bảo', '01663288549', '', '2015-11-07 14:23:41', '2015-10-11 12:39:21', '0'),
(1301, 'Chị Thanh', '0904528224', NULL, '2015-10-11 14:01:55', '2015-10-11 14:01:55', '0'),
(1302, 'Chị Phan Thị Nhiên', '01636096098', NULL, '2015-10-11 14:35:47', '2015-10-11 14:35:47', '0'),
(1303, 'Chị Diệu bạn chị Thanh', '123456789', NULL, '2015-10-11 14:57:57', '2015-10-11 14:57:57', '0'),
(1304, 'Chị Hoa Chi Linh', '123', NULL, '2015-10-11 15:04:53', '2015-10-11 15:04:53', '0'),
(1305, 'Chị Nguyệt', '0947916133', NULL, '2015-10-11 15:37:59', '2015-10-11 15:37:59', '0'),
(1306, 'Bạn Nguyễn Duyên', '0985737280', 'lỖI HỞ KHE', '2015-10-30 20:04:04', '2015-10-11 16:45:42', '0'),
(1307, 'Bạn Vũ Thị Thu', '0984369560', NULL, '2015-10-11 17:04:13', '2015-10-11 17:04:13', '0'),
(1308, 'Chị Thúy', '0968908225', NULL, '2015-10-11 17:28:13', '2015-10-11 17:28:13', '0'),
(1309, 'Chị Nguyễn Lan Anh khách onl của Bảo ', '0979959366', '', '2015-11-23 21:19:10', '2015-10-11 17:46:07', '0'),
(1310, 'Chị Hương', '0969734415', NULL, '2015-10-11 18:00:01', '2015-10-11 18:00:01', '0'),
(1311, 'Chị Hạnh', '0964478295', NULL, '2015-10-11 18:42:31', '2015-10-11 18:42:31', '0'),
(1312, 'B Nguyễn Thị Hương Trang', '0906295666', NULL, '2015-10-11 19:19:43', '2015-10-11 19:19:43', '0'),
(1313, 'Chị Ngọc', '0982804672', '', '2015-10-12 18:05:44', '2015-10-12 12:55:33', '0'),
(1314, 'Chị Hà', '0975595127', '', '2015-12-25 15:00:47', '2015-10-12 12:56:14', '0'),
(1315, 'Chị Nguyên', '0972187992', NULL, '2015-10-12 19:46:22', '2015-10-12 19:46:22', '0'),
(1316, 'Chị Mai', '01674312022', NULL, '2015-10-12 19:50:26', '2015-10-12 19:50:26', '0'),
(1317, 'Chị Huyền', '0986230100', '', '2016-01-26 18:02:51', '2015-10-12 20:34:21', '0'),
(1318, 'Chị Ánh', '01648401573', NULL, '2015-10-12 21:21:02', '2015-10-12 21:21:02', '0'),
(1319, 'Chị Trang', '0987216186', '', '2016-04-09 20:23:45', '2015-10-12 21:21:57', '0'),
(1320, 'Chị Huyền', '0982390608', '', '2016-02-03 15:00:53', '2015-10-13 12:51:42', '0'),
(1321, 'Chị Vân', '0988686743', '', '2015-11-18 17:45:03', '2015-10-13 18:51:04', '0'),
(1322, 'Chị Hường', '0968807758', NULL, '2015-10-13 18:52:10', '2015-10-13 18:52:10', '0'),
(1323, 'Chị Trang', '0975390127', '', '2016-01-13 20:42:07', '2015-10-14 10:22:09', '0'),
(1324, 'Chị Hà', '0947665055', NULL, '2015-10-14 10:22:59', '2015-10-14 10:22:59', '0'),
(1325, 'Chị Huyền', '0984417418', '', '2016-03-30 10:30:26', '2015-10-14 10:23:34', '0'),
(1326, 'Chị Yến', '0949140084', NULL, '2015-10-14 18:34:33', '2015-10-14 18:34:33', '0'),
(1327, 'Chị Thơm', '01662622864', 'Triệu Sơn, Thanh Hóa ', '2016-01-04 16:50:29', '2015-10-11 18:53:46', '0'),
(1328, 'Bảo', '01649785255', '', '2016-06-19 18:48:35', '2015-10-14 19:33:02', '1'),
(1329, 'Chị Sửu chủ nhà', '1234', NULL, '2015-10-14 22:53:28', '2015-10-14 22:53:28', '0'),
(1330, 'Chị Ly', '0973342784', '', '2015-11-28 21:49:04', '2015-10-15 16:15:37', '0'),
(1331, 'Chị Hồng', '0974433728', NULL, '2015-10-15 20:45:04', '2015-10-15 20:45:04', '0'),
(1332, 'Chị Phương', '0904480090', '', '2016-01-31 11:06:24', '2015-10-16 10:45:17', '0'),
(1333, 'Hà Huyền bạn Bảo', '01649784180', NULL, '2015-10-16 12:48:42', '2015-10-16 12:48:42', '0'),
(1334, 'Minh Thu Bạn Bảo', '1234567890', 'Thanh Hóa ', '2016-07-12 15:49:46', '2015-10-16 12:54:04', '0'),
(1335, 'Chị Hồng', '0968285173', '', '2015-10-16 18:13:13', '2015-10-16 19:45:49', '0'),
(1336, 'Chị Quỳnh', '0983119383', '', '2016-01-29 12:13:35', '2015-10-16 19:47:02', '0'),
(1337, 'Chị Ly', '0903435092', NULL, '2015-10-16 19:47:56', '2015-10-16 19:47:56', '0'),
(1338, 'Cháu Vân Anh anh Khải', '1', NULL, '2015-10-16 19:48:44', '2015-10-16 19:48:44', '0'),
(1339, 'Chị Hường', '0976583360', NULL, '2015-10-16 21:39:02', '2015-10-16 21:39:02', '0'),
(1340, 'Anh Biển bạn anh Minh', '12', NULL, '2015-10-17 23:06:56', '2015-10-17 23:06:56', '0'),
(1341, 'Anh Việt Anh', '0914846662', '', '2015-12-18 19:18:36', '2015-10-17 23:07:57', '0'),
(1342, 'Hai em bạn Anh Minh', '012', NULL, '2015-10-17 23:09:25', '2015-10-17 23:09:25', '0'),
(1343, 'Hai anh chị sắp cưới bạn Anh Mình', '0123', NULL, '2015-10-17 23:12:17', '2015-10-17 23:12:17', '0'),
(1344, 'Chị Hoa', '01696185586', NULL, '2015-10-17 23:13:00', '2015-10-17 23:13:00', '0'),
(1345, 'Chị Uyển Chi khách Online', '0968698975', NULL, '2015-10-17 23:14:27', '2015-10-17 23:14:27', '0'),
(1346, 'Chị Định công ty Anh Minh', '0977414216', '', '2016-04-09 19:20:16', '2015-10-17 23:15:10', '0'),
(1347, 'Chị Yến', '0987566213', NULL, '2015-10-18 11:55:36', '2015-10-18 11:55:36', '0'),
(1348, 'Em Lê bạn Bảo', '01649590120', '', '2016-07-07 21:27:23', '2015-10-18 16:49:58', '0'),
(1349, 'Em Bùi Thị Vân bạn Bảo', '01234', NULL, '2015-10-18 16:50:40', '2015-10-18 16:50:40', '0'),
(1350, 'Chị Hải hàng xóm ', '0969308927', '', '2016-01-18 20:49:13', '2015-10-18 16:51:07', '0'),
(1351, 'Chị Hằng', '01869898868', NULL, '2015-10-18 20:16:04', '2015-10-18 20:16:04', '0'),
(1352, 'Chị Hương', '0974941269', NULL, '2015-10-19 13:31:56', '2015-10-19 13:31:56', '0'),
(1353, 'Em Hà', '0987307671', NULL, '2015-10-19 16:34:20', '2015-10-19 16:34:20', '0'),
(1354, 'Chị Hồng', '0984599932', '', '2015-12-24 14:53:04', '2015-10-19 16:48:16', '0'),
(1355, 'Chị Hoài Anh', '0985121225', '', '2015-12-18 15:53:56', '2015-10-19 16:01:47', '0'),
(1356, 'Chị Hoài Anh', '0985941269', NULL, '2015-10-19 16:29:44', '2015-10-19 16:29:44', '0'),
(1357, 'Chị Bách', '0973312388', NULL, '2015-10-20 17:42:19', '2015-10-20 17:42:19', '0'),
(1358, 'Chị Lan Anh', '0966383159', '', '2015-11-29 15:53:03', '2015-10-20 19:21:15', '0'),
(1359, 'Em Thảo Ngy Kiên bạn Bảo', '0983298236', '', '2016-01-29 12:15:20', '2015-10-20 20:45:22', '0'),
(1360, 'Vũ bạn Bảo', '0962862119', NULL, '2015-10-20 00:17:04', '2015-10-20 00:17:04', '0'),
(1361, 'Chị Nga', '0989310678', NULL, '2015-10-21 11:53:28', '2015-10-21 11:53:28', '0'),
(1362, 'Em Linh', '01654184210', NULL, '2015-10-21 14:59:05', '2015-10-21 14:59:05', '0'),
(1363, 'Chị Ngọc', '0979034836', '', '2015-10-21 18:25:37', '2015-10-21 20:22:58', '0'),
(1364, 'Bạn Trang ', '01642395171', '', '2015-10-21 18:26:17', '2015-10-21 20:24:51', '0'),
(1365, 'Chị Hằng', '01686348616', NULL, '2015-10-22 12:08:50', '2015-10-22 12:08:50', '0'),
(1366, 'Chị Hường', '0948353584', '', '2015-12-19 16:09:08', '2015-10-23 14:49:32', '0'),
(1367, 'Chị Oanh', '01233668665', '', '2015-11-04 13:19:08', '2015-10-23 21:03:23', '0'),
(1368, 'Chị Phương', '0912433678', '', '2015-10-23 18:42:24', '2015-10-23 21:04:19', '0'),
(1369, 'Dì Tùng', '0987077585', '', '2015-10-24 20:57:41', '2015-10-24 12:02:29', '0'),
(1370, 'Chị Minh', '0976556728', NULL, '2015-10-24 12:11:52', '2015-10-24 12:11:52', '0'),
(1371, 'Chị Thủy', '098463083', NULL, '2015-10-24 20:59:37', '2015-10-24 20:59:37', '0'),
(1372, 'Chị Duyên', '0982732821', '', '2015-10-24 18:44:18', '2015-10-24 21:00:47', '0'),
(1373, 'Chị Thủy', '0904578388', NULL, '2015-10-24 21:01:24', '2015-10-24 21:01:24', '0'),
(1374, 'Chị Nga', '0973454137', NULL, '2015-10-25 13:44:57', '2015-10-25 13:44:57', '0'),
(1375, 'Chị Nga', '0945616646', NULL, '2015-10-25 13:45:18', '2015-10-25 13:45:18', '0'),
(1376, 'Chị Hoàng Nga Khách onl của Bảo', '01668080331', '', '2016-02-23 16:25:31', '2015-10-25 13:46:22', '0'),
(1377, 'Chị Hà', '0944227498', '', '2015-10-31 20:08:02', '2015-10-25 17:06:21', '0'),
(1378, 'Bạn Liên', '0972016095', NULL, '2015-10-25 17:12:44', '2015-10-25 17:12:44', '0'),
(1379, 'Huệ Vy bạn Bảo', '0988430202', NULL, '2015-10-08 18:01:56', '2015-10-08 18:01:56', '0'),
(1380, 'Chị Huyền', '0914894934', NULL, '2015-10-12 18:06:51', '2015-10-12 18:06:51', '0'),
(1381, 'Cô Lợi', '0904263059', '', '2015-10-15 18:12:08', '2015-10-25 18:11:11', '0'),
(1382, 'Chị Hậu', '0948929988', '', '2016-01-29 12:14:12', '2015-10-16 18:14:07', '0'),
(1383, 'Chị Hạnh', '01696237989', '', '2016-06-14 22:23:39', '2015-10-16 18:15:13', '0'),
(1384, 'Anh Trung', '01687506684', NULL, '2015-10-17 18:18:20', '2015-10-17 18:18:20', '0'),
(1385, 'Chị Nhung', '0985266374', NULL, '2015-10-20 18:24:31', '2015-10-20 18:24:31', '0'),
(1386, 'Chị Ngọc', '0985625593', NULL, '2015-10-22 18:28:48', '2015-10-22 18:28:48', '0'),
(1387, 'Chị Nguyễn Lai fb Bảo', '01659630716', '', '2015-10-22 18:32:25', '2015-10-25 18:31:56', '0'),
(1388, 'Chị Dung', '01689468168', NULL, '2015-10-22 18:33:11', '2015-10-22 18:33:11', '0'),
(1389, 'Chị Hương', '0979454558', NULL, '2015-10-26 11:16:09', '2015-10-26 11:16:09', '0'),
(1390, 'Chị Xuyên', '0915176787', NULL, '2015-10-26 15:50:16', '2015-10-26 15:50:16', '0'),
(1391, 'Chị Trang', '0966860790', NULL, '2015-10-26 21:41:51', '2015-10-26 21:41:51', '0'),
(1392, 'Chị Việt Anh khách onl của Bảo', '01656300816', NULL, '2015-10-26 21:42:37', '2015-10-26 21:42:37', '0'),
(1393, 'Anh Hiện', '0975211896', '', '2015-10-28 11:41:31', '2015-10-27 10:46:23', '0'),
(1394, 'Em Trang Nội Vụ', '01694568566', NULL, '2015-10-27 13:11:22', '2015-10-27 13:11:22', '0'),
(1395, 'Chị khách đi ô tô', '0', NULL, '2015-10-27 15:39:39', '2015-10-27 15:39:39', '0'),
(1396, 'Học sinh chị Châu', '0986993876', NULL, '2015-10-27 18:19:00', '2015-10-27 18:19:00', '0'),
(1397, 'Chị Lê Hương Lan Khách onl của Bảo', '01675802935', '', '2015-12-13 11:08:47', '2015-10-27 20:37:13', '0'),
(1398, 'Chị Thúy', '01642856353', '', '2016-04-05 20:15:58', '2015-10-27 21:09:57', '0'),
(1399, 'Chị Thủy', '072', NULL, '2015-10-28 19:55:21', '2015-10-28 19:55:21', '0'),
(1400, 'Chị Hằng', '0949523179', '', '2016-04-22 17:30:54', '2015-10-29 12:38:25', '0'),
(1401, 'Chị Nguyễn Thị Thêu', '0979597186', NULL, '2015-10-29 15:03:41', '2015-10-29 15:03:41', '0'),
(1402, 'Bạn Yến', '0983280940', NULL, '2015-10-29 18:08:55', '2015-10-29 18:08:55', '0'),
(1403, 'Chị Nguyễn Hằng fb Hang Nguyen fb Bảo', '100', 'Tòa nhà 319 63 Lê Văn Lương', '2015-12-15 16:43:41', '2015-10-29 18:14:47', '0'),
(1404, 'Chị Thanh chị Thảo bạn Bảo', '0936442396', '', '2016-05-16 22:58:58', '2015-10-29 18:35:51', '0'),
(1405, 'Bạn Mai fb Má Núm bạn Bảo', '0986552840', '', '2015-11-24 10:52:42', '2015-10-29 18:37:40', '0'),
(1406, 'Anh Tiến', '0919742186', '', '2015-12-25 20:37:21', '2015-10-29 19:02:45', '0'),
(1407, 'Chị Nga fb Thanhnga Nguyen', '0947763585', NULL, '2015-10-30 10:50:50', '2015-10-30 10:50:50', '0'),
(1408, 'Cô Lê', '0904369717', '', '2015-12-09 20:56:24', '2015-10-30 20:43:45', '0'),
(1409, 'Chị Thoa', '0966580589', NULL, '2015-10-31 20:00:08', '2015-10-31 20:00:08', '0'),
(1410, 'Chị Đỗ Thuần Phương khách onl của Bảo', '0902263626', 'Quảng Ninh', '2016-07-19 15:15:50', '2015-11-01 11:20:41', '0'),
(1411, 'Em Nguyễn Thị Bích Thảo khách onl của Bảo', '01648613490', NULL, '2015-11-01 11:29:37', '2015-11-01 11:29:37', '0'),
(1412, 'Bạn Hồng Hạnh fb Hong Hanh Nguyen fb Bảo', '0987483934', NULL, '2015-11-01 14:10:12', '2015-11-01 14:10:12', '0'),
(1413, 'Chị Giang', '0917399982', NULL, '2015-11-03 19:20:13', '2015-11-03 19:20:13', '0'),
(1414, 'Chị Hằng', '0968302269', '', '2015-11-10 20:12:57', '2015-11-04 12:44:38', '0'),
(1415, 'Chị Đàm Hà fb Hà Đàm', '0979293222', NULL, '2015-11-04 21:52:28', '2015-11-04 21:52:28', '0'),
(1416, 'Chị Oanh', '0986169161', NULL, '2015-11-05 16:19:24', '2015-11-05 16:19:24', '0'),
(1417, 'Chị Thu', '0968757893', NULL, '2015-11-05 16:36:58', '2015-11-05 16:36:58', '0'),
(1418, 'Em Trần Thị Minh Thương', '01689929286', NULL, '2015-11-05 18:37:06', '2015-11-05 18:37:06', '0'),
(1419, 'Chị Dung fb Thiên Bình kh online', '0963966966', '', '2016-06-02 17:04:59', '2015-11-05 20:02:01', '0'),
(1420, 'Chị Thùy', '0984315747', '', '2015-11-06 14:18:47', '2015-11-06 10:39:00', '0'),
(1421, 'Chị Tú bạn chị châu', '0', NULL, '2015-11-06 16:10:30', '2015-11-06 16:10:30', '0'),
(1422, 'Chị huyền', '0973101109', NULL, '2015-11-06 17:12:00', '2015-11-06 17:12:00', '0'),
(1423, 'Chị Hậu', '0904231084', NULL, '2015-11-06 18:36:09', '2015-11-06 18:36:09', '0'),
(1424, 'Quỳnh bạn Bảo ', '0983276228', '', '2016-01-18 20:38:27', '2015-11-06 19:05:08', '0'),
(1425, 'Em Linh Trịnh bạn Bảo', '01687587457', '', '2016-07-16 16:49:55', '2015-11-07 12:31:58', '0'),
(1426, 'Chị Nguyệt ', '0969452269', NULL, '2015-11-05 14:18:02', '2015-11-05 14:18:02', '0'),
(1427, 'Chị Hoàng Ánh Tuyết khách onl của Bảo', '0987355567', NULL, '2015-11-06 14:19:59', '2015-11-06 14:19:59', '0'),
(1428, 'Chị Đinh Thị Loan', '01659304753', NULL, '2015-11-07 14:31:42', '2015-11-07 14:31:42', '0'),
(1429, 'Quỳnh Maruko bạn Bảo', '0973535002', NULL, '2015-11-07 14:35:08', '2015-11-07 14:35:08', '0'),
(1430, 'Chị Ngọc', '01678868222', NULL, '2015-11-07 16:39:25', '2015-11-07 16:39:25', '0'),
(1431, 'Khách onl của Chị Châu', '0968553266', NULL, '2015-11-07 16:41:10', '2015-11-07 16:41:10', '0'),
(1432, 'Chị Hiền', '0987547078', NULL, '2015-11-07 16:58:40', '2015-11-07 16:58:40', '0'),
(1433, 'Chị Hạ', '0982577788', NULL, '2015-11-07 19:17:18', '2015-11-07 19:17:18', '0'),
(1434, 'Chị Thủy', '0976261125', '', '2016-06-29 18:50:35', '2015-11-09 18:35:04', '0'),
(1435, 'Chị Hường', '0983795467', NULL, '2015-11-09 18:46:33', '2015-11-09 18:46:33', '0'),
(1436, 'Chị Ngà ', '0972412828', '', '2016-05-23 19:28:30', '2015-11-09 19:25:59', '0'),
(1437, 'Chị Hoa', '0987798582', NULL, '2015-11-09 19:28:35', '2015-11-09 19:28:35', '0'),
(1438, 'Chị Hải', '0979507072', '', '2016-03-04 14:01:06', '2015-11-09 20:04:10', '0'),
(1439, 'Chị Hương', '0988750730', NULL, '2015-11-09 20:59:57', '2015-11-09 20:59:57', '0'),
(1440, 'Bạn Lương', '01693613662', NULL, '2015-11-09 21:58:39', '2015-11-09 21:58:39', '0'),
(1441, 'Chị Hương', '0973532904', NULL, '2015-11-10 14:06:09', '2015-11-10 14:06:09', '0'),
(1442, 'Chị Hằng', '01698629719', NULL, '2015-11-10 15:19:14', '2015-11-10 15:19:14', '0'),
(1443, 'Vợ chồng anh Quân Anh', '0', NULL, '2015-11-10 21:37:52', '2015-11-10 21:37:52', '0'),
(1444, 'Chị Nguyễn Thị Ngọc Thúy', '0983649289', NULL, '2015-11-11 18:00:32', '2015-11-11 18:00:32', '0'),
(1445, 'Chị Nhi', '01646851996', NULL, '2015-11-11 20:08:53', '2015-11-11 20:08:53', '0'),
(1446, 'Anh Long', '0969850833', NULL, '2015-11-12 14:47:51', '2015-11-12 14:47:51', '0'),
(1447, 'Chị Dung', '0973549035', NULL, '2015-11-12 16:19:28', '2015-11-12 16:19:28', '0'),
(1448, 'Chị Chuyên', '0983587941', '', '2015-12-07 15:58:34', '2015-11-12 16:24:43', '0'),
(1449, 'Em Nhung', '01634143200', '', '2016-07-20 18:10:52', '2015-11-12 19:51:02', '0'),
(1450, 'Chị Tuyên', '01693629827 ', NULL, '2015-11-12 20:29:54', '2015-11-12 20:29:54', '0'),
(1451, 'Huế bạn Bảo ', '0982649048', '', '2015-12-27 15:57:38', '2015-11-13 14:59:16', '0'),
(1452, 'Chị Hương', '0983287169', NULL, '2015-11-13 14:59:28', '2015-11-13 14:59:28', '0'),
(1453, 'Chị Hường', '0967775078', NULL, '2015-11-13 18:51:49', '2015-11-13 18:51:49', '0'),
(1454, 'Chị Phúc', '0986594922', '', '2015-12-25 14:59:40', '2015-11-13 21:19:26', '0'),
(1455, 'Chị Diệu', '0983754515', NULL, '2015-11-15 16:45:42', '2015-11-15 16:45:42', '0'),
(1456, 'Chị Nhung', '0936175558', NULL, '2015-11-16 18:14:54', '2015-11-16 18:14:54', '0'),
(1457, 'Chị Vân', '09699300090', NULL, '2015-11-16 19:42:33', '2015-11-16 19:42:33', '0'),
(1458, 'Chị Oanh', '01226346968', NULL, '2015-11-17 11:11:59', '2015-11-17 11:11:59', '0'),
(1459, 'Chị Mơ', '0964681031', NULL, '2015-11-17 14:19:56', '2015-11-17 14:19:56', '0'),
(1460, 'Chị Dung', '0979603315', NULL, '2015-11-17 14:21:16', '2015-11-17 14:21:16', '0'),
(1461, 'Chị Chinh', '01297550636', NULL, '2015-11-17 14:22:04', '2015-11-17 14:22:04', '0'),
(1462, 'Chị Yến', '01643200604', NULL, '2015-11-17 18:59:36', '2015-11-17 18:59:36', '0'),
(1463, 'Chị Dương', '0977389888', '', '2015-12-08 18:28:00', '2015-11-18 18:29:23', '0'),
(1464, 'Chị Nga', '0986467233', NULL, '2015-11-19 17:56:58', '2015-11-19 17:56:58', '0'),
(1465, 'Chị Ngọc', '01698103945', NULL, '2015-11-19 18:54:20', '2015-11-19 18:54:20', '0'),
(1466, 'Em Linh', '0975960157', NULL, '2015-11-19 20:37:38', '2015-11-19 20:37:38', '0'),
(1467, 'Chị Huyền', '0974268998', NULL, '2015-11-20 12:29:44', '2015-11-20 12:29:44', '0'),
(1468, 'Chị Đường', '0915365074', '', '2015-12-05 17:38:40', '2015-11-21 12:30:41', '0'),
(1469, 'Em Linh', '01673598553', NULL, '2015-11-21 18:53:19', '2015-11-21 18:53:19', '0'),
(1470, 'Em Phương', '01685444001', NULL, '2015-11-21 18:54:53', '2015-11-21 18:54:53', '0'),
(1471, 'Chị Lan', '0968072666', '', '2016-06-07 15:26:14', '2015-11-21 18:55:22', '0'),
(1472, 'Chị Oanh', '0989032164', NULL, '2015-11-21 18:56:36', '2015-11-21 18:56:36', '0'),
(1473, 'Bạn Hằng khách onl của Bảo', '0961861298', '', '2016-06-14 21:21:02', '2015-11-21 19:04:38', '0'),
(1474, 'Chị My', '0988330988', NULL, '2015-11-21 20:11:00', '2015-11-21 20:11:00', '0'),
(1475, 'Chị Minh', '0948656068', NULL, '2015-11-22 13:29:38', '2015-11-22 13:29:38', '0'),
(1476, 'Chị Khách ', '0975659696', NULL, '2015-11-22 20:46:05', '2015-11-22 20:46:05', '0'),
(1477, 'Chị Thoa', '0903400168', NULL, '2015-11-23 16:52:36', '2015-11-23 16:52:36', '0'),
(1478, 'Chị Thúy', '0936710011', NULL, '2015-11-23 16:53:04', '2015-11-23 16:53:04', '0'),
(1479, 'Chị Miền', '01633635411', NULL, '2015-11-23 21:12:08', '2015-11-23 21:12:08', '0'),
(1480, 'Linh Giang bạn Bảo ', '0979894143', 'Triệu Sơn - Thanh Hóa', '2015-11-24 10:56:51', '2015-11-24 10:55:11', '0'),
(1481, 'Chị Ngọc', '0904328831', '', '2015-12-02 20:25:28', '2015-11-24 17:09:51', '0'),
(1482, 'Chị Hương', '01692118287', NULL, '2015-11-24 17:45:05', '2015-11-24 17:45:05', '0'),
(1483, 'Chị Nga', '0987501991', NULL, '2015-11-25 15:12:27', '2015-11-25 15:12:27', '0'),
(1484, 'Chị  Nhung', '01667407072', NULL, '2015-11-25 15:29:54', '2015-11-25 15:29:54', '0'),
(1485, 'Chị Oanh', '01649725326', '', '2015-12-01 18:57:08', '2015-11-27 17:46:25', '0'),
(1486, 'Chị Thảo', '0977461356', NULL, '2015-11-27 18:10:23', '2015-11-27 18:10:23', '0'),
(1487, 'Chị Duyên', '0906218989', '', '2015-12-12 15:59:26', '2015-11-28 12:18:58', '0'),
(1488, 'Chị Thảo', '01659732868', '', '2016-06-15 17:20:48', '2015-11-28 17:41:59', '0'),
(1489, 'Chị Hoàng Thị Tường Vy ', '0935618149', NULL, '2015-11-28 18:29:17', '2015-11-28 18:29:17', '0'),
(1490, 'Chị Thường', '0918550656', NULL, '2015-11-28 19:00:12', '2015-11-28 19:00:12', '0'),
(1491, 'Cô Hằng ', '0914637366', NULL, '2015-11-28 19:52:21', '2015-11-28 19:52:21', '0'),
(1492, 'Chị Linh', '0972282329', NULL, '2015-11-29 12:07:14', '2015-11-29 12:07:14', '0'),
(1493, 'Chị Ngọc ', '0941068994', NULL, '2015-11-29 12:12:56', '2015-11-29 12:12:56', '0'),
(1494, 'Chị Hoài ', '0976931466', '', '2016-04-30 22:37:14', '2015-11-29 15:55:19', '0'),
(1495, 'Dương bạn Bảo', '01669398197', NULL, '2015-11-29 18:56:55', '2015-11-29 18:56:55', '0'),
(1496, 'Chị Vân Anh', '0934414569', NULL, '2015-11-29 19:24:14', '2015-11-29 19:24:14', '0'),
(1497, 'Chị Dung', '0988858383', NULL, '2015-11-30 16:06:27', '2015-11-30 16:06:27', '0'),
(1498, 'Chị Thủy ', '0969754045', NULL, '2015-11-30 17:39:26', '2015-11-30 17:39:26', '0'),
(1499, 'Chị Hương Anh ', '0984725838', NULL, '2015-11-30 18:10:15', '2015-11-30 18:10:15', '0'),
(1500, 'Chị Huyền', '0912364385', '', '2016-05-16 22:57:02', '2015-11-30 18:13:26', '0'),
(1501, 'Chị Vân Anh', '0983808183', NULL, '2015-11-30 20:44:31', '2015-11-30 20:44:31', '0'),
(1502, 'Bạn Uyên ', '0944288062', NULL, '2015-12-02 14:02:26', '2015-12-02 14:02:26', '0'),
(1503, 'Chị Phạm Diệu Linh', '0989323449', '', '2016-02-03 13:47:58', '2015-12-02 15:34:43', '0'),
(1504, 'Chị Liên', '01655899786', '', '2015-12-07 20:30:02', '2015-12-02 20:18:08', '0'),
(1505, 'Chị Linh', '0965650888', NULL, '2015-12-02 20:38:41', '2015-12-02 20:38:41', '0'),
(1506, 'Chị Sửu chủ nhà và bạn Chị Sửu', '0943708573', 'Bù đôi 0104 trước tết mua bị lỗi ', '2016-06-17 17:18:10', '2015-12-03 17:46:17', '0'),
(1507, 'Chị Vân Anh khách onl của bảo', '0917517483', '', '2015-12-08 13:36:58', '2015-12-04 11:20:39', '0'),
(1508, 'Chị Hằng', '0974167353', '', '2016-01-08 18:25:02', '2015-12-04 11:50:55', '0'),
(1509, 'Chị Trang', '0948655878', NULL, '2015-12-04 18:14:45', '2015-12-04 18:14:45', '0'),
(1510, 'Chị Xuân', '0962523636', '', '2016-03-21 19:24:05', '2015-12-05 12:40:52', '0'),
(1511, 'Chị Nguyễn Yến Thuy khách onl của Bảo ', '0961004248', NULL, '2015-12-05 15:26:10', '2015-12-05 15:26:10', '0'),
(1512, 'Chị Thủy', '01664396626', NULL, '2015-12-05 16:58:47', '2015-12-05 16:58:47', '0'),
(1513, 'Chị Hiền', '0982978428', NULL, '2015-12-05 17:30:23', '2015-12-05 17:30:23', '0'),
(1514, 'Thùy Linh bạn Bảo', '01682794434', 'TP Thanh Hóa ', '2016-06-01 14:19:32', '2015-12-05 17:51:52', '0'),
(1515, 'Chị Thùy Trang', '0974593610', '', '2016-02-03 12:11:36', '2015-12-05 18:27:40', '0'),
(1516, 'Chị Yến', '0915229567', NULL, '2015-12-05 18:28:44', '2015-12-05 18:28:44', '0'),
(1517, 'Chị Nguyệt ', '0979157118', NULL, '2015-12-05 20:38:39', '2015-12-05 20:38:39', '0'),
(1518, 'Chị Quyên', '0987245539', NULL, '2015-12-06 13:57:22', '2015-12-06 13:57:22', '0'),
(1519, 'Chị Trang', '0904334334', NULL, '2015-12-06 14:55:15', '2015-12-06 14:55:15', '0'),
(1520, 'Chị Hoài ', '0977061293', NULL, '2015-12-06 17:25:40', '2015-12-06 17:25:40', '0'),
(1521, 'Chị Hòa', '01262488898', NULL, '2015-12-06 19:06:37', '2015-12-06 19:06:37', '0'),
(1522, 'Cô Thanh', '0946634230', NULL, '2015-12-06 19:35:13', '2015-12-06 19:35:13', '0'),
(1523, 'Chị Hường', '0989108282', NULL, '2015-12-06 20:46:48', '2015-12-06 20:46:48', '0'),
(1524, 'Chị Mai Thị Hòa', '01678866827', NULL, '2015-12-06 21:08:18', '2015-12-06 21:08:18', '0'),
(1525, 'Chị Loan', '0964446848', NULL, '2015-12-06 21:42:19', '2015-12-06 21:42:19', '0'),
(1526, 'Chị Thu', '0912314768', NULL, '2015-12-08 13:35:06', '2015-12-08 13:35:06', '0'),
(1527, 'Anh Lân', '0934411689', '', '2015-12-10 16:19:47', '2015-12-08 13:35:57', '0'),
(1528, 'Chị Lan', '0903480222', '', '2015-12-22 19:06:31', '2015-12-08 19:18:05', '0'),
(1529, 'Chị Tuyết ', '0984097970', NULL, '2015-12-09 17:21:31', '2015-12-09 17:21:31', '0'),
(1530, 'Chị Nghiêm Thị Thu Hà', '01694321485', NULL, '2015-12-10 11:55:41', '2015-12-10 11:55:41', '0'),
(1531, 'Chị Nguyễn Thu Hà', '01626383471', NULL, '2015-12-10 12:58:50', '2015-12-10 12:58:50', '0'),
(1532, 'Chị Lý', '0989510622', '', '2016-01-13 20:44:36', '2015-12-10 17:20:57', '0'),
(1533, 'Hồng Bạn Bảo', '01656148986', '', '2015-12-16 18:46:05', '2015-12-10 18:46:22', '0'),
(1534, 'Chị Liên', '0969849888', NULL, '2015-12-10 20:36:35', '2015-12-10 20:36:35', '0'),
(1535, 'Chị Duyên', '0919981688', '', '2016-01-17 15:43:57', '2015-12-10 21:17:06', '0'),
(1536, 'Bạn Đào Ánh Ngọc ', '0979224781', NULL, '2015-12-10 21:56:10', '2015-12-10 21:56:10', '0'),
(1537, 'Chị Phượng ', '0984854059', NULL, '2015-12-11 15:31:58', '2015-12-11 15:31:58', '0'),
(1538, 'Chị Ngoan', '0912538789', NULL, '2015-12-11 15:38:04', '2015-12-11 15:38:04', '0'),
(1539, 'Bạn Phùng Thị Lan', '01664498876', NULL, '2015-12-11 16:54:10', '2015-12-11 16:54:10', '0'),
(1540, 'Chị Huyền', '0919275589', '', '2015-12-14 15:40:37', '2015-12-11 21:29:01', '0'),
(1541, 'Chị Trâm', '0944201086', '', '2016-05-12 21:37:20', '2015-12-11 21:45:11', '0'),
(1542, 'Chị Duyên', '0961348630', NULL, '2015-12-12 16:00:27', '2015-12-12 16:00:27', '0'),
(1543, 'Em Nguyễn Thúy khách onl của Bảo', '0919694495', NULL, '2015-12-12 16:04:09', '2015-12-12 16:04:09', '0'),
(1544, 'Chị Đỗ Thị Thu Phương', '0966524533', NULL, '2015-12-12 16:13:41', '2015-12-12 16:13:41', '0'),
(1545, 'Chị Huyền', '0945408888', NULL, '2015-12-12 16:49:45', '2015-12-12 16:49:45', '0'),
(1546, 'Chị Nhung', '01656228764', NULL, '2015-12-12 17:36:50', '2015-12-12 17:36:50', '0'),
(1547, 'Chị Vân Anh', '0949900669', 'Số 2, ngách 2/49 Định Công Thượng', '2015-12-12 23:59:44', '2015-12-12 19:09:25', '0'),
(1548, 'Chị Liễu', '01674356468', '', '2016-03-25 20:56:28', '2015-12-12 21:43:37', '0'),
(1549, 'Chị Ánh', '0976990338', NULL, '2015-12-13 11:43:52', '2015-12-13 11:43:52', '0'),
(1550, 'Chị Nguyệt ', '0986085976', NULL, '2015-12-13 12:55:22', '2015-12-13 12:55:22', '0'),
(1551, 'Chị Hương', '0982616618', '', '2015-12-13 15:37:53', '2015-12-13 16:50:04', '0'),
(1552, 'Chị Vân ', '0983106741', NULL, '2015-12-13 17:46:26', '2015-12-13 17:46:26', '0'),
(1553, 'Cô Quỳnh', '0903294806', '', '2016-05-03 15:58:51', '2015-12-13 18:52:36', '0'),
(1554, 'Chị Hồng', '0936577626', NULL, '2015-12-14 14:04:38', '2015-12-14 14:04:38', '0'),
(1555, 'Chị Trang', '0967226538', NULL, '2015-12-14 17:31:13', '2015-12-14 17:31:13', '0'),
(1556, 'Chị Dung', '0966906166', NULL, '2015-12-14 17:33:43', '2015-12-14 17:33:43', '0'),
(1557, 'Bạn Hiền', '0975936825', '', '2016-03-07 10:24:32', '2015-12-14 18:53:07', '0'),
(1558, 'Chị Thắm', '0912715649', NULL, '2015-12-14 19:29:16', '2015-12-14 19:29:16', '0'),
(1559, 'Chị Thanh Tú', '01233885884', '', '2015-12-14 21:17:50', '2015-12-14 20:55:11', '0'),
(1560, 'Chị Ngân ', '0945247554', 'Đổi lại đôi giày mã 0074 hôm trước chị mua vừa đi đã bị hỏng ', '2016-03-28 20:33:13', '2015-12-14 21:20:11', '0'),
(1561, 'Chị Như Quỳnh', '0903456847', '', '2015-12-15 21:57:59', '2015-12-15 21:53:28', '0'),
(1562, 'Em Thương NV ', '0975448597', '', '2016-01-17 20:43:25', '2015-12-15 23:29:11', '0'),
(1563, 'Chị Hòa', '01665906888', NULL, '2015-12-16 12:51:36', '2015-12-16 12:51:36', '0'),
(1564, 'Chị Ngọc', '0987089969', '', '2015-12-27 12:02:08', '2015-12-16 16:06:59', '0'),
(1565, 'Chị Hồng Nhung', '0976219515', '', '2015-12-16 15:48:08', '2015-12-16 18:49:25', '0'),
(1566, 'Anh Thịnh', '0983626304', NULL, '2015-12-17 13:07:53', '2015-12-17 13:07:53', '0'),
(1567, 'Chị Dịu', '0985200628', NULL, '2015-12-17 16:51:21', '2015-12-17 16:51:21', '0'),
(1568, 'Chị Anh ', '0914046692', NULL, '2015-12-17 18:24:00', '2015-12-17 18:24:00', '0'),
(1569, 'Chị Hoài', '0986489145', NULL, '2015-12-17 18:26:42', '2015-12-17 18:26:42', '0'),
(1570, 'Chị Hà', '0979905088', NULL, '2015-12-18 14:12:53', '2015-12-18 14:12:53', '0'),
(1571, 'Cô Thủy ngõ 72', '0945136688', '', '2015-12-25 20:36:50', '2015-12-18 14:13:33', '0'),
(1572, 'Chị Mai Anh khách onl của Bảo', '0963868222', NULL, '2015-12-18 14:15:11', '2015-12-18 14:15:11', '0'),
(1573, 'Chị Thu', '0906137899', '', '2016-01-30 18:03:41', '2015-12-18 21:12:03', '0'),
(1574, 'Chị Linh', '0978949123', '', '2015-12-19 15:56:01', '2015-12-19 15:06:28', '0'),
(1575, 'Chị Linh', '0985698695', NULL, '2015-12-20 20:43:35', '2015-12-20 20:43:35', '0'),
(1576, 'Chị Vân', '09868620550', NULL, '2015-12-20 20:44:30', '2015-12-20 20:44:30', '0'),
(1577, 'Chị Liên SN 13/6', '01656102657', '', '2016-06-13 17:37:28', '2015-12-20 20:48:28', '0'),
(1578, 'Chị Phương', '0965665068', NULL, '2015-12-22 14:42:11', '2015-12-22 14:42:11', '0'),
(1579, 'A Minh', '0918888398', '', '2015-12-12 15:28:24', '2015-12-22 15:09:37', '1'),
(1580, 'Chị Lê Chủ nhà ', '000000000000', NULL, '2015-12-16 15:48:54', '2015-12-16 15:48:54', '0'),
(1581, 'Chị Hương', '0966752366', NULL, '2015-12-17 15:49:50', '2015-12-17 15:49:50', '0'),
(1582, 'Cô Chung ', '0979521378', NULL, '2015-12-19 16:07:55', '2015-12-19 16:07:55', '0'),
(1583, 'Em Toàn nhà bên ', '0911517218', NULL, '2015-12-22 17:59:48', '2015-12-22 17:59:48', '0'),
(1584, 'Chị Minh ', '0986109085', NULL, '2015-12-22 19:16:42', '2015-12-22 19:16:42', '0'),
(1585, 'Chị Quyên', '0949900621', NULL, '2015-12-22 20:14:34', '2015-12-22 20:14:34', '0'),
(1586, 'Chị Huyền', '0915883255', NULL, '2015-12-23 11:49:32', '2015-12-23 11:49:32', '0'),
(1587, 'Chị Mai ', '0936910333', NULL, '2015-12-23 11:50:06', '2015-12-23 11:50:06', '0'),
(1588, 'Hòa bạn Bảo ', '0', NULL, '2015-12-23 13:36:29', '2015-12-23 13:36:29', '0'),
(1589, 'Chị Ngọc ', '0985980598', '', '2016-04-20 20:01:22', '2015-12-23 15:05:38', '0'),
(1590, 'Chị Lộc ', '0984749344', '', '2016-02-29 17:21:21', '2015-12-23 17:37:38', '0'),
(1591, 'Chị Thảo ', '0965220391', NULL, '2015-12-23 18:08:05', '2015-12-23 18:08:05', '0'),
(1592, 'Bạn Quách Thị Hoa ', '01659015205', NULL, '2015-12-23 19:00:52', '2015-12-23 19:00:52', '0'),
(1593, 'Chị Phương', '01689936815', '', '2016-04-22 21:45:57', '2015-12-23 20:43:45', '0'),
(1594, 'Em Hồng Quý ', '0982643139', NULL, '2015-12-23 21:34:36', '2015-12-23 21:34:36', '0'),
(1595, 'Cô Hằng ', '0983030266', '', '2015-12-24 14:53:46', '2015-12-25 14:52:30', '0'),
(1596, 'Chị Hà ', '0986945008', '', '2016-01-06 12:42:30', '2015-12-25 14:59:03', '0'),
(1597, 'Em Hằng ', '0973244610', NULL, '2015-12-25 15:03:32', '2015-12-25 15:03:32', '0'),
(1598, 'Chị Thủy ', '0977371810', NULL, '2015-12-25 16:42:38', '2015-12-25 16:42:38', '0'),
(1599, 'Chị Cẩm ', '0988050683', NULL, '2015-12-25 17:32:37', '2015-12-25 17:32:37', '0'),
(1600, 'Chị Nhung', '01688030287', NULL, '2015-12-26 13:24:27', '2015-12-26 13:24:27', '0'),
(1601, 'Chị Phượng ', '0942981804', NULL, '2015-12-26 15:50:17', '2015-12-26 15:50:17', '0'),
(1602, 'Chị Huệ ', '01668302542', NULL, '2015-12-26 17:14:56', '2015-12-26 17:14:56', '0'),
(1603, 'Chị Hoa', '01693838726', NULL, '2015-12-26 18:11:23', '2015-12-26 18:11:23', '0'),
(1604, 'Em Duyên fb Bòn Bon fb Bảo ', '0936103200', NULL, '2015-12-26 20:25:49', '2015-12-26 20:25:49', '0'),
(1605, 'Chị Loan ', '01659012521', NULL, '2015-12-26 21:25:48', '2015-12-26 21:25:48', '0'),
(1606, 'Chị Hăng', '0983585475', NULL, '2015-12-27 11:59:08', '2015-12-27 11:59:08', '0'),
(1607, 'Chị Nguyệt', '0984366406', NULL, '2015-12-27 15:56:51', '2015-12-27 15:56:51', '0'),
(1608, 'Chị Huyền', '0988841840', NULL, '2015-12-28 13:11:13', '2015-12-28 13:11:13', '0'),
(1609, 'Chị Qúy', '0966488063', NULL, '2015-12-28 13:12:23', '2015-12-28 13:12:23', '0'),
(1610, 'Chị Ưu Đàm Hoa fb Bảo ', '0989089896', NULL, '2015-12-28 16:00:50', '2015-12-28 16:00:50', '0'),
(1611, 'Chị Hiên ', '0964875156', NULL, '2015-12-28 18:11:12', '2015-12-28 18:11:12', '0'),
(1612, 'Anh Lâm', '0902387450', NULL, '2015-12-31 12:34:02', '2015-12-31 12:34:02', '0'),
(1613, 'Chị Hồng 36 đường Láng ', '0982700635', NULL, '2015-12-31 12:35:30', '2015-12-31 12:35:30', '0'),
(1614, 'Chị Nhung', '01648513671', '', '2015-12-29 22:13:22', '2015-12-31 12:36:43', '0'),
(1615, 'Chị Thơm ', '0988118089', '', '2016-01-09 20:35:26', '2015-12-29 12:39:49', '0'),
(1616, 'Chị Hạnh ', '0972357878', NULL, '2015-12-31 15:16:09', '2015-12-31 15:16:09', '0'),
(1617, 'Chị Mai ', '01695337037', 'Bạn anh Minh ', '2016-06-09 18:10:30', '2015-12-31 17:49:59', '0'),
(1618, 'Chị Lương', '0904829400', NULL, '2015-12-31 17:50:45', '2015-12-31 17:50:45', '0'),
(1619, 'Chị Hạnh ', '0936189001', NULL, '2015-12-31 19:16:44', '2015-12-31 19:16:44', '0'),
(1620, 'Chị Đông', '01628250562', NULL, '2015-12-31 19:17:39', '2015-12-31 19:17:39', '0'),
(1621, 'Chị Hoa ', '0948199485', NULL, '2015-12-31 19:35:41', '2015-12-31 19:35:41', '0'),
(1622, 'Ông Tân ', '0982006755', NULL, '2016-01-01 13:12:22', '2016-01-01 13:12:22', '0'),
(1623, 'Chị Hoa ', '01656094672', NULL, '2015-12-29 13:13:46', '2015-12-29 13:13:46', '0'),
(1624, 'Chị Đợi ', '0975355339', NULL, '2015-12-30 13:16:29', '2015-12-30 13:16:29', '0'),
(1625, 'Chị Huyền ', '0983387021', NULL, '2015-12-30 13:17:02', '2015-12-30 13:17:02', '0'),
(1626, 'Chị Thu ', '0914348643', NULL, '2015-12-30 13:17:32', '2015-12-30 13:17:32', '0'),
(1627, 'Chị Hòa ', '0986769885', NULL, '2015-12-30 13:18:05', '2015-12-30 13:18:05', '0'),
(1628, 'Chị Phượng', '01632569716', NULL, '2015-12-30 13:18:41', '2015-12-30 13:18:41', '0'),
(1629, 'Chị Hông', '0947685886', NULL, '2016-01-01 18:08:20', '2016-01-01 18:08:20', '0'),
(1630, 'Chị Mai ', '0934534563', NULL, '2016-01-02 12:36:04', '2016-01-02 12:36:04', '0'),
(1631, 'Chị Hòa', '01692680913', NULL, '2016-01-02 12:37:47', '2016-01-02 12:37:47', '0'),
(1632, 'Chị Dung', '0913619898', '', '2016-01-02 19:30:23', '2016-01-02 12:38:17', '0'),
(1633, 'Bạn Hoàng Thúy Kiều ', '01666497121', NULL, '2016-01-02 15:49:43', '2016-01-02 15:49:43', '0'),
(1634, 'Cô Oanh ', '01677328780', '', '2016-01-03 15:42:03', '2016-01-02 17:22:15', '0'),
(1635, 'Anh Hải ', '0962242126', '', '2016-01-05 15:58:22', '2016-01-02 21:14:40', '0'),
(1636, 'Em Hoài khách onl của Bảo ', '0164651339', 'Minh Dân ', '2016-07-16 14:30:29', '2016-01-02 21:22:11', '0'),
(1637, 'Chị Thùy', '0978591663', NULL, '2016-01-03 10:29:33', '2016-01-03 10:29:33', '0'),
(1638, 'Chị Hậu', '0984535052', NULL, '2016-01-03 18:39:46', '2016-01-03 18:39:46', '0'),
(1639, 'Chị Thanh', '01277021740', '', '2016-05-01 19:14:53', '2016-01-03 20:15:21', '0'),
(1640, 'Chị Anhs', '0949417100', '', '2016-01-04 14:06:58', '2016-01-04 14:05:26', '0'),
(1641, 'Chị Hương', '01689514642', NULL, '2016-01-05 18:42:21', '2016-01-05 18:42:21', '0'),
(1642, 'Chị Thu ', '0986658686', '', '2016-01-07 11:54:13', '2016-01-05 20:15:51', '0'),
(1643, 'Chị Ninh ', '0904007418', NULL, '2016-01-05 20:42:19', '2016-01-05 20:42:19', '0'),
(1644, 'Chị Thủy ', '01687169450', NULL, '2016-01-06 17:29:19', '2016-01-06 17:29:19', '0'),
(1645, 'Chị Thương ', '0904080607', NULL, '2016-01-06 17:53:59', '2016-01-06 17:53:59', '0'),
(1646, 'Chị Phương ', '0976779611', NULL, '2016-01-06 19:57:32', '2016-01-06 19:57:32', '0'),
(1647, 'Em Vân ', ' 01632373135', NULL, '2016-01-07 12:31:17', '2016-01-07 12:31:17', '0'),
(1648, 'Chị Xuân', '0989784063', '', '2016-01-07 11:52:05', '2016-01-07 16:40:09', '0'),
(1649, 'Chị Quyên ', '0963933008', 'Bù lại 30k cho cái áo lần trước chị ấy lấy ', '2016-01-17 16:26:41', '2016-01-08 11:45:09', '0'),
(1650, 'Bạn Đinh Thị Hương Giang ', '0986655678', NULL, '2016-01-08 11:48:41', '2016-01-08 11:48:41', '0'),
(1651, 'Chị Hà ', '0946652605', NULL, '2016-01-07 11:52:56', '2016-01-07 11:52:56', '0'),
(1652, 'Em Hương ', '0969375543', NULL, '2016-01-07 11:53:40', '2016-01-07 11:53:40', '0'),
(1653, 'Chị Hường', '0916537084', NULL, '2016-01-08 18:22:44', '2016-01-08 18:22:44', '0'),
(1654, 'Chị Bình ', '0924101972', '', '2016-01-15 20:51:59', '2016-01-08 18:24:27', '0'),
(1655, 'Chị Hương', '0944570147', '', '2016-01-09 19:17:28', '2016-01-08 18:26:40', '0'),
(1656, 'Em Hạnh ', '0936188893', '', '2016-07-08 17:19:58', '2016-01-08 20:47:26', '0'),
(1657, 'Chị Thảo khách onl của Bảo ', '0979715056', '', '2016-01-12 20:03:20', '2016-01-08 20:49:08', '0'),
(1658, 'Chị Yến ', '0974371133', NULL, '2016-01-09 18:42:27', '2016-01-09 18:42:27', '0'),
(1659, 'Chị Thương ', '0973837196', NULL, '2016-01-09 18:43:17', '2016-01-09 18:43:17', '0'),
(1660, 'Chị Nguyễn Thị Hồi khách onl của Bảo ', '0936242464', '', '2016-06-01 14:17:59', '2016-01-09 18:47:12', '0'),
(1661, 'Em Uyên ', '0988902801', NULL, '2016-01-09 19:53:13', '2016-01-09 19:53:13', '0'),
(1662, 'Chị Phượng ', '0986884356', '', '2016-06-19 21:16:03', '2016-01-10 15:50:28', '0'),
(1663, 'Chị Nguyễn Hồng Ninh ', '01223180060', NULL, '2016-01-10 15:54:41', '2016-01-10 15:54:41', '0'),
(1664, 'Chị Thủy ', '0975453534', NULL, '2016-01-10 19:30:51', '2016-01-10 19:30:51', '0'),
(1665, 'Chị Dung', '0986622155', NULL, '2016-01-10 19:32:21', '2016-01-10 19:32:21', '0'),
(1666, 'Chị Thanh', '0988099258', '', '2016-01-29 12:16:10', '2016-01-10 19:34:12', '0'),
(1667, 'Chị Thu Giang', '0982429913', NULL, '2016-01-10 19:37:27', '2016-01-10 19:37:27', '0'),
(1668, 'Chị Bích ', '0963024224', NULL, '2016-01-10 19:38:29', '2016-01-10 19:38:29', '0'),
(1669, 'Chị Hiền ', '0948312171', '', '2016-04-06 20:18:46', '2016-01-11 19:39:52', '0'),
(1670, 'Anh Trường ', '0915751320', NULL, '2016-01-12 19:56:41', '2016-01-12 19:56:41', '0'),
(1671, 'Chị Linh ', '0969109989', NULL, '2016-01-12 19:57:31', '2016-01-12 19:57:31', '0'),
(1672, 'Chị Nhung bạn Chị Hải ', '0976471196', NULL, '2016-01-12 19:58:59', '2016-01-12 19:58:59', '0'),
(1673, 'Chị Duyên ', '0941008338', NULL, '2016-01-12 20:01:34', '2016-01-12 20:01:34', '0'),
(1674, 'Chị Thảo ', '0985660749', '', '2016-01-13 20:40:52', '2016-01-12 20:04:45', '0'),
(1675, 'Chị Hòa ', '0919321161', NULL, '2016-01-13 20:38:16', '2016-01-13 20:38:16', '0'),
(1676, 'Chị Kim ', '0978644120', NULL, '2016-01-13 20:38:47', '2016-01-13 20:38:47', '0'),
(1677, 'Chị Thoa ', '0974185856', NULL, '2016-01-13 20:39:14', '2016-01-13 20:39:14', '0'),
(1678, 'Chị Chi ', '0985146865', NULL, '2016-01-13 20:41:33', '2016-01-13 20:41:33', '0'),
(1679, 'Chị Thủy ', '0963882909', NULL, '2016-01-13 20:42:41', '2016-01-13 20:42:41', '0'),
(1680, 'Chị Mơ ', '0979249105', NULL, '2016-01-13 20:43:23', '2016-01-13 20:43:23', '0'),
(1681, 'Chị Hằng ', '0987861908', '', '2016-01-18 18:22:48', '2016-01-13 20:44:05', '0'),
(1682, 'Chị Giang ', '01657558835', NULL, '2016-01-13 20:45:41', '2016-01-13 20:45:41', '0'),
(1683, 'Chị khách quên k hỏi tên ', '0986707771', NULL, '2016-01-13 20:46:20', '2016-01-13 20:46:20', '0'),
(1684, 'Chị Thắng ', '0972887729', NULL, '2016-01-13 20:46:46', '2016-01-13 20:46:46', '0'),
(1685, 'Chị Tú Uyên ', '01675868838', '', '2016-04-07 20:20:16', '2016-01-14 20:48:04', '0'),
(1686, 'Chị Loan ', '0928490888', '', '2016-01-15 20:54:02', '2016-01-14 20:48:39', '0'),
(1687, 'Chị Lan Anh ', '0978052826', NULL, '2016-01-14 20:49:25', '2016-01-14 20:49:25', '0'),
(1688, 'Chị Kim Anh ', '01692874902', NULL, '2016-01-15 20:50:13', '2016-01-15 20:50:13', '0'),
(1689, 'Cô Hiền ', '0906784678', NULL, '2016-01-15 20:51:27', '2016-01-15 20:51:27', '0'),
(1690, 'Chị Nga ', '0979243644', '', '2016-01-15 21:34:56', '2016-01-15 20:55:51', '0'),
(1691, 'Cô Duyên ', '0987170246', '', '2016-01-27 11:38:46', '2016-01-16 22:53:36', '0'),
(1692, 'Chị Ánh ', '0936292423', '', '2016-01-19 14:03:26', '2016-01-16 22:57:42', '0'),
(1693, 'Chị Linh ', '0966220289', NULL, '2016-01-16 22:58:25', '2016-01-16 22:58:25', '0'),
(1694, 'Chị Ngà ', '01678495787', NULL, '2016-01-16 22:59:09', '2016-01-16 22:59:09', '0'),
(1695, 'Chị Huyền ', '0977070249', NULL, '2016-01-16 22:59:59', '2016-01-16 22:59:59', '0'),
(1696, 'Chị Linh ', '0966183869', NULL, '2016-01-17 12:02:51', '2016-01-17 12:02:51', '0'),
(1697, 'Anh Phúc ', '0986988887', NULL, '2016-01-17 12:04:27', '2016-01-17 12:04:27', '0'),
(1698, 'Chị Vân ', '01689574355', NULL, '2016-01-17 12:05:28', '2016-01-17 12:05:28', '0'),
(1699, 'Chị Hương ', '0969700777', NULL, '2016-01-17 14:03:50', '2016-01-17 14:03:50', '0'),
(1700, 'Chị Trang ', '0983412080', NULL, '2016-01-17 14:39:18', '2016-01-17 14:39:18', '0'),
(1701, 'Chị Hằng ', '0988658840', NULL, '2016-01-17 14:42:55', '2016-01-17 14:42:55', '0'),
(1702, 'Chị Thúy ', '0968691399', '', '2016-01-17 18:08:24', '2016-01-17 17:55:19', '0'),
(1703, 'Ẻm Lan Anh ', '01695943690', NULL, '2016-01-18 10:24:56', '2016-01-18 10:24:56', '0'),
(1704, 'Chị Bùi Thị Yến khách onl của Bảo ', '0942364244', 'Thôn bảo tháp, xã đông cứu, gia bình, bắc ninh', '2016-01-18 11:56:39', '2016-01-18 11:48:39', '0'),
(1705, 'Em Vũ Thị Ngân khách onl của Bảo ', '01628023969', 'Công ty TNHH Smart Shirts, Phù Ủng, Ân Thi, Hưng Yên ', '2016-01-18 11:54:19', '2016-01-18 11:50:59', '0'),
(1706, 'Bạn Phạm Thị Hương khách onl của Bảo ', '01654652524', NULL, '2016-01-18 11:53:08', '2016-01-18 11:53:08', '0'),
(1707, 'Chị Thoa ', '0913392445', '', '2016-06-30 19:28:52', '2016-01-18 12:48:07', '0'),
(1708, 'Bạn Huệ ', '01649611006', NULL, '2016-01-18 16:47:41', '2016-01-18 16:47:41', '0'),
(1709, 'Bạn Hương', '0978987265', NULL, '2016-01-18 16:51:08', '2016-01-18 16:51:08', '0'),
(1710, 'Chị Mai Thị Hạt ', '0989739313', NULL, '2016-01-18 17:42:10', '2016-01-18 17:42:10', '0'),
(1711, 'Bạn My ', '0949412237', NULL, '2016-01-18 17:43:40', '2016-01-18 17:43:40', '0'),
(1712, 'Em Huyền ', '0989294740', NULL, '2016-01-18 18:07:58', '2016-01-18 18:07:58', '0'),
(1713, 'Chị Hương ', '0943715388', NULL, '2016-01-18 18:17:04', '2016-01-18 18:17:04', '0'),
(1714, 'Em Đa ', '0974375925', '', '2016-04-30 15:28:32', '2016-01-18 20:07:37', '0'),
(1715, 'Chị Liên ', '0977411958', NULL, '2016-01-18 20:31:03', '2016-01-18 20:31:03', '0'),
(1716, 'Chị Tuân ', '0968715078', NULL, '2016-01-19 15:49:24', '2016-01-19 15:49:24', '0'),
(1717, 'Chị Thập ', '0947367780', NULL, '2016-01-19 17:00:30', '2016-01-19 17:00:30', '0'),
(1718, 'Em Hương ', '0975114121', NULL, '2016-01-19 19:46:05', '2016-01-19 19:46:05', '0'),
(1719, 'Chị Thơm ', '01664985626', NULL, '2016-01-19 20:59:59', '2016-01-19 20:59:59', '0'),
(1720, 'Chị Hậu ', '0982407050', '', '2016-02-02 13:48:01', '2016-01-19 22:05:40', '0'),
(1721, 'Cô Ngân ', '0984780024', NULL, '2016-01-20 20:09:25', '2016-01-20 20:09:25', '0'),
(1722, 'Cô Lý ', '0948116610', NULL, '2016-01-20 20:10:41', '2016-01-20 20:10:41', '0'),
(1723, 'Chị Minh ', '0978989585', NULL, '2016-01-20 20:11:50', '2016-01-20 20:11:50', '0'),
(1724, 'Cô Liên ', '0912203999', NULL, '2016-01-20 20:12:39', '2016-01-20 20:12:39', '0'),
(1725, 'Cô Quế ', '0989038288', NULL, '2016-01-20 20:13:57', '2016-01-20 20:13:57', '0'),
(1726, 'Chị Hồng ', '01688241283', NULL, '2016-01-20 20:33:08', '2016-01-20 20:33:08', '0'),
(1727, 'Chị Ngọc Anh ', '0164785622', '', '2016-01-20 21:28:09', '2016-01-20 20:55:34', '0'),
(1728, 'Chị Nguyệt ', '0943118086', '', '2016-06-30 16:21:06', '2016-01-21 17:04:47', '0'),
(1729, 'Chị Giang ', '0984419281', NULL, '2016-01-21 17:05:17', '2016-01-21 17:05:17', '0'),
(1730, 'Chị Thúy ', '0977696425', NULL, '2016-01-21 17:07:42', '2016-01-21 17:07:42', '0'),
(1731, 'Anh Hải ', '0977496474', NULL, '2016-01-21 17:14:15', '2016-01-21 17:14:15', '0'),
(1732, 'Chị Hiền ', '0917898789', NULL, '2016-01-21 17:15:01', '2016-01-21 17:15:01', '0'),
(1733, 'Cô Bích ', '0903200912', NULL, '2016-01-22 12:55:04', '2016-01-22 12:55:04', '0'),
(1734, 'Anh Đức Anh ', '0973719648', NULL, '2016-01-22 15:17:22', '2016-01-22 15:17:22', '0'),
(1735, 'Chi Ly ', '01629104858', NULL, '2016-01-22 16:59:51', '2016-01-22 16:59:51', '0'),
(1736, 'Chị Duyên khách onl của Bảo ', '0963462908', NULL, '2016-01-22 20:29:14', '2016-01-22 20:29:14', '0'),
(1737, 'Chị Hiền ', '01699389268', NULL, '2016-01-22 20:34:31', '2016-01-22 20:34:31', '0'),
(1738, 'Chị Thảo', '0966392633', NULL, '2016-01-23 14:09:24', '2016-01-23 14:09:24', '0'),
(1739, 'Chị Long', '0966126345', NULL, '2016-01-23 14:33:02', '2016-01-23 14:33:02', '0'),
(1740, 'Bạn Dung ', '0978707223', NULL, '2016-01-23 17:15:00', '2016-01-23 17:15:00', '0'),
(1741, 'Chị Huyền ', '0948256321', NULL, '2016-01-23 17:20:59', '2016-01-23 17:20:59', '0'),
(1742, 'Chị Lươnng', '09851440000', NULL, '2016-01-23 17:49:26', '2016-01-23 17:49:26', '0'),
(1743, 'Anh Mạnh ', '01676556135', NULL, '2016-01-23 19:28:58', '2016-01-23 19:28:58', '0'),
(1744, 'Chị Hường ', '0925806719', NULL, '2016-01-23 19:46:16', '2016-01-23 19:46:16', '0'),
(1745, 'Anh Học ', '0976552556', NULL, '2016-01-23 19:55:44', '2016-01-23 19:55:44', '0'),
(1746, 'Chi La', '01644602056', NULL, '2016-01-24 18:37:23', '2016-01-24 18:37:23', '0'),
(1747, 'Ban Quyen ', '0981379128', NULL, '2016-01-24 20:47:45', '2016-01-24 20:47:45', '0'),
(1748, 'Chị Huế', '0974199896', NULL, '2016-01-25 12:54:36', '2016-01-25 12:54:36', '0'),
(1749, 'Bạn Huyền ', '0963532596', NULL, '2016-01-25 15:37:10', '2016-01-25 15:37:10', '0'),
(1750, 'Chị Hiền ', '01672252686', NULL, '2016-01-25 15:47:28', '2016-01-25 15:47:28', '0'),
(1751, 'Chị Phương Mai ', '0972251169', NULL, '2016-01-25 17:51:49', '2016-01-25 17:51:49', '0'),
(1752, 'Chị Nguyệt Ánh', '01697483728', NULL, '2016-01-25 17:54:37', '2016-01-25 17:54:37', '0'),
(1753, 'Bạn Hiền ', '0989735025', NULL, '2016-01-25 17:58:03', '2016-01-25 17:58:03', '0'),
(1754, 'Em Bùi Thị Việt Hà ', '01672143625', NULL, '2016-01-25 18:26:56', '2016-01-25 18:26:56', '0'),
(1755, 'Chị Hiền ', '0946179763', NULL, '2016-01-27 14:27:13', '2016-01-27 14:27:13', '0'),
(1756, 'Chị Thảo', '0969279013', NULL, '2016-01-27 16:39:59', '2016-01-27 16:39:59', '0'),
(1757, 'Chị Hoài Thư ', '0974709855', '', '2016-06-06 18:44:59', '2016-01-28 12:09:07', '0'),
(1758, 'Chị Lan ', '0977676593', NULL, '2016-01-28 16:03:47', '2016-01-28 16:03:47', '0'),
(1759, 'Em bạn chị Duyên khách onl của Bảo ', '01684469346', NULL, '2016-01-28 18:13:25', '2016-01-28 18:13:25', '0'),
(1760, 'Chị Trần Thị Hòa khách onl ', ' 01688000284', NULL, '2016-01-28 18:32:29', '2016-01-28 18:32:29', '0'),
(1761, 'Chị Trần Thị Huyền khách onl ', '01678089388', 'Điện lực Sơn La', '2016-01-28 18:34:22', '2016-01-28 18:33:39', '0'),
(1762, 'Chị Gấm ', '01692723486', NULL, '2016-01-28 21:34:47', '2016-01-28 21:34:47', '0'),
(1763, 'Chị Phượng ', '0972715744', '', '2016-02-01 14:06:35', '2016-01-29 12:11:08', '0'),
(1764, 'Chị Thúy ', '01688881390', NULL, '2016-01-29 12:11:51', '2016-01-29 12:11:51', '0'),
(1765, 'Chị Hường ', '0982884332', NULL, '2016-01-29 12:12:57', '2016-01-29 12:12:57', '0'),
(1766, 'Chị Thơm ', '0948268455', NULL, '2016-01-30 12:22:12', '2016-01-30 12:22:12', '0'),
(1767, 'Chị Hà ', '0977112558', NULL, '2016-01-30 12:45:48', '2016-01-30 12:45:48', '0'),
(1768, 'Chị Hằng ', '0978794888', NULL, '2016-01-30 13:14:36', '2016-01-30 13:14:36', '0'),
(1769, 'Chị Linh ', '0904500669', NULL, '2016-01-30 14:36:42', '2016-01-30 14:36:42', '0'),
(1770, 'Chị Lê Thị Quý khách onl của Bảo ', '0912 649 538', 'Thôn 3 Hoằng Lý TP Thanh Hóa ', '2016-06-01 14:17:18', '2016-01-30 14:45:26', '0'),
(1771, 'Anh Nguyễn Đình Cần ', '01656260516', NULL, '2016-01-30 15:04:00', '2016-01-30 15:04:00', '0'),
(1772, 'Chị Cậy ', '01634485385', NULL, '2016-01-30 15:49:52', '2016-01-30 15:49:52', '0'),
(1773, 'Chị  Yến ', '09826963727', NULL, '2016-01-30 18:42:33', '2016-01-30 18:42:33', '0'),
(1774, 'Chị Tình ', '0985511631', NULL, '2016-01-30 18:46:53', '2016-01-30 18:46:53', '0'),
(1775, 'Chị Thanh Thư ', '01638687115', NULL, '2016-01-30 20:43:37', '2016-01-30 20:43:37', '0'),
(1776, 'Chị Vân Anh ', '0978821547', NULL, '2016-01-30 21:05:00', '2016-01-30 21:05:00', '0'),
(1777, 'Chị Linh', '0912042434', NULL, '2016-01-31 11:44:24', '2016-01-31 11:44:24', '0'),
(1778, 'Chị Thùy ', '01648519732', NULL, '2016-01-31 13:52:59', '2016-01-31 13:52:59', '0'),
(1779, 'Chị Thảo', '0943585336', NULL, '2016-01-31 14:08:08', '2016-01-31 14:08:08', '0'),
(1780, 'Chị Huế', '0977395748', NULL, '2016-01-31 14:59:46', '2016-01-31 14:59:46', '0'),
(1781, 'Chị Duyên ', '0989840911', NULL, '2016-01-31 15:39:19', '2016-01-31 15:39:19', '0'),
(1782, 'Chị Lam Anh ', '01673638418', NULL, '2016-01-31 16:29:48', '2016-01-31 16:29:48', '0'),
(1783, 'Chị Linh ', '0975037741', NULL, '2016-01-31 19:24:24', '2016-01-31 19:24:24', '0'),
(1784, 'Chị Thư ', '01688706922', NULL, '2016-01-31 20:47:08', '2016-01-31 20:47:08', '0'),
(1785, 'Chị Dịu ', '0903458841', NULL, '2016-01-31 20:47:42', '2016-01-31 20:47:42', '0'),
(1786, 'Huệ bạn Bảo ', '0978404196', NULL, '2016-01-31 20:48:58', '2016-01-31 20:48:58', '0'),
(1787, 'Chị Hợp ', '0915522755', NULL, '2016-02-01 14:04:41', '2016-02-01 14:04:41', '0'),
(1788, 'Chị Dung ', '01666823436', NULL, '2016-02-01 14:05:27', '2016-02-01 14:05:27', '0'),
(1789, 'Chị Hạnh ', '01688619414', NULL, '2016-02-01 19:15:49', '2016-02-01 19:15:49', '0'),
(1790, 'Em Mai ', '0973373889', NULL, '2016-02-01 19:25:23', '2016-02-01 19:25:23', '0'),
(1791, 'Bạn Huyền ', '01649275913', NULL, '2016-02-01 20:36:22', '2016-02-01 20:36:22', '0'),
(1792, 'Bạn Bích Ngân ', '01644351366', '', '2016-02-02 13:44:43', '2016-02-01 20:52:09', '0'),
(1793, 'Anh Thọ ', '0944574686', NULL, '2016-02-01 21:24:09', '2016-02-01 21:24:09', '0'),
(1794, 'Chị Hương ', '0963752873', NULL, '2016-02-02 13:36:45', '2016-02-02 13:36:45', '0'),
(1795, 'Chị Thành ', '0918634389', NULL, '2016-02-02 13:37:20', '2016-02-02 13:37:20', '0'),
(1796, 'Chị Huệ', '0985852354', '', '2016-03-18 20:40:23', '2016-02-02 15:57:21', '0'),
(1797, 'Chị Hân', '01649619340', NULL, '2016-02-02 16:43:16', '2016-02-02 16:43:16', '0'),
(1798, 'Bạn Hà Trang ', '0964453592', NULL, '2016-02-02 17:27:25', '2016-02-02 17:27:25', '0'),
(1799, 'Chị Thư ', '0984100177', '', '2016-02-04 17:10:05', '2016-02-02 17:30:44', '0'),
(1800, 'Chị Hoa ', '0982824722', NULL, '2016-02-02 18:28:27', '2016-02-02 18:28:27', '0'),
(1801, 'Chị Gấm ', '01672047693', NULL, '2016-02-02 18:54:43', '2016-02-02 18:54:43', '0'),
(1802, 'Chị Trà ', '0947559666', NULL, '2016-02-02 20:41:55', '2016-02-02 20:41:55', '0');
INSERT INTO `customer` (`id`, `name`, `tel`, `description`, `date`, `created_date`, `isboss`) VALUES
(1803, 'Chị Diễm ', '01665865844', NULL, '2016-02-02 21:13:17', '2016-02-02 21:13:17', '0'),
(1804, 'Chị Lan Anh ', '01653544180', NULL, '2016-02-02 21:42:49', '2016-02-02 21:42:49', '0'),
(1805, 'Chị Liên ', '0982186590', NULL, '2016-02-02 21:46:59', '2016-02-02 21:46:59', '0'),
(1806, 'Chị Mai', '0902869411', NULL, '2016-02-03 15:20:49', '2016-02-03 15:20:49', '0'),
(1807, 'Chị Hông', '0912358429', '', '2016-02-03 16:36:44', '2016-02-03 16:33:14', '0'),
(1808, 'Chị Hạnh', '0919980218', NULL, '2016-02-03 18:59:46', '2016-02-03 18:59:46', '0'),
(1809, 'Chị Thủy ', '01682706394', '', '2016-02-03 12:09:05', '2016-02-04 12:08:30', '0'),
(1810, 'Chị Thủy ', '01674090327', NULL, '2016-02-03 12:09:41', '2016-02-03 12:09:41', '0'),
(1811, 'Chị Linh ', '0984863579', NULL, '2016-02-03 12:10:27', '2016-02-03 12:10:27', '0'),
(1812, 'Chị Nhung', '0982459392', NULL, '2016-02-03 12:11:10', '2016-02-03 12:11:10', '0'),
(1813, 'Chị Vân ', '0966137430', NULL, '2016-02-03 12:12:08', '2016-02-03 12:12:08', '0'),
(1814, 'Chị Diệp ', '0942635766', NULL, '2016-02-03 12:12:43', '2016-02-03 12:12:43', '0'),
(1815, 'Chị Nhung ', '0972127929', NULL, '2016-02-04 12:14:35', '2016-02-04 12:14:35', '0'),
(1816, 'Chị Cảnh ', '0968605349', NULL, '2016-02-04 12:15:11', '2016-02-04 12:15:11', '0'),
(1817, 'Chị Hiên', '0978762709', NULL, '2016-02-04 15:17:23', '2016-02-04 15:17:23', '0'),
(1818, 'Chị Trang', '01646575364', NULL, '2016-02-04 15:24:19', '2016-02-04 15:24:19', '0'),
(1819, 'Chị Hạnh', '0972080045', NULL, '2016-02-04 15:44:42', '2016-02-04 15:44:42', '0'),
(1820, 'Bạn Trang ', '0982115518', NULL, '2016-02-04 17:28:22', '2016-02-04 17:28:22', '0'),
(1821, 'Chị Linh ', '01273464053', NULL, '2016-02-24 16:19:46', '2016-02-24 16:19:46', '0'),
(1822, 'Chị Hà', '0915112533', NULL, '2016-02-24 16:20:31', '2016-02-24 16:20:31', '0'),
(1823, 'Chị Liên ', '0904534512', NULL, '2016-02-24 16:21:13', '2016-02-24 16:21:13', '0'),
(1824, 'Chị Quyên ', '0914924567', NULL, '2016-02-23 16:22:12', '2016-02-23 16:22:12', '0'),
(1825, 'Chị Hiền ', '0979557145', NULL, '2016-02-23 16:23:00', '2016-02-23 16:23:00', '0'),
(1826, 'Chị Nhung ', '01666144833', NULL, '2016-02-23 16:24:00', '2016-02-23 16:24:00', '0'),
(1827, 'Chị Minh ', '01638437967', NULL, '2016-02-22 16:26:56', '2016-02-22 16:26:56', '0'),
(1828, 'Chị Phương ', '0983545806', NULL, '2016-02-22 16:29:02', '2016-02-22 16:29:02', '0'),
(1829, 'Chị Hương ', '0988768283', '', '2016-02-28 20:56:57', '2016-02-21 16:30:16', '0'),
(1830, 'Chị Huyền ', '0908037788', NULL, '2016-02-21 16:30:59', '2016-02-21 16:30:59', '0'),
(1831, 'Chị Lụa ', '01672522029', NULL, '2016-02-21 16:32:13', '2016-02-21 16:32:13', '0'),
(1832, 'Chị Hương ', '01253391334', NULL, '2016-02-20 16:33:08', '2016-02-20 16:33:08', '0'),
(1833, 'Chị Hợi ', '0934559811', NULL, '2016-02-20 16:34:35', '2016-02-20 16:34:35', '0'),
(1834, 'Chị Hiền ', '0987806289', NULL, '2016-02-20 16:35:19', '2016-02-20 16:35:19', '0'),
(1835, 'Chị My ', '0975096095', NULL, '2016-02-20 16:36:06', '2016-02-20 16:36:06', '0'),
(1836, 'Chị Dinh ', '0912242605', NULL, '2016-02-19 16:39:04', '2016-02-19 16:39:04', '0'),
(1837, 'Chị Trang ', '0934999873', NULL, '2016-02-19 16:40:03', '2016-02-19 16:40:03', '0'),
(1838, 'Chị Linh ', '01298782311', NULL, '2016-02-19 16:41:12', '2016-02-19 16:41:12', '0'),
(1839, 'Chị Giang ', '01686046956', NULL, '2016-02-24 18:49:41', '2016-02-24 18:49:41', '0'),
(1840, 'Chị Bích ', '0916765583', NULL, '2016-02-25 18:08:14', '2016-02-25 18:08:14', '0'),
(1841, 'Chị Linh ', '0947022228', NULL, '2016-02-25 18:08:57', '2016-02-25 18:08:57', '0'),
(1842, 'Chị Lan Anh ', '0904776618', NULL, '2016-02-26 17:24:14', '2016-02-26 17:24:14', '0'),
(1843, 'Chị Nguyệt ', '0904898246', NULL, '2016-02-26 17:24:52', '2016-02-26 17:24:52', '0'),
(1844, 'Chị Linh ', '01666663194', NULL, '2016-02-26 17:25:55', '2016-02-26 17:25:55', '0'),
(1845, 'Bạn Thơm ', '01656088094', '', '2016-02-28 20:55:52', '2016-02-26 20:14:25', '0'),
(1846, 'Chị Loan ', '0974363248', NULL, '2016-02-28 14:19:01', '2016-02-28 14:19:01', '0'),
(1847, 'Chị Hương ', '0973474975', NULL, '2016-02-28 14:20:45', '2016-02-28 14:20:45', '0'),
(1848, 'Chị Huệ ', '0989037400', '', '2016-02-27 14:25:12', '2016-02-28 14:22:19', '0'),
(1849, 'Chị Mai ', '01667616445', '', '2016-02-27 14:24:00', '2016-02-28 14:23:12', '0'),
(1850, 'Cô Biên ', '0979909733', NULL, '2016-02-28 20:54:25', '2016-02-28 20:54:25', '0'),
(1851, 'Chị Phương ', '0962633974', NULL, '2016-02-28 20:57:43', '2016-02-28 20:57:43', '0'),
(1852, 'Em Đỗ Mai Quyên khách onl của Bảo ', '01684808070', NULL, '2016-02-29 17:20:30', '2016-02-29 17:20:30', '0'),
(1853, 'Chị Liên ', '0936866573', NULL, '2016-02-29 17:22:35', '2016-02-29 17:22:35', '0'),
(1854, 'Chị Thư ', '0982953186', NULL, '2016-02-29 17:23:33', '2016-02-29 17:23:33', '0'),
(1855, 'Chị Tạ Thị Yến', '0916710458', NULL, '2016-02-29 17:46:15', '2016-02-29 17:46:15', '0'),
(1856, 'Bạn Huê ', '01678054838', NULL, '2016-02-29 18:05:20', '2016-02-29 18:05:20', '0'),
(1857, 'Chị Dung ', '0965422794', NULL, '2016-02-29 19:51:35', '2016-02-29 19:51:35', '0'),
(1858, 'Chị Phương ', '01647064138', NULL, '2016-03-01 19:35:45', '2016-03-01 19:35:45', '0'),
(1859, 'Chị Nụ ', '0986461111', NULL, '2016-03-04 13:59:50', '2016-03-04 13:59:50', '0'),
(1860, 'Chị Duyên ', '0974873615', NULL, '2016-03-04 14:00:23', '2016-03-04 14:00:23', '0'),
(1861, 'Chị Oanh ', '01652885320', NULL, '2016-03-04 15:08:44', '2016-03-04 15:08:44', '0'),
(1862, 'Chị Hà ', '0987369067', NULL, '2016-03-04 17:56:13', '2016-03-04 17:56:13', '0'),
(1863, 'Anh Hùng ', '0903261488', NULL, '2016-03-04 19:42:34', '2016-03-04 19:42:34', '0'),
(1864, 'Chị Thu', '0944069609', '', '2016-04-17 18:28:42', '2016-03-05 17:56:40', '0'),
(1865, 'Chị Khánh Linh ', '0962326766', NULL, '2016-03-07 13:07:19', '2016-03-07 13:07:19', '0'),
(1866, 'Chị Hường', '0944043102', '', '2016-04-25 21:31:28', '2016-03-07 15:23:07', '0'),
(1867, 'chị Trang ', '0984243740', '', '2016-03-25 20:47:56', '2016-03-07 21:05:21', '0'),
(1868, 'Chị Thu Trang ', '01646524033', NULL, '2016-03-08 11:30:01', '2016-03-08 11:30:01', '0'),
(1869, 'Bạn Trang ', '01656788998', '', '2016-03-11 15:49:07', '2016-03-08 12:01:28', '0'),
(1870, 'Nhung bạn Bảo ', '0969808833', '', '2016-04-18 18:26:11', '2016-03-08 14:29:26', '0'),
(1871, 'Bạn Trang ', '01646572374', NULL, '2016-03-08 19:59:06', '2016-03-08 19:59:06', '0'),
(1872, 'Chị Thìn ', '01686014548', NULL, '2016-03-09 14:40:55', '2016-03-09 14:40:55', '0'),
(1873, 'Bạn Hằng ', '0904081869', NULL, '2016-03-09 14:43:42', '2016-03-09 14:43:42', '0'),
(1874, 'Bạn Phương ', '01694979362', '', '2016-04-29 20:52:58', '2016-03-09 21:12:12', '0'),
(1875, 'Chị Hồng Nhung', '0985217993', NULL, '2016-03-10 14:42:32', '2016-03-10 14:42:32', '0'),
(1876, 'Bạn Duyên ', '0988820549', NULL, '2016-03-11 15:49:41', '2016-03-11 15:49:41', '0'),
(1877, 'Bạn đầu Giáp Nhất ', '0966976832', NULL, '2016-03-11 20:42:48', '2016-03-11 20:42:48', '0'),
(1878, 'Chị Kim Chăm ', '01649599641', NULL, '2016-03-12 13:08:35', '2016-03-12 13:08:35', '0'),
(1879, 'Bạn Hảo ', '0971142693', NULL, '2016-03-12 15:36:12', '2016-03-12 15:36:12', '0'),
(1880, 'Bạn Ánh', '01676598036', NULL, '2016-03-15 19:54:08', '2016-03-15 19:54:08', '0'),
(1881, 'Bạn Đào ', '0969328256', '', '2016-03-15 20:04:27', '2016-03-15 19:54:51', '0'),
(1882, 'Chị Bảo Ngọc ', '0989605512', '', '2016-03-15 20:24:13', '2016-03-15 20:22:00', '0'),
(1883, 'Bạn Quyên ', '01676389386', NULL, '2016-03-15 21:02:10', '2016-03-15 21:02:10', '0'),
(1884, 'Bạn Trang ', '0984091499', NULL, '2016-03-16 14:53:38', '2016-03-16 14:53:38', '0'),
(1885, 'Chị Hường ', '01656242788', '', '2016-04-18 21:00:00', '2016-03-17 11:42:49', '0'),
(1886, 'Chị Hảo ', '01683187975', NULL, '2016-03-17 19:03:50', '2016-03-17 19:03:50', '0'),
(1887, 'Chị Tâm ', '0974382284', NULL, '2016-03-17 19:26:27', '2016-03-17 19:26:27', '0'),
(1888, 'Chị Thùy Diệu ', '01685869238', NULL, '2016-03-18 11:36:54', '2016-03-18 11:36:54', '0'),
(1889, 'Chị Thảo ', '0977197876', NULL, '2016-03-19 14:47:06', '2016-03-19 14:47:06', '0'),
(1890, 'Chị Lợi ', '0983169837', NULL, '2016-03-19 14:49:08', '2016-03-19 14:49:08', '0'),
(1891, 'Chị Hải ', '0904151607', NULL, '2016-03-19 20:38:09', '2016-03-19 20:38:09', '0'),
(1892, 'Anh Huy ', '0934453638', NULL, '2016-03-19 20:38:50', '2016-03-19 20:38:50', '0'),
(1893, 'Chị Lợi ', '0983169387', NULL, '2016-03-18 20:41:15', '2016-03-18 20:41:15', '0'),
(1894, 'Chị Vân ', '0976541138', '', '2016-05-11 19:54:21', '2016-03-18 20:43:17', '0'),
(1895, 'Chị Mai ', '0902132811', NULL, '2016-03-20 18:58:57', '2016-03-20 18:58:57', '0'),
(1896, 'Chị Huyền ', '0966585823', NULL, '2016-03-20 19:02:59', '2016-03-20 19:02:59', '0'),
(1897, 'Chị Mai ', '0944785188', '', '2016-03-20 19:12:28', '2016-03-20 19:04:19', '0'),
(1898, 'Anh Cường ', '0985212083', '', '2016-03-28 20:13:54', '2016-03-20 19:04:53', '0'),
(1899, 'Chị Huyền ', '0986357096', NULL, '2016-03-20 19:06:01', '2016-03-20 19:06:01', '0'),
(1900, 'Chị Đằng ', '0989777888', NULL, '2016-03-20 19:07:11', '2016-03-20 19:07:11', '0'),
(1901, 'Chị Toàn ', '0973460899', NULL, '2016-03-20 19:08:10', '2016-03-20 19:08:10', '0'),
(1902, 'Chị Hương ', '0982748991', NULL, '2016-03-20 19:09:07', '2016-03-20 19:09:07', '0'),
(1903, 'Chị Ngọc ', '0942388266', NULL, '2016-03-21 17:22:56', '2016-03-21 17:22:56', '0'),
(1904, 'Chị Linh ', '01635247673', '', '2016-03-28 20:17:00', '2016-03-21 17:23:43', '0'),
(1905, 'Chị Ngọc ', '0978999868', NULL, '2016-03-21 17:41:43', '2016-03-21 17:41:43', '0'),
(1906, 'Chị Lan', '0983169428', NULL, '2016-03-21 17:44:48', '2016-03-21 17:44:48', '0'),
(1907, 'Chị Trang ', '01649627945', NULL, '2016-03-21 19:01:12', '2016-03-21 19:01:12', '0'),
(1908, 'Chị Hải ', '0984625063', NULL, '2016-03-21 19:55:25', '2016-03-21 19:55:25', '0'),
(1909, 'Bạn Quỳnh', '0977139675', NULL, '2016-03-22 16:41:38', '2016-03-22 16:41:38', '0'),
(1910, 'Chị khách mua hàng cho mẹ', '0', NULL, '2016-03-22 19:20:14', '2016-03-22 19:20:14', '0'),
(1911, 'Chị Hương ', '0973532604', NULL, '2016-03-23 19:21:56', '2016-03-23 19:21:56', '0'),
(1912, 'Chị Thúy ', '0906232302', NULL, '2016-03-23 19:35:59', '2016-03-23 19:35:59', '0'),
(1913, 'Chị Hậu ', '0977594964', NULL, '2016-03-23 19:36:30', '2016-03-23 19:36:30', '0'),
(1914, 'Chị Hương ', '0979731986', NULL, '2016-03-23 19:37:28', '2016-03-23 19:37:28', '0'),
(1915, 'Chị Loan ', '0917035456', NULL, '2016-03-23 20:21:42', '2016-03-23 20:21:42', '0'),
(1916, 'Chị Lan Anh ', '0966861468', '', '2016-03-24 18:27:24', '2016-03-23 20:23:36', '0'),
(1917, 'chị Thúy Lan ', '0904686550', NULL, '2016-03-23 21:16:05', '2016-03-23 21:16:05', '0'),
(1918, 'Chị Yến ', '0913261788', NULL, '2016-03-24 17:15:30', '2016-03-24 17:15:30', '0'),
(1919, 'Chị Ánh ', '01679223394', NULL, '2016-03-25 20:21:51', '2016-03-25 20:21:51', '0'),
(1920, 'Chị Sao ', '0904962239', NULL, '2016-03-26 14:04:05', '2016-03-26 14:04:05', '0'),
(1921, 'Chị Ly', '0976869475', NULL, '2016-03-27 17:23:03', '2016-03-27 17:23:03', '0'),
(1922, 'Cô Khánh ', '0904012807', NULL, '2016-03-27 17:23:52', '2016-03-27 17:23:52', '0'),
(1923, 'Chị Tâm', '0975957221', '', '2016-03-27 17:25:31', '2016-03-28 17:24:41', '0'),
(1924, 'Anh Phúc', '0962482017', NULL, '2016-03-29 16:41:15', '2016-03-29 16:41:15', '0'),
(1925, 'Chị Thùy ', '0964493464', NULL, '2016-03-30 21:08:56', '2016-03-30 21:08:56', '0'),
(1926, 'Chị Ánh', '01639394113', NULL, '2016-03-30 21:10:16', '2016-03-30 21:10:16', '0'),
(1927, 'Chị Hà ', '0915544488', NULL, '2016-03-30 21:10:47', '2016-03-30 21:10:47', '0'),
(1928, 'Chị Trang ', '0975390127', NULL, '2016-03-31 15:36:53', '2016-03-31 15:36:53', '0'),
(1929, 'Chị Thúy', '0968657777', NULL, '2016-03-31 16:02:44', '2016-03-31 16:02:44', '0'),
(1930, 'Chị Hằng ', '0985175365', '', '2016-04-11 19:33:21', '2016-03-31 16:03:33', '0'),
(1931, 'Chị Linh ', '0912258888', '', '2016-04-01 18:58:23', '2016-03-31 18:53:05', '0'),
(1932, 'Anh Đam ', '0906155488', NULL, '2016-04-01 18:50:13', '2016-04-01 18:50:13', '0'),
(1933, 'Chị Dương ', '0986252193', '', '2016-04-16 18:27:44', '2016-04-01 20:03:14', '0'),
(1934, 'Chị Trang ', '01645709388', NULL, '2016-04-02 20:31:11', '2016-04-02 20:31:11', '0'),
(1935, 'Chị Hằng ', '0984985681', NULL, '2016-04-03 14:11:29', '2016-04-03 14:11:29', '0'),
(1936, 'Chị Hạnh ', '0975315647', NULL, '2016-04-05 20:12:36', '2016-04-05 20:12:36', '0'),
(1937, 'Chị Huyên ', '0969740994', NULL, '2016-04-05 20:13:35', '2016-04-05 20:13:35', '0'),
(1938, 'Chị Hương ', '0987086668', NULL, '2016-04-05 20:14:24', '2016-04-05 20:14:24', '0'),
(1939, 'Chị Nguyệt ', '0988456713', NULL, '2016-04-05 20:15:00', '2016-04-05 20:15:00', '0'),
(1940, 'Chị Huyền ', '0902154868', '', '2016-06-06 18:41:35', '2016-04-05 20:16:43', '0'),
(1941, 'Chị Phương ', '0989716924', NULL, '2016-04-05 20:17:18', '2016-04-05 20:17:18', '0'),
(1942, 'Chị Nga ', '0945614294', NULL, '2016-04-06 20:18:18', '2016-04-06 20:18:18', '0'),
(1943, 'Chị Vân Anh ', '0969808775', NULL, '2016-04-06 20:19:28', '2016-04-06 20:19:28', '0'),
(1944, 'Chị Phương', '0915550204', '', '2016-07-13 18:52:23', '2016-04-07 20:20:51', '0'),
(1945, 'Chị Phương ', '0982809694', NULL, '2016-04-09 20:22:13', '2016-04-09 20:22:13', '0'),
(1946, 'Chị Hồng ', '0963272819', NULL, '2016-04-09 20:22:41', '2016-04-09 20:22:41', '0'),
(1947, 'Chị Hà ', '0962810166', NULL, '2016-04-09 20:23:20', '2016-04-09 20:23:20', '0'),
(1948, 'Bạn Phương ', '0985608226', NULL, '2016-04-09 20:45:42', '2016-04-09 20:45:42', '0'),
(1949, 'Chị Thu ', '0946750082', NULL, '2016-04-09 19:19:16', '2016-04-09 19:19:16', '0'),
(1950, 'Chị Dung ', '0934663636', NULL, '2016-04-10 19:21:16', '2016-04-10 19:21:16', '0'),
(1951, 'Chị Thảo ', '0973541755', NULL, '2016-04-10 19:21:53', '2016-04-10 19:21:53', '0'),
(1952, 'Chị Hà ', '0979905188', NULL, '2016-04-10 19:22:25', '2016-04-10 19:22:25', '0'),
(1953, 'Chị Thảo ', '01678305169', NULL, '2016-04-10 19:22:59', '2016-04-10 19:22:59', '0'),
(1954, 'Chị Thư ', '01674523063', NULL, '2016-04-10 19:23:33', '2016-04-10 19:23:33', '0'),
(1955, 'Chị Thảo ', '0982658135', NULL, '2016-04-10 19:24:01', '2016-04-10 19:24:01', '0'),
(1956, 'Chị Dung ', '0977189708', NULL, '2016-04-11 19:27:13', '2016-04-11 19:27:13', '0'),
(1957, 'Bạn Nhung ', '01662112312', NULL, '2016-04-11 19:51:51', '2016-04-11 19:51:51', '0'),
(1958, 'Bạn Trang ', '0982115518', NULL, '2016-04-11 20:08:16', '2016-04-11 20:08:16', '0'),
(1959, 'Chị Dương ', '0969335996', NULL, '2016-04-12 19:50:03', '2016-04-12 19:50:03', '0'),
(1960, 'Chị Vân Anh ', '01665665561', NULL, '2016-04-12 19:51:28', '2016-04-12 19:51:28', '0'),
(1961, 'Chị Hiền ', '0939242621', '', '2016-04-16 18:23:02', '2016-04-13 19:54:34', '0'),
(1962, 'Chị Mai ', '0969858593', NULL, '2016-04-13 19:55:08', '2016-04-13 19:55:08', '0'),
(1963, 'Chị Chip khách onl của Bảo ', '0978109116', '', '2016-04-13 23:33:07', '2016-04-13 19:56:51', '0'),
(1964, 'Chị Duyên ', '0915116126', NULL, '2016-04-13 23:30:44', '2016-04-13 23:30:44', '0'),
(1965, 'Chị Giang ', '0983832091', NULL, '2016-04-13 23:31:27', '2016-04-13 23:31:27', '0'),
(1966, 'Chị Nga ', '0976121787', NULL, '2016-04-13 23:32:23', '2016-04-13 23:32:23', '0'),
(1967, 'Chị Huệ (Kim Giang) ', '0983978986', NULL, '2016-04-14 16:33:34', '2016-04-14 16:33:34', '0'),
(1968, 'Bạn Hồng ', '0989003276', NULL, '2016-04-14 17:03:10', '2016-04-14 17:03:10', '0'),
(1969, 'Chị Diễm', '0978621283', NULL, '2016-04-15 12:39:07', '2016-04-15 12:39:07', '0'),
(1970, 'Chị Thảo ', '0985027369', NULL, '2016-04-15 19:08:29', '2016-04-15 19:08:29', '0'),
(1971, 'Anh Nguyên ', '433', NULL, '2016-04-16 18:23:42', '2016-04-16 18:23:42', '0'),
(1972, 'Chị Hải Anh ', '0984933988', NULL, '2016-04-16 18:24:36', '2016-04-16 18:24:36', '0'),
(1973, 'chị Hương ', '0902090986', NULL, '2016-04-18 18:32:00', '2016-04-18 18:32:00', '0'),
(1974, 'chị Hoàn', '0973259549', NULL, '2016-04-18 18:32:54', '2016-04-18 18:32:54', '0'),
(1975, 'chị Tuyền ', '0912790166', NULL, '2016-04-18 18:34:01', '2016-04-18 18:34:01', '0'),
(1976, 'chị minh', '094889164', NULL, '2016-04-18 18:34:52', '2016-04-18 18:34:52', '0'),
(1977, 'Chị Ngọc ', '0982015008', NULL, '2016-04-18 20:56:35', '2016-04-18 20:56:35', '0'),
(1978, 'Chị Quyên ', '0973651118', NULL, '2016-04-19 17:20:48', '2016-04-19 17:20:48', '0'),
(1979, 'Chị Khánh ', '0978585816', NULL, '2016-04-19 17:22:33', '2016-04-19 17:22:33', '0'),
(1980, 'Chị Thu ', '01672809369', NULL, '2016-04-22 17:31:27', '2016-04-22 17:31:27', '0'),
(1981, 'Chị Quỳnh', '0988753338', NULL, '2016-04-22 17:32:01', '2016-04-22 17:32:01', '0'),
(1982, 'Chị Hằng ', '0977558908', NULL, '2016-04-23 19:13:20', '2016-04-23 19:13:20', '0'),
(1983, 'Chị Hà ', '0914977618', NULL, '2016-04-23 19:18:05', '2016-04-23 19:18:05', '0'),
(1984, 'Chị Phương Anh ', '0987952989', NULL, '2016-04-23 19:18:32', '2016-04-23 19:18:32', '0'),
(1985, 'Chị Lan ', '01686341102', NULL, '2016-04-24 20:37:31', '2016-04-24 20:37:31', '0'),
(1986, 'chị Ánh', '0966073007', NULL, '2016-04-25 21:31:59', '2016-04-25 21:31:59', '0'),
(1987, 'Bác chủ nhà ', '0', NULL, '2016-04-27 17:24:03', '2016-04-27 17:24:03', '0'),
(1988, 'Em Diệp ', '01644165788', '', '2016-07-15 17:32:03', '2016-04-28 15:48:07', '0'),
(1989, 'Chị Hồng', '01649777637', NULL, '2016-04-28 17:00:49', '2016-04-28 17:00:49', '0'),
(1990, 'Chị Lê', '0931685886', '', '2016-05-24 13:23:48', '2016-04-28 17:06:21', '0'),
(1991, 'Chị Vân ', '0912818135', '', '2016-05-04 19:17:33', '2016-04-28 17:57:59', '0'),
(1992, 'Chị Huê ', '0986744006', '', '2016-04-29 14:18:31', '2016-04-28 18:50:58', '0'),
(1993, 'Chị Dung ', '0983007063', NULL, '2016-04-28 19:00:06', '2016-04-28 19:00:06', '0'),
(1994, 'Chị Linh', '0979155149', '', '2016-05-19 17:54:07', '2016-04-29 14:39:47', '0'),
(1995, 'Chị Phương ', '01252825104', NULL, '2016-04-29 16:48:58', '2016-04-29 16:48:58', '0'),
(1996, 'Chị Hương ', '0989926729', NULL, '2016-04-29 17:04:25', '2016-04-29 17:04:25', '0'),
(1997, 'Chị Huế ', '0974859277', NULL, '2016-04-29 20:54:31', '2016-04-29 20:54:31', '0'),
(1998, 'Chị Hà ', '0981968895', NULL, '2016-04-29 22:00:05', '2016-04-29 22:00:05', '0'),
(1999, 'Chị Minh ', '0914376080', NULL, '2016-04-30 18:01:45', '2016-04-30 18:01:45', '0'),
(2000, 'Chị Hoàn ', '0912836951', NULL, '2016-04-30 18:05:36', '2016-04-30 18:05:36', '0'),
(2001, 'Chị Nga ', '0969158329', NULL, '2016-04-30 20:17:42', '2016-04-30 20:17:42', '0'),
(2002, 'Em Huyền NV ', '01688005120', '', '2016-07-07 15:54:40', '2016-04-30 21:12:12', '0'),
(2003, 'chị Hương ', '0936415108', NULL, '2016-05-03 15:59:43', '2016-05-03 15:59:43', '0'),
(2004, 'Cô Hợp ', '0974011799', NULL, '2016-05-03 16:00:12', '2016-05-03 16:00:12', '0'),
(2005, 'Chị Quỳnh', '0984001359', NULL, '2016-05-04 20:22:43', '2016-05-04 20:22:43', '0'),
(2006, 'Chị Hường ', '01676248680', NULL, '2016-05-04 20:40:08', '2016-05-04 20:40:08', '0'),
(2007, 'Chị Nguyễn Thị Hương Giang ', '0914552799', NULL, '2016-05-07 01:13:27', '2016-05-07 01:13:27', '0'),
(2008, 'Chị Vân Anh ', '0912314819', NULL, '2016-05-07 13:08:10', '2016-05-07 13:08:10', '0'),
(2009, 'Chị Chu Thị Ngọc Dung khah onl of Bảo ', '0982218310', 'Hà Giang ', '2016-05-20 21:00:11', '2016-05-07 13:39:17', '0'),
(2010, 'Chị Tươi', '0983600071', '', '2016-07-13 17:15:05', '2016-05-07 16:03:22', '0'),
(2011, 'Chị Tiên ', '0937088668', NULL, '2016-05-07 18:48:18', '2016-05-07 18:48:18', '0'),
(2012, 'Chị Hương ', '0988745116', NULL, '2016-05-08 21:46:28', '2016-05-08 21:46:28', '0'),
(2013, 'cường bạn Bảo ', '0984664275', NULL, '2016-05-09 21:26:28', '2016-05-09 21:26:28', '0'),
(2014, 'chị Hằng ', '0988681663', '', '2016-07-08 17:15:42', '2016-05-09 21:30:04', '0'),
(2015, 'chị Trang', '0969721514', NULL, '2016-05-09 21:40:58', '2016-05-09 21:40:58', '0'),
(2016, 'Bạn vân ', '0979354640', NULL, '2016-05-10 17:15:53', '2016-05-10 17:15:53', '0'),
(2017, 'Chị Phương ', '0936997716', NULL, '2016-05-11 17:34:34', '2016-05-11 17:34:34', '0'),
(2018, 'Bạn Oanh ', '0979074393', NULL, '2016-05-11 21:37:54', '2016-05-11 21:37:54', '0'),
(2019, 'chị Ngọc Linh khách onl của bảo ', '01688998855', NULL, '2016-05-12 21:36:25', '2016-05-12 21:36:25', '0'),
(2020, 'chị Thu ', '01276091985', NULL, '2016-05-13 18:02:22', '2016-05-13 18:02:22', '0'),
(2021, 'Bạn Uyên ', '01676899559', NULL, '2016-05-13 18:40:32', '2016-05-13 18:40:32', '0'),
(2022, 'Hòa bạn Bảo ', '1', NULL, '2016-05-13 21:30:54', '2016-05-13 21:30:54', '0'),
(2023, 'Chị Minh', '0984033188', NULL, '2016-05-14 21:08:52', '2016-05-14 21:08:52', '0'),
(2024, 'chị Trang', '0946119996', NULL, '2016-05-15 11:41:34', '2016-05-15 11:41:34', '0'),
(2025, 'Chị Tuyết ', '0904509911', NULL, '2016-05-15 20:00:17', '2016-05-15 20:00:17', '0'),
(2026, 'Chị Dung', '01682251929', NULL, '2016-05-15 20:02:26', '2016-05-15 20:02:26', '0'),
(2027, 'Chị Giang', '01636773761', NULL, '2016-05-16 10:03:24', '2016-05-16 10:03:24', '0'),
(2028, 'Chị Hải ', '0904198578', '', '2016-05-28 11:43:20', '2016-05-16 10:06:40', '0'),
(2029, 'Chị Linh', '0979155149', NULL, '2016-05-16 22:57:59', '2016-05-16 22:57:59', '0'),
(2030, 'Chị Tuyến ', '0932281091', NULL, '2016-05-16 22:59:56', '2016-05-16 22:59:56', '0'),
(2031, 'Sis Thơm', '01674517031', NULL, '2016-05-17 18:51:48', '2016-05-17 18:51:48', '0'),
(2032, 'sis mị', '0974393683', NULL, '2016-05-17 18:54:39', '2016-05-17 18:54:39', '0'),
(2033, 'Sis', '0979834995', NULL, '2016-05-18 21:39:22', '2016-05-18 21:39:22', '0'),
(2034, 'sis huyền ', '01656946609', NULL, '2016-05-18 21:40:06', '2016-05-18 21:40:06', '0'),
(2035, 'Chị Nguyễn Hằng fb Hang Nguyen fb Bảo', '0976995100', NULL, '2016-05-19 17:15:10', '2016-05-19 17:15:10', '0'),
(2036, 'chị quỳnh', '0968031568', NULL, '2016-05-19 18:13:21', '2016-05-19 18:13:21', '0'),
(2037, 'sis Oanh', '01666183187', '', '2016-05-20 21:04:26', '2016-05-19 19:35:53', '0'),
(2038, 'mân nhi khah onl of Bảo ', '2', NULL, '2016-05-20 20:56:35', '2016-05-20 20:56:35', '0'),
(2039, ' lê văn sanh fb Lê Bình khah onl of Bảo ', ' 01689973174', NULL, '2016-05-20 21:02:21', '2016-05-20 21:02:21', '0'),
(2040, 'Chị Tình', '0972352984', NULL, '2016-05-23 19:28:02', '2016-05-23 19:28:02', '0'),
(2041, 'Sis Nhàn', '0985571883', NULL, '2016-05-24 13:26:41', '2016-05-24 13:26:41', '0'),
(2042, 'Anh Thành ', '0988687138', NULL, '2016-05-24 13:35:16', '2016-05-24 13:35:16', '0'),
(2043, 'Sis Lan ', '0982755471', NULL, '2016-05-24 13:36:07', '2016-05-24 13:36:07', '0'),
(2044, 'Sis Loan khah onl of Bảo ', '01233652222', '', '2016-06-05 19:53:49', '2016-05-26 14:22:47', '0'),
(2045, 'Sis Thoa ', '596', NULL, '2016-05-27 15:58:07', '2016-05-27 15:58:07', '0'),
(2046, 'Chị Hồng', '0936091668', NULL, '2016-05-29 16:02:10', '2016-05-29 16:02:10', '0'),
(2047, 'Chị Hoa', '0936032369', '', '2016-07-01 17:15:59', '2016-05-29 17:08:46', '0'),
(2048, 'Thảo hải dương bạn Bảo ', '01688847395', 'xala hà đông ', '2016-05-29 16:40:47', '2016-05-29 17:51:07', '0'),
(2049, 'Thảo HD bạn Bảo ', '0168884359', NULL, '2016-05-29 18:02:56', '2016-05-29 18:02:56', '0'),
(2050, 'Anh hàng xóm', '9', NULL, '2016-05-29 19:35:15', '2016-05-29 19:35:15', '0'),
(2051, 'Anh hàng xóm', '009', NULL, '2016-05-29 19:48:23', '2016-05-29 19:48:23', '0'),
(2052, 'Chị Ngọc', '0989630763', NULL, '2016-05-30 16:29:02', '2016-05-30 16:29:02', '0'),
(2053, 'chị Thủy khách onl của bảo ', '0949924688', 'hoài đức hà nội ', '2016-06-01 16:52:00', '2016-05-30 16:35:56', '0'),
(2054, 'Chị Hằng ', '01648519895', NULL, '2016-05-30 18:45:09', '2016-05-30 18:45:09', '0'),
(2055, 'Chị Trang Lê khách onl của Bảo', '0987711651', NULL, '2016-05-30 21:40:09', '2016-05-30 21:40:09', '0'),
(2056, 'Chị Điệp ', '0985025725', NULL, '2016-05-31 17:45:07', '2016-05-31 17:45:07', '0'),
(2057, 'Em Mai - Lê ', '01668123071', NULL, '2016-05-31 20:34:37', '2016-05-31 20:34:37', '0'),
(2058, 'Chị Trang ', '0964676186', NULL, '2016-06-01 17:56:56', '2016-06-01 17:56:56', '0'),
(2059, 'Chị Điệp ', '0982139625', NULL, '2016-06-03 18:46:42', '2016-06-03 18:46:42', '0'),
(2060, 'Chị Nhung ', '0987240690', NULL, '2016-06-04 18:20:12', '2016-06-04 18:20:12', '0'),
(2061, 'Lê Thị Thu Trinh khách onl của Bảo ', '01663036340', NULL, '2016-06-04 18:41:35', '2016-06-04 18:41:35', '0'),
(2062, 'Bạn Lan', '0982531602', NULL, '2016-06-04 20:25:51', '2016-06-04 20:25:51', '0'),
(2063, 'Em Vân bạn Bảo ', '01676793796', NULL, '2016-06-04 21:03:24', '2016-06-04 21:03:24', '0'),
(2064, 'Hiền bạn Bảo ', '01686680137', NULL, '2016-06-05 17:10:00', '2016-06-05 17:10:00', '0'),
(2065, 'Chị Phụng ', '0989793607', NULL, '2016-06-05 17:13:44', '2016-06-05 17:13:44', '0'),
(2066, 'Chị Thương ', '0972287255', NULL, '2016-06-06 16:01:39', '2016-06-06 16:01:39', '0'),
(2067, 'Cô Hạnh ', '0983600353', '', '2016-06-07 16:26:22', '2016-06-07 16:10:02', '0'),
(2068, 'Chị Thúy', '0975932499', NULL, '2016-06-07 16:14:08', '2016-06-07 16:14:08', '0'),
(2069, 'Chị Hòa ', '0902123995', NULL, '2016-06-08 17:27:17', '2016-06-08 17:27:17', '0'),
(2070, 'Chị Thảo ', '0987802922', NULL, '2016-06-08 19:23:59', '2016-06-08 19:23:59', '0'),
(2071, 'Chị Liên ', '0985970915', NULL, '2016-06-08 20:58:30', '2016-06-08 20:58:30', '0'),
(2072, 'Chị Hà ', '0902505190', NULL, '2016-06-09 15:32:08', '2016-06-09 15:32:08', '0'),
(2073, 'Chị Hồng ', '0971236951', NULL, '2016-06-14 15:41:31', '2016-06-14 15:41:31', '0'),
(2074, 'Chị Yến ', '0962322832', '', '2016-06-23 12:51:37', '2016-06-14 16:48:33', '0'),
(2075, 'Chị Thúy ', '01647548334', NULL, '2016-06-15 15:50:03', '2016-06-15 15:50:03', '0'),
(2076, 'Ánh bạn Bảo', '01652628000', NULL, '2016-06-15 16:12:59', '2016-06-15 16:12:59', '0'),
(2077, 'Chị Thanh', '0912061650', NULL, '2016-06-15 20:18:44', '2016-06-15 20:18:44', '0'),
(2078, 'Chị Hoa ', '0961079386', NULL, '2016-06-15 21:32:30', '2016-06-15 21:32:30', '0'),
(2079, 'Chị Thảo ', '0936146952', NULL, '2016-06-16 16:19:46', '2016-06-16 16:19:46', '0'),
(2080, 'Cô Hà ', '0915309299', '', '2016-06-17 16:09:09', '2016-06-16 18:08:18', '0'),
(2081, 'Chị Hương ', '01653608568', NULL, '2016-06-18 17:57:01', '2016-06-18 17:57:01', '0'),
(2082, 'Chị Hà ', '09041758500', NULL, '2016-06-18 21:13:56', '2016-06-18 21:13:56', '0'),
(2083, 'Bạn Thảo bạn Mẫn Nhi ', '01652513707', NULL, '2016-06-18 21:57:35', '2016-06-18 21:57:35', '0'),
(2084, 'Chị Phượng ', '0977198300', NULL, '2016-06-19 17:53:38', '2016-06-19 17:53:38', '0'),
(2085, 'Chị Thu ', '0972651536', NULL, '2016-06-19 18:46:52', '2016-06-19 18:46:52', '0'),
(2086, 'Khách quen ', '861', NULL, '2016-06-20 17:39:56', '2016-06-20 17:39:56', '0'),
(2087, 'Chị Hường ', '0982682819', NULL, '2016-06-21 18:19:33', '2016-06-21 18:19:33', '0'),
(2088, 'Chị Đặng Thị Hồng Yến ', '0984358993', NULL, '2016-06-21 18:51:29', '2016-06-21 18:51:29', '0'),
(2089, 'Chị  Thơm', '01232269286', NULL, '2016-06-30 16:20:27', '2016-06-30 16:20:27', '0'),
(2090, 'Chị Thiện ', '0947473916', NULL, '2016-07-01 18:49:38', '2016-07-01 18:49:38', '0'),
(2091, 'Chị Phương', '0936078945', NULL, '2016-07-01 19:54:01', '2016-07-01 19:54:01', '0'),
(2092, 'Bạn anh Minh ', '1', NULL, '2016-07-01 20:30:48', '2016-07-01 20:30:48', '0'),
(2093, 'Chị Thư ', '0912012190', '', '2016-07-02 14:07:52', '2016-07-04 14:06:18', '0'),
(2094, 'Chị Hảo ', '0989782323', NULL, '2016-07-02 14:07:08', '2016-07-02 14:07:08', '0'),
(2095, 'Chị Tình ', '0974222308', NULL, '2016-07-07 21:26:09', '2016-07-07 21:26:09', '0'),
(2096, 'Chị Nga ', '0904739752', NULL, '2016-07-09 19:21:23', '2016-07-09 19:21:23', '0'),
(2097, 'Mẹ chuyển khách ở quê ', '0961065160', NULL, '2016-07-09 19:50:59', '2016-07-09 19:50:59', '0'),
(2098, 'Chị Phượng ', '0912463843', NULL, '2016-07-10 17:16:19', '2016-07-10 17:16:19', '0'),
(2099, 'Chị Thoa ', '0975298418', NULL, '2016-07-12 17:52:25', '2016-07-12 17:52:25', '0'),
(2100, 'Chị Hiền khách onl of Bảo ', '0977024861', NULL, '2016-07-16 14:33:05', '2016-07-16 14:33:05', '0'),
(2101, 'Chị Lụa ', '01688964750', NULL, '2016-07-18 18:28:56', '2016-07-18 18:28:56', '0'),
(2102, 'Em  Ngọc Anh ', '01665777672', NULL, '2016-07-20 19:32:20', '2016-07-20 19:32:20', '0'),
(2103, 'Chị Phượng ', '0915434589', NULL, '2016-07-20 20:53:50', '2016-07-20 20:53:50', '0'),
(2104, 'Chị Thảo ', '0912427197', NULL, '2016-07-20 21:02:59', '2016-07-20 21:02:59', '0');

-- --------------------------------------------------------

--
-- Table structure for table `customer_order`
--

CREATE TABLE IF NOT EXISTS `customer_order` (
  `id` int(11) NOT NULL AUTO_INCREMENT,
  `customer_tel` varchar(45) NOT NULL,
  `customer_name` varchar(45) DEFAULT NULL,
  `product_code` varchar(16) DEFAULT NULL,
  `color` varchar(45) NOT NULL,
  `size` varchar(45) NOT NULL,
  `quantity` int(11) NOT NULL DEFAULT '1',
  `date` datetime NOT NULL,
  `description` varchar(255) DEFAULT NULL,
  `status` varchar(1) DEFAULT 'N',
  PRIMARY KEY (`id`)
) ENGINE=InnoDB  DEFAULT CHARSET=utf8 AUTO_INCREMENT=26 ;

--
-- Dumping data for table `customer_order`
--

INSERT INTO `customer_order` (`id`, `customer_tel`, `customer_name`, `product_code`, `color`, `size`, `quantity`, `date`, `description`, `status`) VALUES
(1, '0962024224', 'Chị Bích', '0011', 'DEN', '36', 1, '2015-10-14 19:01:01', 'F. NIVARA ', 'Y'),
(2, '0962024224', 'Chị Bích', '0011', 'DEN', '36', 1, '2015-10-14 19:02:51', 'F.NIVARA', 'Y'),
(3, '0973342784', 'Chị Ly', '0036', 'KEM VÀNG', '38', 1, '2015-10-15 16:17:48', 'đôi nơ 5p có màu kem vàng', 'Y'),
(4, '0974941269', 'Chị Hương', '0030', 'ĐEN', '38', 1, '2015-10-19 12:29:00', 'đế vuông 3p nơ giống bảo', 'Y'),
(5, '1', 'Chị Phương Phan fb Bảo', '0073', 'ĐEN', '37,38', 1, '2015-10-25 17:54:03', 'Chị Phương Phan fb Bảo hỏi đôi da lộn nơ 7p màu đen size 37 38', 'Y'),
(6, '0989032164', 'Chị Oanh', '0079', 'ĐEN ', '37,38', 1, '2015-11-07 20:17:22', 'Giày da lộn 9p', 'Y'),
(7, '01698629719', 'Chị Hằng', '0075', 'KEM', '36', 1, '2015-11-14 17:03:43', 'đôi nơ 5p màu kem size 36', 'Y'),
(8, '0974405836', 'Chị Nhung', '0081', 'HỒNG NHẠT', '36', 1, '2015-11-18 17:48:10', 'Skylight gót đũa ', 'Y'),
(9, '0986552840', 'Bạn Mai fb Má Núm bạn Bảo', '0073', 'XANH', '37', 1, '2015-11-23 17:57:14', 'Em Mai hỏi đôi da lộn đế bạc màu xanh nơ size 37', 'Y'),
(10, '0906181616', 'Chị Loan ', '0090', 'ĐEN ', '35', 1, '2015-12-01 18:54:09', 'Đế đúp màu đen da xi size 35', 'Y'),
(11, '0906181616', 'Chị Loan ', '0040', 'ĐEN', '35', 1, '2015-12-01 18:54:41', 'đế đúp màu đen da xi size 35', 'Y'),
(12, '0976202110', 'Chị Quyên', '0008', 'ĐEN', '38', 1, '2015-12-02 15:17:09', 'Bốt cổ nhỡ màu đen size 38', 'Y'),
(13, '0985061933', 'Chị Nhung', '0074', 'ĐEN', '38', 1, '2015-12-05 19:42:44', 'giày da cừu mũi nhọn màu đen size 38', 'Y'),
(14, '0977986124', 'Chị Thảo', '0031', 'ĐỎ', '37', 1, '2015-12-06 13:48:40', 'Moka da miếng màu đỏ ', 'Y'),
(15, '0908080555', 'Chị Hạnh ', '0079', 'ĐEN', '36', 1, '2015-12-11 18:14:32', 'Giầy da lộn 9p Uni ', 'Y'),
(16, '0944201086', 'Chị Trâm', '0090', 'KEM', '37', 1, '2015-12-11 21:44:53', 'Đế đúp louboutin 11p ', 'Y'),
(17, '0983287169', 'Chị Hương', '0110', 'ĐEN', '38.39', 1, '2015-12-17 17:18:06', 'Bốt da lộn gót vuông 5,7,8p', 'Y'),
(18, '0976552556', 'Anh Học ', '0144', 'XANH RÊU ', 'S', 1, '2016-01-22 20:48:13', 'Anh Học ở trường chinh hỏi áo phao nam Uni Xanh than size S ', 'Y'),
(19, '0944069609', 'Chị Thu', '0046', 'KEM', '36', 1, '2016-03-05 17:57:38', 'Gọi sớm ', 'N'),
(20, '0984243740', 'Chị Trang', '0097', 'KEM', '36', 1, '2016-03-07 21:03:04', 'Kealea ', 'N'),
(21, '01235260995', 'Chị Trâm ', '0139', 'CÁC MÀU ', '35,36', 1, '2016-03-08 18:54:37', '3p da lộn gót kim loại ', 'N'),
(22, '0989605512', 'Chị Bảo Ngọc ', '0090', 'KEM', '35', 1, '2016-03-15 20:18:53', 'Lou gót đũa 11p màu kem size 35', 'N'),
(23, '0983044869', 'Chị khách ', '0134', 'ĐEN', '36', 1, '2016-03-17 16:50:10', 'Lou 11p da bóng khoét tim ', 'N'),
(24, '0986744006', 'Chị Huê ', '0090', 'KEM', '36', 1, '2016-04-20 19:46:33', 'Louboutin 11p màu kem size 36', 'Y'),
(25, '01252825104', 'Chị Phương ', '0162', 'ĐEN', '36', 1, '2016-04-28 17:22:17', 'abc', 'Y');

-- --------------------------------------------------------

--
-- Table structure for table `customer_reservation_histo`
--

CREATE TABLE IF NOT EXISTS `customer_reservation_histo` (
  `id` int(11) NOT NULL AUTO_INCREMENT,
  `customer_id` int(11) NOT NULL,
  `description` varchar(255) NOT NULL,
  `amount` varchar(45) NOT NULL DEFAULT '0',
  `status` varchar(1) NOT NULL DEFAULT 'Y',
  `date` datetime NOT NULL,
  `complete_date` datetime DEFAULT NULL,
  `reserved_facture` varchar(45) DEFAULT NULL,
  `complete_facture` varchar(45) DEFAULT NULL,
  PRIMARY KEY (`id`),
  KEY `fk_customer_reservation_histo_customer1_idx` (`customer_id`)
) ENGINE=InnoDB  DEFAULT CHARSET=utf8 AUTO_INCREMENT=5 ;

--
-- Dumping data for table `customer_reservation_histo`
--

INSERT INTO `customer_reservation_histo` (`id`, `customer_id`, `description`, `amount`, `status`, `date`, `complete_date`, `reserved_facture`, `complete_facture`) VALUES
(1, 1463, 'Chị Dương đặt đôi bốt màu đỏ đun size 38 120k ', '120', 'Y', '2015-11-18 18:29:23', '2015-12-08 18:28:00', '20151118_003', '20151208_005'),
(2, 1634, '', '200', 'Y', '2016-01-02 17:22:15', '2016-01-03 15:42:03', '20160102_007', '20160103_004'),
(3, 1635, '', '100', 'Y', '2016-01-02 21:14:40', '2016-01-05 15:58:22', '20160102_010', '20160105_001'),
(4, 1692, '', '50', 'Y', '2016-01-16 22:57:42', '2016-01-19 14:03:26', '20160116_004', '20160119_001');

-- --------------------------------------------------------

--
-- Table structure for table `export_facture`
--

CREATE TABLE IF NOT EXISTS `export_facture` (
  `code` varchar(45) NOT NULL,
  `customer_id` int(11) NOT NULL,
  `shop_id` int(11) NOT NULL,
  `description` varchar(1000) DEFAULT NULL,
  `date` datetime NOT NULL,
  `user_id` int(11) NOT NULL,
  `isonline` varchar(1) DEFAULT 'N',
  PRIMARY KEY (`code`),
  KEY `fk_export_facture_customer1_idx` (`customer_id`),
  KEY `fk_export_facture_shop1_idx` (`shop_id`),
  KEY `fk_export_facture_user1_idx` (`user_id`)
) ENGINE=InnoDB DEFAULT CHARSET=utf8;

--
-- Dumping data for table `export_facture`
--

INSERT INTO `export_facture` (`code`, `customer_id`, `shop_id`, `description`, `date`, `user_id`, `isonline`) VALUES
('20151008_001', 1289, 1, '', '2015-10-08 15:57:36', 3, 'N'),
('20151008_002', 1290, 1, '', '2015-10-08 15:59:01', 3, 'N'),
('20151008_003', 1291, 1, '', '2015-10-08 16:00:33', 3, 'N'),
('20151008_004', 1292, 1, '', '2015-10-08 16:02:54', 3, 'N'),
('20151008_005', 1293, 1, '', '2015-10-08 16:03:59', 3, 'N'),
('20151008_006', 1288, 1, '', '2015-10-08 16:05:32', 3, 'N'),
('20151008_007', 1288, 1, '', '2015-10-08 16:06:59', 3, 'N'),
('20151008_008', 1288, 1, 'Bạn Hường em Thành Văn bạn Bảo ', '2015-10-08 18:00:19', 1, 'N'),
('20151008_009', 1379, 1, '', '2015-10-08 18:01:56', 1, 'N'),
('20151009_001', 1294, 1, '', '2015-10-09 15:40:47', 3, 'N'),
('20151009_002', 1288, 1, '', '2015-10-09 18:02:34', 1, 'N'),
('20151010_001', 1295, 1, '', '2015-10-10 17:14:13', 3, 'N'),
('20151010_002', 1296, 1, '', '2015-10-10 17:15:07', 3, 'N'),
('20151010_003', 1297, 1, '', '2015-10-10 17:15:56', 3, 'N'),
('20151010_004', 1298, 1, '', '2015-10-10 17:16:41', 3, 'N'),
('20151010_005', 1299, 1, '\n\n', '2015-10-10 19:37:52', 3, 'N'),
('20151010_006', 1295, 1, '', '2015-10-10 18:03:34', 1, 'N'),
('20151011_001', 1300, 1, '', '2015-10-11 12:39:21', 3, 'N'),
('20151011_002', 1288, 1, '', '2015-10-11 12:41:12', 3, 'N'),
('20151011_003', 1288, 1, '', '2015-10-11 12:42:38', 3, 'N'),
('20151011_004', 1301, 1, '', '2015-10-11 14:01:55', 3, 'N'),
('20151011_005', 1302, 1, '', '2015-10-11 14:35:47', 3, 'N'),
('20151011_006', 1303, 1, '', '2015-10-11 14:57:57', 3, 'N'),
('20151011_007', 1304, 1, '', '2015-10-11 15:04:53', 3, 'N'),
('20151011_008', 1305, 1, '', '2015-10-11 15:37:59', 3, 'N'),
('20151011_009', 1306, 1, 'FB: Giá Biển', '2015-10-11 16:45:42', 3, 'N'),
('20151011_010', 1307, 1, '', '2015-10-11 17:04:13', 3, 'N'),
('20151011_011', 1308, 1, '', '2015-10-11 17:28:13', 3, 'N'),
('20151011_012', 1309, 1, '1704Ct7G Dương Nội', '2015-10-11 17:46:07', 3, 'N'),
('20151011_013', 1310, 1, '', '2015-10-11 18:00:01', 3, 'N'),
('20151011_014', 1311, 1, '', '2015-10-11 18:42:31', 3, 'N'),
('20151011_015', 1312, 1, '', '2015-10-11 19:19:43', 3, 'N'),
('20151011_016', 1288, 1, '', '2015-10-11 20:23:30', 3, 'N'),
('20151011_017', 1327, 1, 'Triệu sơn. phí 25k', '2015-10-11 18:53:46', 1, 'Y'),
('20151011_018', 1300, 1, '', '2015-10-11 18:04:33', 1, 'N'),
('20151012_001', 1313, 1, '', '2015-10-12 12:55:33', 3, 'N'),
('20151012_002', 1314, 1, '', '2015-10-12 12:56:14', 3, 'N'),
('20151012_003', 1315, 1, '', '2015-10-12 19:46:22', 3, 'N'),
('20151012_004', 1316, 1, '', '2015-10-12 19:50:26', 3, 'N'),
('20151012_005', 1317, 1, '', '2015-10-12 20:34:21', 3, 'N'),
('20151012_006', 1318, 1, '', '2015-10-12 21:21:02', 3, 'N'),
('20151012_007', 1319, 1, '', '2015-10-12 21:21:57', 3, 'N'),
('20151012_008', 1313, 1, '', '2015-10-12 18:05:44', 1, 'N'),
('20151012_009', 1380, 1, '', '2015-10-12 18:06:51', 1, 'N'),
('20151012_010', 1288, 1, '', '2015-10-12 18:07:17', 1, 'N'),
('20151013_001', 1320, 1, '', '2015-10-13 12:51:42', 3, 'N'),
('20151013_002', 1321, 1, '', '2015-10-13 18:51:04', 3, 'N'),
('20151013_003', 1322, 1, '', '2015-10-13 18:52:10', 3, 'N'),
('20151014_001', 1323, 1, '', '2015-10-14 10:22:09', 3, 'N'),
('20151014_002', 1324, 1, '', '2015-10-14 10:22:59', 3, 'N'),
('20151014_003', 1325, 1, '', '2015-10-14 10:23:34', 3, 'N'),
('20151014_004', 1326, 1, '', '2015-10-14 18:34:33', 1, 'N'),
('20151014_005', 1329, 1, '', '2015-10-14 22:53:28', 1, 'N'),
('20151014_006', 1288, 1, '', '2015-10-14 18:08:59', 1, 'N'),
('20151015_001', 1330, 1, 'Fb Ly Nguyễn (Bạn Bảo)', '2015-10-15 16:15:37', 3, 'N'),
('20151015_002', 1331, 1, '', '2015-10-15 20:45:04', 3, 'N'),
('20151015_003', 1288, 1, '', '2015-10-15 18:10:01', 1, 'N'),
('20151015_004', 1381, 1, '', '2015-10-15 18:12:08', 1, 'N'),
('20151016_001', 1288, 1, '', '2015-10-16 09:33:03', 3, 'N'),
('20151016_002', 1332, 1, '', '2015-10-16 10:45:17', 3, 'N'),
('20151016_003', 1333, 1, 'Hà Thị Thanh Huyền, Thọ Phú, Triệu Sơn, phí ship 12.5k', '2015-10-16 12:48:42', 1, 'Y'),
('20151016_004', 1334, 1, 'Lê Minh Thu, Minh Dân, Triệu Sơn, phí ship 12.5k', '2015-10-16 12:54:04', 1, 'Y'),
('20151016_005', 1335, 1, '', '2015-10-16 19:45:49', 3, 'N'),
('20151016_006', 1288, 1, 'Chị khách đi ô tô', '2015-10-16 19:46:16', 3, 'N'),
('20151016_007', 1336, 1, '', '2015-10-16 19:47:02', 3, 'N'),
('20151016_008', 1337, 1, '', '2015-10-16 19:47:56', 3, 'N'),
('20151016_009', 1338, 1, '', '2015-10-16 19:48:44', 3, 'N'),
('20151016_010', 1339, 1, '', '2015-10-16 21:39:02', 3, 'N'),
('20151016_011', 1335, 1, '', '2015-10-16 18:13:13', 1, 'N'),
('20151016_012', 1382, 1, '', '2015-10-16 18:14:07', 1, 'N'),
('20151016_013', 1383, 1, '', '2015-10-16 18:15:13', 1, 'N'),
('20151017_001', 1288, 1, '', '2015-10-17 23:05:14', 3, 'N'),
('20151017_002', 1288, 1, '', '2015-10-17 23:05:50', 3, 'N'),
('20151017_003', 1340, 1, '', '2015-10-17 23:06:56', 3, 'N'),
('20151017_004', 1288, 1, '', '2015-10-17 23:07:22', 3, 'N'),
('20151017_005', 1341, 1, '', '2015-10-17 23:07:57', 3, 'N'),
('20151017_006', 1288, 1, '', '2015-10-17 23:08:10', 3, 'N'),
('20151017_007', 1342, 1, '', '2015-10-17 23:09:25', 3, 'N'),
('20151017_008', 1343, 1, '', '2015-10-17 23:12:17', 3, 'N'),
('20151017_009', 1344, 1, '', '2015-10-17 23:13:00', 3, 'N'),
('20151017_010', 1345, 1, '', '2015-10-17 23:14:27', 3, 'N'),
('20151017_011', 1346, 1, '', '2015-10-17 23:15:10', 3, 'N'),
('20151017_012', 1288, 1, '', '2015-10-17 18:15:52', 1, 'N'),
('20151017_013', 1288, 1, '', '2015-10-17 18:16:29', 1, 'N'),
('20151017_014', 1288, 1, '', '2015-10-17 18:17:22', 1, 'N'),
('20151017_015', 1384, 1, '', '2015-10-17 18:18:20', 1, 'N'),
('20151018_001', 1288, 1, '', '2015-10-18 11:54:06', 3, 'N'),
('20151018_002', 1347, 1, '', '2015-10-18 11:55:36', 3, 'N'),
('20151018_003', 1348, 1, '', '2015-10-18 16:49:58', 3, 'N'),
('20151018_004', 1349, 1, '', '2015-10-18 16:50:40', 3, 'N'),
('20151018_005', 1350, 1, '', '2015-10-18 16:51:07', 3, 'N'),
('20151018_006', 1351, 1, '', '2015-10-18 20:16:04', 3, 'N'),
('20151018_007', 1348, 1, '', '2015-10-18 18:20:41', 1, 'N'),
('20151019_001', 1352, 1, '', '2015-10-19 13:31:56', 3, 'N'),
('20151019_002', 1353, 1, 'Hỏi 35 đen 11p', '2015-10-19 16:34:20', 3, 'N'),
('20151019_003', 1354, 1, '', '2015-10-19 16:48:16', 3, 'N'),
('20151019_004', 1356, 1, '', '2015-10-19 16:29:44', 1, 'N'),
('20151019_005', 1288, 1, '', '2015-10-19 18:23:01', 1, 'N'),
('20151019_006', 1288, 1, '', '2015-10-19 18:23:26', 1, 'N'),
('20151020_001', 1357, 1, '', '2015-10-20 17:42:19', 3, 'N'),
('20151020_002', 1358, 1, '', '2015-10-20 19:21:15', 3, 'N'),
('20151020_003', 1359, 1, '', '2015-10-20 20:45:22', 3, 'N'),
('20151020_004', 1360, 1, 'Đôi da miếng xuồng cho mẹ Vũ (phí ship 25k)', '2015-10-20 00:17:04', 1, 'Y'),
('20151020_005', 1288, 1, '', '2015-10-20 18:23:54', 1, 'N'),
('20151020_006', 1385, 1, '', '2015-10-20 18:24:31', 1, 'N'),
('20151021_001', 1361, 1, '', '2015-10-21 11:53:28', 3, 'N'),
('20151021_002', 1362, 1, '', '2015-10-21 14:59:05', 3, 'N'),
('20151021_003', 1363, 1, '', '2015-10-21 20:22:58', 3, 'N'),
('20151021_004', 1358, 1, '', '2015-10-21 20:23:26', 3, 'N'),
('20151021_005', 1358, 1, '', '2015-10-21 20:23:54', 3, 'N'),
('20151021_006', 1364, 1, '', '2015-10-21 20:24:51', 3, 'N'),
('20151021_007', 1288, 1, '', '2015-10-21 18:25:17', 1, 'N'),
('20151021_008', 1363, 1, '', '2015-10-21 18:25:37', 1, 'N'),
('20151021_009', 1364, 1, '', '2015-10-21 18:26:17', 1, 'N'),
('20151022_001', 1365, 1, '', '2015-10-22 12:08:50', 3, 'N'),
('20151022_002', 1363, 1, '', '2015-10-22 22:14:18', 3, 'N'),
('20151022_003', 1363, 1, '', '2015-10-22 22:33:46', 3, 'N'),
('20151022_004', 1376, 1, '', '2015-10-22 18:26:53', 1, 'N'),
('20151022_005', 1386, 1, '', '2015-10-22 18:28:48', 1, 'N'),
('20151022_006', 1288, 1, '', '2015-10-22 18:29:24', 1, 'N'),
('20151022_007', 1387, 1, '', '2015-10-22 18:32:25', 1, 'N'),
('20151022_008', 1388, 1, '', '2015-10-22 18:33:11', 1, 'N'),
('20151023_001', 1366, 1, '', '2015-10-23 14:49:32', 3, 'N'),
('20151023_002', 1288, 1, '', '2015-10-23 15:07:08', 3, 'N'),
('20151023_003', 1367, 1, '', '2015-10-23 21:03:23', 3, 'N'),
('20151023_004', 1368, 1, '', '2015-10-23 21:04:19', 3, 'N'),
('20151023_005', 1288, 1, '', '2015-10-23 18:34:49', 1, 'N'),
('20151023_006', 1367, 1, '', '2015-10-23 18:35:36', 1, 'N'),
('20151023_007', 1368, 1, '', '2015-10-23 18:42:24', 1, 'N'),
('20151024_001', 1288, 1, '', '2015-10-24 11:53:21', 1, 'N'),
('20151024_003', 1370, 1, '', '2015-10-24 12:11:52', 1, 'N'),
('20151024_004', 1369, 1, '', '2015-10-24 12:26:03', 1, 'N'),
('20151024_005', 1288, 1, '', '2015-10-24 19:40:28', 3, 'N'),
('20151024_006', 1288, 1, '', '2015-10-24 19:41:34', 3, 'N'),
('20151024_007', 1369, 1, '', '2015-10-24 20:57:41', 1, 'N'),
('20151024_008', 1348, 1, '', '2015-10-24 20:58:21', 1, 'N'),
('20151024_009', 1348, 1, '', '2015-10-24 20:58:56', 1, 'N'),
('20151024_010', 1371, 1, '', '2015-10-24 20:59:37', 1, 'N'),
('20151024_011', 1288, 1, '', '2015-10-24 21:00:07', 1, 'N'),
('20151024_012', 1372, 1, '', '2015-10-24 21:00:47', 1, 'N'),
('20151024_013', 1373, 1, '', '2015-10-24 21:01:24', 1, 'N'),
('20151024_014', 1288, 1, '', '2015-10-24 18:43:35', 1, 'N'),
('20151024_015', 1372, 1, '', '2015-10-24 18:44:18', 1, 'N'),
('20151025_001', 1374, 1, '', '2015-10-25 13:44:57', 3, 'N'),
('20151025_002', 1375, 1, '', '2015-10-25 13:45:18', 3, 'N'),
('20151025_003', 1376, 1, '', '2015-10-25 13:46:22', 3, 'N'),
('20151025_004', 1377, 1, '', '2015-10-25 17:06:21', 3, 'N'),
('20151025_005', 1378, 1, '', '2015-10-25 17:12:44', 3, 'N'),
('20151026_001', 1389, 1, '', '2015-10-26 11:16:09', 3, 'N'),
('20151026_002', 1390, 1, '', '2015-10-26 15:50:16', 1, 'N'),
('20151026_003', 1288, 1, '', '2015-10-26 17:07:29', 1, 'N'),
('20151026_004', 1288, 1, '', '2015-10-26 17:31:29', 1, 'N'),
('20151026_005', 1391, 1, '', '2015-10-26 21:41:51', 3, 'N'),
('20151026_006', 1392, 1, '', '2015-10-26 21:42:37', 3, 'N'),
('20151027_001', 1393, 1, '', '2015-10-27 10:46:23', 1, 'N'),
('20151027_002', 1394, 1, 'kieutrangulis@gmail.com', '2015-10-27 13:11:22', 3, 'N'),
('20151027_003', 1395, 1, 'Chị khách đi oto qua', '2015-10-27 15:39:39', 1, 'N'),
('20151027_004', 1396, 1, '98 Hoàng Quốc Việt', '2015-10-27 18:19:00', 1, 'N'),
('20151027_005', 1397, 1, 'FB Hương Lan Lê', '2015-10-27 20:37:13', 1, 'N'),
('20151027_006', 1398, 1, 'FB Thúy Phạm của Bảo', '2015-10-27 21:09:57', 1, 'N'),
('20151028_001', 1288, 1, '', '2015-10-28 10:59:51', 1, 'N'),
('20151028_002', 1399, 1, '', '2015-10-28 19:55:21', 1, 'N'),
('20151028_003', 1288, 1, '', '2015-10-28 09:43:53', 1, 'N'),
('20151028_004', 1393, 1, '', '2015-10-28 11:41:31', 1, 'N'),
('20151029_001', 1400, 1, '', '2015-10-29 12:38:25', 1, 'N'),
('20151029_002', 1401, 1, '', '2015-10-29 15:03:41', 1, 'N'),
('20151029_003', 1350, 1, '', '2015-10-29 17:43:42', 1, 'N'),
('20151029_004', 1402, 1, '', '2015-10-29 18:08:55', 1, 'N'),
('20151029_005', 1403, 1, 'Fb Hang Nguyen fb Bảo', '2015-10-29 18:14:47', 1, 'N'),
('20151029_006', 1404, 1, '', '2015-10-29 18:35:51', 1, 'N'),
('20151029_007', 1405, 1, '611 Vũ Tông Phan', '2015-10-29 18:37:40', 1, 'N'),
('20151029_008', 1406, 1, '', '2015-10-29 19:02:45', 1, 'N'),
('20151030_001', 1407, 1, '', '2015-10-30 10:50:50', 1, 'N'),
('20151030_002', 1288, 1, '', '2015-10-30 12:46:21', 1, 'N'),
('20151030_003', 1306, 1, 'lỖI HỞ KHE', '2015-10-30 20:04:04', 1, 'N'),
('20151030_004', 1408, 1, '', '2015-10-30 20:43:45', 1, 'N'),
('20151031_001', 1409, 1, '', '2015-10-31 20:00:08', 1, 'N'),
('20151031_002', 1288, 1, '', '2015-10-31 20:00:32', 1, 'N'),
('20151031_003', 1288, 1, '', '2015-10-31 20:00:46', 1, 'N'),
('20151031_004', 1377, 1, '', '2015-10-31 20:08:02', 1, 'N'),
('20151101_001', 1288, 1, '', '2015-11-01 10:40:52', 1, 'N'),
('20151101_002', 1410, 1, '169 Lê Thánh Tông tp Hạ Long tỉnh Quảng Ninh, phí ship 32k', '2015-11-01 11:20:41', 1, 'Y'),
('20151101_003', 1410, 1, 'Phí ship hàng lần 2 là 43k/2 đôi', '2015-11-01 11:24:40', 1, 'Y'),
('20151101_004', 1411, 1, 'ĐC: Phòng Công An xã Xuân Quang 3 huyện Đồng Xuân, tỉnh Phú Yên, phí ship 45000', '2015-11-01 11:29:37', 1, 'Y'),
('20151101_005', 1412, 1, '', '2015-11-01 14:10:12', 1, 'N'),
('20151102_001', 1288, 1, 'Chị chủ nhà', '2015-11-02 13:39:45', 1, 'N'),
('20151102_002', 1288, 1, '', '2015-11-02 16:30:50', 1, 'N'),
('20151102_003', 1288, 1, '', '2015-11-02 19:08:59', 1, 'N'),
('20151102_004', 1288, 1, '', '2015-11-02 19:52:48', 1, 'N'),
('20151102_005', 1288, 1, '', '2015-11-02 20:38:18', 1, 'N'),
('20151103_001', 1358, 1, '', '2015-11-03 19:18:39', 1, 'N'),
('20151103_002', 1288, 1, '', '2015-11-03 19:18:53', 1, 'N'),
('20151103_003', 1314, 1, '', '2015-11-03 19:19:30', 1, 'N'),
('20151103_004', 1288, 1, '', '2015-11-03 19:19:45', 1, 'N'),
('20151103_005', 1413, 1, '', '2015-11-03 19:20:13', 1, 'N'),
('20151103_006', 1288, 1, '', '2015-11-03 14:16:31', 1, 'N'),
('20151104_001', 1414, 1, '', '2015-11-04 12:44:38', 1, 'N'),
('20151104_002', 1367, 1, '', '2015-11-04 13:19:08', 1, 'N'),
('20151104_003', 1288, 1, '', '2015-11-04 21:31:50', 1, 'N'),
('20151104_004', 1288, 1, '', '2015-11-04 21:31:58', 1, 'N'),
('20151104_005', 1415, 1, '', '2015-11-04 21:52:28', 1, 'N'),
('20151105_001', 1416, 1, '', '2015-11-05 16:19:24', 1, 'N'),
('20151105_002', 1417, 1, '', '2015-11-05 16:36:58', 1, 'N'),
('20151105_003', 1422, 1, '', '2015-11-05 17:30:47', 1, 'N'),
('20151105_004', 1288, 1, '', '2015-11-05 18:33:32', 1, 'N'),
('20151105_005', 1418, 1, 'Cty vsip Bắc ninh, số 1 hữu nghị kcn Vsip bắc ninh, phù chẩn , từ sơn, bắc ninh - Phí ship 35k ', '2015-11-05 18:37:06', 1, 'Y'),
('20151105_006', 1410, 1, 'Phí ship hàng lần 3 là 53k', '2015-11-05 18:44:01', 1, 'Y'),
('20151105_007', 1288, 1, '', '2015-11-05 19:53:18', 1, 'N'),
('20151105_008', 1288, 1, 'Chị hàng xóm', '2015-11-05 19:56:03', 1, 'N'),
('20151105_009', 1419, 1, ' T18 Times city ', '2015-11-05 20:02:01', 1, 'N'),
('20151105_010', 1426, 1, '', '2015-11-05 14:18:02', 1, 'N'),
('20151106_001', 1420, 1, '', '2015-11-06 10:39:00', 1, 'N'),
('20151106_002', 1421, 1, '', '2015-11-06 16:10:30', 1, 'N'),
('20151106_003', 1422, 1, '', '2015-11-06 17:12:00', 1, 'N'),
('20151106_004', 1423, 1, '', '2015-11-06 18:36:09', 1, 'N'),
('20151106_005', 1424, 1, '', '2015-11-06 19:05:08', 1, 'N'),
('20151106_006', 1288, 1, '', '2015-11-06 21:18:24', 1, 'N'),
('20151106_007', 1420, 1, '', '2015-11-06 14:18:47', 1, 'N'),
('20151106_008', 1427, 1, '', '2015-11-06 14:19:59', 1, 'N'),
('20151107_001', 1425, 1, '', '2015-11-07 12:31:58', 1, 'N'),
('20151107_002', 1288, 1, '', '2015-11-07 13:31:48', 1, 'N'),
('20151107_003', 1428, 1, 'Thôn An Cư 1, xã Đức Xương, huyện Gia Lộc, tỉnh Hải Dương. Phí ship 43k', '2015-11-07 14:31:42', 1, 'Y'),
('20151107_004', 1429, 1, 'Đặng Đức Giang, thôn Sỏi, Quảng Thanh, Thủy Nguyên, Hải Phòng. Phí ship 18k', '2015-11-07 14:35:08', 1, 'Y'),
('20151107_005', 1410, 1, 'Phí ship hàng lần 4 là 18k', '2015-11-07 14:37:53', 1, 'Y'),
('20151107_006', 1430, 1, '', '2015-11-07 16:39:25', 1, 'N'),
('20151107_007', 1431, 1, '', '2015-11-07 16:41:10', 1, 'N'),
('20151107_008', 1288, 1, '', '2015-11-07 16:55:21', 1, 'N'),
('20151107_009', 1432, 1, '', '2015-11-07 16:58:40', 1, 'N'),
('20151107_010', 1433, 1, '', '2015-11-07 19:17:18', 1, 'N'),
('20151108_001', 1288, 1, '', '2015-11-08 17:38:26', 1, 'N'),
('20151108_002', 1288, 1, '', '2015-11-08 19:41:53', 1, 'N'),
('20151108_003', 1439, 1, '', '2015-11-08 17:16:45', 1, 'N'),
('20151109_001', 1288, 1, '', '2015-11-09 17:12:33', 1, 'N'),
('20151109_002', 1288, 1, '', '2015-11-09 17:12:48', 1, 'N'),
('20151109_003', 1288, 1, '', '2015-11-09 17:13:02', 1, 'N'),
('20151109_004', 1434, 1, '', '2015-11-09 18:35:04', 1, 'N'),
('20151109_005', 1435, 1, '', '2015-11-09 18:46:33', 1, 'N'),
('20151109_006', 1436, 1, '86 Quan Nhân', '2015-11-09 19:25:59', 1, 'N'),
('20151109_007', 1437, 1, '', '2015-11-09 19:28:35', 1, 'N'),
('20151109_008', 1438, 1, '', '2015-11-09 20:04:10', 1, 'N'),
('20151109_009', 1439, 1, '', '2015-11-09 20:59:57', 1, 'N'),
('20151109_010', 1440, 1, 'Lỗi keo dán đế', '2015-11-09 21:58:39', 1, 'N'),
('20151110_001', 1441, 1, '', '2015-11-10 14:06:09', 1, 'N'),
('20151110_002', 1442, 1, '', '2015-11-10 15:19:14', 1, 'N'),
('20151110_003', 1288, 1, '', '2015-11-10 16:35:11', 1, 'N'),
('20151110_004', 1288, 1, '', '2015-11-10 17:26:04', 1, 'N'),
('20151110_005', 1288, 1, '', '2015-11-10 17:35:34', 1, 'N'),
('20151110_006', 1414, 1, '', '2015-11-10 20:12:57', 1, 'N'),
('20151110_007', 1443, 1, '', '2015-11-10 21:37:52', 1, 'N'),
('20151111_001', 1444, 1, '', '2015-11-11 18:00:32', 1, 'N'),
('20151111_002', 1445, 1, '', '2015-11-11 20:08:53', 1, 'N'),
('20151112_001', 1446, 1, '', '2015-11-12 14:47:51', 1, 'N'),
('20151112_002', 1447, 1, '', '2015-11-12 16:19:28', 1, 'N'),
('20151112_003', 1448, 1, '', '2015-11-12 16:24:43', 1, 'N'),
('20151112_004', 1449, 1, '', '2015-11-12 19:51:02', 1, 'N'),
('20151112_005', 1450, 1, '', '2015-11-12 20:29:54', 1, 'N'),
('20151113_001', 1451, 1, '', '2015-11-13 14:59:16', 1, 'N'),
('20151113_002', 1452, 1, '', '2015-11-13 14:59:28', 1, 'N'),
('20151113_003', 1453, 1, '', '2015-11-13 18:51:49', 1, 'N'),
('20151113_004', 1288, 1, '', '2015-11-13 19:58:47', 1, 'N'),
('20151113_005', 1454, 1, '', '2015-11-13 21:19:26', 1, 'N'),
('20151114_001', 1288, 1, '', '2015-11-14 14:56:18', 1, 'N'),
('20151114_002', 1288, 1, '', '2015-11-14 17:01:15', 1, 'N'),
('20151114_003', 1454, 1, '', '2015-11-14 20:30:01', 1, 'N'),
('20151115_001', 1288, 1, '', '2015-11-15 15:58:12', 1, 'N'),
('20151115_002', 1288, 1, '', '2015-11-15 16:23:55', 1, 'N'),
('20151115_003', 1455, 1, '', '2015-11-15 16:45:42', 1, 'N'),
('20151115_004', 1288, 1, '', '2015-11-15 21:08:33', 1, 'N'),
('20151116_001', 1288, 1, '', '2015-11-16 12:21:17', 1, 'N'),
('20151116_002', 1456, 1, '', '2015-11-16 18:14:54', 1, 'N'),
('20151116_003', 1457, 1, '', '2015-11-16 19:42:33', 1, 'N'),
('20151116_004', 1317, 1, '', '2015-11-16 20:36:07', 1, 'N'),
('20151117_001', 1458, 1, '', '2015-11-17 11:11:59', 1, 'N'),
('20151117_002', 1459, 1, '', '2015-11-17 14:19:56', 3, 'N'),
('20151117_003', 1460, 1, '', '2015-11-17 14:21:16', 3, 'N'),
('20151117_004', 1461, 1, '', '2015-11-17 14:22:04', 3, 'N'),
('20151117_005', 1288, 1, '', '2015-11-17 15:57:24', 1, 'N'),
('20151117_006', 1336, 1, '', '2015-11-17 16:49:58', 1, 'N'),
('20151117_007', 1462, 1, '', '2015-11-17 18:59:36', 1, 'N'),
('20151117_008', 1397, 1, '', '2015-11-17 20:45:06', 1, 'N'),
('20151118_001', 1288, 1, '', '2015-11-18 17:14:26', 1, 'N'),
('20151118_002', 1321, 1, '', '2015-11-18 17:45:03', 1, 'N'),
('20151118_003', 1463, 1, 'Chị Dương đặt đôi bốt màu đỏ đun size 38 120k ', '2015-11-18 18:29:23', 1, 'N'),
('20151118_004', 1397, 1, '', '2015-11-18 19:56:02', 1, 'N'),
('20151119_001', 1464, 1, '', '2015-11-19 17:56:58', 1, 'N'),
('20151119_002', 1465, 1, '', '2015-11-19 18:54:20', 1, 'N'),
('20151119_003', 1466, 1, '', '2015-11-19 20:37:38', 1, 'N'),
('20151119_004', 1288, 1, '', '2015-11-19 21:00:45', 1, 'N'),
('20151121_001', 1467, 1, '', '2015-11-20 12:29:44', 1, 'N'),
('20151121_002', 1468, 1, '', '2015-11-21 12:30:41', 1, 'N'),
('20151121_003', 1469, 1, '', '2015-11-21 18:53:19', 1, 'N'),
('20151121_004', 1470, 1, '', '2015-11-21 18:54:53', 1, 'N'),
('20151121_005', 1471, 1, '', '2015-11-21 18:55:22', 1, 'N'),
('20151121_006', 1472, 1, 'Đặt giữ hàng hôm đang sale 20%', '2015-11-21 18:56:36', 1, 'N'),
('20151121_007', 1309, 1, '', '2015-11-21 19:03:13', 1, 'N'),
('20151121_008', 1473, 1, '', '2015-11-21 19:04:38', 1, 'N'),
('20151121_009', 1474, 1, '', '2015-11-21 20:11:00', 1, 'N'),
('20151122_001', 1475, 1, '', '2015-11-22 13:29:38', 1, 'N'),
('20151122_002', 1288, 1, '', '2015-11-22 18:20:07', 1, 'N'),
('20151122_003', 1476, 1, '', '2015-11-22 20:46:05', 1, 'N'),
('20151123_001', 1309, 1, '', '2015-11-23 13:42:53', 1, 'N'),
('20151123_002', 1477, 1, '', '2015-11-23 16:52:36', 1, 'N'),
('20151123_003', 1478, 1, '', '2015-11-23 16:53:04', 1, 'N'),
('20151123_004', 1288, 1, '', '2015-11-23 17:26:04', 1, 'N'),
('20151123_005', 1479, 1, '', '2015-11-23 21:12:08', 1, 'N'),
('20151123_006', 1309, 1, '', '2015-11-23 21:19:10', 1, 'N'),
('20151124_001', 1405, 1, '', '2015-11-24 10:52:42', 1, 'N'),
('20151124_002', 1480, 1, 'Triệu Sơn - Thanh Hóa', '2015-11-24 10:56:51', 1, 'Y'),
('20151124_003', 1481, 1, '', '2015-11-24 17:09:51', 1, 'N'),
('20151124_004', 1482, 1, '', '2015-11-24 17:45:05', 1, 'N'),
('20151125_001', 1410, 1, '169 Lê Thánh Tông, tp Hạ Long, tỉnh Quảng Ninh', '2015-11-25 14:40:43', 1, 'Y'),
('20151125_002', 1483, 1, '', '2015-11-25 15:12:27', 1, 'N'),
('20151125_003', 1484, 1, '', '2015-11-25 15:29:54', 1, 'N'),
('20151127_001', 1288, 1, '', '2015-11-26 17:08:33', 1, 'N'),
('20151127_002', 1288, 1, '', '2015-11-27 17:40:35', 1, 'N'),
('20151127_003', 1485, 1, '', '2015-11-27 17:46:25', 1, 'N'),
('20151127_004', 1486, 1, '', '2015-11-27 18:10:23', 1, 'N'),
('20151127_005', 1288, 1, '', '2015-11-27 18:40:01', 1, 'N'),
('20151128_001', 1487, 1, '', '2015-11-28 12:18:58', 1, 'N'),
('20151128_002', 1288, 1, '', '2015-11-28 12:19:22', 1, 'N'),
('20151128_003', 1288, 1, '', '2015-11-28 15:59:38', 1, 'N'),
('20151128_004', 1288, 1, '', '2015-11-28 16:29:05', 1, 'N'),
('20151128_005', 1288, 1, '', '2015-11-28 16:34:30', 1, 'N'),
('20151128_006', 1488, 1, '', '2015-11-28 17:41:59', 1, 'N'),
('20151128_007', 1489, 1, '189 Đinh Tiên Hoàng, phường Tự An, TP Buôn Ma Thuột, tỉnh Đăk Lăk', '2015-11-28 18:29:17', 1, 'Y'),
('20151128_008', 1490, 1, '', '2015-11-28 19:00:12', 1, 'N'),
('20151128_009', 1491, 1, '', '2015-11-28 19:52:21', 1, 'N'),
('20151128_010', 1330, 1, '', '2015-11-28 21:49:04', 1, 'N'),
('20151129_001', 1288, 1, '', '2015-11-29 10:33:07', 1, 'N'),
('20151129_002', 1492, 1, '', '2015-11-29 12:07:14', 1, 'N'),
('20151129_003', 1493, 1, '', '2015-11-29 12:12:56', 1, 'N'),
('20151129_004', 1288, 1, '', '2015-11-29 15:28:36', 1, 'N'),
('20151129_005', 1358, 1, '', '2015-11-29 15:53:03', 1, 'N'),
('20151129_006', 1494, 1, '', '2015-11-29 15:55:19', 1, 'N'),
('20151129_007', 1495, 1, '', '2015-11-29 18:56:55', 1, 'N'),
('20151129_008', 1496, 1, '', '2015-11-29 19:24:14', 1, 'N'),
('20151130_001', 1288, 1, '', '2015-11-30 15:53:29', 1, 'N'),
('20151130_002', 1288, 1, '', '2015-11-30 15:53:58', 1, 'N'),
('20151130_003', 1497, 1, '', '2015-11-30 16:06:27', 1, 'N'),
('20151130_004', 1498, 1, '', '2015-11-30 17:39:26', 1, 'N'),
('20151130_005', 1499, 1, '', '2015-11-30 18:10:15', 1, 'N'),
('20151130_006', 1500, 1, '', '2015-11-30 18:13:26', 1, 'N'),
('20151130_007', 1449, 1, '', '2015-11-30 20:24:47', 1, 'N'),
('20151130_008', 1501, 1, '', '2015-11-30 20:44:31', 1, 'N'),
('20151201_001', 1485, 1, '', '2015-12-01 18:57:08', 1, 'N'),
('20151202_001', 1502, 1, '', '2015-12-02 14:02:26', 1, 'N'),
('20151202_002', 1468, 1, '', '2015-12-02 14:52:29', 1, 'N'),
('20151202_003', 1503, 1, '', '2015-12-02 15:34:43', 1, 'N'),
('20151202_004', 1504, 1, '', '2015-12-02 20:18:08', 1, 'N'),
('20151202_005', 1481, 1, '', '2015-12-02 20:25:28', 1, 'N'),
('20151202_006', 1505, 1, '', '2015-12-02 20:38:41', 1, 'N'),
('20151203_001', 1506, 1, '', '2015-12-03 17:46:17', 1, 'N'),
('20151204_001', 1507, 1, '', '2015-12-04 11:20:39', 1, 'N'),
('20151204_002', 1508, 1, '', '2015-12-04 11:50:55', 1, 'N'),
('20151204_003', 1288, 1, '', '2015-12-04 12:20:19', 1, 'N'),
('20151204_004', 1509, 1, '', '2015-12-04 18:14:45', 1, 'N'),
('20151205_001', 1288, 1, '', '2015-12-05 10:56:54', 1, 'N'),
('20151205_002', 1510, 1, '', '2015-12-05 12:40:52', 1, 'N'),
('20151205_003', 1511, 1, '', '2015-12-05 15:26:10', 1, 'N'),
('20151205_004', 1288, 1, '', '2015-12-05 16:48:42', 1, 'N'),
('20151205_005', 1512, 1, '', '2015-12-05 16:58:47', 1, 'N'),
('20151205_006', 1513, 1, '', '2015-12-05 17:30:23', 1, 'N'),
('20151205_007', 1468, 1, '', '2015-12-05 17:38:40', 1, 'N'),
('20151205_009', 1515, 1, '', '2015-12-05 18:27:40', 1, 'N'),
('20151205_010', 1516, 1, '', '2015-12-05 18:28:44', 1, 'N'),
('20151205_011', 1517, 1, '', '2015-12-05 20:38:39', 1, 'N'),
('20151205_012', 1514, 1, '', '2015-12-05 14:00:32', 1, 'N'),
('20151206_001', 1518, 1, '', '2015-12-06 13:57:22', 1, 'N'),
('20151206_002', 1288, 1, '', '2015-12-06 14:38:29', 1, 'N'),
('20151206_003', 1519, 1, '', '2015-12-06 14:55:15', 1, 'N'),
('20151206_004', 1473, 1, '', '2015-12-06 15:39:22', 1, 'N'),
('20151206_005', 1288, 1, '', '2015-12-06 16:12:45', 1, 'N'),
('20151206_006', 1520, 1, '', '2015-12-06 17:25:40', 1, 'N'),
('20151206_007', 1521, 1, '', '2015-12-06 19:06:37', 1, 'N'),
('20151206_008', 1522, 1, '', '2015-12-06 19:35:13', 1, 'N'),
('20151206_009', 1523, 1, '', '2015-12-06 20:46:48', 1, 'N'),
('20151206_010', 1524, 1, '', '2015-12-06 21:08:18', 1, 'N'),
('20151206_011', 1525, 1, '', '2015-12-06 21:42:19', 1, 'N'),
('20151207_001', 1506, 1, '', '2015-12-07 15:21:47', 1, 'N'),
('20151207_002', 1448, 1, '', '2015-12-07 15:58:34', 1, 'N'),
('20151207_003', 1288, 1, '', '2015-12-07 18:49:39', 1, 'N'),
('20151207_004', 1504, 1, '', '2015-12-07 20:30:02', 1, 'N'),
('20151208_001', 1288, 1, '', '2015-12-08 13:34:11', 1, 'N'),
('20151208_002', 1526, 1, '', '2015-12-08 13:35:06', 1, 'N'),
('20151208_003', 1527, 1, '', '2015-12-08 13:35:57', 1, 'N'),
('20151208_004', 1507, 1, '', '2015-12-08 13:36:58', 1, 'N'),
('20151208_005', 1463, 1, '', '2015-12-08 18:28:00', 1, 'N'),
('20151208_006', 1528, 1, '', '2015-12-08 19:18:05', 1, 'N'),
('20151208_007', 1288, 1, '', '2015-12-08 21:45:34', 1, 'N'),
('20151209_001', 1291, 1, '', '2015-12-09 16:46:16', 1, 'N'),
('20151209_002', 1529, 1, '', '2015-12-09 17:21:31', 1, 'N'),
('20151209_003', 1288, 1, '', '2015-12-09 17:46:23', 1, 'N'),
('20151209_004', 1288, 1, '', '2015-12-09 18:15:23', 1, 'N'),
('20151209_005', 1288, 1, '', '2015-12-09 20:18:23', 1, 'N'),
('20151209_006', 1408, 1, '', '2015-12-09 20:56:24', 1, 'N'),
('20151210_001', 1530, 1, '', '2015-12-10 11:55:41', 1, 'N'),
('20151210_002', 1531, 1, '', '2015-12-10 12:58:50', 1, 'N'),
('20151210_003', 1527, 1, '', '2015-12-10 16:19:47', 1, 'N'),
('20151210_004', 1532, 1, '', '2015-12-10 17:20:57', 1, 'N'),
('20151210_005', 1533, 1, '', '2015-12-10 18:46:22', 1, 'N'),
('20151210_006', 1534, 1, '', '2015-12-10 20:36:35', 1, 'N'),
('20151210_007', 1535, 1, '', '2015-12-10 21:17:06', 1, 'N'),
('20151210_008', 1536, 1, '', '2015-12-10 21:56:10', 1, 'N'),
('20151211_001', 1537, 1, '', '2015-12-11 15:31:58', 1, 'N'),
('20151211_002', 1538, 1, '', '2015-12-11 15:38:04', 1, 'N'),
('20151211_003', 1539, 1, '', '2015-12-11 16:54:10', 1, 'N'),
('20151211_004', 1288, 1, '', '2015-12-11 17:44:35', 1, 'N'),
('20151211_005', 1540, 1, '', '2015-12-11 21:29:01', 1, 'N'),
('20151211_006', 1541, 1, '', '2015-12-11 21:45:11', 1, 'N'),
('20151212_001', 1487, 1, '', '2015-12-12 15:59:26', 1, 'N'),
('20151212_002', 1542, 1, '', '2015-12-12 16:00:27', 1, 'N'),
('20151212_003', 1543, 1, 'Thị trấn Dân Lực Triệu Sơn', '2015-12-12 16:04:09', 1, 'Y'),
('20151212_004', 1544, 1, '', '2015-12-12 16:13:41', 1, 'N'),
('20151212_005', 1545, 1, '', '2015-12-12 16:49:45', 1, 'N'),
('20151212_006', 1546, 1, '', '2015-12-12 17:36:50', 1, 'N'),
('20151212_008', 1288, 1, '', '2015-12-12 20:57:46', 1, 'N'),
('20151212_009', 1548, 1, '', '2015-12-12 21:43:37', 1, 'N'),
('20151212_010', 1547, 1, 'Số 2, ngách 2/49 Định Công Thượng', '2015-12-12 23:59:44', 1, 'Y'),
('20151212_011', 1548, 1, '', '2015-12-12 15:25:51', 1, 'N'),
('20151212_012', 1579, 1, '', '2015-12-12 15:28:24', 1, 'N'),
('20151212_013', 1562, 1, '', '2015-12-12 15:31:32', 1, 'N'),
('20151213_001', 1397, 1, '', '2015-12-13 11:08:47', 1, 'N'),
('20151213_002', 1549, 1, '', '2015-12-13 11:43:52', 1, 'N'),
('20151213_003', 1550, 1, '', '2015-12-13 12:55:22', 1, 'N'),
('20151213_004', 1551, 1, '', '2015-12-13 16:50:04', 3, 'N'),
('20151213_005', 1552, 1, '', '2015-12-13 17:46:26', 1, 'N'),
('20151213_006', 1553, 1, '', '2015-12-13 18:52:36', 1, 'N'),
('20151213_007', 1562, 1, '', '2015-12-13 15:35:22', 1, 'N'),
('20151213_008', 1551, 1, '', '2015-12-13 15:37:53', 1, 'N'),
('20151213_009', 1553, 1, '', '2015-12-13 15:46:37', 1, 'N'),
('20151213_010', 1562, 1, '', '2015-12-13 16:14:40', 1, 'N'),
('20151214_001', 1354, 1, '', '2015-12-14 14:04:07', 1, 'N'),
('20151214_002', 1554, 1, '', '2015-12-14 14:04:38', 1, 'N'),
('20151214_003', 1555, 1, '', '2015-12-14 17:31:13', 1, 'N'),
('20151214_004', 1556, 1, '', '2015-12-14 17:33:43', 1, 'N'),
('20151214_005', 1557, 1, '', '2015-12-14 18:53:07', 1, 'N'),
('20151214_006', 1558, 1, '', '2015-12-14 19:29:16', 1, 'N'),
('20151214_007', 1559, 1, '', '2015-12-14 20:55:11', 1, 'N'),
('20151214_008', 1559, 1, '', '2015-12-14 21:17:50', 1, 'N'),
('20151214_009', 1560, 1, '', '2015-12-14 21:20:11', 1, 'N'),
('20151214_010', 1548, 1, '', '2015-12-14 21:42:49', 1, 'N'),
('20151214_011', 1540, 1, '', '2015-12-14 15:40:37', 1, 'N'),
('20151214_012', 1288, 1, '', '2015-12-14 15:46:07', 1, 'N'),
('20151215_002', 1288, 1, '', '2015-12-15 17:06:24', 1, 'N'),
('20151215_003', 1288, 1, '', '2015-12-15 21:02:03', 1, 'N'),
('20151215_004', 1288, 1, '', '2015-12-15 21:47:30', 1, 'N'),
('20151215_006', 1341, 1, '', '2015-12-15 21:56:05', 1, 'N'),
('20151215_007', 1561, 1, '', '2015-12-15 21:57:59', 1, 'N'),
('20151215_008', 1403, 1, 'Tòa nhà 319 63 Lê Văn Lương', '2015-12-15 23:22:10', 1, 'Y'),
('20151215_009', 1288, 1, '', '2015-12-15 15:45:14', 1, 'N'),
('20151215_010', 1403, 1, 'Tòa nhà 319 63 Lê Văn Lương', '2015-12-15 16:43:41', 1, 'Y'),
('20151216_001', 1563, 1, '', '2015-12-16 12:51:36', 1, 'N'),
('20151216_002', 1562, 1, '', '2015-12-16 12:51:58', 1, 'N'),
('20151216_003', 1564, 1, '', '2015-12-16 16:06:59', 1, 'N'),
('20151216_004', 1533, 1, '', '2015-12-16 18:46:05', 3, 'N'),
('20151216_005', 1565, 1, '', '2015-12-16 18:49:25', 3, 'N'),
('20151216_006', 1366, 1, '', '2015-12-16 15:47:31', 1, 'N'),
('20151216_007', 1565, 1, '', '2015-12-16 15:48:08', 1, 'N'),
('20151216_008', 1580, 1, '', '2015-12-16 15:48:54', 1, 'N'),
('20151217_001', 1288, 1, '', '2015-12-17 13:06:42', 1, 'N'),
('20151217_002', 1566, 1, '', '2015-12-17 13:07:53', 1, 'N'),
('20151217_003', 1567, 1, '', '2015-12-17 16:51:21', 1, 'N'),
('20151217_004', 1568, 1, '', '2015-12-17 18:24:00', 1, 'N'),
('20151217_005', 1569, 1, '', '2015-12-17 18:26:42', 1, 'N'),
('20151217_006', 1434, 1, '', '2015-12-17 19:10:45', 1, 'N'),
('20151217_007', 1581, 1, '', '2015-12-17 15:49:50', 1, 'N'),
('20151217_008', 1434, 1, '', '2015-12-17 15:50:55', 1, 'N'),
('20151218_001', 1570, 1, '', '2015-12-18 14:12:53', 1, 'N'),
('20151218_002', 1571, 1, '', '2015-12-18 14:13:33', 1, 'N'),
('20151218_003', 1572, 1, '', '2015-12-18 14:15:11', 1, 'N'),
('20151218_004', 1288, 1, '', '2015-12-18 14:15:23', 1, 'N'),
('20151218_005', 1557, 1, '', '2015-12-18 17:44:10', 1, 'N'),
('20151218_006', 1341, 1, '', '2015-12-18 19:18:36', 1, 'N'),
('20151218_007', 1573, 1, 'Lỗi dán đế', '2015-12-18 21:12:03', 1, 'N'),
('20151218_008', 1288, 1, 'Bạn Anh Minh', '2015-12-18 21:37:54', 1, 'N'),
('20151218_009', 1532, 1, '', '2015-12-18 15:52:08', 1, 'N'),
('20151218_010', 1355, 1, '', '2015-12-18 15:53:56', 1, 'N'),
('20151219_001', 1288, 1, '', '2015-12-19 12:55:26', 1, 'N'),
('20151219_002', 1562, 1, '', '2015-12-19 13:40:13', 1, 'N'),
('20151219_003', 1574, 1, '', '2015-12-19 15:06:28', 1, 'N'),
('20151219_004', 1562, 1, '', '2015-12-19 15:54:48', 1, 'N'),
('20151219_005', 1574, 1, '', '2015-12-19 15:56:01', 1, 'N'),
('20151219_006', 1582, 1, '', '2015-12-19 16:07:55', 1, 'N'),
('20151219_007', 1366, 1, '', '2015-12-19 16:09:08', 1, 'N'),
('20151220_001', 1575, 1, '', '2015-12-20 20:43:35', 3, 'N'),
('20151220_002', 1576, 1, '', '2015-12-20 20:44:30', 3, 'N'),
('20151220_003', 1288, 1, '', '2015-12-20 20:47:32', 3, 'N'),
('20151220_004', 1577, 1, '', '2015-12-20 20:48:28', 3, 'N'),
('20151222_001', 1578, 1, '', '2015-12-22 14:42:11', 1, 'N'),
('20151222_002', 1366, 1, '', '2015-12-22 16:00:35', 1, 'N'),
('20151222_003', 1403, 1, '', '2015-12-22 16:11:03', 1, 'N'),
('20151222_004', 1328, 1, '', '2015-12-22 16:27:49', 1, 'N'),
('20151222_005', 1410, 1, '169 Lê Thánh Tông, TP Hạ Long, tỉnh Quảng Ninh', '2015-12-22 16:35:06', 1, 'Y'),
('20151222_006', 1583, 1, '', '2015-12-22 17:59:48', 1, 'N'),
('20151222_007', 1528, 1, '', '2015-12-22 19:06:31', 1, 'N'),
('20151222_008', 1584, 1, '', '2015-12-22 19:16:42', 1, 'N'),
('20151222_009', 1585, 1, 'Áo lỗi rút bông', '2015-12-22 20:14:34', 1, 'N'),
('20151223_001', 1586, 1, '', '2015-12-23 11:49:32', 1, 'N'),
('20151223_002', 1587, 1, '', '2015-12-23 11:50:06', 1, 'N'),
('20151223_003', 1588, 1, 'Xóm 6 Minh Dân Triệu Sơn Thanh Hóa', '2015-12-23 13:36:29', 1, 'Y'),
('20151223_005', 1589, 1, '', '2015-12-23 15:05:38', 1, 'N'),
('20151223_007', 1590, 1, '', '2015-12-23 17:37:38', 1, 'N'),
('20151223_008', 1591, 1, '', '2015-12-23 18:08:05', 1, 'N'),
('20151223_009', 1592, 1, 'KTX Sam Sung, KCN Yên Bình, Phổ Yên, Thái Nguyên ', '2015-12-23 19:00:52', 1, 'N'),
('20151223_010', 1593, 1, '', '2015-12-23 20:43:45', 1, 'N'),
('20151223_011', 1290, 1, '', '2015-12-23 21:02:01', 1, 'N'),
('20151223_012', 1594, 1, '85c Trần Quang Diệu ', '2015-12-23 21:34:36', 1, 'N'),
('20151223_013', 1562, 1, '', '2015-12-23 20:38:19', 1, 'N'),
('20151224_001', 1314, 1, '', '2015-12-24 15:10:01', 3, 'N'),
('20151224_002', 1354, 1, '', '2015-12-24 14:53:04', 1, 'N'),
('20151224_003', 1595, 1, '', '2015-12-24 14:53:46', 1, 'N'),
('20151225_001', 1596, 1, '', '2015-12-25 14:59:03', 1, 'N'),
('20151225_002', 1454, 1, '', '2015-12-25 14:59:40', 1, 'N'),
('20151225_003', 1314, 1, '', '2015-12-25 15:00:47', 1, 'N'),
('20151225_004', 1597, 1, '', '2015-12-25 15:03:32', 1, 'N'),
('20151225_005', 1598, 1, '', '2015-12-25 16:42:38', 1, 'N'),
('20151225_006', 1599, 1, '', '2015-12-25 17:32:37', 1, 'N'),
('20151225_007', 1571, 1, '', '2015-12-25 20:36:50', 1, 'N'),
('20151225_008', 1406, 1, '', '2015-12-25 20:37:21', 1, 'N'),
('20151226_001', 1600, 1, '', '2015-12-26 13:24:27', 1, 'N'),
('20151226_002', 1601, 1, '', '2015-12-26 15:50:17', 1, 'N'),
('20151226_003', 1602, 1, '', '2015-12-26 17:14:56', 1, 'N'),
('20151226_004', 1603, 1, '', '2015-12-26 18:11:23', 1, 'N'),
('20151226_005', 1604, 1, '', '2015-12-26 20:25:49', 1, 'N'),
('20151226_006', 1288, 1, '', '2015-12-26 20:44:57', 1, 'N'),
('20151226_007', 1605, 1, '', '2015-12-26 21:25:48', 1, 'N'),
('20151227_001', 1606, 1, '', '2015-12-27 11:59:08', 1, 'N'),
('20151227_002', 1564, 1, '', '2015-12-27 12:02:08', 1, 'N'),
('20151227_003', 1607, 1, '', '2015-12-27 15:56:51', 1, 'N'),
('20151227_004', 1451, 1, '', '2015-12-27 15:57:38', 1, 'N'),
('20151228_001', 1608, 1, '', '2015-12-28 13:11:13', 3, 'N'),
('20151228_002', 1609, 1, '', '2015-12-28 13:12:23', 3, 'N'),
('20151228_003', 1610, 1, '', '2015-12-28 16:00:50', 1, 'N'),
('20151228_004', 1611, 1, '', '2015-12-28 18:11:12', 1, 'N'),
('20151228_005', 1425, 1, '', '2015-12-28 20:36:03', 1, 'N'),
('20151228_006', 1289, 1, '', '2015-12-28 20:42:31', 1, 'N'),
('20151229_001', 1614, 1, '', '2015-12-29 22:13:22', 1, 'N'),
('20151229_002', 1615, 1, '', '2015-12-29 13:13:08', 1, 'N'),
('20151229_003', 1623, 1, '', '2015-12-29 13:13:46', 1, 'N'),
('20151229_004', 1288, 1, '', '2015-12-29 13:14:27', 1, 'N'),
('20151230_001', 1624, 1, '', '2015-12-30 13:16:29', 1, 'N'),
('20151230_002', 1625, 1, '', '2015-12-30 13:17:02', 1, 'N'),
('20151230_003', 1626, 1, '', '2015-12-30 13:17:32', 1, 'N'),
('20151230_004', 1627, 1, '', '2015-12-30 13:18:05', 1, 'N'),
('20151230_005', 1628, 1, '', '2015-12-30 13:18:41', 1, 'N'),
('20151231_001', 1612, 1, '', '2015-12-31 12:34:02', 1, 'N'),
('20151231_002', 1613, 1, '', '2015-12-31 12:35:30', 1, 'N'),
('20151231_003', 1616, 1, '', '2015-12-31 15:16:09', 1, 'N'),
('20151231_004', 1617, 1, '', '2015-12-31 17:49:59', 1, 'N'),
('20151231_005', 1618, 1, '', '2015-12-31 17:50:45', 1, 'N'),
('20151231_006', 1619, 1, '', '2015-12-31 19:16:44', 1, 'N'),
('20151231_007', 1620, 1, '', '2015-12-31 19:17:39', 1, 'N'),
('20151231_008', 1621, 1, '', '2015-12-31 19:35:41', 1, 'N'),
('20160101_001', 1622, 1, '', '2016-01-01 13:12:22', 1, 'N'),
('20160101_002', 1629, 1, '', '2016-01-01 18:08:20', 1, 'N'),
('20160102_001', 1288, 1, '', '2016-01-02 12:35:27', 1, 'N'),
('20160102_002', 1630, 1, '', '2016-01-02 12:36:04', 1, 'N'),
('20160102_003', 1631, 1, '', '2016-01-02 12:37:47', 1, 'N'),
('20160102_004', 1632, 1, '', '2016-01-02 12:38:17', 1, 'N'),
('20160102_005', 1288, 1, '', '2016-01-02 15:25:15', 1, 'N'),
('20160102_006', 1633, 1, '', '2016-01-02 15:49:43', 1, 'N'),
('20160102_007', 1634, 1, '', '2016-01-02 17:22:15', 1, 'N'),
('20160102_008', 1632, 1, '', '2016-01-02 19:30:23', 1, 'N'),
('20160102_009', 1288, 1, '', '2016-01-02 20:33:36', 1, 'N'),
('20160102_010', 1635, 1, '', '2016-01-02 21:14:40', 1, 'N'),
('20160102_011', 1636, 1, 'Minh Dân - Triệu Sơn ', '2016-01-02 21:22:11', 1, 'Y'),
('20160103_001', 1637, 1, '', '2016-01-03 10:29:33', 3, 'N'),
('20160103_002', 1638, 1, '', '2016-01-03 18:39:46', 3, 'N'),
('20160103_003', 1639, 1, '', '2016-01-03 20:15:21', 3, 'N'),
('20160103_004', 1634, 1, '', '2016-01-03 15:42:03', 1, 'N'),
('20160104_001', 1640, 1, '', '2016-01-04 14:05:26', 3, 'N'),
('20160104_002', 1640, 1, '', '2016-01-04 14:06:58', 3, 'N'),
('20160104_003', 1288, 1, '', '2016-01-04 16:48:21', 1, 'N'),
('20160104_004', 1327, 1, 'Triệu Sơn, Thanh Hóa ', '2016-01-04 16:50:29', 1, 'Y'),
('20160105_001', 1635, 1, '', '2016-01-05 15:58:22', 1, 'N'),
('20160105_002', 1641, 1, '', '2016-01-05 18:42:21', 1, 'N'),
('20160105_003', 1642, 1, '', '2016-01-05 20:15:51', 1, 'N'),
('20160105_004', 1643, 1, '', '2016-01-05 20:42:19', 1, 'N'),
('20160106_001', 1596, 1, '', '2016-01-06 12:42:30', 1, 'N'),
('20160106_003', 1644, 1, '', '2016-01-06 17:29:19', 1, 'N'),
('20160106_004', 1645, 1, '', '2016-01-06 17:53:59', 1, 'N'),
('20160106_005', 1646, 1, '', '2016-01-06 19:57:32', 1, 'N'),
('20160107_001', 1647, 1, 'số 63 ngõ 156 lạc trung hai bà trưng', '2016-01-07 12:31:17', 1, 'N'),
('20160107_002', 1648, 1, '', '2016-01-07 11:52:05', 1, 'N'),
('20160107_003', 1651, 1, '', '2016-01-07 11:52:56', 1, 'N'),
('20160107_004', 1652, 1, '', '2016-01-07 11:53:40', 1, 'N'),
('20160107_005', 1642, 1, '', '2016-01-07 11:54:13', 1, 'N'),
('20160107_006', 1295, 1, '', '2016-01-07 11:54:48', 1, 'N'),
('20160108_001', 1649, 1, '', '2016-01-08 11:45:09', 1, 'N'),
('20160108_002', 1650, 1, 'Trường Tiểu học Minh Cường, Thường Tín, Hà Nội ', '2016-01-08 11:48:41', 1, 'Y'),
('20160108_003', 1636, 1, 'Xóm 1 Minh Dân Triệu Sơn Thanh Hóa ', '2016-01-08 11:50:29', 1, 'Y'),
('20160108_004', 1288, 1, '', '2016-01-08 12:23:19', 1, 'N'),
('20160108_005', 1653, 1, '', '2016-01-08 18:22:44', 3, 'N'),
('20160108_006', 1654, 1, '', '2016-01-08 18:24:27', 3, 'N'),
('20160108_007', 1508, 1, '', '2016-01-08 18:25:02', 3, 'N'),
('20160108_008', 1655, 1, '', '2016-01-08 18:26:40', 3, 'N'),
('20160108_009', 1654, 1, '', '2016-01-08 20:46:34', 1, 'N'),
('20160108_010', 1656, 1, '', '2016-01-08 20:47:26', 1, 'N'),
('20160108_011', 1657, 1, '1109CT7F Khu đô thị Dương Nội ', '2016-01-08 20:49:08', 1, 'N'),
('20160109_001', 1658, 1, '', '2016-01-09 18:42:27', 3, 'N'),
('20160109_002', 1659, 1, '', '2016-01-09 18:43:17', 3, 'N'),
('20160109_003', 1657, 1, '', '2016-01-09 18:44:01', 3, 'N'),
('20160109_004', 1660, 1, 'Minh Lộc - Thành Minh - Thạch Thành - Thanh Hóa ', '2016-01-09 18:47:12', 1, 'Y'),
('20160109_005', 1655, 1, '', '2016-01-09 19:17:28', 1, 'N'),
('20160109_006', 1661, 1, '', '2016-01-09 19:53:13', 1, 'N'),
('20160109_007', 1615, 1, '', '2016-01-09 20:35:26', 1, 'N'),
('20160110_001', 1288, 1, '', '2016-01-10 14:42:55', 1, 'N'),
('20160110_002', 1662, 1, '', '2016-01-10 15:50:28', 1, 'N'),
('20160110_003', 1663, 1, 'Hội Cựu chiến binh huyện Lạc Dương - tỉnh Lâm Đồng', '2016-01-10 15:54:41', 1, 'N'),
('20160110_004', 1664, 1, '', '2016-01-10 19:30:51', 1, 'N'),
('20160110_005', 1665, 1, '', '2016-01-10 19:32:21', 1, 'N'),
('20160110_006', 1666, 1, '', '2016-01-10 19:34:12', 1, 'N'),
('20160110_007', 1667, 1, '', '2016-01-10 19:37:27', 1, 'N'),
('20160110_008', 1668, 1, '', '2016-01-10 19:38:29', 1, 'N'),
('20160111_001', 1669, 1, '', '2016-01-11 19:39:52', 1, 'N'),
('20160112_001', 1670, 1, '', '2016-01-12 19:56:41', 1, 'N'),
('20160112_002', 1671, 1, '', '2016-01-12 19:57:31', 1, 'N'),
('20160112_003', 1424, 1, '', '2016-01-12 19:58:07', 1, 'N'),
('20160112_004', 1672, 1, '', '2016-01-12 19:58:59', 1, 'N'),
('20160112_005', 1288, 1, '', '2016-01-12 20:00:29', 1, 'N'),
('20160112_006', 1673, 1, '', '2016-01-12 20:01:34', 1, 'N'),
('20160112_007', 1288, 1, '', '2016-01-12 20:02:27', 1, 'N'),
('20160112_008', 1657, 1, '', '2016-01-12 20:03:20', 1, 'N'),
('20160112_009', 1674, 1, '', '2016-01-12 20:04:45', 1, 'N'),
('20160113_001', 1675, 1, '', '2016-01-13 20:38:16', 1, 'N'),
('20160113_002', 1676, 1, '', '2016-01-13 20:38:47', 1, 'N'),
('20160113_003', 1677, 1, '', '2016-01-13 20:39:14', 1, 'N'),
('20160113_004', 1674, 1, '', '2016-01-13 20:40:52', 1, 'N'),
('20160113_005', 1678, 1, '', '2016-01-13 20:41:33', 1, 'N'),
('20160113_006', 1323, 1, '', '2016-01-13 20:42:07', 1, 'N'),
('20160113_007', 1679, 1, '', '2016-01-13 20:42:41', 1, 'N'),
('20160113_008', 1680, 1, '', '2016-01-13 20:43:23', 1, 'N'),
('20160113_009', 1681, 1, '', '2016-01-13 20:44:05', 1, 'N'),
('20160113_010', 1532, 1, '', '2016-01-13 20:44:36', 1, 'N'),
('20160113_011', 1682, 1, '', '2016-01-13 20:45:41', 1, 'N'),
('20160113_012', 1683, 1, '', '2016-01-13 20:46:20', 1, 'N'),
('20160113_013', 1684, 1, '', '2016-01-13 20:46:46', 1, 'N'),
('20160113_014', 1288, 1, '', '2016-01-13 20:47:30', 1, 'N'),
('20160114_001', 1685, 1, '', '2016-01-14 20:48:04', 1, 'N'),
('20160114_002', 1686, 1, '', '2016-01-14 20:48:39', 1, 'N'),
('20160114_003', 1687, 1, '', '2016-01-14 20:49:25', 1, 'N'),
('20160115_001', 1688, 1, '', '2016-01-15 20:50:13', 1, 'N'),
('20160115_002', 1689, 1, '', '2016-01-15 20:51:27', 1, 'N'),
('20160115_003', 1654, 1, '', '2016-01-15 20:51:59', 1, 'N'),
('20160115_004', 1686, 1, '', '2016-01-15 20:54:02', 1, 'N'),
('20160115_006', 1350, 1, '', '2016-01-15 20:56:34', 1, 'N'),
('20160115_007', 1690, 1, '', '2016-01-15 21:34:56', 1, 'N'),
('20160116_001', 1410, 1, '', '2016-01-16 00:37:39', 1, 'N'),
('20160116_002', 1691, 1, '', '2016-01-16 22:53:36', 1, 'N'),
('20160116_003', 1691, 1, '', '2016-01-16 22:56:37', 1, 'N'),
('20160116_004', 1692, 1, '', '2016-01-16 22:57:42', 1, 'N'),
('20160116_005', 1693, 1, '', '2016-01-16 22:58:25', 1, 'N'),
('20160116_006', 1694, 1, '', '2016-01-16 22:59:09', 1, 'N'),
('20160116_007', 1695, 1, '', '2016-01-16 22:59:59', 1, 'N'),
('20160117_001', 1696, 1, '', '2016-01-17 12:02:51', 1, 'N'),
('20160117_002', 1697, 1, '', '2016-01-17 12:04:27', 1, 'N'),
('20160117_003', 1698, 1, '', '2016-01-17 12:05:28', 1, 'N'),
('20160117_004', 1699, 1, '', '2016-01-17 14:03:50', 1, 'N'),
('20160117_005', 1700, 1, '', '2016-01-17 14:39:18', 1, 'N'),
('20160117_006', 1701, 1, '', '2016-01-17 14:42:55', 1, 'N'),
('20160117_007', 1593, 1, '', '2016-01-17 14:45:45', 1, 'N'),
('20160117_008', 1535, 1, '', '2016-01-17 15:43:57', 1, 'N'),
('20160117_009', 1649, 1, 'Bù lại 30k cho cái áo lần trước chị ấy lấy ', '2016-01-17 16:26:41', 1, 'N'),
('20160117_011', 1702, 1, '', '2016-01-17 18:08:24', 1, 'N'),
('20160117_012', 1562, 1, '', '2016-01-17 20:27:06', 1, 'N'),
('20160117_013', 1562, 1, '', '2016-01-17 20:43:25', 1, 'N'),
('20160118_001', 1703, 1, '', '2016-01-18 10:24:56', 1, 'N'),
('20160118_002', 1660, 1, 'minh lộc thành minh thạch thành thanh hóa ', '2016-01-18 11:47:34', 1, 'Y'),
('20160118_003', 1704, 1, 'Thôn bảo tháp, xã đông cứu, gia bình, bắc ninh', '2016-01-18 11:48:39', 1, 'Y'),
('20160118_004', 1705, 1, 'Công ty TNHH Smart Shirts, Phù Ủng, Ân Thi, Hưng Yên ', '2016-01-18 11:50:59', 1, 'Y'),
('20160118_005', 1706, 1, 'Phạm thị hương(con mẹ Mậu) xóm 6- xuân vinh-xuân trường- nam định\n', '2016-01-18 11:53:08', 1, 'Y'),
('20160118_006', 1707, 1, '', '2016-01-18 12:48:07', 1, 'N'),
('20160118_007', 1708, 1, '', '2016-01-18 16:47:41', 1, 'N'),
('20160118_008', 1709, 1, '', '2016-01-18 16:51:08', 1, 'N'),
('20160118_009', 1710, 1, '', '2016-01-18 17:42:10', 1, 'N'),
('20160118_010', 1711, 1, '', '2016-01-18 17:43:40', 1, 'N'),
('20160118_011', 1712, 1, '', '2016-01-18 18:07:58', 1, 'N'),
('20160118_012', 1713, 1, '', '2016-01-18 18:17:04', 1, 'N'),
('20160118_013', 1681, 1, '', '2016-01-18 18:22:48', 1, 'N'),
('20160118_014', 1714, 1, '', '2016-01-18 20:07:37', 1, 'N'),
('20160118_015', 1707, 1, '', '2016-01-18 20:08:16', 1, 'N'),
('20160118_016', 1715, 1, '', '2016-01-18 20:31:03', 1, 'N'),
('20160118_017', 1424, 1, '', '2016-01-18 20:38:27', 1, 'N'),
('20160118_018', 1288, 1, '', '2016-01-18 20:42:28', 1, 'N'),
('20160118_019', 1350, 1, '', '2016-01-18 20:49:13', 1, 'N'),
('20160119_001', 1692, 1, '', '2016-01-19 14:03:26', 1, 'N'),
('20160119_002', 1716, 1, '', '2016-01-19 15:49:24', 1, 'N'),
('20160119_003', 1717, 1, '', '2016-01-19 17:00:30', 1, 'N'),
('20160119_004', 1707, 1, '', '2016-01-19 19:45:33', 1, 'N'),
('20160119_005', 1718, 1, '', '2016-01-19 19:46:05', 1, 'N'),
('20160119_006', 1719, 1, '', '2016-01-19 20:59:59', 1, 'N'),
('20160119_007', 1720, 1, '', '2016-01-19 22:05:40', 1, 'N'),
('20160119_008', 1288, 1, '', '2016-01-19 22:06:05', 1, 'N'),
('20160120_001', 1721, 1, '', '2016-01-20 20:09:25', 1, 'N'),
('20160120_002', 1722, 1, '', '2016-01-20 20:10:41', 1, 'N'),
('20160120_003', 1288, 1, '', '2016-01-20 20:11:16', 1, 'N'),
('20160120_004', 1723, 1, '', '2016-01-20 20:11:50', 1, 'N'),
('20160120_005', 1724, 1, '', '2016-01-20 20:12:39', 1, 'N'),
('20160120_006', 1725, 1, '', '2016-01-20 20:13:57', 1, 'N'),
('20160120_007', 1726, 1, '', '2016-01-20 20:33:08', 1, 'N'),
('20160120_008', 1727, 1, '', '2016-01-20 20:55:34', 1, 'N'),
('20160120_009', 1727, 1, '', '2016-01-20 21:28:09', 1, 'N'),
('20160121_001', 1728, 1, '', '2016-01-21 17:04:47', 1, 'N'),
('20160121_002', 1729, 1, '', '2016-01-21 17:05:17', 1, 'N'),
('20160121_003', 1730, 1, '', '2016-01-21 17:07:42', 1, 'N'),
('20160121_004', 1288, 1, '', '2016-01-21 17:13:22', 1, 'N'),
('20160121_005', 1731, 1, '', '2016-01-21 17:14:15', 1, 'N'),
('20160121_006', 1732, 1, '', '2016-01-21 17:15:01', 1, 'N'),
('20160122_001', 1691, 1, '', '2016-01-22 12:54:01', 1, 'N'),
('20160122_002', 1733, 1, '', '2016-01-22 12:55:04', 1, 'N'),
('20160122_003', 1734, 1, '', '2016-01-22 15:17:22', 1, 'N'),
('20160122_004', 1735, 1, '', '2016-01-22 16:59:51', 1, 'N'),
('20160122_005', 1736, 1, 'Số 50 ngõ 36 Giang Văn Minh ', '2016-01-22 20:29:14', 1, 'N'),
('20160122_006', 1737, 1, '', '2016-01-22 20:34:31', 1, 'N'),
('20160123_001', 1738, 1, '', '2016-01-23 14:09:24', 1, 'N'),
('20160123_002', 1739, 1, '', '2016-01-23 14:33:02', 1, 'N'),
('20160123_003', 1740, 1, '', '2016-01-23 17:15:00', 1, 'N'),
('20160123_004', 1741, 1, '', '2016-01-23 17:20:59', 1, 'N'),
('20160123_005', 1742, 1, '', '2016-01-23 17:49:26', 1, 'N'),
('20160123_006', 1743, 1, '', '2016-01-23 19:28:58', 1, 'N'),
('20160123_007', 1744, 1, 'Phòng 206/283 Khương Trung ', '2016-01-23 19:46:16', 1, 'N'),
('20160123_008', 1745, 1, '', '2016-01-23 19:55:44', 1, 'N'),
('20160124_001', 1746, 1, '', '2016-01-24 18:37:23', 1, 'N'),
('20160124_002', 1288, 1, '', '2016-01-24 18:57:41', 1, 'N'),
('20160124_003', 1747, 1, '', '2016-01-24 20:47:45', 1, 'N'),
('20160125_001', 1748, 1, '', '2016-01-25 12:54:36', 1, 'N'),
('20160125_002', 1288, 1, '', '2016-01-25 15:17:02', 3, 'N'),
('20160125_003', 1749, 1, '', '2016-01-25 15:37:10', 1, 'N'),
('20160125_004', 1750, 1, '', '2016-01-25 15:47:28', 1, 'N'),
('20160125_005', 1288, 1, '', '2016-01-25 16:39:24', 1, 'N'),
('20160125_006', 1751, 1, '', '2016-01-25 17:51:49', 1, 'N'),
('20160125_007', 1752, 1, '', '2016-01-25 17:54:37', 1, 'N'),
('20160125_008', 1753, 1, '', '2016-01-25 17:58:03', 1, 'N'),
('20160125_009', 1754, 1, '', '2016-01-25 18:26:56', 1, 'N'),
('20160125_010', 1288, 1, '', '2016-01-25 19:12:33', 1, 'N'),
('20160126_001', 1317, 1, '', '2016-01-26 18:02:51', 1, 'N'),
('20160127_001', 1288, 1, '', '2016-01-27 11:37:02', 1, 'N'),
('20160127_002', 1691, 1, '', '2016-01-27 11:38:46', 1, 'N'),
('20160127_003', 1755, 1, '', '2016-01-27 14:27:13', 1, 'N'),
('20160127_004', 1756, 1, '', '2016-01-27 16:39:59', 1, 'N'),
('20160128_001', 1757, 1, '', '2016-01-28 12:09:07', 1, 'N'),
('20160128_002', 1758, 1, '', '2016-01-28 16:03:47', 3, 'N'),
('20160128_003', 1288, 1, '', '2016-01-28 16:04:00', 3, 'N'),
('20160128_004', 1759, 1, '', '2016-01-28 18:13:25', 1, 'N'),
('20160128_005', 1760, 1, 'khu 9 chu hoá, việt trì, phú thọ', '2016-01-28 18:32:29', 1, 'Y'),
('20160128_006', 1761, 1, 'Điện Lực Sơn La, tổ 10 phường Chiến Thằng, TP Sơn La ', '2016-01-28 18:33:39', 1, 'Y'),
('20160128_007', 1762, 1, '', '2016-01-28 21:34:47', 1, 'N'),
('20160129_001', 1763, 1, '', '2016-01-29 12:11:08', 1, 'N'),
('20160129_002', 1764, 1, '', '2016-01-29 12:11:51', 1, 'N'),
('20160129_003', 1765, 1, '', '2016-01-29 12:12:57', 1, 'N'),
('20160129_004', 1336, 1, '', '2016-01-29 12:13:35', 1, 'N'),
('20160129_005', 1382, 1, '', '2016-01-29 12:14:12', 1, 'N'),
('20160129_006', 1359, 1, '', '2016-01-29 12:15:20', 1, 'N'),
('20160129_007', 1666, 1, '', '2016-01-29 12:16:10', 1, 'N'),
('20160130_001', 1288, 1, '', '2016-01-30 12:21:30', 1, 'N'),
('20160130_002', 1766, 1, '', '2016-01-30 12:22:12', 1, 'N'),
('20160130_003', 1767, 1, '', '2016-01-30 12:45:48', 1, 'N'),
('20160130_004', 1768, 1, '', '2016-01-30 13:14:36', 1, 'N'),
('20160130_005', 1769, 1, '', '2016-01-30 14:36:42', 1, 'N'),
('20160130_006', 1410, 1, '', '2016-01-30 14:38:09', 1, 'N'),
('20160130_007', 1410, 1, '169 Lê Thánh Tông, Tp Hạ Long, tỉnh Quảng Ninh ', '2016-01-30 14:41:13', 1, 'Y'),
('20160130_008', 1770, 1, 'Thôn 3 Hoằng Lý TP Thanh Hóa ', '2016-01-30 14:45:26', 1, 'Y'),
('20160130_009', 1771, 1, '', '2016-01-30 15:04:00', 1, 'N'),
('20160130_010', 1772, 1, '', '2016-01-30 15:49:52', 1, 'N'),
('20160130_011', 1288, 1, '', '2016-01-30 17:50:26', 1, 'N'),
('20160130_012', 1573, 1, '', '2016-01-30 18:03:41', 1, 'N'),
('20160130_013', 1773, 1, '', '2016-01-30 18:42:33', 1, 'N'),
('20160130_014', 1774, 1, '', '2016-01-30 18:46:53', 1, 'N'),
('20160130_015', 1775, 1, '', '2016-01-30 20:43:37', 1, 'N'),
('20160130_016', 1776, 1, '', '2016-01-30 21:05:00', 1, 'N'),
('20160131_001', 1332, 1, '', '2016-01-31 11:06:24', 3, 'N'),
('20160131_002', 1777, 1, '', '2016-01-31 11:44:24', 3, 'N'),
('20160131_003', 1778, 1, '', '2016-01-31 13:52:59', 1, 'N'),
('20160131_004', 1779, 1, '', '2016-01-31 14:08:08', 3, 'N'),
('20160131_005', 1780, 1, '', '2016-01-31 14:59:46', 3, 'N'),
('20160131_006', 1781, 1, '', '2016-01-31 15:39:19', 3, 'N'),
('20160131_007', 1782, 1, '', '2016-01-31 16:29:48', 3, 'N'),
('20160131_008', 1783, 1, '', '2016-01-31 19:24:24', 3, 'N'),
('20160131_009', 1784, 1, '', '2016-01-31 20:47:08', 1, 'N'),
('20160131_010', 1785, 1, '', '2016-01-31 20:47:42', 1, 'N'),
('20160131_011', 1786, 1, '', '2016-01-31 20:48:58', 1, 'N'),
('20160201_001', 1288, 1, '', '2016-02-01 14:03:58', 1, 'N'),
('20160201_002', 1787, 1, '', '2016-02-01 14:04:41', 1, 'N'),
('20160201_003', 1788, 1, '', '2016-02-01 14:05:27', 1, 'N'),
('20160201_004', 1763, 1, '', '2016-02-01 14:06:35', 1, 'N'),
('20160201_005', 1288, 1, '', '2016-02-01 19:14:53', 3, 'N');
INSERT INTO `export_facture` (`code`, `customer_id`, `shop_id`, `description`, `date`, `user_id`, `isonline`) VALUES
('20160201_006', 1789, 1, '', '2016-02-01 19:15:49', 3, 'N'),
('20160201_007', 1328, 1, 'Hàng lỗi khách đổi lại Bảo lấy mặc ', '2016-02-01 19:21:08', 3, 'N'),
('20160201_008', 1328, 1, '', '2016-02-01 19:22:01', 3, 'N'),
('20160201_009', 1790, 1, '', '2016-02-01 19:25:23', 3, 'N'),
('20160201_010', 1791, 1, '', '2016-02-01 20:36:22', 3, 'N'),
('20160201_011', 1792, 1, '', '2016-02-01 20:52:09', 3, 'N'),
('20160201_012', 1793, 1, '', '2016-02-01 21:24:09', 3, 'N'),
('20160202_001', 1794, 1, '', '2016-02-02 13:36:45', 1, 'N'),
('20160202_002', 1795, 1, '', '2016-02-02 13:37:20', 1, 'N'),
('20160202_003', 1288, 1, '', '2016-02-02 13:37:55', 1, 'N'),
('20160202_004', 1792, 1, '', '2016-02-02 13:44:43', 1, 'N'),
('20160202_005', 1720, 1, '', '2016-02-02 13:48:01', 1, 'N'),
('20160202_006', 1796, 1, '', '2016-02-02 15:57:21', 3, 'N'),
('20160202_007', 1797, 1, '', '2016-02-02 16:43:16', 3, 'N'),
('20160202_008', 1798, 1, '', '2016-02-02 17:27:25', 3, 'N'),
('20160202_009', 1799, 1, '', '2016-02-02 17:30:44', 3, 'N'),
('20160202_010', 1288, 1, '', '2016-02-02 17:31:53', 3, 'N'),
('20160202_011', 1288, 1, '', '2016-02-02 17:32:19', 3, 'N'),
('20160202_012', 1328, 1, '', '2016-02-02 17:33:35', 3, 'N'),
('20160202_013', 1288, 1, '', '2016-02-02 18:17:14', 3, 'N'),
('20160202_014', 1800, 1, '', '2016-02-02 18:28:27', 3, 'N'),
('20160202_015', 1801, 1, '', '2016-02-02 18:54:43', 3, 'N'),
('20160202_016', 1288, 1, '', '2016-02-02 19:17:30', 3, 'N'),
('20160202_017', 1328, 1, '', '2016-02-02 19:52:42', 3, 'N'),
('20160202_018', 1802, 1, '', '2016-02-02 20:41:55', 3, 'N'),
('20160202_019', 1803, 1, '', '2016-02-02 21:13:17', 3, 'N'),
('20160202_020', 1804, 1, '', '2016-02-02 21:42:49', 3, 'N'),
('20160202_021', 1805, 1, '', '2016-02-02 21:46:59', 3, 'N'),
('20160203_001', 1503, 1, '', '2016-02-03 13:47:58', 1, 'N'),
('20160203_002', 1320, 1, '', '2016-02-03 15:00:53', 3, 'N'),
('20160203_003', 1806, 1, '', '2016-02-03 15:20:49', 3, 'N'),
('20160203_004', 1807, 1, '', '2016-02-03 16:33:14', 3, 'N'),
('20160203_005', 1807, 1, '', '2016-02-03 16:36:44', 3, 'N'),
('20160203_006', 1808, 1, '', '2016-02-03 18:59:46', 3, 'N'),
('20160203_007', 1809, 1, '', '2016-02-03 12:09:05', 1, 'N'),
('20160203_008', 1810, 1, '', '2016-02-03 12:09:41', 1, 'N'),
('20160203_009', 1811, 1, '', '2016-02-03 12:10:27', 1, 'N'),
('20160203_010', 1812, 1, '', '2016-02-03 12:11:10', 1, 'N'),
('20160203_011', 1515, 1, '', '2016-02-03 12:11:36', 1, 'N'),
('20160203_012', 1813, 1, '', '2016-02-03 12:12:08', 1, 'N'),
('20160203_013', 1814, 1, '', '2016-02-03 12:12:43', 1, 'N'),
('20160204_001', 1815, 1, '', '2016-02-04 12:14:35', 1, 'N'),
('20160204_002', 1816, 1, '', '2016-02-04 12:15:11', 1, 'N'),
('20160204_003', 1288, 1, '', '2016-02-04 12:54:17', 1, 'N'),
('20160204_004', 1817, 1, '', '2016-02-04 15:17:23', 1, 'N'),
('20160204_005', 1818, 1, '', '2016-02-04 15:24:19', 1, 'N'),
('20160204_006', 1819, 1, '', '2016-02-04 15:44:42', 1, 'N'),
('20160204_007', 1799, 1, '', '2016-02-04 17:10:05', 1, 'N'),
('20160204_008', 1820, 1, '', '2016-02-04 17:28:22', 1, 'N'),
('20160204_009', 1288, 1, '', '2016-02-04 18:24:46', 1, 'N'),
('20160216_001', 1288, 1, '', '2016-02-16 17:02:30', 1, 'N'),
('20160216_002', 1288, 1, '', '2016-02-16 17:03:00', 1, 'N'),
('20160216_003', 1288, 1, '', '2016-02-16 17:03:48', 1, 'N'),
('20160216_004', 1288, 1, '', '2016-02-16 17:04:13', 1, 'N'),
('20160216_005', 1288, 1, '', '2016-02-16 17:04:45', 1, 'N'),
('20160216_006', 1288, 1, '', '2016-02-16 17:05:01', 1, 'N'),
('20160216_007', 1291, 1, '', '2016-02-16 18:02:16', 1, 'N'),
('20160217_001', 1288, 1, '', '2016-02-17 16:43:07', 1, 'N'),
('20160219_001', 1836, 1, '', '2016-02-19 16:39:04', 1, 'N'),
('20160219_002', 1837, 1, '', '2016-02-19 16:40:03', 1, 'N'),
('20160219_003', 1838, 1, '', '2016-02-19 16:41:12', 1, 'N'),
('20160220_001', 1832, 1, '', '2016-02-20 16:33:08', 1, 'N'),
('20160220_002', 1833, 1, '', '2016-02-20 16:34:35', 1, 'N'),
('20160220_003', 1834, 1, '', '2016-02-20 16:35:19', 1, 'N'),
('20160220_004', 1835, 1, '', '2016-02-20 16:36:06', 1, 'N'),
('20160221_001', 1829, 1, '', '2016-02-21 16:30:16', 1, 'N'),
('20160221_002', 1830, 1, '', '2016-02-21 16:30:59', 1, 'N'),
('20160221_003', 1831, 1, '', '2016-02-21 16:32:13', 1, 'N'),
('20160222_001', 1827, 1, '', '2016-02-22 16:26:56', 1, 'N'),
('20160222_002', 1828, 1, '', '2016-02-22 16:29:02', 1, 'N'),
('20160223_001', 1824, 1, '', '2016-02-23 16:22:12', 1, 'N'),
('20160223_002', 1825, 1, '', '2016-02-23 16:23:00', 1, 'N'),
('20160223_003', 1826, 1, '', '2016-02-23 16:24:00', 1, 'N'),
('20160223_004', 1376, 1, '', '2016-02-23 16:25:31', 1, 'N'),
('20160224_001', 1821, 1, '', '2016-02-24 16:19:46', 1, 'N'),
('20160224_002', 1822, 1, '', '2016-02-24 16:20:31', 1, 'N'),
('20160224_003', 1823, 1, '', '2016-02-24 16:21:13', 1, 'N'),
('20160224_004', 1839, 1, '', '2016-02-24 18:49:41', 1, 'N'),
('20160225_001', 1840, 1, '', '2016-02-25 18:08:14', 1, 'N'),
('20160225_002', 1841, 1, '', '2016-02-25 18:08:57', 1, 'N'),
('20160225_003', 1288, 1, '', '2016-02-25 18:09:15', 1, 'N'),
('20160226_001', 1842, 1, '', '2016-02-26 17:24:14', 1, 'N'),
('20160226_002', 1843, 1, '', '2016-02-26 17:24:52', 1, 'N'),
('20160226_003', 1844, 1, '', '2016-02-26 17:25:55', 1, 'N'),
('20160226_004', 1845, 1, '', '2016-02-26 20:14:25', 1, 'N'),
('20160226_005', 1593, 1, '', '2016-02-26 20:35:16', 1, 'N'),
('20160227_001', 1849, 1, '', '2016-02-27 14:24:00', 1, 'N'),
('20160227_002', 1848, 1, '', '2016-02-27 14:25:12', 1, 'N'),
('20160228_001', 1846, 1, '', '2016-02-28 14:19:01', 1, 'N'),
('20160228_002', 1847, 1, '', '2016-02-28 14:20:45', 1, 'N'),
('20160228_003', 1850, 1, '', '2016-02-28 20:54:25', 1, 'N'),
('20160228_004', 1845, 1, '', '2016-02-28 20:55:52', 1, 'N'),
('20160228_005', 1829, 1, '', '2016-02-28 20:56:57', 1, 'N'),
('20160228_006', 1851, 1, '', '2016-02-28 20:57:43', 1, 'N'),
('20160228_007', 1288, 1, '', '2016-02-28 20:58:10', 1, 'N'),
('20160229_001', 1852, 1, 'Thôn Yên Lãng xã Yên Trung huyện Yên Phong tỉnh Bắc Ninh', '2016-02-29 17:20:30', 1, 'Y'),
('20160229_002', 1590, 1, '', '2016-02-29 17:21:21', 1, 'N'),
('20160229_003', 1853, 1, '', '2016-02-29 17:22:35', 1, 'N'),
('20160229_004', 1854, 1, '', '2016-02-29 17:23:33', 1, 'N'),
('20160229_005', 1855, 1, '', '2016-02-29 17:46:15', 1, 'N'),
('20160229_006', 1856, 1, '', '2016-02-29 18:05:20', 1, 'N'),
('20160229_007', 1857, 1, '', '2016-02-29 19:51:35', 1, 'N'),
('20160301_001', 1858, 1, '', '2016-03-01 19:35:45', 1, 'N'),
('20160304_001', 1859, 1, '', '2016-03-04 13:59:50', 1, 'N'),
('20160304_002', 1860, 1, '', '2016-03-04 14:00:23', 1, 'N'),
('20160304_003', 1438, 1, '', '2016-03-04 14:01:06', 1, 'N'),
('20160304_004', 1861, 1, '', '2016-03-04 15:08:44', 1, 'N'),
('20160304_005', 1862, 1, '', '2016-03-04 17:56:13', 1, 'N'),
('20160304_006', 1863, 1, '', '2016-03-04 19:42:34', 1, 'N'),
('20160304_007', 1288, 1, '', '2016-03-04 19:43:33', 1, 'N'),
('20160304_008', 1288, 1, '', '2016-03-04 19:46:31', 1, 'N'),
('20160305_001', 1288, 1, '', '2016-03-05 11:09:29', 1, 'N'),
('20160305_002', 1864, 1, '', '2016-03-05 17:56:40', 1, 'N'),
('20160307_001', 1557, 1, '', '2016-03-07 10:24:32', 1, 'N'),
('20160307_002', 1865, 1, '', '2016-03-07 13:07:19', 1, 'N'),
('20160307_003', 1866, 1, '', '2016-03-07 15:23:07', 1, 'N'),
('20160307_004', 1293, 1, '', '2016-03-07 17:17:58', 1, 'N'),
('20160307_005', 1288, 1, '', '2016-03-07 18:23:45', 1, 'N'),
('20160307_006', 1288, 1, '', '2016-03-07 19:30:58', 1, 'N'),
('20160307_007', 1867, 1, '', '2016-03-07 21:05:21', 1, 'N'),
('20160308_001', 1868, 1, '', '2016-03-08 11:30:01', 1, 'N'),
('20160308_002', 1869, 1, '', '2016-03-08 12:01:28', 1, 'N'),
('20160308_003', 1288, 1, '', '2016-03-08 13:31:25', 1, 'N'),
('20160308_004', 1288, 1, '', '2016-03-08 13:53:39', 1, 'N'),
('20160308_005', 1870, 1, '', '2016-03-08 14:29:26', 1, 'N'),
('20160308_006', 1288, 1, '', '2016-03-08 19:12:35', 1, 'N'),
('20160308_007', 1871, 1, '', '2016-03-08 19:59:06', 1, 'N'),
('20160309_001', 1288, 1, '', '2016-03-09 13:00:07', 1, 'N'),
('20160309_002', 1872, 1, '', '2016-03-09 14:40:55', 1, 'N'),
('20160309_003', 1873, 1, '', '2016-03-09 14:43:42', 1, 'N'),
('20160309_004', 1874, 1, '', '2016-03-09 21:12:12', 1, 'N'),
('20160310_001', 1875, 1, '', '2016-03-10 14:42:32', 1, 'N'),
('20160310_002', 1288, 1, '', '2016-03-10 17:52:04', 3, 'N'),
('20160310_003', 1589, 1, '', '2016-03-10 18:09:58', 3, 'N'),
('20160311_001', 1869, 1, '', '2016-03-11 15:49:07', 1, 'N'),
('20160311_002', 1876, 1, '', '2016-03-11 15:49:41', 1, 'N'),
('20160311_003', 1877, 1, '', '2016-03-11 20:42:48', 1, 'N'),
('20160312_001', 1878, 1, '', '2016-03-12 13:08:35', 1, 'N'),
('20160312_002', 1288, 1, '', '2016-03-12 13:19:23', 1, 'N'),
('20160312_003', 1879, 1, '', '2016-03-12 15:36:12', 1, 'N'),
('20160313_001', 1288, 1, '', '2016-03-13 17:21:24', 1, 'N'),
('20160314_001', 1288, 1, '', '2016-03-14 18:19:57', 1, 'N'),
('20160314_002', 1288, 1, '', '2016-03-14 18:59:47', 1, 'N'),
('20160315_001', 1880, 1, '', '2016-03-15 19:54:08', 1, 'N'),
('20160315_002', 1881, 1, '', '2016-03-15 19:54:51', 1, 'N'),
('20160315_003', 1881, 1, '', '2016-03-15 20:04:27', 1, 'N'),
('20160315_004', 1882, 1, '', '2016-03-15 20:22:00', 1, 'N'),
('20160315_005', 1882, 1, '', '2016-03-15 20:24:13', 1, 'N'),
('20160315_006', 1883, 1, '', '2016-03-15 21:02:10', 1, 'N'),
('20160316_001', 1884, 1, '', '2016-03-16 14:53:38', 1, 'N'),
('20160317_001', 1885, 1, '', '2016-03-17 11:42:49', 1, 'N'),
('20160317_002', 1886, 1, '', '2016-03-17 19:03:50', 1, 'N'),
('20160317_003', 1887, 1, '', '2016-03-17 19:26:27', 1, 'N'),
('20160318_001', 1888, 1, '', '2016-03-18 11:36:54', 1, 'N'),
('20160318_002', 1796, 1, '', '2016-03-18 20:40:23', 1, 'N'),
('20160318_003', 1893, 1, '', '2016-03-18 20:41:15', 1, 'N'),
('20160318_004', 1894, 1, '', '2016-03-18 20:43:17', 1, 'N'),
('20160319_001', 1288, 1, '', '2016-03-19 14:46:36', 1, 'N'),
('20160319_002', 1889, 1, '', '2016-03-19 14:47:06', 1, 'N'),
('20160319_003', 1891, 1, '', '2016-03-19 20:38:09', 1, 'N'),
('20160319_004', 1892, 1, '', '2016-03-19 20:38:50', 1, 'N'),
('20160320_001', 1895, 1, '', '2016-03-20 18:58:57', 1, 'N'),
('20160320_002', 1896, 1, '', '2016-03-20 19:02:59', 1, 'N'),
('20160320_004', 1898, 1, '', '2016-03-20 19:04:53', 1, 'N'),
('20160320_005', 1899, 1, '', '2016-03-20 19:06:01', 1, 'N'),
('20160320_006', 1900, 1, '', '2016-03-20 19:07:11', 1, 'N'),
('20160320_007', 1901, 1, '', '2016-03-20 19:08:10', 1, 'N'),
('20160320_008', 1902, 1, '', '2016-03-20 19:09:07', 1, 'N'),
('20160320_009', 1897, 1, '', '2016-03-20 19:12:28', 1, 'N'),
('20160320_010', 1288, 1, '', '2016-03-20 23:44:54', 1, 'N'),
('20160320_011', 1288, 1, '', '2016-03-20 23:45:27', 1, 'N'),
('20160321_001', 1903, 1, '', '2016-03-21 17:22:56', 1, 'N'),
('20160321_002', 1904, 1, '', '2016-03-21 17:23:43', 1, 'N'),
('20160321_003', 1905, 1, '', '2016-03-21 17:41:43', 1, 'N'),
('20160321_004', 1906, 1, '', '2016-03-21 17:44:48', 1, 'N'),
('20160321_005', 1907, 1, '', '2016-03-21 19:01:12', 1, 'N'),
('20160321_006', 1510, 1, '', '2016-03-21 19:24:05', 1, 'N'),
('20160321_007', 1908, 1, '', '2016-03-21 19:55:25', 1, 'N'),
('20160322_001', 1909, 1, '', '2016-03-22 16:41:38', 1, 'N'),
('20160322_002', 1910, 1, '', '2016-03-22 19:20:14', 1, 'N'),
('20160323_001', 1911, 1, 'Hàng lỗi ', '2016-03-23 19:21:56', 1, 'N'),
('20160323_002', 1912, 1, '', '2016-03-23 19:35:59', 1, 'N'),
('20160323_003', 1913, 1, '', '2016-03-23 19:36:30', 1, 'N'),
('20160323_004', 1914, 1, '', '2016-03-23 19:37:28', 1, 'N'),
('20160323_005', 1915, 1, '', '2016-03-23 20:21:42', 1, 'N'),
('20160323_006', 1916, 1, '', '2016-03-23 20:23:36', 1, 'N'),
('20160323_007', 1917, 1, '', '2016-03-23 21:16:05', 1, 'N'),
('20160324_001', 1918, 1, '', '2016-03-24 17:15:30', 1, 'N'),
('20160324_002', 1916, 1, '', '2016-03-24 18:27:24', 1, 'N'),
('20160325_001', 1288, 1, '', '2016-03-25 19:35:06', 1, 'N'),
('20160325_002', 1288, 1, '', '2016-03-25 19:53:03', 1, 'N'),
('20160325_003', 1919, 1, '', '2016-03-25 20:21:51', 1, 'N'),
('20160325_004', 1867, 1, '', '2016-03-25 20:47:56', 1, 'N'),
('20160325_005', 1548, 1, '', '2016-03-25 20:56:28', 1, 'N'),
('20160326_001', 1920, 1, '', '2016-03-26 14:04:05', 1, 'N'),
('20160327_001', 1921, 1, '', '2016-03-27 17:23:03', 1, 'N'),
('20160327_002', 1922, 1, '', '2016-03-27 17:23:52', 1, 'N'),
('20160327_003', 1923, 1, '', '2016-03-27 17:25:31', 1, 'N'),
('20160328_001', 1898, 1, '', '2016-03-28 20:13:54', 1, 'N'),
('20160328_002', 1904, 1, '', '2016-03-28 20:17:00', 1, 'N'),
('20160328_003', 1288, 1, '', '2016-03-28 20:18:39', 1, 'N'),
('20160328_004', 1560, 1, 'Đổi lại đôi giày mã 0074 hôm trước chị mua vừa đi đã bị hỏng ', '2016-03-28 20:33:13', 1, 'N'),
('20160328_005', 1864, 1, '', '2016-03-28 21:01:20', 1, 'N'),
('20160329_001', 1924, 1, '', '2016-03-29 16:41:15', 1, 'N'),
('20160330_001', 1325, 1, '', '2016-03-30 10:30:26', 1, 'N'),
('20160330_002', 1288, 1, '', '2016-03-30 12:33:19', 1, 'N'),
('20160330_003', 1925, 1, '', '2016-03-30 21:08:56', 1, 'N'),
('20160330_004', 1926, 1, '', '2016-03-30 21:10:16', 1, 'N'),
('20160330_005', 1927, 1, '', '2016-03-30 21:10:47', 1, 'N'),
('20160331_001', 1928, 1, '', '2016-03-31 15:36:53', 1, 'N'),
('20160331_002', 1929, 1, '', '2016-03-31 16:02:44', 1, 'N'),
('20160331_003', 1930, 1, '', '2016-03-31 16:03:33', 1, 'N'),
('20160331_004', 1931, 1, '', '2016-03-31 18:53:05', 1, 'N'),
('20160331_005', 1636, 1, '', '2016-03-31 18:53:59', 1, 'N'),
('20160331_006', 1707, 1, '', '2016-03-31 19:23:54', 1, 'N'),
('20160401_001', 1932, 1, '', '2016-04-01 18:50:13', 1, 'N'),
('20160401_002', 1931, 1, '', '2016-04-01 18:58:23', 1, 'N'),
('20160401_003', 1933, 1, '', '2016-04-01 20:03:14', 1, 'N'),
('20160402_001', 1934, 1, '', '2016-04-02 20:31:11', 1, 'N'),
('20160403_001', 1935, 1, '', '2016-04-03 14:11:29', 1, 'N'),
('20160403_002', 1662, 1, '', '2016-04-03 16:36:36', 1, 'N'),
('20160404_001', 1288, 1, '', '2016-04-04 20:11:29', 1, 'N'),
('20160405_001', 1936, 1, '', '2016-04-05 20:12:36', 1, 'N'),
('20160405_002', 1937, 1, '', '2016-04-05 20:13:35', 1, 'N'),
('20160405_003', 1938, 1, '', '2016-04-05 20:14:24', 1, 'N'),
('20160405_004', 1939, 1, '', '2016-04-05 20:15:00', 1, 'N'),
('20160405_005', 1398, 1, '', '2016-04-05 20:15:58', 1, 'N'),
('20160405_006', 1940, 1, '', '2016-04-05 20:16:43', 1, 'N'),
('20160405_007', 1941, 1, '', '2016-04-05 20:17:18', 1, 'N'),
('20160406_001', 1942, 1, '', '2016-04-06 20:18:18', 1, 'N'),
('20160406_002', 1669, 1, '', '2016-04-06 20:18:46', 1, 'N'),
('20160406_003', 1943, 1, '', '2016-04-06 20:19:28', 1, 'N'),
('20160407_001', 1685, 1, '', '2016-04-07 20:20:16', 1, 'N'),
('20160407_002', 1944, 1, '', '2016-04-07 20:20:51', 1, 'N'),
('20160409_001', 1945, 1, '', '2016-04-09 20:22:13', 1, 'N'),
('20160409_002', 1946, 1, '', '2016-04-09 20:22:41', 1, 'N'),
('20160409_003', 1947, 1, '', '2016-04-09 20:23:20', 1, 'N'),
('20160409_004', 1319, 1, '', '2016-04-09 20:23:45', 1, 'N'),
('20160409_005', 1292, 1, '', '2016-04-09 20:34:12', 1, 'N'),
('20160409_006', 1948, 1, '', '2016-04-09 20:45:42', 1, 'N'),
('20160409_007', 1949, 1, '', '2016-04-09 19:19:16', 1, 'N'),
('20160409_008', 1346, 1, '', '2016-04-09 19:20:16', 1, 'N'),
('20160410_001', 1950, 1, '', '2016-04-10 19:21:16', 1, 'N'),
('20160410_002', 1951, 1, '', '2016-04-10 19:21:53', 1, 'N'),
('20160410_003', 1952, 1, '', '2016-04-10 19:22:25', 1, 'N'),
('20160410_004', 1953, 1, '', '2016-04-10 19:22:59', 1, 'N'),
('20160410_005', 1954, 1, '', '2016-04-10 19:23:33', 1, 'N'),
('20160410_006', 1955, 1, '', '2016-04-10 19:24:01', 1, 'N'),
('20160411_001', 1956, 1, '', '2016-04-11 19:27:13', 1, 'N'),
('20160411_002', 1930, 1, '', '2016-04-11 19:33:21', 1, 'N'),
('20160411_003', 1436, 1, '', '2016-04-11 19:49:40', 1, 'N'),
('20160411_004', 1957, 1, '', '2016-04-11 19:51:51', 1, 'N'),
('20160411_005', 1288, 1, '', '2016-04-11 19:54:50', 1, 'N'),
('20160411_006', 1958, 1, '', '2016-04-11 20:08:16', 1, 'N'),
('20160412_001', 1959, 1, '', '2016-04-12 19:50:03', 1, 'N'),
('20160412_002', 1960, 1, '', '2016-04-12 19:51:28', 1, 'N'),
('20160413_001', 1961, 1, '', '2016-04-13 19:54:34', 1, 'N'),
('20160413_002', 1962, 1, '', '2016-04-13 19:55:08', 1, 'N'),
('20160413_003', 1963, 1, '', '2016-04-13 19:56:51', 1, 'N'),
('20160413_004', 1964, 1, '', '2016-04-13 23:30:44', 1, 'N'),
('20160413_005', 1965, 1, '', '2016-04-13 23:31:27', 1, 'N'),
('20160413_006', 1966, 1, '', '2016-04-13 23:32:23', 1, 'N'),
('20160413_007', 1963, 1, '', '2016-04-13 23:33:07', 1, 'N'),
('20160414_001', 1967, 1, '', '2016-04-14 16:33:34', 1, 'N'),
('20160414_002', 1968, 1, '', '2016-04-14 17:03:10', 1, 'N'),
('20160414_003', 1288, 1, '', '2016-04-14 18:50:49', 1, 'N'),
('20160415_001', 1969, 1, '', '2016-04-15 12:39:07', 1, 'N'),
('20160415_002', 1970, 1, '', '2016-04-15 19:08:29', 1, 'N'),
('20160416_001', 1288, 1, '', '2016-04-16 18:22:31', 1, 'N'),
('20160416_002', 1961, 1, '', '2016-04-16 18:23:02', 1, 'N'),
('20160416_003', 1971, 1, '', '2016-04-16 18:23:42', 1, 'N'),
('20160416_004', 1972, 1, '', '2016-04-16 18:24:36', 1, 'N'),
('20160416_005', 1933, 1, '', '2016-04-16 18:27:44', 1, 'N'),
('20160417_001', 1864, 1, '', '2016-04-17 18:28:42', 1, 'N'),
('20160417_002', 1295, 1, '', '2016-04-17 18:29:19', 1, 'N'),
('20160418_002', 1870, 1, '', '2016-04-18 18:26:11', 1, 'N'),
('20160418_003', 1973, 1, '', '2016-04-18 18:32:00', 1, 'N'),
('20160418_004', 1974, 1, '', '2016-04-18 18:32:54', 1, 'N'),
('20160418_005', 1288, 1, '', '2016-04-18 18:33:18', 1, 'N'),
('20160418_006', 1975, 1, '', '2016-04-18 18:34:01', 1, 'N'),
('20160418_007', 1976, 1, '', '2016-04-18 18:34:52', 1, 'N'),
('20160418_008', 1977, 1, '', '2016-04-18 20:56:35', 1, 'N'),
('20160418_009', 1885, 1, '', '2016-04-18 21:00:00', 1, 'N'),
('20160419_001', 1978, 1, '', '2016-04-19 17:20:48', 1, 'N'),
('20160419_002', 1979, 1, '', '2016-04-19 17:22:33', 1, 'N'),
('20160419_003', 1410, 1, '169 Lê Thánh Tông, TP Hạ Long, tỉnh Quảng Ninh', '2016-04-19 17:26:27', 1, 'Y'),
('20160420_001', 1293, 1, '', '2016-04-20 19:59:35', 1, 'N'),
('20160420_002', 1589, 1, '', '2016-04-20 20:01:22', 1, 'N'),
('20160422_001', 1400, 1, '', '2016-04-22 17:30:54', 1, 'N'),
('20160422_002', 1980, 1, '', '2016-04-22 17:31:27', 1, 'N'),
('20160422_003', 1981, 1, '', '2016-04-22 17:32:01', 1, 'N'),
('20160422_004', 1593, 1, '', '2016-04-22 21:45:57', 1, 'N'),
('20160423_001', 1982, 1, '', '2016-04-23 19:13:20', 1, 'N'),
('20160423_002', 1983, 1, '', '2016-04-23 19:18:05', 1, 'N'),
('20160423_003', 1984, 1, '', '2016-04-23 19:18:32', 1, 'N'),
('20160423_004', 1292, 1, '', '2016-04-23 20:09:14', 1, 'N'),
('20160424_001', 1985, 1, '', '2016-04-24 20:37:31', 1, 'N'),
('20160425_001', 1866, 1, '', '2016-04-25 21:31:28', 1, 'N'),
('20160425_002', 1986, 1, '', '2016-04-25 21:31:59', 1, 'N'),
('20160427_001', 1987, 1, '', '2016-04-27 17:24:03', 1, 'N'),
('20160428_001', 1988, 1, '', '2016-04-28 15:48:07', 1, 'N'),
('20160428_002', 1989, 1, '', '2016-04-28 17:00:49', 1, 'N'),
('20160428_003', 1990, 1, '', '2016-04-28 17:06:21', 1, 'N'),
('20160428_004', 1991, 1, '', '2016-04-28 17:57:59', 1, 'N'),
('20160428_005', 1992, 1, '', '2016-04-28 18:50:58', 1, 'N'),
('20160428_006', 1993, 1, 'Số 16 ngõ 131 Phùng Hưng ', '2016-04-28 19:00:06', 1, 'N'),
('20160429_001', 1992, 1, '', '2016-04-29 14:18:31', 1, 'N'),
('20160429_002', 1874, 1, '', '2016-04-29 14:20:40', 1, 'N'),
('20160429_003', 1990, 1, '', '2016-04-29 14:23:19', 1, 'N'),
('20160429_004', 1994, 1, '', '2016-04-29 14:39:47', 1, 'N'),
('20160429_005', 1995, 1, '', '2016-04-29 16:48:58', 1, 'N'),
('20160429_006', 1996, 1, '', '2016-04-29 17:04:25', 1, 'N'),
('20160429_007', 1988, 1, '', '2016-04-29 17:20:46', 1, 'N'),
('20160429_008', 1874, 1, '', '2016-04-29 20:52:58', 1, 'N'),
('20160429_009', 1997, 1, '', '2016-04-29 20:54:31', 1, 'N'),
('20160429_010', 1990, 1, '', '2016-04-29 21:06:33', 1, 'N'),
('20160429_011', 1998, 1, '', '2016-04-29 22:00:05', 1, 'N'),
('20160430_001', 1288, 1, '', '2016-04-30 15:27:51', 1, 'N'),
('20160430_002', 1714, 1, '', '2016-04-30 15:28:32', 1, 'N'),
('20160430_003', 1288, 1, '', '2016-04-30 15:29:32', 1, 'N'),
('20160430_004', 1999, 1, '', '2016-04-30 18:01:45', 1, 'N'),
('20160430_005', 2000, 1, '', '2016-04-30 18:05:36', 1, 'N'),
('20160430_006', 1494, 1, '', '2016-04-30 18:10:11', 1, 'N'),
('20160430_007', 2001, 1, '', '2016-04-30 20:17:42', 1, 'N'),
('20160430_008', 2002, 1, '', '2016-04-30 21:12:12', 1, 'N'),
('20160501_001', 1639, 1, '', '2016-05-01 19:14:53', 1, 'N'),
('20160501_002', 1288, 1, '', '2016-05-01 19:15:11', 1, 'N'),
('20160503_001', 1553, 1, '', '2016-05-03 15:58:51', 1, 'N'),
('20160503_002', 2003, 1, '', '2016-05-03 15:59:43', 1, 'N'),
('20160503_003', 2004, 1, '', '2016-05-03 16:00:12', 1, 'N'),
('20160504_001', 2005, 1, '', '2016-05-04 20:22:43', 1, 'N'),
('20160504_002', 2006, 1, '', '2016-05-04 20:40:08', 1, 'N'),
('20160504_003', 1991, 1, '', '2016-05-04 19:17:33', 1, 'N'),
('20160507_001', 1471, 1, '', '2016-05-07 01:11:29', 1, 'N'),
('20160507_002', 2007, 1, 'Số 105A, đường Nguyễn Thị Minh Khai, thành phố Vinh, Nghệ An', '2016-05-07 01:13:27', 1, 'Y'),
('20160507_003', 2008, 1, '', '2016-05-07 13:08:10', 1, 'N'),
('20160507_004', 2009, 1, 'Trường PTDTBT THCS Sủng Trà, Mèo Vạc, Hà Giang ', '2016-05-07 13:39:17', 1, 'Y'),
('20160507_005', 2010, 1, '', '2016-05-07 16:03:22', 1, 'N'),
('20160507_006', 2011, 1, '', '2016-05-07 18:48:18', 1, 'N'),
('20160507_007', 1328, 1, '', '2016-05-07 18:48:47', 1, 'N'),
('20160507_008', 1288, 1, '', '2016-05-07 19:12:51', 1, 'N'),
('20160508_001', 1288, 1, '', '2016-05-08 12:25:39', 1, 'N'),
('20160508_002', 1471, 1, '', '2016-05-08 12:26:29', 1, 'N'),
('20160508_003', 2012, 1, '', '2016-05-08 21:46:28', 1, 'N'),
('20160508_004', 1288, 1, '', '2016-05-08 21:46:57', 1, 'N'),
('20160508_005', 1295, 1, '', '2016-05-08 21:49:38', 1, 'N'),
('20160509_001', 2013, 1, '', '2016-05-09 21:26:28', 1, 'N'),
('20160509_002', 2014, 1, '', '2016-05-09 21:30:04', 1, 'N'),
('20160509_003', 2014, 1, '', '2016-05-09 21:40:25', 1, 'N'),
('20160509_004', 2015, 1, '', '2016-05-09 21:40:58', 1, 'N'),
('20160510_001', 2014, 1, '', '2016-05-10 13:48:20', 1, 'N'),
('20160510_002', 2016, 1, '', '2016-05-10 17:15:53', 1, 'N'),
('20160511_001', 2017, 1, '', '2016-05-11 17:34:34', 1, 'N'),
('20160511_002', 1894, 1, '', '2016-05-11 19:54:21', 1, 'N'),
('20160511_003', 2018, 1, '', '2016-05-11 21:37:54', 1, 'N'),
('20160512_001', 1288, 1, '', '2016-05-12 17:33:33', 1, 'N'),
('20160512_002', 1288, 1, '', '2016-05-12 18:31:03', 1, 'N'),
('20160512_003', 2019, 1, '', '2016-05-12 21:36:25', 1, 'N'),
('20160512_004', 1541, 1, '', '2016-05-12 21:37:20', 1, 'N'),
('20160513_001', 2020, 1, '', '2016-05-13 18:02:22', 1, 'N'),
('20160513_002', 1660, 1, 'thanh hóa ', '2016-05-13 18:03:46', 1, 'Y'),
('20160513_003', 2021, 1, '', '2016-05-13 18:40:32', 1, 'N'),
('20160513_004', 2022, 1, 'minh dân ', '2016-05-13 21:30:54', 1, 'Y'),
('20160514_001', 1288, 1, '', '2016-05-14 17:34:36', 1, 'N'),
('20160514_002', 2023, 1, '', '2016-05-14 21:08:52', 1, 'N'),
('20160515_001', 2024, 1, '', '2016-05-15 11:41:34', 1, 'N'),
('20160515_002', 2025, 1, '', '2016-05-15 20:00:17', 1, 'N'),
('20160515_003', 1288, 1, '', '2016-05-15 20:01:05', 1, 'N'),
('20160515_004', 2026, 1, '', '2016-05-15 20:02:26', 1, 'N'),
('20160516_001', 2027, 1, '', '2016-05-16 10:03:24', 1, 'N'),
('20160516_002', 2028, 1, '', '2016-05-16 10:06:40', 1, 'N'),
('20160516_003', 1500, 1, '', '2016-05-16 22:57:02', 1, 'N'),
('20160516_004', 2029, 1, '', '2016-05-16 22:57:59', 1, 'N'),
('20160516_005', 1404, 1, '', '2016-05-16 22:58:58', 1, 'N'),
('20160516_006', 2030, 1, '', '2016-05-16 22:59:56', 1, 'N'),
('20160516_007', 1419, 1, '', '2016-05-16 23:00:37', 1, 'N'),
('20160517_001', 2031, 1, '', '2016-05-17 18:51:48', 1, 'N'),
('20160517_002', 2032, 1, '', '2016-05-17 18:54:39', 1, 'N'),
('20160517_003', 1994, 1, '', '2016-05-17 18:55:43', 1, 'N'),
('20160518_001', 2033, 1, '', '2016-05-18 21:39:22', 1, 'N'),
('20160518_002', 2034, 1, '', '2016-05-18 21:40:06', 1, 'N'),
('20160519_001', 2035, 1, '', '2016-05-19 17:15:10', 1, 'N'),
('20160519_002', 1994, 1, '', '2016-05-19 17:54:07', 1, 'N'),
('20160519_003', 2036, 1, '', '2016-05-19 18:13:21', 1, 'N'),
('20160519_004', 1328, 1, '', '2016-05-19 19:06:37', 1, 'N'),
('20160519_005', 2037, 1, '', '2016-05-19 19:35:53', 1, 'N'),
('20160520_001', 2038, 1, '', '2016-05-20 20:56:35', 1, 'N'),
('20160520_002', 2009, 1, 'Hà Giang ', '2016-05-20 21:00:11', 1, 'Y'),
('20160520_003', 2039, 1, 'thôn Nhữ Xá 1,xã hoằng anh,Tp Thanh Hóa ', '2016-05-20 21:02:21', 1, 'Y'),
('20160520_004', 1636, 1, 'Triệu Sơn', '2016-05-20 21:03:48', 1, 'Y'),
('20160520_005', 2037, 1, '', '2016-05-20 21:04:26', 1, 'N'),
('20160523_001', 2040, 1, '', '2016-05-23 19:28:02', 1, 'N'),
('20160523_002', 1436, 1, '', '2016-05-23 19:28:30', 1, 'N'),
('20160523_003', 1288, 1, '', '2016-05-23 19:29:04', 1, 'N'),
('20160524_001', 1990, 1, '', '2016-05-24 13:23:48', 1, 'N'),
('20160524_002', 2041, 1, '', '2016-05-24 13:26:41', 1, 'N'),
('20160524_003', 2042, 1, '', '2016-05-24 13:35:16', 1, 'N'),
('20160524_004', 2043, 1, '', '2016-05-24 13:36:07', 1, 'N'),
('20160525_001', 1288, 1, '', '2016-05-25 21:23:11', 1, 'N'),
('20160526_001', 2044, 1, '', '2016-05-26 14:22:47', 1, 'N'),
('20160527_001', 1288, 1, '', '2016-05-27 11:17:26', 1, 'N'),
('20160527_002', 2045, 1, '', '2016-05-27 15:58:07', 1, 'N'),
('20160527_003', 1288, 1, '', '2016-05-27 16:39:01', 1, 'N'),
('20160528_001', 2028, 1, '', '2016-05-28 11:43:20', 1, 'N'),
('20160529_001', 2046, 1, '', '2016-05-29 16:02:10', 1, 'N'),
('20160529_002', 1288, 1, '', '2016-05-29 16:03:04', 1, 'N'),
('20160529_003', 2047, 1, '', '2016-05-29 17:08:46', 1, 'N'),
('20160529_005', 2051, 1, '', '2016-05-29 19:48:23', 1, 'N'),
('20160529_006', 2048, 1, 'xala hà đông ', '2016-05-29 16:40:47', 1, 'Y'),
('20160530_001', 2052, 1, '', '2016-05-30 16:29:02', 1, 'N'),
('20160530_002', 2053, 1, 'Bưu điện chợ sấu. Dương liễu hoài đức hà nội', '2016-05-30 16:35:56', 1, 'Y'),
('20160530_003', 2054, 1, '', '2016-05-30 18:45:09', 1, 'N'),
('20160530_004', 2055, 1, '', '2016-05-30 21:40:09', 1, 'N'),
('20160531_001', 1288, 1, '', '2016-05-31 15:34:58', 1, 'N'),
('20160531_002', 2056, 1, '', '2016-05-31 17:45:07', 1, 'N'),
('20160531_003', 2057, 1, '', '2016-05-31 20:34:37', 1, 'N'),
('20160601_001', 1770, 1, 'Thôn 3 Hoằng Lý TP Thanh Hóa ', '2016-06-01 14:17:18', 1, 'Y'),
('20160601_002', 1660, 1, '', '2016-06-01 14:17:59', 1, 'N'),
('20160601_003', 1514, 1, 'TP Thanh Hóa ', '2016-06-01 14:19:32', 1, 'Y'),
('20160601_004', 1288, 1, '', '2016-06-01 15:54:16', 1, 'N'),
('20160601_005', 2053, 1, 'hoài đức hà nội ', '2016-06-01 16:52:00', 1, 'Y'),
('20160601_006', 2058, 1, '', '2016-06-01 17:56:56', 1, 'N'),
('20160602_001', 1419, 1, '', '2016-06-02 17:04:59', 1, 'N'),
('20160603_001', 2059, 1, '', '2016-06-03 18:46:42', 1, 'N'),
('20160604_001', 2060, 1, '', '2016-06-04 18:20:12', 1, 'N'),
('20160604_002', 2061, 1, 'Xóm Đông. Thôn Xuân Nộn. xã Xuân Nộn. Đông Anh. Hà Nội', '2016-06-04 18:41:35', 1, 'Y'),
('20160604_003', 2062, 1, '', '2016-06-04 20:25:51', 1, 'N'),
('20160604_004', 2063, 1, '', '2016-06-04 21:03:24', 1, 'N'),
('20160605_001', 1288, 1, '', '2016-06-05 10:03:42', 1, 'N'),
('20160605_002', 2064, 1, '', '2016-06-05 17:10:00', 1, 'N'),
('20160605_003', 2065, 1, '', '2016-06-05 17:13:44', 1, 'N'),
('20160605_004', 2044, 1, '', '2016-06-05 19:53:49', 1, 'N'),
('20160606_001', 2066, 1, '', '2016-06-06 16:01:39', 1, 'N'),
('20160606_002', 1940, 1, '', '2016-06-06 18:41:35', 1, 'N'),
('20160606_003', 1757, 1, '', '2016-06-06 18:44:59', 1, 'N'),
('20160606_004', 1288, 1, '', '2016-06-06 18:47:20', 1, 'N'),
('20160606_005', 1288, 1, '', '2016-06-06 19:13:48', 1, 'N'),
('20160607_001', 1471, 1, '', '2016-06-07 15:26:14', 1, 'N'),
('20160607_003', 2068, 1, '', '2016-06-07 16:14:08', 1, 'N'),
('20160607_004', 2067, 1, '', '2016-06-07 16:26:22', 1, 'N'),
('20160608_002', 2069, 1, '', '2016-06-08 17:27:17', 1, 'N'),
('20160608_003', 2070, 1, '', '2016-06-08 19:23:59', 1, 'N'),
('20160608_004', 2071, 1, '', '2016-06-08 20:58:30', 1, 'N'),
('20160609_001', 2072, 1, '', '2016-06-09 15:32:08', 1, 'N'),
('20160609_002', 2002, 1, '', '2016-06-09 15:33:41', 1, 'N'),
('20160609_003', 1617, 1, 'Bạn anh Minh ', '2016-06-09 18:10:30', 1, 'Y'),
('20160611_001', 1288, 1, '', '2016-06-11 15:35:10', 1, 'N'),
('20160611_002', 1288, 1, '', '2016-06-11 19:18:16', 1, 'N'),
('20160612_001', 1288, 1, '', '2016-06-12 16:06:22', 1, 'N'),
('20160613_001', 2002, 1, '', '2016-06-13 15:34:20', 1, 'N'),
('20160613_002', 1577, 1, '', '2016-06-13 17:37:28', 1, 'N'),
('20160614_001', 1288, 1, '', '2016-06-14 15:40:38', 1, 'N'),
('20160614_002', 2073, 1, '', '2016-06-14 15:41:31', 1, 'N'),
('20160614_003', 2074, 1, '', '2016-06-14 16:48:33', 1, 'N'),
('20160614_004', 1288, 1, '', '2016-06-14 18:27:23', 1, 'N'),
('20160614_005', 1473, 1, '', '2016-06-14 21:21:02', 1, 'N'),
('20160614_006', 1383, 1, '', '2016-06-14 22:23:39', 1, 'N'),
('20160615_001', 2075, 1, '', '2016-06-15 15:50:03', 1, 'N'),
('20160615_002', 2076, 1, 'Đồng Nai ', '2016-06-15 16:12:59', 1, 'Y'),
('20160615_003', 1488, 1, '', '2016-06-15 17:20:48', 1, 'N'),
('20160615_005', 2077, 1, '', '2016-06-15 20:18:44', 1, 'N'),
('20160615_006', 1288, 1, '', '2016-06-15 21:18:16', 1, 'N'),
('20160615_007', 2078, 1, '', '2016-06-15 21:32:30', 1, 'N'),
('20160616_001', 2079, 1, '', '2016-06-16 16:19:46', 1, 'N'),
('20160616_002', 1288, 1, '', '2016-06-16 17:12:53', 1, 'N'),
('20160616_003', 2080, 1, '', '2016-06-16 18:08:18', 1, 'N'),
('20160616_004', 1288, 1, '', '2016-06-16 19:10:40', 1, 'N'),
('20160617_001', 2080, 1, '', '2016-06-17 16:09:09', 1, 'N'),
('20160617_002', 1506, 1, 'Bù đôi 0104 trước tết mua bị lỗi ', '2016-06-17 17:18:10', 1, 'N'),
('20160618_001', 1288, 1, '', '2016-06-18 14:25:41', 1, 'N'),
('20160618_002', 2081, 1, '', '2016-06-18 17:57:01', 1, 'N'),
('20160618_003', 2082, 1, '', '2016-06-18 21:13:56', 1, 'N'),
('20160618_004', 2083, 1, '', '2016-06-18 21:57:35', 1, 'N'),
('20160618_005', 1288, 1, '', '2016-06-18 21:57:50', 1, 'N'),
('20160619_001', 2084, 1, '', '2016-06-19 17:53:38', 1, 'N'),
('20160619_002', 2085, 1, '', '2016-06-19 18:46:52', 1, 'N'),
('20160619_003', 1328, 1, '', '2016-06-19 18:48:35', 1, 'N'),
('20160619_004', 1662, 1, '', '2016-06-19 21:16:03', 1, 'N'),
('20160620_001', 2086, 1, '', '2016-06-20 17:39:56', 1, 'N'),
('20160621_001', 2087, 1, '', '2016-06-21 18:19:33', 1, 'N'),
('20160621_002', 2088, 1, '', '2016-06-21 18:51:29', 1, 'N'),
('20160623_001', 2074, 1, '', '2016-06-23 12:51:37', 1, 'N'),
('20160627_001', 1288, 1, '', '2016-06-27 15:55:50', 1, 'N'),
('20160627_002', 1288, 1, '', '2016-06-27 15:57:26', 1, 'N'),
('20160627_003', 1288, 1, '', '2016-06-27 15:57:43', 1, 'N'),
('20160627_004', 1288, 1, '', '2016-06-27 18:03:47', 1, 'N'),
('20160629_001', 1434, 1, '', '2016-06-29 18:50:35', 1, 'N'),
('20160629_002', 1288, 1, '', '2016-06-29 18:58:57', 1, 'N'),
('20160630_001', 2089, 1, '', '2016-06-30 16:20:27', 1, 'N'),
('20160630_002', 1728, 1, '', '2016-06-30 16:21:06', 1, 'N'),
('20160630_003', 1288, 1, '', '2016-06-30 16:21:16', 1, 'N'),
('20160630_004', 1707, 1, '', '2016-06-30 19:28:52', 1, 'N'),
('20160701_001', 2047, 1, '', '2016-07-01 17:15:59', 1, 'N'),
('20160701_002', 2090, 1, '', '2016-07-01 18:49:38', 1, 'N'),
('20160701_003', 2091, 1, '', '2016-07-01 19:54:01', 1, 'N'),
('20160701_004', 2092, 1, '', '2016-07-01 20:30:48', 1, 'N'),
('20160702_001', 1288, 1, '', '2016-07-02 14:05:40', 1, 'N'),
('20160702_002', 2094, 1, '', '2016-07-02 14:07:08', 1, 'N'),
('20160702_003', 1288, 1, '', '2016-07-02 14:07:25', 1, 'N'),
('20160702_004', 2093, 1, '', '2016-07-02 14:07:52', 1, 'N'),
('20160703_001', 1288, 1, '', '2016-07-03 16:50:18', 1, 'N'),
('20160707_001', 1288, 1, '', '2016-07-07 12:00:56', 1, 'N'),
('20160707_002', 1288, 1, '', '2016-07-07 12:01:13', 1, 'N'),
('20160707_003', 1288, 1, '', '2016-07-07 12:01:26', 1, 'N'),
('20160707_005', 1288, 1, '', '2016-07-07 15:42:50', 1, 'N'),
('20160707_006', 2002, 1, '', '2016-07-07 15:54:40', 1, 'N'),
('20160707_007', 2095, 1, '', '2016-07-07 21:26:09', 1, 'N'),
('20160707_008', 1348, 1, '', '2016-07-07 21:27:23', 1, 'N'),
('20160708_001', 2014, 1, '', '2016-07-08 17:15:42', 1, 'N'),
('20160708_002', 1656, 1, '', '2016-07-08 17:19:58', 1, 'N'),
('20160708_003', 1288, 1, '', '2016-07-08 18:47:46', 1, 'N'),
('20160709_001', 2096, 1, '', '2016-07-09 19:21:23', 1, 'N'),
('20160709_002', 2097, 1, 'Minh Dân ', '2016-07-09 19:50:59', 1, 'Y'),
('20160710_001', 2098, 1, '', '2016-07-10 17:16:19', 1, 'N'),
('20160712_001', 2099, 1, '', '2016-07-12 17:52:25', 1, 'N'),
('20160712_002', 1334, 1, 'Thanh Hóa ', '2016-07-12 15:49:46', 1, 'Y'),
('20160713_001', 1288, 1, '', '2016-07-13 17:14:19', 1, 'N'),
('20160713_002', 2010, 1, '', '2016-07-13 17:15:05', 1, 'N'),
('20160713_003', 1288, 1, '', '2016-07-13 17:32:59', 1, 'N'),
('20160713_004', 1944, 1, '', '2016-07-13 18:52:23', 1, 'N'),
('20160713_005', 1295, 1, 'hà Nội ', '2016-07-13 21:33:43', 1, 'Y'),
('20160714_001', 1288, 1, '', '2016-07-14 17:56:36', 1, 'N'),
('20160715_002', 1988, 1, '', '2016-07-15 17:32:03', 1, 'N'),
('20160716_001', 1288, 1, '', '2016-07-16 14:26:27', 1, 'N'),
('20160716_003', 1636, 1, 'Minh Dân ', '2016-07-16 14:30:29', 1, 'Y'),
('20160716_004', 2100, 1, 'Triệu sơn ', '2016-07-16 14:33:05', 1, 'Y'),
('20160716_005', 1425, 1, '', '2016-07-16 16:49:55', 1, 'N'),
('20160717_001', 1288, 1, '', '2016-07-17 13:04:22', 1, 'N'),
('20160717_002', 1288, 1, '', '2016-07-17 15:06:43', 1, 'N'),
('20160718_001', 2101, 1, '', '2016-07-18 18:28:56', 1, 'N'),
('20160719_001', 1410, 1, 'Quảng Ninh', '2016-07-19 15:15:50', 1, 'Y'),
('20160720_001', 1449, 1, '', '2016-07-20 18:10:52', 1, 'N'),
('20160720_002', 2102, 1, '', '2016-07-20 19:32:20', 1, 'N'),
('20160720_003', 2103, 1, '', '2016-07-20 20:53:50', 1, 'N'),
('20160720_004', 2104, 1, '', '2016-07-20 21:02:59', 1, 'N');

-- --------------------------------------------------------

--
-- Table structure for table `export_facture_product`
--

CREATE TABLE IF NOT EXISTS `export_facture_product` (
  `id` int(11) NOT NULL AUTO_INCREMENT,
  `product_code` varchar(16) NOT NULL,
  `quantity` int(11) NOT NULL DEFAULT '0',
  `export_price` float NOT NULL DEFAULT '0',
  `export_facture_code` varchar(45) NOT NULL,
  `re_qty` int(11) NOT NULL DEFAULT '0',
  `re_date` datetime DEFAULT NULL,
  `re_description` varchar(245) DEFAULT NULL,
  PRIMARY KEY (`id`),
  KEY `fk_export_facture_product_product1_idx` (`product_code`),
  KEY `fk_export_facture_product_export_facture1_idx` (`export_facture_code`)
) ENGINE=InnoDB  DEFAULT CHARSET=utf8 AUTO_INCREMENT=1688 ;

--
-- Dumping data for table `export_facture_product`
--

INSERT INTO `export_facture_product` (`id`, `product_code`, `quantity`, `export_price`, `export_facture_code`, `re_qty`, `re_date`, `re_description`) VALUES
(1, '0015', 1, 340, '20151008_001', 0, NULL, NULL),
(2, '0023', 1, 360, '20151008_001', 0, NULL, NULL),
(3, '0024', 1, 350, '20151008_002', 0, NULL, NULL),
(4, '0007', 1, 750, '20151008_003', 0, NULL, NULL),
(5, '0032', 1, 289, '20151008_004', 0, NULL, NULL),
(6, '0033', 1, 236, '20151008_004', 0, NULL, NULL),
(7, '0023', 1, 290, '20151008_005', 0, NULL, NULL),
(8, '0026', 1, 255, '20151008_006', 0, NULL, NULL),
(9, '0002', 1, 400, '20151008_007', 0, NULL, NULL),
(10, '0036', 1, 250, '20151009_001', 0, NULL, NULL),
(11, '0030', 1, 230, '20151010_001', 0, NULL, NULL),
(12, '0025', 1, 280, '20151010_001', 0, NULL, NULL),
(13, '0037', 1, 250, '20151010_002', 0, NULL, NULL),
(14, '0036', 1, 250, '20151010_002', 0, NULL, NULL),
(15, '0008', 1, 500, '20151010_002', 0, NULL, NULL),
(16, '0014', 1, 280, '20151010_003', 0, NULL, NULL),
(17, '0032', 1, 290, '20151010_003', 0, NULL, NULL),
(18, '0031', 1, 290, '20151010_004', 0, NULL, NULL),
(19, '0038', 1, 250, '20151010_005', 0, NULL, NULL),
(20, '0023', 1, 280, '20151010_005', 0, NULL, NULL),
(21, '0011', 1, 260, '20151011_001', 1, '2015-11-07 14:23:41', ''),
(22, '0024', 1, 280, '20151011_002', 0, NULL, NULL),
(23, '0013', 1, 270, '20151011_003', 1, '2015-12-11 17:44:35', ''),
(24, '0039', 1, 220, '20151011_004', 0, NULL, NULL),
(25, '0018', 1, 230, '20151011_005', 0, NULL, NULL),
(26, '0031', 1, 270, '20151011_006', 0, NULL, NULL),
(27, '0007', 1, 600, '20151011_006', 0, NULL, NULL),
(28, '0011', 1, 265, '20151011_007', 0, NULL, NULL),
(29, '0020', 1, 270, '20151011_008', 0, NULL, NULL),
(30, '0036', 1, 250, '20151011_009', 0, NULL, NULL),
(31, '0025', 1, 270, '20151011_010', 0, NULL, NULL),
(32, '0018', 1, 230, '20151011_011', 0, NULL, NULL),
(33, '0017', 1, 280, '20151011_012', 0, NULL, NULL),
(34, '0030', 1, 230, '20151011_013', 0, NULL, NULL),
(35, '0039', 1, 230, '20151011_014', 0, NULL, NULL),
(36, '0011', 1, 265, '20151011_015', 0, NULL, NULL),
(37, '0038', 1, 255, '20151011_016', 0, NULL, NULL),
(38, '0038', 1, 255, '20151012_001', 0, NULL, NULL),
(39, '0027', 1, 235, '20151012_002', 0, NULL, NULL),
(40, '0019', 1, 235, '20151012_002', 0, NULL, NULL),
(41, '0023', 1, 290, '20151012_003', 0, NULL, NULL),
(42, '0039', 1, 230, '20151012_004', 0, NULL, NULL),
(43, '0033', 1, 235, '20151012_005', 0, NULL, NULL),
(44, '0011', 1, 265, '20151012_006', 0, NULL, NULL),
(45, '0035', 1, 256, '20151012_007', 0, NULL, NULL),
(46, '0025', 1, 280, '20151013_001', 0, NULL, NULL),
(47, '0034', 1, 230, '20151013_002', 0, NULL, NULL),
(48, '0037', 1, 260, '20151013_002', 0, NULL, NULL),
(49, '0039', 1, 232, '20151013_003', 0, NULL, NULL),
(50, '0012', 1, 290, '20151014_001', 0, NULL, NULL),
(51, '0026', 1, 250, '20151014_002', 0, NULL, NULL),
(52, '0013', 1, 280, '20151014_002', 0, NULL, NULL),
(53, '0032', 1, 290, '20151014_002', 0, NULL, NULL),
(54, '0032', 1, 290, '20151014_003', 0, NULL, NULL),
(55, '0011', 1, 264, '20151014_004', 0, NULL, NULL),
(56, '0017', 1, 280, '20151014_004', 0, NULL, NULL),
(57, '0024', 1, 310, '20151011_017', 0, NULL, NULL),
(58, '0037', 1, 250, '20151014_005', 0, NULL, NULL),
(59, '0025', 1, 280, '20151015_001', 0, NULL, NULL),
(60, '0010', 1, 260, '20151015_002', 0, NULL, NULL),
(61, '0035', 1, 250, '20151016_001', 0, NULL, NULL),
(62, '0011', 1, 265, '20151016_002', 0, NULL, NULL),
(63, '0015', 1, 300, '20151016_003', 0, NULL, NULL),
(64, '0039', 1, 260, '20151016_004', 0, NULL, NULL),
(65, '0012', 1, 288, '20151016_005', 0, NULL, NULL),
(66, '0019', 1, 235, '20151016_006', 0, NULL, NULL),
(67, '0032', 1, 287, '20151016_007', 0, NULL, NULL),
(68, '0028', 1, 240, '20151016_008', 0, NULL, NULL),
(69, '0009', 1, 350, '20151016_009', 0, NULL, NULL),
(70, '0034', 1, 230, '20151016_010', 0, NULL, NULL),
(71, '0030', 1, 230, '20151016_010', 0, NULL, NULL),
(72, '0038', 1, 255, '20151017_001', 0, NULL, NULL),
(73, '0027', 1, 235, '20151017_002', 0, NULL, NULL),
(74, '0013', 1, 300, '20151017_003', 0, NULL, NULL),
(75, '0036', 1, 256, '20151017_004', 0, NULL, NULL),
(76, '0004', 1, 520, '20151017_005', 0, NULL, NULL),
(77, '0036', 1, 255, '20151017_006', 0, NULL, NULL),
(78, '0013', 1, 270, '20151017_007', 0, NULL, NULL),
(79, '0001', 1, 400, '20151017_007', 0, NULL, NULL),
(80, '0007', 1, 560, '20151017_008', 0, NULL, NULL),
(81, '0025', 1, 270, '20151017_008', 0, NULL, NULL),
(82, '0016', 1, 280, '20151017_009', 0, NULL, NULL),
(83, '0030', 1, 260, '20151017_010', 0, NULL, NULL),
(84, '0027', 1, 230, '20151017_011', 0, NULL, NULL),
(85, '0008', 1, 500, '20151018_001', 0, NULL, NULL),
(86, '0024', 1, 280, '20151018_002', 0, NULL, NULL),
(87, '0039', 1, 230, '20151018_002', 0, NULL, NULL),
(88, '0035', 1, 240, '20151018_003', 0, NULL, NULL),
(89, '0001', 1, 410, '20151018_003', 0, NULL, NULL),
(90, '0024', 1, 260, '20151018_004', 0, NULL, NULL),
(91, '0006', 1, 480, '20151018_005', 0, NULL, NULL),
(92, '0027', 1, 235, '20151018_006', 0, NULL, NULL),
(94, '0029', 1, 235, '20151019_001', 0, NULL, NULL),
(95, '0020', 1, 280, '20151019_002', 0, NULL, NULL),
(96, '0036', 1, 256, '20151019_003', 0, NULL, NULL),
(98, '0026', 1, 250, '20151019_004', 0, NULL, NULL),
(99, '0037', 1, 255, '20151020_001', 0, NULL, NULL),
(100, '0035', 1, 255, '20151020_002', 0, NULL, NULL),
(101, '0036', 1, 250, '20151020_003', 0, NULL, NULL),
(102, '0024', 1, 270, '20151020_003', 0, NULL, NULL),
(103, '0017', 1, 300, '20151020_004', 0, NULL, NULL),
(104, '0039', 1, 230, '20151021_001', 0, NULL, NULL),
(105, '0028', 1, 240, '20151021_002', 0, NULL, NULL),
(106, '0010', 1, 260, '20151021_003', 0, NULL, NULL),
(107, '0035', 1, 255, '20151021_004', 0, NULL, NULL),
(108, '0026', 1, 255, '20151021_005', 0, NULL, NULL),
(109, '0025', 1, 280, '20151021_006', 0, NULL, NULL),
(110, '0030', 1, 230, '20151022_001', 0, NULL, NULL),
(111, '0010', 1, 260, '20151022_002', 0, NULL, NULL),
(112, '0037', 1, 255, '20151022_003', 0, NULL, NULL),
(113, '0011', 1, 265, '20151023_001', 1, '2015-12-22 16:00:35', ''),
(114, '0031', 1, 288, '20151023_002', 0, NULL, NULL),
(115, '0033', 1, 235, '20151023_003', 1, '2015-11-04 13:19:08', ''),
(116, '0029', 1, 236, '20151023_004', 0, NULL, NULL),
(117, '0013', 1, 280, '20151024_001', 0, NULL, NULL),
(119, '0043', 1, 260, '20151024_003', 0, NULL, NULL),
(120, '0019', 1, 200, '20151024_004', 0, NULL, NULL),
(121, '0018', 1, 230, '20151024_005', 0, NULL, NULL),
(122, '0035', 1, 255, '20151024_006', 0, NULL, NULL),
(123, '0032', 1, 250, '20151024_007', 0, NULL, NULL),
(124, '0010', 1, 260, '20151024_008', 0, NULL, NULL),
(125, '0035', 1, 255, '20151024_009', 0, NULL, NULL),
(126, '0030', 1, 232, '20151024_010', 0, NULL, NULL),
(127, '0046', 1, 240, '20151024_011', 0, NULL, NULL),
(128, '0028', 1, 240, '20151024_012', 0, NULL, NULL),
(129, '0037', 1, 255, '20151024_013', 0, NULL, NULL),
(130, '0034', 1, 220, '20151025_001', 0, NULL, NULL),
(131, '0006', 1, 480, '20151025_001', 0, NULL, NULL),
(132, '0049', 1, 240, '20151025_002', 0, NULL, NULL),
(133, '0030', 1, 230, '20151025_003', 0, NULL, NULL),
(134, '0073', 1, 255, '20151025_004', 0, NULL, NULL),
(135, '0061', 1, 290, '20151025_005', 0, NULL, NULL),
(136, '0056', 1, 290, '20151008_008', 0, NULL, NULL),
(137, '0059', 1, 250, '20151008_009', 0, NULL, NULL),
(138, '0040', 1, 270, '20151009_002', 0, NULL, NULL),
(139, '0064', 1, 240, '20151010_006', 0, NULL, NULL),
(140, '0040', 1, 270, '20151011_018', 0, NULL, NULL),
(141, '0058', 1, 230, '20151012_008', 0, NULL, NULL),
(142, '0059', 1, 248, '20151012_009', 0, NULL, NULL),
(143, '0058', 1, 232, '20151012_009', 0, NULL, NULL),
(144, '0057', 1, 288, '20151012_010', 0, NULL, NULL),
(145, '0069', 1, 255, '20151014_006', 0, NULL, NULL),
(146, '0058', 1, 230, '20151015_003', 0, NULL, NULL),
(148, '0063', 1, 275, '20151015_004', 0, NULL, NULL),
(149, '0057', 1, 287, '20151016_011', 0, NULL, NULL),
(150, '0069', 1, 255, '20151016_012', 0, NULL, NULL),
(151, '0060', 1, 230, '20151016_013', 0, NULL, NULL),
(152, '0069', 1, 256, '20151017_012', 0, NULL, NULL),
(153, '0069', 1, 256, '20151017_013', 0, NULL, NULL),
(154, '0056', 1, 270, '20151017_014', 0, NULL, NULL),
(155, '0067', 1, 280, '20151017_015', 0, NULL, NULL),
(156, '0069', 1, 240, '20151018_007', 0, NULL, NULL),
(157, '0067', 1, 280, '20151019_005', 0, NULL, NULL),
(158, '0056', 2, 285, '20151019_005', 0, NULL, NULL),
(159, '0070', 1, 236, '20151019_006', 0, NULL, NULL),
(160, '0041', 1, 315, '20151020_005', 0, NULL, NULL),
(161, '0068', 1, 280, '20151020_006', 0, NULL, NULL),
(162, '0046', 1, 240, '20151021_007', 0, NULL, NULL),
(163, '0046', 1, 240, '20151021_008', 0, NULL, NULL),
(164, '0059', 1, 250, '20151021_009', 0, NULL, NULL),
(165, '0046', 1, 240, '20151022_004', 0, NULL, NULL),
(167, '0072', 1, 255, '20151022_005', 0, NULL, NULL),
(168, '0043', 1, 260, '20151022_006', 0, NULL, NULL),
(170, '0046', 1, 240, '20151022_007', 0, NULL, NULL),
(171, '0042', 1, 280, '20151022_008', 0, NULL, NULL),
(172, '0050', 1, 255, '20151023_005', 0, NULL, NULL),
(173, '0073', 1, 255, '20151023_006', 0, NULL, NULL),
(174, '0070', 1, 236, '20151023_007', 0, NULL, NULL),
(175, '0073', 1, 256, '20151024_014', 0, NULL, NULL),
(176, '0073', 1, 255, '20151024_015', 0, NULL, NULL),
(177, '0041', 1, 315, '20151026_001', 0, NULL, NULL),
(178, '0028', 1, 240, '20151026_002', 0, NULL, NULL),
(179, '0031', 1, 288, '20151026_003', 0, NULL, NULL),
(180, '0053', 1, 280, '20151026_004', 0, NULL, NULL),
(181, '0040', 1, 270, '20151026_005', 0, NULL, NULL),
(182, '0018', 1, 230, '20151026_006', 0, NULL, NULL),
(183, '0032', 1, 290, '20151027_001', 1, '2015-10-28 11:41:31', ''),
(184, '0036', 1, 250, '20151027_002', 0, NULL, NULL),
(185, '0019', 1, 235, '20151027_003', 0, NULL, NULL),
(186, '0058', 1, 290, '20151027_004', 0, NULL, NULL),
(187, '0076', 1, 230, '20151027_005', 0, NULL, NULL),
(188, '0032', 1, 290, '20151027_006', 0, NULL, NULL),
(189, '0066', 1, 500, '20151028_001', 0, NULL, NULL),
(190, '0004', 1, 520, '20151028_002', 0, NULL, NULL),
(191, '0028', 1, 240, '20151028_003', 0, NULL, NULL),
(192, '0019', 1, 235, '20151029_001', 0, NULL, NULL),
(193, '0055', 1, 290, '20151029_002', 0, NULL, NULL),
(194, '0049', 1, 240, '20151029_003', 0, NULL, NULL),
(195, '0050', 1, 255, '20151029_004', 0, NULL, NULL),
(196, '0046', 1, 270, '20151029_005', 0, NULL, NULL),
(197, '0028', 1, 230, '20151029_006', 0, NULL, NULL),
(198, '0039', 1, 230, '20151029_007', 0, NULL, NULL),
(199, '0023', 1, 290, '20151029_008', 0, NULL, NULL),
(200, '0030', 1, 230, '20151030_001', 0, NULL, NULL),
(201, '0009', 1, 265, '20151030_001', 0, NULL, NULL),
(202, '0009', 1, 260, '20151030_002', 0, NULL, NULL),
(203, '0020', 1, 270, '20151030_003', 0, NULL, NULL),
(204, '0074', 1, 290, '20151030_004', 0, NULL, NULL),
(205, '0024', 1, 280, '20151031_001', 0, NULL, NULL),
(206, '0058', 1, 232, '20151031_002', 0, NULL, NULL),
(207, '0072', 1, 250, '20151031_003', 0, NULL, NULL),
(208, '0040', 1, 272, '20151031_004', 0, NULL, NULL),
(209, '0071', 1, 240, '20151101_001', 0, NULL, NULL),
(210, '0049', 1, 270, '20151101_002', 0, NULL, NULL),
(211, '0050', 1, 288, '20151101_003', 1, '2015-11-05 18:44:01', 'Phí ship hàng lần 3 là 53k'),
(212, '0069', 1, 287, '20151101_003', 0, NULL, NULL),
(213, '0052', 1, 300, '20151101_004', 0, NULL, NULL),
(214, '0028', 1, 240, '20151101_005', 0, NULL, NULL),
(215, '0009', 1, 240, '20151102_001', 0, NULL, NULL),
(216, '0072', 1, 250, '20151102_002', 0, NULL, NULL),
(217, '0043', 1, 265, '20151102_003', 0, NULL, NULL),
(218, '0076', 1, 235, '20151102_004', 0, NULL, NULL),
(219, '0031', 1, 288, '20151102_005', 0, NULL, NULL),
(220, '0046', 1, 240, '20151103_001', 0, NULL, NULL),
(221, '0048', 1, 280, '20151103_001', 0, NULL, NULL),
(222, '0076', 1, 235, '20151103_002', 0, NULL, NULL),
(223, '0051', 1, 236, '20151103_003', 0, NULL, NULL),
(224, '0025', 1, 280, '20151103_004', 0, NULL, NULL),
(225, '0024', 1, 280, '20151103_005', 0, NULL, NULL),
(226, '0072', 1, 250, '20151104_001', 0, NULL, NULL),
(227, '0076', 1, 235, '20151104_002', 0, NULL, NULL),
(228, '0056', 1, 280, '20151104_003', 0, NULL, NULL),
(229, '0046', 1, 240, '20151104_004', 0, NULL, NULL),
(230, '0004', 1, 520, '20151104_005', 0, NULL, NULL),
(231, '0046', 1, 240, '20151104_005', 0, NULL, NULL),
(232, '0070', 1, 220, '20151105_001', 0, NULL, NULL),
(233, '0030', 1, 230, '20151105_002', 0, NULL, NULL),
(234, '0077', 1, 355, '20151105_002', 0, NULL, NULL),
(235, '0009', 1, 265, '20151105_003', 1, '2015-11-06 17:12:00', ''),
(236, '0023', 1, 290, '20151105_004', 0, NULL, NULL),
(237, '0018', 1, 260, '20151105_005', 0, NULL, NULL),
(238, '0035', 1, 280, '20151105_006', 1, '2015-11-25 14:40:43', '169 Lê Thánh Tông, tp Hạ Long, tỉnh Quảng Ninh'),
(239, '0049', 1, 270, '20151105_006', 0, NULL, NULL),
(240, '0009', 1, 265, '20151105_007', 0, NULL, NULL),
(241, '0072', 1, 250, '20151105_008', 0, NULL, NULL),
(242, '0046', 1, 270, '20151105_009', 0, NULL, NULL),
(243, '0053', 1, 280, '20151106_001', 0, NULL, NULL),
(244, '0054', 1, 265, '20151106_001', 0, NULL, NULL),
(245, '0058', 1, 210, '20151106_002', 0, NULL, NULL),
(246, '0043', 1, 260, '20151106_002', 0, NULL, NULL),
(247, '0004', 1, 520, '20151106_003', 0, NULL, NULL),
(248, '0073', 1, 255, '20151106_004', 0, NULL, NULL),
(249, '0075', 1, 210, '20151106_005', 0, NULL, NULL),
(250, '0032', 1, 280, '20151106_006', 0, NULL, NULL),
(251, '0032', 1, 270, '20151107_001', 0, NULL, NULL),
(252, '0035', 1, 240, '20151107_002', 0, NULL, NULL),
(253, '0079', 1, 280, '20151103_006', 0, NULL, NULL),
(254, '0081', 1, 268, '20151105_010', 0, NULL, NULL),
(255, '0080', 1, 255, '20151106_007', 0, NULL, NULL),
(256, '0079', 2, 280, '20151106_008', 0, NULL, NULL),
(258, '0081', 1, 300, '20151107_003', 0, NULL, NULL),
(259, '0056', 1, 300, '20151107_004', 0, NULL, NULL),
(260, '0081', 1, 280, '20151107_004', 0, NULL, NULL),
(261, '0081', 2, 300, '20151107_005', 1, '2015-11-25 14:40:43', '169 Lê Thánh Tông, tp Hạ Long, tỉnh Quảng Ninh'),
(262, '0081', 1, 270, '20151107_006', 0, NULL, NULL),
(263, '0073', 1, 320, '20151107_007', 0, NULL, NULL),
(264, '0058', 1, 230, '20151107_008', 1, '2015-11-08 17:38:26', ''),
(265, '0076', 2, 230, '20151107_009', 0, NULL, NULL),
(266, '0027', 1, 235, '20151107_010', 0, NULL, NULL),
(267, '0030', 1, 225, '20151108_001', 0, NULL, NULL),
(269, '0033', 2, 235, '20151108_002', 0, NULL, NULL),
(270, '0081', 1, 302, '20151109_001', 0, NULL, NULL),
(271, '0083', 1, 198, '20151109_001', 0, NULL, NULL),
(272, '0081', 1, 300, '20151109_002', 0, NULL, NULL),
(273, '0023', 1, 320, '20151109_003', 0, NULL, NULL),
(274, '0069', 1, 255, '20151108_003', 1, '2015-11-09 20:59:57', ''),
(275, '0033', 1, 260, '20151109_004', 0, NULL, NULL),
(276, '0065', 1, 260, '20151109_005', 0, NULL, NULL),
(277, '0020', 1, 305, '20151109_006', 0, NULL, NULL),
(278, '0031', 1, 315, '20151109_006', 0, NULL, NULL),
(279, '0050', 1, 280, '20151109_007', 0, NULL, NULL),
(280, '0076', 1, 260, '20151109_007', 0, NULL, NULL),
(281, '0016', 1, 280, '20151109_008', 0, NULL, NULL),
(282, '0069', 1, 250, '20151109_008', 0, NULL, NULL),
(283, '0039', 1, 230, '20151109_008', 0, NULL, NULL),
(284, '0002', 1, 400, '20151109_009', 0, NULL, NULL),
(285, '0051', 1, 210, '20151109_010', 0, NULL, NULL),
(286, '0045', 1, 280, '20151110_001', 0, NULL, NULL),
(287, '0075', 1, 260, '20151110_002', 0, NULL, NULL),
(288, '0032', 1, 306, '20151110_003', 0, NULL, NULL),
(289, '0083', 2, 187, '20151110_003', 0, NULL, NULL),
(290, '0054', 1, 290, '20151110_004', 0, NULL, NULL),
(291, '0058', 1, 260, '20151110_005', 0, NULL, NULL),
(292, '0040', 1, 270, '20151110_006', 0, NULL, NULL),
(293, '0018', 1, 210, '20151110_007', 0, NULL, NULL),
(294, '0031', 1, 290, '20151028_004', 0, NULL, NULL),
(295, '0073', 1, 280, '20151111_001', 0, NULL, NULL),
(296, '0072', 1, 280, '20151111_002', 0, NULL, NULL),
(297, '0036', 1, 288, '20151112_001', 0, NULL, NULL),
(298, '0067', 1, 300, '20151112_002', 0, NULL, NULL),
(299, '0006', 1, 480, '20151112_003', 0, NULL, NULL),
(300, '0018', 1, 250, '20151112_004', 0, NULL, NULL),
(301, '0053', 1, 300, '20151112_004', 0, NULL, NULL),
(302, '0079', 1, 300, '20151112_004', 0, NULL, NULL),
(303, '0076', 1, 265, '20151112_005', 0, NULL, NULL),
(304, '0081', 1, 270, '20151113_001', 0, NULL, NULL),
(305, '0074', 1, 320, '20151113_002', 0, NULL, NULL),
(306, '0081', 1, 300, '20151113_003', 0, NULL, NULL),
(307, '0076', 1, 260, '20151113_004', 0, NULL, NULL),
(308, '0017', 1, 315, '20151113_005', 1, '2015-11-14 20:30:01', ''),
(309, '0065', 1, 265, '20151114_001', 1, '2015-11-15 16:23:55', ''),
(310, '0074', 1, 320, '20151114_002', 0, NULL, NULL),
(311, '0082', 1, 315, '20151114_003', 0, NULL, NULL),
(312, '0049', 2, 260, '20151115_001', 0, NULL, NULL),
(313, '0018', 1, 265, '20151115_002', 0, NULL, NULL),
(314, '0054', 1, 297, '20151115_003', 0, NULL, NULL),
(315, '0024', 1, 315, '20151115_004', 0, NULL, NULL),
(316, '0020', 1, 300, '20151116_001', 0, NULL, NULL),
(317, '0008', 1, 560, '20151116_001', 0, NULL, NULL),
(318, '0079', 1, 300, '20151116_002', 0, NULL, NULL),
(319, '0009', 1, 300, '20151116_002', 0, NULL, NULL),
(320, '0071', 1, 250, '20151116_002', 0, NULL, NULL),
(321, '0019', 1, 265, '20151116_003', 0, NULL, NULL),
(322, '0079', 1, 300, '20151116_004', 0, NULL, NULL),
(323, '0046', 1, 270, '20151117_001', 0, NULL, NULL),
(324, '0081', 1, 290, '20151117_002', 0, NULL, NULL),
(325, '0009', 1, 280, '20151117_003', 0, NULL, NULL),
(326, '0073', 1, 272, '20151117_003', 0, NULL, NULL),
(327, '0073', 1, 273, '20151117_004', 0, NULL, NULL),
(328, '0055', 1, 300, '20151117_005', 0, NULL, NULL),
(329, '0086', 1, 290, '20151117_006', 0, NULL, NULL),
(330, '0073', 1, 280, '20151117_007', 0, NULL, NULL),
(331, '0019', 1, 240, '20151117_008', 1, '2015-11-18 19:56:02', ''),
(332, '0085', 1, 270, '20151118_001', 0, NULL, NULL),
(333, '0056', 1, 310, '20151118_002', 0, NULL, NULL),
(334, '0028', 1, 280, '20151118_003', 0, NULL, NULL),
(335, '0001', 1, 465, '20151119_001', 0, NULL, NULL),
(336, '0059', 1, 280, '20151119_002', 0, NULL, NULL),
(337, '0085', 1, 280, '20151119_003', 0, NULL, NULL),
(338, '0057', 1, 325, '20151119_004', 0, NULL, NULL),
(339, '0090', 1, 305, '20151121_001', 0, NULL, NULL),
(340, '0085', 1, 280, '20151121_002', 0, NULL, NULL),
(341, '0023', 1, 310, '20151121_003', 0, NULL, NULL),
(342, '0083', 1, 200, '20151121_003', 0, NULL, NULL),
(343, '0088', 1, 300, '20151121_004', 0, NULL, NULL),
(344, '0013', 1, 315, '20151121_005', 0, NULL, NULL),
(345, '0079', 1, 280, '20151121_006', 0, NULL, NULL),
(346, '0017', 1, 310, '20151121_007', 0, NULL, NULL),
(347, '0089', 1, 300, '20151121_008', 0, NULL, NULL),
(348, '0066', 1, 560, '20151121_009', 0, NULL, NULL),
(349, '0068', 1, 300, '20151122_001', 0, NULL, NULL),
(350, '0018', 1, 250, '20151122_002', 0, NULL, NULL),
(351, '0035', 1, 280, '20151122_003', 0, NULL, NULL),
(352, '0089', 1, 290, '20151123_001', 0, NULL, NULL),
(353, '0024', 1, 310, '20151123_002', 0, NULL, NULL),
(354, '0086', 1, 300, '20151123_003', 0, NULL, NULL),
(355, '0096', 1, 315, '20151123_004', 0, NULL, NULL),
(356, '0097', 1, 265, '20151123_005', 0, NULL, NULL),
(357, '0100', 1, 265, '20151123_006', 0, NULL, NULL),
(358, '0073', 1, 280, '20151124_001', 0, NULL, NULL),
(360, '0051', 1, 265, '20151124_002', 0, NULL, NULL),
(361, '0091', 1, 300, '20151124_003', 0, NULL, NULL),
(362, '0054', 1, 300, '20151124_003', 0, NULL, NULL),
(363, '0092', 1, 190, '20151124_004', 0, NULL, NULL),
(364, '0089', 1, 300, '20151125_001', 0, NULL, NULL),
(365, '0085', 2, 280, '20151125_001', 0, NULL, NULL),
(366, '0051', 1, 265, '20151125_002', 0, NULL, NULL),
(367, '0093', 1, 290, '20151125_003', 0, NULL, NULL),
(368, '0088', 1, 300, '20151127_001', 0, NULL, NULL),
(369, '0073', 1, 275, '20151127_002', 0, NULL, NULL),
(370, '0085', 1, 275, '20151127_002', 0, NULL, NULL),
(371, '0087', 1, 270, '20151127_003', 0, NULL, NULL),
(372, '0018', 1, 260, '20151127_004', 0, NULL, NULL),
(373, '0081', 1, 290, '20151127_005', 0, NULL, NULL),
(374, '0031', 1, 320, '20151128_001', 0, NULL, NULL),
(375, '0049', 1, 270, '20151128_002', 0, NULL, NULL),
(376, '0085', 1, 280, '20151128_003', 0, NULL, NULL),
(377, '0096', 1, 315, '20151128_004', 0, NULL, NULL),
(378, '0018', 1, 250, '20151128_005', 0, NULL, NULL),
(379, '0009', 1, 280, '20151128_005', 0, NULL, NULL),
(380, '0100', 1, 255, '20151128_006', 0, NULL, NULL),
(381, '0093', 1, 290, '20151128_006', 0, NULL, NULL),
(382, '0077', 1, 400, '20151128_007', 0, NULL, NULL),
(383, '0075', 1, 250, '20151128_008', 0, NULL, NULL),
(384, '0092', 1, 200, '20151128_008', 0, NULL, NULL),
(385, '0104', 1, 280, '20151128_009', 0, NULL, NULL),
(386, '0077', 1, 380, '20151128_010', 0, NULL, NULL),
(387, '0079', 1, 300, '20151128_010', 0, NULL, NULL),
(388, '0012', 1, 320, '20151129_001', 0, NULL, NULL),
(389, '0093', 1, 300, '20151129_002', 0, NULL, NULL),
(390, '0073', 1, 280, '20151129_003', 0, NULL, NULL),
(391, '0105', 1, 285, '20151129_004', 0, NULL, NULL),
(392, '0091', 1, 285, '20151129_004', 0, NULL, NULL),
(393, '0076', 1, 260, '20151129_005', 0, NULL, NULL),
(394, '0003', 1, 420, '20151129_006', 0, NULL, NULL),
(395, '0097', 1, 250, '20151129_007', 0, NULL, NULL),
(396, '0091', 1, 270, '20151129_007', 0, NULL, NULL),
(397, '0083', 1, 180, '20151129_008', 0, NULL, NULL),
(398, '0080', 1, 300, '20151130_001', 0, NULL, NULL),
(399, '0085', 1, 275, '20151130_002', 0, NULL, NULL),
(400, '0066', 1, 550, '20151130_003', 0, NULL, NULL),
(401, '0080', 1, 270, '20151130_004', 0, NULL, NULL),
(402, '0053', 1, 293, '20151130_005', 0, NULL, NULL),
(403, '0099', 1, 262, '20151130_005', 0, NULL, NULL),
(404, '0091', 1, 270, '20151130_006', 0, NULL, NULL),
(405, '0083', 1, 180, '20151130_006', 0, NULL, NULL),
(406, '0091', 1, 270, '20151130_007', 0, NULL, NULL),
(407, '0094', 1, 500, '20151130_008', 0, NULL, NULL),
(408, '0091', 1, 290, '20151201_001', 0, NULL, NULL),
(409, '0083', 1, 190, '20151202_001', 0, NULL, NULL),
(410, '0023', 1, 300, '20151202_002', 0, NULL, NULL),
(411, '0068', 1, 300, '20151202_002', 0, NULL, NULL),
(412, '0071', 1, 250, '20151202_003', 0, NULL, NULL),
(413, '0084', 1, 250, '20151202_003', 0, NULL, NULL),
(414, '0105', 1, 300, '20151202_004', 0, NULL, NULL),
(415, '0091', 1, 300, '20151202_005', 0, NULL, NULL),
(416, '0079', 1, 300, '20151202_006', 0, NULL, NULL),
(417, '0091', 1, 300, '20151202_006', 0, NULL, NULL),
(418, '0104', 1, 250, '20151203_001', 0, NULL, NULL),
(419, '0032', 1, 290, '20151203_001', 0, NULL, NULL),
(420, '0105', 1, 280, '20151204_001', 1, '2015-12-08 13:36:58', ''),
(421, '0056', 1, 320, '20151204_002', 0, NULL, NULL),
(422, '0079', 1, 300, '20151204_003', 0, NULL, NULL),
(423, '0084', 1, 250, '20151204_004', 0, NULL, NULL),
(424, '0093', 1, 300, '20151205_001', 0, NULL, NULL),
(425, '0073', 1, 280, '20151205_002', 0, NULL, NULL),
(426, '0091', 1, 285, '20151205_003', 0, NULL, NULL),
(427, '0010', 1, 275, '20151205_004', 1, '2015-12-07 18:49:39', ''),
(428, '0094', 1, 490, '20151205_004', 0, NULL, NULL),
(429, '0084', 1, 250, '20151205_005', 0, NULL, NULL),
(430, '0080', 1, 280, '20151205_006', 0, NULL, NULL),
(431, '0092', 1, 190, '20151205_007', 0, NULL, NULL),
(433, '0081', 1, 290, '20151205_009', 0, NULL, NULL),
(434, '0088', 1, 290, '20151205_010', 0, NULL, NULL),
(435, '0099', 1, 270, '20151205_011', 0, NULL, NULL),
(436, '0075', 1, 250, '20151206_001', 0, NULL, NULL),
(437, '0032', 1, 300, '20151206_002', 0, NULL, NULL),
(438, '0031', 1, 300, '20151206_002', 0, NULL, NULL),
(439, '0074', 1, 320, '20151206_003', 0, NULL, NULL),
(440, '0054', 1, 280, '20151206_004', 0, NULL, NULL),
(441, '0086', 1, 300, '20151206_005', 0, NULL, NULL),
(442, '0088', 1, 290, '20151206_006', 0, NULL, NULL),
(443, '0088', 1, 280, '20151206_007', 0, NULL, NULL),
(444, '0057', 1, 300, '20151206_008', 0, NULL, NULL),
(445, '0104', 1, 270, '20151206_009', 0, NULL, NULL),
(446, '0093', 1, 300, '20151206_010', 0, NULL, NULL),
(447, '0076', 1, 260, '20151206_011', 0, NULL, NULL),
(448, '0088', 1, 260, '20151207_001', 0, NULL, NULL),
(449, '0035', 1, 280, '20151207_002', 0, NULL, NULL),
(450, '0086', 1, 275, '20151207_003', 0, NULL, NULL),
(451, '0105', 1, 280, '20151207_004', 0, NULL, NULL),
(452, '0084', 1, 240, '20151208_001', 0, NULL, NULL),
(453, '0077', 1, 380, '20151208_002', 0, NULL, NULL),
(454, '0084', 1, 240, '20151208_002', 0, NULL, NULL),
(455, '0085', 1, 250, '20151208_003', 0, NULL, NULL),
(456, '0007', 1, 600, '20151208_003', 1, '2015-12-10 16:19:47', ''),
(457, '0030', 1, 250, '20151208_004', 0, NULL, NULL),
(458, '0009', 1, 270, '20151208_005', 0, NULL, NULL),
(459, '0096', 1, 300, '20151208_006', 0, NULL, NULL),
(460, '0031', 1, 280, '20151208_007', 0, NULL, NULL),
(461, '0108', 1, 340, '20151209_001', 0, NULL, NULL),
(462, '0018', 1, 240, '20151209_002', 0, NULL, NULL),
(463, '0074', 1, 290, '20151209_003', 0, NULL, NULL),
(464, '0066', 1, 500, '20151209_004', 0, NULL, NULL),
(465, '0043', 1, 280, '20151209_005', 0, NULL, NULL),
(466, '0070', 1, 230, '20151209_005', 0, NULL, NULL),
(467, '0012', 1, 290, '20151209_006', 0, NULL, NULL),
(468, '0093', 1, 290, '20151210_001', 0, NULL, NULL),
(469, '0074', 1, 300, '20151210_001', 0, NULL, NULL),
(470, '0028', 1, 260, '20151210_002', 0, NULL, NULL),
(471, '0090', 1, 290, '20151210_002', 0, NULL, NULL),
(472, '0104', 1, 250, '20151210_003', 0, NULL, NULL),
(473, '0015', 1, 310, '20151210_004', 0, NULL, NULL),
(474, '0087', 1, 250, '20151210_005', 0, NULL, NULL),
(475, '0010', 1, 270, '20151210_006', 0, NULL, NULL),
(476, '0052', 1, 280, '20151210_007', 0, NULL, NULL),
(477, '0109', 1, 410, '20151210_007', 0, NULL, NULL),
(478, '0099', 1, 250, '20151210_007', 0, NULL, NULL),
(479, '0031', 1, 320, '20151210_008', 0, NULL, NULL),
(480, '0068', 1, 290, '20151211_001', 0, NULL, NULL),
(481, '0085', 1, 260, '20151211_001', 0, NULL, NULL),
(482, '0095', 1, 300, '20151211_001', 0, NULL, NULL),
(483, '0105', 1, 280, '20151211_002', 0, NULL, NULL),
(484, '0090', 1, 290, '20151211_003', 0, NULL, NULL),
(485, '0017', 1, 270, '20151211_004', 0, NULL, NULL),
(486, '0091', 2, 285, '20151211_005', 0, NULL, NULL),
(487, '0090', 1, 290, '20151211_006', 0, NULL, NULL),
(488, '0085', 1, 280, '20151212_001', 0, NULL, NULL),
(489, '0079', 1, 300, '20151212_002', 0, NULL, NULL),
(490, '0076', 1, 260, '20151212_003', 0, NULL, NULL),
(491, '0106', 1, 260, '20151212_003', 0, NULL, NULL),
(492, '0106', 1, 250, '20151212_004', 0, NULL, NULL),
(493, '0099', 1, 280, '20151212_005', 0, NULL, NULL),
(494, '0106', 1, 260, '20151212_006', 0, NULL, NULL),
(496, '0081', 1, 300, '20151212_008', 0, NULL, NULL),
(497, '0048', 1, 320, '20151212_009', 1, '2015-12-14 21:42:49', ''),
(498, '0006', 1, 510, '20151212_010', 0, NULL, NULL),
(499, '0081', 1, 270, '20151213_001', 0, NULL, NULL),
(500, '0073', 1, 280, '20151213_002', 0, NULL, NULL),
(501, '0019', 1, 265, '20151213_003', 0, NULL, NULL),
(502, '0004', 1, 550, '20151213_004', 0, NULL, NULL),
(503, '0046', 1, 260, '20151213_005', 0, NULL, NULL),
(504, '0083', 1, 190, '20151213_006', 0, NULL, NULL),
(505, '0055', 1, 310, '20151214_001', 0, NULL, NULL),
(506, '0085', 1, 270, '20151214_002', 0, NULL, NULL),
(507, '0076', 1, 260, '20151214_003', 0, NULL, NULL),
(508, '0014', 1, 300, '20151214_004', 0, NULL, NULL),
(509, '0029', 1, 260, '20151214_005', 1, '2015-12-18 17:44:10', ''),
(510, '0088', 1, 300, '20151214_006', 0, NULL, NULL),
(511, '0109', 1, 400, '20151214_007', 1, '2015-12-14 21:17:50', ''),
(512, '0008', 1, 600, '20151214_008', 0, NULL, NULL),
(513, '0074', 2, 300, '20151214_009', 0, NULL, NULL),
(515, '0001', 1, 460, '20151215_002', 0, NULL, NULL),
(516, '0050', 1, 260, '20151215_002', 0, NULL, NULL),
(517, '0033', 1, 250, '20151215_003', 0, NULL, NULL),
(518, '0068', 1, 290, '20151215_004', 0, NULL, NULL),
(519, '0101', 1, 260, '20151215_004', 0, NULL, NULL),
(521, '0109', 1, 420, '20151215_006', 0, NULL, NULL),
(522, '0074', 1, 300, '20151215_007', 0, NULL, NULL),
(523, '0083', 1, 180, '20151215_007', 0, NULL, NULL),
(524, '0110', 1, 420, '20151215_008', 0, NULL, NULL),
(526, '0105', 1, 290, '20151216_001', 0, NULL, NULL),
(527, '0096', 1, 260, '20151216_002', 0, NULL, NULL),
(528, '0005', 1, 470, '20151216_003', 0, NULL, NULL),
(529, '0097', 1, 220, '20151216_004', 0, NULL, NULL),
(530, '0039', 1, 245, '20151216_005', 0, NULL, NULL),
(531, '0085', 1, 280, '20151217_001', 0, NULL, NULL),
(532, '0010', 1, 290, '20151217_002', 0, NULL, NULL),
(533, '0086', 1, 280, '20151217_003', 0, NULL, NULL),
(534, '0028', 1, 270, '20151217_004', 0, NULL, NULL),
(535, '0081', 1, 290, '20151217_005', 0, NULL, NULL),
(536, '0077', 1, 400, '20151217_006', 0, NULL, NULL),
(537, '0012', 1, 305, '20151218_001', 0, NULL, NULL),
(538, '0030', 1, 245, '20151218_001', 0, NULL, NULL),
(539, '0095', 1, 350, '20151218_002', 0, NULL, NULL),
(540, '0016', 1, 300, '20151218_003', 0, NULL, NULL),
(541, '0085', 1, 280, '20151218_004', 0, NULL, NULL),
(542, '0033', 1, 260, '20151218_005', 0, NULL, NULL),
(543, '0090', 1, 300, '20151218_006', 0, NULL, NULL),
(544, '0110', 1, 400, '20151218_007', 0, NULL, NULL),
(545, '0004', 1, 500, '20151218_008', 0, NULL, NULL),
(546, '0108', 1, 420, '20151219_001', 0, NULL, NULL),
(547, '0019', 1, 200, '20151219_002', 0, NULL, NULL),
(548, '0094', 1, 460, '20151219_003', 0, NULL, NULL),
(549, '0091', 1, 300, '20151220_001', 0, NULL, NULL),
(550, '0074', 1, 320, '20151220_002', 0, NULL, NULL),
(551, '0040', 1, 150, '20151220_003', 0, NULL, NULL),
(552, '0110', 1, 440, '20151220_004', 0, NULL, NULL),
(553, '0105', 1, 270, '20151222_001', 0, NULL, NULL),
(554, '0122', 1, 350, '20151212_011', 0, NULL, NULL),
(556, '0122', 1, 356, '20151212_012', 0, NULL, NULL),
(558, '0122', 1, 220, '20151212_013', 0, NULL, NULL),
(559, '0122', 1, 220, '20151213_007', 0, NULL, NULL),
(560, '0122', 2, 350, '20151213_008', 0, NULL, NULL),
(562, '0122', 1, 350, '20151214_011', 0, NULL, NULL),
(565, '0124', 1, 130, '20151215_009', 0, NULL, NULL),
(567, '0123', 1, 200, '20151214_012', 0, NULL, NULL),
(568, '0121', 1, 330, '20151213_009', 0, NULL, NULL),
(569, '0122', 1, 350, '20151216_006', 1, '2015-12-19 16:09:08', ''),
(570, '0114', 1, 505, '20151216_007', 0, NULL, NULL),
(571, '0112', 1, 400, '20151216_008', 0, NULL, NULL),
(572, '0122', 1, 350, '20151217_007', 0, NULL, NULL),
(573, '0122', 1, 350, '20151217_008', 0, NULL, NULL),
(574, '0114', 1, 530, '20151218_009', 0, NULL, NULL),
(575, '0117', 1, 450, '20151218_010', 0, NULL, NULL),
(576, '0112', 1, 400, '20151219_004', 0, NULL, NULL),
(577, '0116', 1, 520, '20151219_005', 0, NULL, NULL),
(578, '0122', 1, 310, '20151219_005', 0, NULL, NULL),
(579, '0108', 1, 395, '20151222_002', 0, NULL, NULL),
(580, '0119', 1, 495, '20151219_006', 0, NULL, NULL),
(581, '0036', 1, 290, '20151219_007', 0, NULL, NULL),
(582, '0122', 1, 350, '20151222_003', 0, NULL, NULL),
(583, '0096', 1, 260, '20151213_010', 0, NULL, NULL),
(585, '0081', 1, 335, '20151222_004', 0, NULL, NULL),
(586, '0108', 1, 410, '20151222_005', 0, NULL, NULL),
(587, '0101', 1, 225, '20151222_005', 0, NULL, NULL),
(588, '0122', 1, 315, '20151222_005', 0, NULL, NULL),
(589, '0122', 1, 350, '20151215_010', 0, NULL, NULL),
(590, '0116', 1, 500, '20151222_006', 0, NULL, NULL),
(591, '0019', 1, 230, '20151222_007', 0, NULL, NULL),
(592, '0035', 1, 255, '20151222_008', 0, NULL, NULL),
(593, '0042', 1, 280, '20151222_009', 0, NULL, NULL),
(594, '0112', 1, 370, '20151222_009', 0, NULL, NULL),
(595, '0093', 1, 270, '20151223_001', 0, NULL, NULL),
(596, '0074', 1, 290, '20151223_002', 0, NULL, NULL),
(597, '0115', 1, 420, '20151223_003', 0, NULL, NULL),
(598, '0091', 1, 280, '20151223_003', 0, NULL, NULL),
(600, '0077', 1, 340, '20151223_005', 0, NULL, NULL),
(604, '0019', 1, 230, '20151223_007', 0, NULL, NULL),
(605, '0085', 1, 250, '20151223_008', 0, NULL, NULL),
(606, '0081', 1, 290, '20151223_009', 0, NULL, NULL),
(607, '0087', 2, 250, '20151223_010', 0, NULL, NULL),
(608, '0069', 1, 250, '20151223_010', 0, NULL, NULL),
(609, '0077', 1, 300, '20151223_011', 0, NULL, NULL),
(610, '0081', 1, 270, '20151223_012', 0, NULL, NULL),
(611, '0118', 1, 395, '20151224_001', 1, '2015-12-25 15:00:47', ''),
(615, '0088', 1, 265, '20151224_002', 0, NULL, NULL),
(616, '0074', 1, 315, '20151224_003', 0, NULL, NULL),
(617, '0095', 1, 285, '20151224_003', 0, NULL, NULL),
(618, '0002', 1, 400, '20151225_001', 0, NULL, NULL),
(619, '0005', 1, 440, '20151225_001', 0, NULL, NULL),
(620, '0016', 1, 280, '20151225_002', 0, NULL, NULL),
(621, '0114', 1, 475, '20151225_003', 0, NULL, NULL),
(622, '0038', 1, 255, '20151225_004', 0, NULL, NULL),
(623, '0081', 1, 270, '20151225_005', 0, NULL, NULL),
(624, '0110', 1, 395, '20151225_005', 0, NULL, NULL),
(625, '0108', 1, 375, '20151225_006', 0, NULL, NULL),
(626, '0112', 1, 400, '20151225_006', 0, NULL, NULL),
(627, '0117', 2, 448, '20151225_007', 0, NULL, NULL),
(628, '0091', 1, 265, '20151225_008', 0, NULL, NULL),
(629, '0024', 1, 275, '20151226_001', 0, NULL, NULL),
(630, '0114', 1, 470, '20151226_002', 0, NULL, NULL),
(631, '0112', 1, 400, '20151226_003', 0, NULL, NULL),
(632, '0085', 1, 250, '20151226_004', 0, NULL, NULL),
(633, '0081', 1, 270, '20151226_005', 0, NULL, NULL),
(634, '0008', 1, 480, '20151226_006', 0, NULL, NULL),
(635, '0075', 1, 230, '20151226_007', 0, NULL, NULL),
(636, '0119', 1, 430, '20151227_001', 0, NULL, NULL),
(637, '0050', 1, 255, '20151227_002', 0, NULL, NULL),
(638, '0089', 1, 265, '20151227_002', 0, NULL, NULL),
(639, '0108', 1, 395, '20151227_003', 0, NULL, NULL),
(640, '0109', 1, 385, '20151227_004', 0, NULL, NULL),
(641, '0071', 1, 240, '20151228_001', 0, NULL, NULL),
(642, '0093', 1, 270, '20151228_002', 0, NULL, NULL),
(643, '0056', 1, 280, '20151228_003', 0, NULL, NULL),
(644, '0114', 1, 475, '20151228_004', 0, NULL, NULL),
(645, '0087', 1, 240, '20151228_005', 0, NULL, NULL),
(646, '0119', 1, 400, '20151228_006', 0, NULL, NULL),
(647, '0085', 1, 220, '20151228_006', 0, NULL, NULL),
(648, '0116', 1, 520, '20151231_001', 0, NULL, NULL),
(649, '0119', 1, 440, '20151231_002', 0, NULL, NULL),
(650, '0122', 1, 310, '20151231_002', 0, NULL, NULL),
(653, '0115', 1, 400, '20151231_003', 0, NULL, NULL),
(654, '0120', 1, 560, '20151231_004', 0, NULL, NULL),
(655, '0085', 1, 250, '20151231_005', 0, NULL, NULL),
(656, '0119', 1, 440, '20151231_006', 0, NULL, NULL),
(657, '0115', 1, 400, '20151231_007', 0, NULL, NULL),
(658, '0092', 1, 175, '20151231_008', 0, NULL, NULL),
(660, '0085', 1, 250, '20151229_001', 0, NULL, NULL),
(661, '0116', 1, 520, '20160101_001', 0, NULL, NULL),
(662, '0056', 1, 290, '20151229_002', 0, NULL, NULL),
(663, '0030', 1, 230, '20151229_003', 0, NULL, NULL),
(665, '0116', 1, 520, '20151229_004', 1, '2016-01-25 16:39:24', ''),
(666, '0120', 1, 555, '20151230_001', 0, NULL, NULL),
(667, '0114', 1, 475, '20151230_002', 0, NULL, NULL),
(668, '0119', 1, 440, '20151230_003', 0, NULL, NULL),
(669, '0070', 1, 235, '20151230_004', 0, NULL, NULL),
(670, '0106', 1, 230, '20151230_005', 0, NULL, NULL),
(671, '0091', 1, 270, '20160101_002', 0, NULL, NULL),
(672, '0119', 1, 440, '20160102_001', 0, NULL, NULL),
(673, '0085', 1, 250, '20160102_002', 0, NULL, NULL),
(674, '0083', 1, 175, '20160102_003', 0, NULL, NULL),
(675, '0120', 1, 520, '20160102_003', 0, NULL, NULL),
(676, '0136', 1, 475, '20160102_003', 0, NULL, NULL),
(677, '0135', 1, 255, '20160102_004', 0, NULL, NULL),
(678, '0122', 1, 315, '20160102_005', 0, NULL, NULL),
(679, '0114', 1, 475, '20160102_006', 0, NULL, NULL),
(680, '0131', 1, 380, '20160102_008', 0, NULL, NULL),
(681, '0047', 1, 280, '20160102_009', 0, NULL, NULL),
(682, '0024', 2, 260, '20151223_013', 0, NULL, NULL),
(683, '0076', 1, 250, '20160102_011', 0, NULL, NULL),
(684, '0090', 1, 300, '20160103_001', 0, NULL, NULL),
(685, '0077', 1, 400, '20160103_002', 0, NULL, NULL),
(686, '0090', 1, 305, '20160103_003', 0, NULL, NULL),
(687, '0005', 1, 465, '20160104_001', 0, NULL, NULL),
(688, '0032', 1, 305, '20160104_002', 0, NULL, NULL),
(689, '0114', 1, 475, '20160103_004', 0, NULL, NULL),
(690, '0101', 1, 260, '20160104_003', 0, NULL, NULL),
(691, '0084', 1, 250, '20160104_004', 0, NULL, NULL),
(692, '0024', 1, 280, '20160105_001', 0, NULL, NULL),
(693, '0089', 1, 265, '20160105_002', 0, NULL, NULL),
(694, '0106', 1, 235, '20160105_002', 0, NULL, NULL),
(695, '0026', 1, 260, '20160105_002', 0, NULL, NULL),
(696, '0136', 1, 520, '20160105_003', 0, NULL, NULL),
(697, '0106', 1, 240, '20160105_004', 0, NULL, NULL),
(698, '0090', 1, 280, '20160105_004', 0, NULL, NULL),
(699, '0040', 1, 280, '20160105_004', 0, NULL, NULL),
(700, '0136', 1, 500, '20160105_004', 0, NULL, NULL),
(703, '0127', 1, 550, '20160106_003', 0, NULL, NULL),
(704, '0083', 1, 195, '20160106_004', 0, NULL, NULL),
(705, '0023', 1, 310, '20160106_005', 0, NULL, NULL),
(706, '0135', 1, 290, '20160107_001', 0, NULL, NULL),
(707, '0127', 1, 550, '20160108_001', 0, NULL, NULL),
(708, '0081', 1, 300, '20160108_002', 0, NULL, NULL),
(709, '0030', 1, 250, '20160108_003', 0, NULL, NULL),
(710, '0088', 1, 300, '20160107_002', 0, NULL, NULL),
(711, '0135', 1, 255, '20160107_003', 0, NULL, NULL),
(712, '0136', 1, 520, '20160107_004', 0, NULL, NULL),
(713, '0039', 1, 260, '20160107_005', 0, NULL, NULL),
(714, '0055', 1, 270, '20160107_006', 0, NULL, NULL),
(715, '0036', 1, 280, '20160108_004', 0, NULL, NULL),
(716, '0134', 1, 300, '20160108_005', 0, NULL, NULL),
(717, '0132', 1, 360, '20160108_006', 0, NULL, NULL),
(718, '0095', 1, 315, '20160108_006', 0, NULL, NULL),
(719, '0101', 1, 265, '20160108_007', 0, NULL, NULL),
(720, '0136', 1, 470, '20160108_008', 0, NULL, NULL),
(721, '0007', 1, 600, '20160108_008', 0, NULL, NULL),
(722, '0030', 1, 230, '20160108_008', 1, '2016-01-09 19:17:28', ''),
(723, '0140', 1, 95, '20160108_009', 0, NULL, NULL),
(724, '0109', 1, 410, '20160108_010', 0, NULL, NULL),
(725, '0081', 1, 280, '20160108_011', 0, NULL, NULL),
(726, '0100', 1, 265, '20160109_001', 0, NULL, NULL),
(727, '0134', 1, 300, '20160109_002', 0, NULL, NULL),
(728, '0139', 1, 240, '20160109_003', 0, NULL, NULL),
(729, '0139', 1, 285, '20160109_004', 0, NULL, NULL),
(730, '0100', 1, 230, '20160109_005', 0, NULL, NULL),
(731, '0090', 1, 270, '20160109_006', 0, NULL, NULL),
(732, '0047', 1, 290, '20160109_007', 0, NULL, NULL),
(733, '0126', 1, 260, '20160110_001', 0, NULL, NULL),
(734, '0091', 1, 270, '20160110_002', 0, NULL, NULL),
(735, '0114', 1, 530, '20160110_003', 0, NULL, NULL),
(736, '0139', 1, 240, '20160110_004', 0, NULL, NULL),
(737, '0141', 1, 250, '20160110_005', 0, NULL, NULL),
(738, '0107', 1, 265, '20160110_005', 0, NULL, NULL),
(739, '0056', 1, 280, '20160110_006', 0, NULL, NULL),
(740, '0024', 1, 280, '20160110_006', 0, NULL, NULL),
(741, '0007', 1, 600, '20160110_007', 0, NULL, NULL),
(742, '0007', 1, 600, '20160110_008', 0, NULL, NULL),
(743, '0109', 1, 400, '20160111_001', 0, NULL, NULL),
(744, '0122', 1, 350, '20160112_001', 0, NULL, NULL),
(745, '0110', 1, 420, '20160112_002', 0, NULL, NULL),
(746, '0073', 1, 240, '20160112_003', 0, NULL, NULL),
(747, '0090', 1, 270, '20160112_004', 0, NULL, NULL),
(748, '0108', 1, 370, '20160112_005', 0, NULL, NULL),
(749, '0127', 1, 480, '20160112_005', 0, NULL, NULL),
(750, '0107', 1, 315, '20160112_006', 0, NULL, NULL),
(751, '0006', 1, 480, '20160112_007', 0, NULL, NULL),
(752, '0139', 2, 250, '20160112_008', 0, NULL, NULL),
(753, '0002', 1, 400, '20160112_009', 0, NULL, NULL),
(754, '0069', 1, 255, '20160113_001', 0, NULL, NULL),
(755, '0081', 1, 270, '20160113_002', 0, NULL, NULL),
(756, '0091', 1, 270, '20160113_003', 0, NULL, NULL),
(757, '0079', 1, 280, '20160113_004', 0, NULL, NULL),
(758, '0033', 1, 235, '20160113_005', 0, NULL, NULL),
(759, '0042', 1, 280, '20160113_006', 0, NULL, NULL),
(760, '0096', 1, 280, '20160113_007', 0, NULL, NULL),
(761, '0001', 1, 440, '20160113_008', 0, NULL, NULL),
(762, '0085', 1, 250, '20160113_009', 0, NULL, NULL),
(763, '0134', 1, 270, '20160113_010', 0, NULL, NULL),
(764, '0079', 1, 260, '20160113_011', 0, NULL, NULL),
(765, '0074', 1, 270, '20160113_011', 0, NULL, NULL),
(766, '0135', 1, 240, '20160113_011', 0, NULL, NULL),
(767, '0079', 1, 280, '20160113_012', 0, NULL, NULL),
(768, '0024', 1, 280, '20160113_013', 0, NULL, NULL),
(769, '0049', 1, 240, '20160113_014', 0, NULL, NULL),
(770, '0126', 1, 280, '20160114_001', 0, NULL, NULL),
(771, '0091', 1, 270, '20160114_002', 0, NULL, NULL),
(772, '0001', 1, 440, '20160114_003', 0, NULL, NULL),
(773, '0072', 1, 240, '20160115_001', 0, NULL, NULL),
(774, '0114', 1, 445, '20160115_001', 0, NULL, NULL),
(775, '0131', 1, 360, '20160115_002', 0, NULL, NULL),
(776, '0007', 1, 600, '20160115_003', 0, NULL, NULL),
(777, '0136', 1, 475, '20160115_004', 0, NULL, NULL),
(782, '0116', 1, 480, '20160115_006', 0, NULL, NULL),
(783, '0134', 1, 238, '20160115_007', 0, NULL, NULL),
(784, '0109', 1, 339, '20160115_007', 0, NULL, NULL),
(785, '0110', 1, 346, '20160115_007', 0, NULL, NULL),
(786, '0135', 1, 224, '20160115_007', 0, NULL, NULL),
(787, '0134', 1, 238, '20160115_007', 0, NULL, NULL),
(788, '0110', 1, 346, '20160115_007', 0, NULL, NULL),
(789, '0109', 1, 339, '20160115_007', 0, NULL, NULL),
(790, '0112', 1, 350, '20160116_002', 0, NULL, NULL),
(791, '0112', 1, 350, '20160116_002', 0, NULL, NULL),
(792, '0112', 1, 350, '20160116_002', 0, NULL, NULL),
(793, '0112', 1, 350, '20160116_002', 0, NULL, NULL),
(794, '0119', 1, 385, '20160116_002', 0, NULL, NULL),
(795, '0127', 1, 455, '20160116_002', 0, NULL, NULL),
(796, '0001', 1, 385, '20160116_002', 0, NULL, NULL),
(797, '0001', 1, 385, '20160116_002', 0, NULL, NULL),
(798, '0135', 1, 220, '20160116_003', 0, NULL, NULL),
(799, '0053', 1, 280, '20160116_004', 0, NULL, NULL),
(800, '0074', 1, 290, '20160116_005', 0, NULL, NULL),
(801, '0045', 1, 255, '20160116_006', 0, NULL, NULL),
(802, '0049', 1, 240, '20160116_007', 0, NULL, NULL),
(803, '0104', 1, 250, '20160117_001', 0, NULL, NULL),
(804, '0127', 1, 455, '20160117_002', 0, NULL, NULL),
(805, '0119', 1, 385, '20160117_002', 0, NULL, NULL),
(806, '0122', 1, 275, '20160117_002', 0, NULL, NULL),
(807, '0122', 1, 275, '20160117_002', 0, NULL, NULL),
(808, '0137', 1, 350, '20160117_002', 0, NULL, NULL),
(809, '0028', 1, 240, '20160117_003', 0, NULL, NULL),
(810, '0106', 1, 235, '20160117_003', 0, NULL, NULL),
(811, '0024', 1, 280, '20160117_004', 0, NULL, NULL),
(812, '0126', 1, 280, '20160117_005', 0, NULL, NULL),
(813, '0130', 1, 370, '20160117_006', 0, NULL, NULL),
(814, '0133', 1, 315, '20160117_006', 0, NULL, NULL),
(815, '0051', 1, 220, '20160117_007', 0, NULL, NULL),
(816, '0139', 1, 230, '20160117_007', 0, NULL, NULL),
(817, '0025', 1, 260, '20160117_008', 0, NULL, NULL),
(818, '0052', 1, 250, '20160117_008', 0, NULL, NULL),
(819, '0073', 1, 240, '20160117_008', 0, NULL, NULL),
(820, '0118', 1, 340, '20160117_009', 0, NULL, NULL),
(822, '0120', 1, 520, '20160117_011', 0, NULL, NULL),
(823, '0122', 1, 290, '20160117_011', 0, NULL, NULL),
(824, '0024', 1, 230, '20160117_012', 0, NULL, NULL),
(825, '0090', 1, 270, '20160118_001', 0, NULL, NULL),
(826, '0031', 1, 300, '20160118_002', 0, NULL, NULL),
(827, '0090', 1, 300, '20160118_003', 0, NULL, NULL),
(828, '0090', 1, 300, '20160118_004', 0, NULL, NULL),
(829, '0110', 1, 425, '20160118_005', 0, NULL, NULL),
(834, '0139', 1, 240, '20160118_006', 0, NULL, NULL),
(835, '0138', 1, 230, '20160118_007', 0, NULL, NULL),
(836, '0011', 1, 250, '20160118_007', 0, NULL, NULL),
(837, '0087', 1, 240, '20160118_008', 0, NULL, NULL),
(838, '0107', 1, 280, '20160118_009', 0, NULL, NULL),
(839, '0077', 1, 350, '20160118_010', 0, NULL, NULL),
(840, '0135', 1, 250, '20160118_011', 0, NULL, NULL),
(841, '0085', 1, 230, '20160118_012', 0, NULL, NULL),
(842, '0127', 1, 470, '20160118_013', 0, NULL, NULL),
(843, '0081', 1, 250, '20160118_013', 0, NULL, NULL),
(844, '0116', 1, 485, '20160118_014', 0, NULL, NULL),
(845, '0030', 1, 215, '20160118_014', 0, NULL, NULL),
(846, '0135', 1, 250, '20160118_015', 1, '2016-01-19 19:45:33', ''),
(847, '0081', 1, 265, '20160118_016', 0, NULL, NULL),
(848, '0072', 1, 220, '20160118_017', 0, NULL, NULL),
(849, '0122', 1, 310, '20160118_018', 0, NULL, NULL),
(850, '0049', 1, 220, '20160118_019', 0, NULL, NULL),
(851, '0091', 1, 270, '20160119_001', 0, NULL, NULL),
(852, '0055', 1, 280, '20160119_002', 0, NULL, NULL),
(853, '0077', 1, 350, '20160119_003', 0, NULL, NULL),
(854, '0093', 1, 260, '20160119_004', 0, NULL, NULL),
(855, '0134', 1, 270, '20160119_005', 0, NULL, NULL),
(856, '0101', 1, 230, '20160119_006', 0, NULL, NULL),
(857, '0030', 1, 210, '20160119_007', 1, '2016-02-02 13:48:01', ''),
(858, '0138', 1, 220, '20160119_007', 0, NULL, NULL),
(859, '0138', 1, 220, '20160119_007', 0, NULL, NULL),
(860, '0116', 1, 500, '20160119_008', 0, NULL, NULL),
(861, '0014', 1, 280, '20160120_001', 0, NULL, NULL),
(862, '0115', 1, 400, '20160120_002', 0, NULL, NULL),
(863, '0072', 1, 255, '20160120_003', 0, NULL, NULL),
(864, '0115', 1, 400, '20160120_004', 0, NULL, NULL),
(865, '0007', 1, 550, '20160120_005', 0, NULL, NULL),
(866, '0108', 1, 370, '20160120_006', 0, NULL, NULL),
(867, '0119', 1, 410, '20160120_006', 0, NULL, NULL),
(868, '0114', 1, 450, '20160120_007', 0, NULL, NULL),
(869, '0024', 1, 250, '20160120_007', 0, NULL, NULL),
(870, '0024', 1, 280, '20160120_008', 0, NULL, NULL),
(871, '0083', 1, 170, '20160120_008', 1, '2016-01-20 21:28:09', ''),
(872, '0020', 1, 270, '20160120_009', 0, NULL, NULL),
(873, '0114', 1, 475, '20160121_001', 0, NULL, NULL),
(874, '0076', 1, 235, '20160121_002', 0, NULL, NULL),
(875, '0046', 1, 225, '20160121_003', 0, NULL, NULL),
(876, '0144', 1, 450, '20160121_003', 0, NULL, NULL),
(877, '0114', 1, 475, '20160121_004', 0, NULL, NULL),
(878, '0144', 1, 480, '20160121_005', 0, NULL, NULL),
(879, '0135', 1, 250, '20160121_006', 0, NULL, NULL),
(880, '0112', 1, 335, '20160122_001', 0, NULL, NULL),
(881, '0112', 1, 335, '20160122_001', 0, NULL, NULL),
(882, '0112', 1, 335, '20160122_001', 0, NULL, NULL),
(883, '0112', 1, 335, '20160122_001', 0, NULL, NULL),
(884, '0112', 1, 340, '20160122_001', 0, NULL, NULL),
(885, '0112', 1, 340, '20160122_001', 0, NULL, NULL),
(886, '0112', 1, 340, '20160122_001', 0, NULL, NULL),
(887, '0112', 1, 340, '20160122_001', 0, NULL, NULL),
(888, '0095', 1, 315, '20160122_002', 0, NULL, NULL),
(889, '0144', 1, 480, '20160122_003', 0, NULL, NULL),
(890, '0114', 1, 475, '20160122_004', 0, NULL, NULL),
(891, '0115', 1, 400, '20160122_005', 0, NULL, NULL),
(892, '0074', 1, 270, '20160122_006', 0, NULL, NULL),
(893, '0088', 1, 245, '20160123_001', 0, NULL, NULL),
(894, '0106', 1, 220, '20160123_002', 0, NULL, NULL),
(895, '0137', 1, 360, '20160123_003', 0, NULL, NULL),
(896, '0114', 1, 445, '20160123_004', 0, NULL, NULL),
(897, '0144', 1, 450, '20160123_005', 0, NULL, NULL),
(898, '0144', 1, 400, '20160123_006', 0, NULL, NULL),
(899, '0114', 1, 445, '20160123_007', 0, NULL, NULL),
(900, '0144', 1, 450, '20160123_008', 0, NULL, NULL),
(901, '0079', 1, 260, '20160124_001', 0, NULL, NULL),
(902, '0116', 1, 485, '20160124_002', 0, NULL, NULL),
(903, '0114', 1, 445, '20160124_003', 0, NULL, NULL),
(904, '0082', 1, 260, '20160125_001', 0, NULL, NULL),
(905, '0003', 1, 390, '20160125_002', 0, NULL, NULL),
(906, '0134', 1, 250, '20160125_003', 0, NULL, NULL),
(907, '0019', 1, 220, '20160125_004', 0, NULL, NULL),
(908, '0144', 1, 450, '20160125_006', 0, NULL, NULL),
(909, '0071', 1, 220, '20160125_007', 0, NULL, NULL),
(910, '0052', 1, 245, '20160125_008', 0, NULL, NULL),
(911, '0105', 1, 250, '20160125_009', 0, NULL, NULL),
(912, '0122', 1, 295, '20160125_010', 0, NULL, NULL),
(913, '0122', 1, 295, '20160126_001', 0, NULL, NULL),
(914, '0144', 1, 415, '20160127_001', 0, NULL, NULL),
(915, '0020', 1, 245, '20160127_001', 0, NULL, NULL),
(916, '0114', 1, 420, '20160127_001', 0, NULL, NULL),
(917, '0127', 1, 430, '20160127_002', 0, NULL, NULL),
(918, '0119', 1, 360, '20160127_002', 0, NULL, NULL),
(919, '0119', 1, 360, '20160127_002', 0, NULL, NULL),
(920, '0112', 1, 350, '20160127_002', 0, NULL, NULL),
(921, '0137', 1, 350, '20160127_003', 0, NULL, NULL),
(922, '0122', 1, 275, '20160127_003', 0, NULL, NULL),
(923, '0056', 1, 270, '20160127_004', 0, NULL, NULL),
(924, '0114', 1, 440, '20160128_001', 0, NULL, NULL),
(925, '0082', 1, 260, '20160128_002', 0, NULL, NULL),
(926, '0118', 1, 350, '20160128_003', 0, NULL, NULL),
(927, '0115', 1, 400, '20160128_004', 0, NULL, NULL),
(928, '0114', 1, 510, '20160128_005', 0, NULL, NULL),
(929, '0114', 1, 510, '20160128_006', 0, NULL, NULL),
(931, '0126', 1, 260, '20160128_007', 0, NULL, NULL),
(932, '0119', 1, 385, '20160129_001', 1, '2016-02-01 14:06:35', ''),
(933, '0109', 1, 345, '20160129_001', 0, NULL, NULL),
(934, '0053', 1, 260, '20160129_002', 0, NULL, NULL),
(935, '0119', 1, 385, '20160129_003', 0, NULL, NULL),
(936, '0110', 1, 345, '20160129_003', 0, NULL, NULL),
(937, '0125', 1, 245, '20160129_003', 0, NULL, NULL),
(938, '0099', 1, 220, '20160129_004', 0, NULL, NULL),
(939, '0139', 1, 225, '20160129_005', 0, NULL, NULL),
(941, '0105', 1, 235, '20160129_006', 0, NULL, NULL),
(942, '0143', 1, 375, '20160129_007', 0, NULL, NULL),
(943, '0088', 1, 230, '20160130_001', 0, NULL, NULL),
(944, '0004', 1, 485, '20160130_002', 0, NULL, NULL),
(945, '0107', 1, 250, '20160130_003', 0, NULL, NULL),
(946, '0080', 1, 225, '20160130_004', 0, NULL, NULL),
(947, '0139', 1, 210, '20160130_004', 0, NULL, NULL),
(948, '0118', 1, 340, '20160130_005', 0, NULL, NULL),
(949, '0144', 1, 420, '20160130_005', 0, NULL, NULL),
(952, '0032', 1, 270, '20160130_007', 0, NULL, NULL),
(953, '0025', 1, 260, '20160130_008', 0, NULL, NULL),
(954, '0084', 1, 210, '20160130_008', 0, NULL, NULL),
(955, '0130', 1, 360, '20160130_008', 0, NULL, NULL),
(956, '0122', 2, 295, '20160130_009', 0, NULL, NULL),
(957, '0077', 1, 300, '20160130_010', 0, NULL, NULL),
(958, '0118', 1, 345, '20160130_011', 0, NULL, NULL),
(959, '0119', 1, 385, '20160130_011', 0, NULL, NULL),
(960, '0041', 1, 270, '20160130_011', 0, NULL, NULL),
(961, '0119', 1, 360, '20160130_012', 0, NULL, NULL),
(962, '0142', 1, 245, '20160130_013', 0, NULL, NULL),
(963, '0113', 1, 315, '20160130_013', 0, NULL, NULL),
(964, '0122', 1, 270, '20160130_013', 0, NULL, NULL),
(965, '0122', 1, 295, '20160130_014', 0, NULL, NULL),
(966, '0082', 1, 260, '20160130_015', 0, NULL, NULL),
(967, '0135', 1, 250, '20160130_016', 0, NULL, NULL),
(968, '0079', 1, 260, '20160131_001', 0, NULL, NULL),
(969, '0009', 1, 230, '20160131_002', 0, NULL, NULL),
(970, '0084', 1, 200, '20160131_002', 0, NULL, NULL),
(971, '0125', 1, 245, '20160131_002', 0, NULL, NULL),
(972, '0127', 1, 455, '20160131_002', 0, NULL, NULL),
(973, '0101', 1, 220, '20160131_003', 0, NULL, NULL),
(974, '0024', 1, 260, '20160131_004', 0, NULL, NULL),
(975, '0077', 1, 310, '20160131_005', 0, NULL, NULL),
(976, '0090', 1, 250, '20160131_006', 0, NULL, NULL),
(977, '0039', 1, 215, '20160131_007', 0, NULL, NULL),
(978, '0101', 1, 220, '20160131_008', 0, NULL, NULL),
(979, '0135', 1, 240, '20160131_009', 0, NULL, NULL),
(980, '0101', 1, 220, '20160131_010', 0, NULL, NULL),
(981, '0106', 1, 200, '20160131_011', 0, NULL, NULL),
(982, '0002', 1, 350, '20160131_011', 0, NULL, NULL),
(983, '0030', 1, 200, '20160131_011', 0, NULL, NULL),
(984, '0093', 1, 265, '20151205_012', 0, NULL, NULL),
(985, '0016', 1, 245, '20160201_001', 0, NULL, NULL),
(986, '0122', 1, 295, '20160201_002', 0, NULL, NULL),
(987, '0133', 1, 290, '20160201_003', 0, NULL, NULL),
(988, '0080', 1, 225, '20160201_003', 0, NULL, NULL),
(989, '0121', 1, 385, '20160201_004', 0, NULL, NULL),
(990, '0014', 1, 250, '20160201_005', 0, NULL, NULL),
(991, '0030', 1, 215, '20160201_006', 0, NULL, NULL),
(992, '0119', 1, 495, '20160201_007', 0, NULL, NULL),
(993, '0138', 1, 266, '20160201_008', 0, NULL, NULL),
(994, '0126', 1, 245, '20160201_009', 0, NULL, NULL),
(995, '0032', 1, 250, '20160201_009', 0, NULL, NULL),
(996, '0077', 1, 330, '20160201_010', 0, NULL, NULL);
INSERT INTO `export_facture_product` (`id`, `product_code`, `quantity`, `export_price`, `export_facture_code`, `re_qty`, `re_date`, `re_description`) VALUES
(997, '0073', 1, 240, '20160201_011', 0, NULL, NULL),
(998, '0074', 1, 260, '20160201_012', 0, NULL, NULL),
(999, '0048', 1, 260, '20160201_012', 0, NULL, NULL),
(1000, '0090', 1, 250, '20160202_001', 0, NULL, NULL),
(1001, '0138', 1, 220, '20160202_002', 0, NULL, NULL),
(1002, '0077', 1, 330, '20160202_003', 0, NULL, NULL),
(1003, '0018', 1, 215, '20160202_004', 0, NULL, NULL),
(1004, '0075', 1, 210, '20160202_005', 0, NULL, NULL),
(1005, '0046', 1, 225, '20160202_006', 0, NULL, NULL),
(1006, '0033', 1, 220, '20160202_006', 0, NULL, NULL),
(1007, '0083', 1, 165, '20160202_007', 0, NULL, NULL),
(1008, '0107', 1, 240, '20160202_008', 0, NULL, NULL),
(1009, '0002', 1, 330, '20160202_008', 0, NULL, NULL),
(1010, '0113', 1, 300, '20160202_010', 0, NULL, NULL),
(1011, '0142', 1, 260, '20160202_011', 0, NULL, NULL),
(1012, '0080', 1, 288, '20160202_012', 0, NULL, NULL),
(1013, '0141', 1, 250, '20160202_013', 0, NULL, NULL),
(1014, '0026', 1, 240, '20160202_014', 0, NULL, NULL),
(1015, '0010', 1, 220, '20160202_015', 0, NULL, NULL),
(1016, '0097', 1, 200, '20160202_016', 0, NULL, NULL),
(1017, '0120', 1, 626, '20160202_017', 0, NULL, NULL),
(1018, '0134', 1, 250, '20160202_018', 0, NULL, NULL),
(1019, '0031', 1, 270, '20160202_019', 0, NULL, NULL),
(1020, '0104', 1, 235, '20160202_020', 0, NULL, NULL),
(1021, '0109', 1, 370, '20160202_021', 0, NULL, NULL),
(1022, '0110', 1, 320, '20160203_001', 0, NULL, NULL),
(1023, '0087', 1, 240, '20160203_002', 0, NULL, NULL),
(1024, '0091', 1, 250, '20160203_003', 0, NULL, NULL),
(1025, '0024', 1, 260, '20160203_004', 0, NULL, NULL),
(1026, '0026', 1, 240, '20160203_005', 0, NULL, NULL),
(1027, '0083', 1, 165, '20160203_006', 0, NULL, NULL),
(1029, '0030', 2, 215, '20160203_007', 0, NULL, NULL),
(1030, '0142', 1, 260, '20160203_008', 0, NULL, NULL),
(1031, '0101', 1, 220, '20160203_009', 0, NULL, NULL),
(1032, '0073', 1, 230, '20160203_009', 0, NULL, NULL),
(1033, '0091', 1, 240, '20160203_010', 0, NULL, NULL),
(1034, '0014', 1, 260, '20160203_010', 0, NULL, NULL),
(1035, '0134', 1, 255, '20160203_011', 0, NULL, NULL),
(1036, '0083', 1, 165, '20160203_012', 0, NULL, NULL),
(1037, '0036', 1, 240, '20160203_013', 0, NULL, NULL),
(1038, '0036', 1, 240, '20160204_001', 0, NULL, NULL),
(1039, '0081', 1, 250, '20160204_002', 0, NULL, NULL),
(1040, '0077', 1, 300, '20160204_003', 0, NULL, NULL),
(1041, '0108', 1, 345, '20160204_004', 0, NULL, NULL),
(1042, '0076', 1, 205, '20160204_004', 0, NULL, NULL),
(1043, '0036', 1, 240, '20160204_005', 0, NULL, NULL),
(1044, '0039', 1, 215, '20160204_006', 0, NULL, NULL),
(1045, '0121', 1, 300, '20160204_007', 0, NULL, NULL),
(1046, '0079', 1, 245, '20160204_008', 0, NULL, NULL),
(1047, '0088', 1, 230, '20160204_009', 0, NULL, NULL),
(1048, '0139', 1, 205, '20160224_001', 0, NULL, NULL),
(1049, '0056', 1, 250, '20160224_002', 0, NULL, NULL),
(1050, '0028', 1, 210, '20160224_003', 0, NULL, NULL),
(1051, '0101', 1, 205, '20160223_001', 0, NULL, NULL),
(1052, '0072', 1, 225, '20160223_002', 0, NULL, NULL),
(1053, '0030', 1, 200, '20160223_003', 0, NULL, NULL),
(1054, '0030', 1, 200, '20160223_004', 0, NULL, NULL),
(1055, '0125', 1, 240, '20160222_001', 0, NULL, NULL),
(1056, '0080', 1, 225, '20160222_002', 0, NULL, NULL),
(1057, '0106', 1, 200, '20160221_001', 0, NULL, NULL),
(1058, '0032', 1, 250, '20160221_002', 0, NULL, NULL),
(1059, '0086', 1, 230, '20160221_003', 0, NULL, NULL),
(1060, '0087', 1, 215, '20160220_001', 0, NULL, NULL),
(1061, '0093', 1, 235, '20160220_002', 0, NULL, NULL),
(1062, '0081', 1, 235, '20160220_002', 0, NULL, NULL),
(1063, '0067', 1, 245, '20160220_003', 0, NULL, NULL),
(1064, '0088', 1, 230, '20160220_004', 0, NULL, NULL),
(1065, '0081', 1, 235, '20160219_001', 0, NULL, NULL),
(1066, '0141', 1, 235, '20160219_001', 0, NULL, NULL),
(1067, '0134', 1, 225, '20160219_002', 0, NULL, NULL),
(1068, '0134', 1, 225, '20160219_002', 0, NULL, NULL),
(1069, '0090', 1, 210, '20160219_002', 0, NULL, NULL),
(1070, '0135', 2, 215, '20160219_003', 0, NULL, NULL),
(1071, '0073', 1, 270, '20160217_001', 0, NULL, NULL),
(1072, '0033', 1, 205, '20160224_004', 0, NULL, NULL),
(1073, '0080', 1, 225, '20160225_001', 0, NULL, NULL),
(1074, '0072', 1, 225, '20160225_001', 0, NULL, NULL),
(1075, '0099', 1, 220, '20160225_002', 0, NULL, NULL),
(1076, '0106', 1, 200, '20160225_003', 0, NULL, NULL),
(1077, '0030', 1, 200, '20160226_001', 0, NULL, NULL),
(1078, '0085', 1, 220, '20160226_002', 0, NULL, NULL),
(1079, '0046', 1, 210, '20160226_002', 0, NULL, NULL),
(1080, '0101', 1, 205, '20160226_003', 0, NULL, NULL),
(1081, '0067', 1, 245, '20160226_003', 0, NULL, NULL),
(1082, '0104', 1, 220, '20160226_004', 1, '2016-02-28 20:55:52', ''),
(1083, '0100', 1, 205, '20160226_005', 0, NULL, NULL),
(1084, '0065', 1, 205, '20160226_005', 0, NULL, NULL),
(1085, '0076', 1, 205, '20160228_001', 0, NULL, NULL),
(1086, '0019', 1, 200, '20160228_002', 0, NULL, NULL),
(1091, '0024', 1, 245, '20160227_001', 0, NULL, NULL),
(1092, '0083', 1, 155, '20160227_001', 0, NULL, NULL),
(1093, '0097', 1, 205, '20160227_002', 0, NULL, NULL),
(1094, '0141', 1, 235, '20160227_002', 0, NULL, NULL),
(1095, '0142', 1, 245, '20160228_003', 0, NULL, NULL),
(1096, '0032', 1, 250, '20160228_004', 0, NULL, NULL),
(1097, '0081', 1, 235, '20160228_005', 0, NULL, NULL),
(1098, '0035', 1, 225, '20160228_006', 0, NULL, NULL),
(1099, '0141', 1, 235, '20160228_007', 0, NULL, NULL),
(1100, '0071', 1, 210, '20160228_007', 0, NULL, NULL),
(1101, '0083', 1, 220, '20160216_001', 0, NULL, NULL),
(1102, '0025', 1, 330, '20160216_001', 0, NULL, NULL),
(1103, '0081', 1, 230, '20160216_002', 0, NULL, NULL),
(1104, '0093', 1, 190, '20160216_003', 0, NULL, NULL),
(1105, '0101', 1, 190, '20160216_004', 0, NULL, NULL),
(1106, '0107', 1, 250, '20160216_005', 0, NULL, NULL),
(1107, '0030', 1, 190, '20160216_006', 0, NULL, NULL),
(1108, '0091', 1, 270, '20160229_001', 0, NULL, NULL),
(1109, '0011', 1, 230, '20160229_002', 0, NULL, NULL),
(1110, '0101', 1, 205, '20160229_003', 0, NULL, NULL),
(1111, '0085', 1, 220, '20160229_004', 0, NULL, NULL),
(1112, '0107', 1, 245, '20160229_004', 0, NULL, NULL),
(1113, '0004', 1, 450, '20160229_005', 0, NULL, NULL),
(1114, '0139', 1, 100, '20160216_007', 0, NULL, NULL),
(1115, '0090', 1, 240, '20160229_006', 0, NULL, NULL),
(1116, '0032', 1, 250, '20160229_007', 0, NULL, NULL),
(1117, '0071', 1, 210, '20160301_001', 0, NULL, NULL),
(1118, '0141', 1, 230, '20160301_001', 0, NULL, NULL),
(1119, '0134', 1, 240, '20160304_001', 0, NULL, NULL),
(1120, '0141', 1, 235, '20160304_002', 0, NULL, NULL),
(1121, '0081', 1, 235, '20160304_003', 0, NULL, NULL),
(1122, '0079', 1, 245, '20160304_003', 0, NULL, NULL),
(1123, '0135', 1, 225, '20160304_004', 0, NULL, NULL),
(1124, '0019', 1, 200, '20160304_005', 0, NULL, NULL),
(1125, '0075', 1, 200, '20160304_005', 0, NULL, NULL),
(1126, '0055', 1, 250, '20160304_006', 0, NULL, NULL),
(1127, '0018', 1, 200, '20160304_007', 0, NULL, NULL),
(1128, '0030', 1, 200, '20160304_008', 0, NULL, NULL),
(1129, '0089', 1, 230, '20160305_001', 0, NULL, NULL),
(1130, '0048', 1, 250, '20160305_002', 0, NULL, NULL),
(1131, '0055', 1, 250, '20160307_001', 0, NULL, NULL),
(1132, '0083', 1, 150, '20160307_002', 0, NULL, NULL),
(1133, '0083', 1, 150, '20160307_003', 0, NULL, NULL),
(1134, '0084', 1, 200, '20160307_003', 0, NULL, NULL),
(1135, '0090', 1, 230, '20160307_004', 0, NULL, NULL),
(1136, '0038', 1, 225, '20160307_005', 0, NULL, NULL),
(1137, '0079', 1, 220, '20160307_006', 0, NULL, NULL),
(1138, '0106', 1, 205, '20160307_007', 0, NULL, NULL),
(1139, '0138', 1, 205, '20160308_001', 0, NULL, NULL),
(1140, '0081', 1, 235, '20160308_002', 1, '2016-03-11 15:49:07', ''),
(1141, '0107', 1, 245, '20160308_003', 0, NULL, NULL),
(1142, '0048', 1, 245, '20160308_003', 0, NULL, NULL),
(1143, '0081', 1, 235, '20160308_004', 0, NULL, NULL),
(1144, '0017', 1, 240, '20160308_005', 1, '2016-04-18 18:26:11', ''),
(1145, '0097', 1, 200, '20160308_006', 0, NULL, NULL),
(1146, '0027', 1, 200, '20160308_007', 0, NULL, NULL),
(1147, '0084', 1, 200, '20160309_001', 0, NULL, NULL),
(1148, '0019', 1, 200, '20160309_002', 0, NULL, NULL),
(1149, '0097', 1, 195, '20160309_003', 0, NULL, NULL),
(1150, '0101', 1, 195, '20160309_003', 0, NULL, NULL),
(1151, '0135', 1, 225, '20160309_004', 0, NULL, NULL),
(1152, '0030', 1, 200, '20160310_001', 0, NULL, NULL),
(1153, '0086', 1, 230, '20160310_001', 0, NULL, NULL),
(1154, '0072', 1, 220, '20160310_002', 0, NULL, NULL),
(1155, '0025', 1, 220, '20160310_003', 0, NULL, NULL),
(1156, '0036', 1, 220, '20160310_003', 1, '2016-04-20 20:01:22', ''),
(1157, '0146', 1, 235, '20160311_001', 0, NULL, NULL),
(1158, '0148', 1, 300, '20160311_002', 0, NULL, NULL),
(1159, '0142', 1, 245, '20160311_003', 0, NULL, NULL),
(1160, '0146', 1, 300, '20160312_001', 0, NULL, NULL),
(1161, '0149', 1, 300, '20160312_002', 0, NULL, NULL),
(1162, '0091', 1, 265, '20160312_003', 0, NULL, NULL),
(1163, '0071', 1, 210, '20160313_001', 0, NULL, NULL),
(1164, '0099', 1, 220, '20160314_001', 0, NULL, NULL),
(1165, '0086', 1, 235, '20160314_002', 0, NULL, NULL),
(1166, '0093', 1, 235, '20160315_001', 0, NULL, NULL),
(1167, '0106', 1, 200, '20160315_002', 0, NULL, NULL),
(1168, '0018', 1, 200, '20160315_002', 0, NULL, NULL),
(1169, '0045', 1, 220, '20160315_003', 0, NULL, NULL),
(1170, '0099', 1, 220, '20160315_004', 0, NULL, NULL),
(1171, '0031', 1, 250, '20160315_005', 0, NULL, NULL),
(1172, '0010', 1, 225, '20160315_006', 0, NULL, NULL),
(1173, '0138', 1, 200, '20160316_001', 0, NULL, NULL),
(1174, '0084', 1, 200, '20160317_001', 0, NULL, NULL),
(1175, '0076', 1, 200, '20160317_002', 0, NULL, NULL),
(1176, '0138', 1, 200, '20160317_002', 0, NULL, NULL),
(1177, '0030', 1, 200, '20160317_003', 0, NULL, NULL),
(1178, '0155', 1, 320, '20160318_001', 0, NULL, NULL),
(1179, '0054', 1, 230, '20160319_001', 0, NULL, NULL),
(1180, '0023', 1, 250, '20160319_002', 0, NULL, NULL),
(1183, '0156', 1, 285, '20160319_003', 0, NULL, NULL),
(1184, '0138', 1, 200, '20160319_004', 0, NULL, NULL),
(1185, '0074', 1, 250, '20160318_002', 0, NULL, NULL),
(1186, '0039', 1, 200, '20160318_003', 0, NULL, NULL),
(1187, '0035', 1, 220, '20160318_004', 0, NULL, NULL),
(1188, '0154', 1, 285, '20160320_001', 0, NULL, NULL),
(1189, '0055', 1, 250, '20160320_002', 0, NULL, NULL),
(1190, '0056', 1, 250, '20160320_002', 0, NULL, NULL),
(1192, '0146', 1, 310, '20160320_004', 1, '2016-03-28 20:13:54', ''),
(1193, '0090', 1, 235, '20160320_005', 0, NULL, NULL),
(1194, '0154', 1, 280, '20160320_006', 0, NULL, NULL),
(1195, '0072', 1, 225, '20160320_007', 0, NULL, NULL),
(1196, '0032', 1, 250, '20160320_007', 0, NULL, NULL),
(1197, '0149', 1, 310, '20160320_008', 0, NULL, NULL),
(1198, '0105', 1, 225, '20160320_008', 0, NULL, NULL),
(1199, '0141', 1, 225, '20160320_008', 0, NULL, NULL),
(1200, '0156', 1, 280, '20160320_009', 0, NULL, NULL),
(1201, '0019', 1, 200, '20160320_010', 0, NULL, NULL),
(1202, '0030', 1, 200, '20160320_011', 0, NULL, NULL),
(1203, '0155', 1, 330, '20160320_011', 0, NULL, NULL),
(1204, '0090', 1, 270, '20160321_001', 0, NULL, NULL),
(1205, '0152', 1, 315, '20160321_002', 1, '2016-03-28 20:17:00', ''),
(1206, '0155', 1, 330, '20160321_003', 0, NULL, NULL),
(1207, '0150', 1, 300, '20160321_004', 0, NULL, NULL),
(1208, '0054', 1, 230, '20160321_005', 0, NULL, NULL),
(1209, '0138', 1, 200, '20160321_006', 0, NULL, NULL),
(1210, '0145', 1, 300, '20160321_007', 0, NULL, NULL),
(1211, '0030', 1, 200, '20160322_001', 0, NULL, NULL),
(1212, '0150', 1, 300, '20160322_002', 0, NULL, NULL),
(1213, '0155', 1, 255, '20160323_001', 0, NULL, NULL),
(1214, '0153', 1, 280, '20160323_002', 0, NULL, NULL),
(1215, '0056', 1, 250, '20160323_003', 0, NULL, NULL),
(1216, '0049', 1, 210, '20160323_004', 0, NULL, NULL),
(1217, '0155', 1, 330, '20160323_005', 0, NULL, NULL),
(1218, '0023', 1, 250, '20160323_006', 1, '2016-03-24 18:27:24', ''),
(1219, '0055', 1, 250, '20160323_007', 0, NULL, NULL),
(1220, '0153', 1, 280, '20160324_001', 0, NULL, NULL),
(1221, '0153', 1, 280, '20160325_001', 1, '2016-03-28 20:18:39', ''),
(1222, '0141', 1, 230, '20160325_002', 0, NULL, NULL),
(1223, '0157', 1, 270, '20160325_003', 0, NULL, NULL),
(1224, '0100', 1, 205, '20160325_004', 0, NULL, NULL),
(1225, '0145', 1, 300, '20160325_005', 0, NULL, NULL),
(1226, '0033', 1, 200, '20160326_001', 0, NULL, NULL),
(1227, '0142', 1, 240, '20160326_001', 0, NULL, NULL),
(1228, '0153', 2, 255, '20160327_001', 0, NULL, NULL),
(1229, '0157', 1, 270, '20160327_001', 0, NULL, NULL),
(1230, '0142', 1, 245, '20160327_002', 0, NULL, NULL),
(1231, '0145', 1, 300, '20160327_002', 0, NULL, NULL),
(1234, '0100', 1, 200, '20160327_003', 0, NULL, NULL),
(1235, '0056', 1, 250, '20160327_003', 0, NULL, NULL),
(1236, '0151', 1, 310, '20160328_001', 0, NULL, NULL),
(1237, '0156', 1, 315, '20160328_002', 0, NULL, NULL),
(1238, '0154', 1, 280, '20160328_003', 0, NULL, NULL),
(1239, '0142', 1, 0, '20160328_004', 0, NULL, NULL),
(1240, '0158', 1, 285, '20160328_005', 0, NULL, NULL),
(1241, '0155', 1, 330, '20160329_001', 0, NULL, NULL),
(1242, '0159', 1, 300, '20160330_001', 0, NULL, NULL),
(1243, '0142', 1, 245, '20160330_002', 0, NULL, NULL),
(1244, '0157', 1, 260, '20160330_003', 0, NULL, NULL),
(1245, '0075', 1, 200, '20160330_004', 0, NULL, NULL),
(1246, '0138', 1, 200, '20160330_004', 0, NULL, NULL),
(1247, '0084', 1, 200, '20160330_005', 0, NULL, NULL),
(1248, '0072', 1, 255, '20160331_001', 0, NULL, NULL),
(1249, '0090', 1, 235, '20160331_002', 0, NULL, NULL),
(1250, '0090', 1, 235, '20160331_003', 1, '2016-04-11 19:33:21', ''),
(1251, '0105', 1, 230, '20160331_004', 1, '2016-04-01 18:58:23', ''),
(1252, '0101', 1, 200, '20160331_004', 0, NULL, NULL),
(1253, '0076', 1, 200, '20160331_004', 0, NULL, NULL),
(1254, '0090', 1, 230, '20160331_005', 0, NULL, NULL),
(1255, '0097', 1, 200, '20160331_006', 0, NULL, NULL),
(1256, '0038', 1, 220, '20160401_001', 0, NULL, NULL),
(1257, '0147', 1, 310, '20160401_002', 0, NULL, NULL),
(1258, '0157', 1, 270, '20160401_003', 0, NULL, NULL),
(1259, '0081', 1, 235, '20160402_001', 0, NULL, NULL),
(1260, '0125', 1, 250, '20160403_001', 0, NULL, NULL),
(1261, '0134', 1, 240, '20160403_002', 0, NULL, NULL),
(1262, '0080', 1, 220, '20160403_002', 0, NULL, NULL),
(1263, '0156', 1, 288, '20160404_001', 0, NULL, NULL),
(1264, '0086', 1, 300, '20160405_001', 0, NULL, NULL),
(1265, '0050', 1, 255, '20160405_002', 0, NULL, NULL),
(1266, '0039', 1, 260, '20160405_003', 0, NULL, NULL),
(1267, '0084', 1, 200, '20160405_004', 0, NULL, NULL),
(1268, '0148', 1, 314, '20160405_005', 0, NULL, NULL),
(1269, '0030', 1, 200, '20160405_006', 0, NULL, NULL),
(1270, '0090', 1, 235, '20160405_007', 0, NULL, NULL),
(1271, '0134', 1, 240, '20160406_001', 0, NULL, NULL),
(1272, '0153', 1, 285, '20160406_002', 0, NULL, NULL),
(1273, '0090', 1, 240, '20160406_003', 0, NULL, NULL),
(1274, '0146', 1, 275, '20160407_001', 0, NULL, NULL),
(1275, '0154', 1, 280, '20160407_002', 0, NULL, NULL),
(1276, '0023', 1, 250, '20160409_001', 0, NULL, NULL),
(1277, '0099', 1, 250, '20160409_002', 0, NULL, NULL),
(1278, '0099', 1, 230, '20160409_003', 0, NULL, NULL),
(1279, '0155', 1, 330, '20160409_004', 0, NULL, NULL),
(1280, '0030', 1, 190, '20160409_005', 0, NULL, NULL),
(1281, '0141', 1, 235, '20160409_006', 0, NULL, NULL),
(1282, '0164', 1, 350, '20160409_007', 0, NULL, NULL),
(1283, '0074', 1, 265, '20160409_008', 0, NULL, NULL),
(1284, '0029', 1, 235, '20160410_001', 0, NULL, NULL),
(1285, '0056', 1, 250, '20160410_002', 0, NULL, NULL),
(1286, '0146', 1, 310, '20160410_003', 0, NULL, NULL),
(1287, '0162', 1, 340, '20160410_004', 0, NULL, NULL),
(1288, '0030', 1, 200, '20160410_005', 0, NULL, NULL),
(1289, '0033', 1, 205, '20160410_006', 0, NULL, NULL),
(1290, '0162', 1, 340, '20160411_001', 0, NULL, NULL),
(1291, '0040', 1, 235, '20160411_002', 0, NULL, NULL),
(1292, '0025', 1, 240, '20160411_003', 0, NULL, NULL),
(1293, '0031', 1, 250, '20160411_004', 0, NULL, NULL),
(1294, '0159', 1, 315, '20160411_005', 0, NULL, NULL),
(1295, '0049', 1, 210, '20160411_006', 0, NULL, NULL),
(1296, '0167', 1, 270, '20160412_001', 0, NULL, NULL),
(1297, '0163', 1, 330, '20160412_002', 0, NULL, NULL),
(1298, '0053', 1, 240, '20160413_001', 0, NULL, NULL),
(1299, '0079', 1, 280, '20160413_002', 0, NULL, NULL),
(1300, '0162', 1, 310, '20160413_003', 0, NULL, NULL),
(1301, '0154', 1, 280, '20160413_004', 0, NULL, NULL),
(1302, '0154', 1, 280, '20160413_005', 0, NULL, NULL),
(1303, '0157', 1, 270, '20160413_006', 0, NULL, NULL),
(1304, '0162', 1, 310, '20160413_007', 0, NULL, NULL),
(1305, '0154', 1, 285, '20160414_001', 0, NULL, NULL),
(1306, '0163', 1, 320, '20160414_002', 0, NULL, NULL),
(1307, '0004', 1, 580, '20160414_003', 0, NULL, NULL),
(1308, '0145', 1, 250, '20160415_001', 0, NULL, NULL),
(1309, '0153', 1, 285, '20160415_002', 0, NULL, NULL),
(1310, '0159', 1, 310, '20160416_001', 0, NULL, NULL),
(1311, '0099', 1, 230, '20160416_002', 0, NULL, NULL),
(1312, '0142', 1, 240, '20160416_003', 0, NULL, NULL),
(1313, '0164', 1, 350, '20160416_004', 0, NULL, NULL),
(1315, '0016', 1, 240, '20160418_002', 0, NULL, NULL),
(1316, '0162', 1, 340, '20160416_005', 0, NULL, NULL),
(1317, '0155', 1, 330, '20160417_001', 0, NULL, NULL),
(1318, '0162', 1, 300, '20160417_002', 0, NULL, NULL),
(1319, '0156', 1, 285, '20160418_003', 0, NULL, NULL),
(1320, '0076', 1, 200, '20160418_004', 0, NULL, NULL),
(1321, '0160', 1, 355, '20160418_005', 0, NULL, NULL),
(1322, '0151', 1, 275, '20160418_006', 0, NULL, NULL),
(1323, '0035', 1, 240, '20160418_007', 0, NULL, NULL),
(1324, '0158', 1, 280, '20160418_008', 0, NULL, NULL),
(1325, '0161', 1, 320, '20160418_009', 0, NULL, NULL),
(1326, '0158', 1, 285, '20160419_001', 0, NULL, NULL),
(1327, '0032', 1, 250, '20160419_002', 0, NULL, NULL),
(1328, '0160', 1, 350, '20160419_003', 0, NULL, NULL),
(1329, '0156', 1, 250, '20160420_001', 0, NULL, NULL),
(1330, '0105', 1, 220, '20160420_002', 0, NULL, NULL),
(1331, '0035', 1, 225, '20160422_001', 0, NULL, NULL),
(1332, '0088', 1, 230, '20160422_002', 0, NULL, NULL),
(1333, '0027', 1, 200, '20160422_003', 0, NULL, NULL),
(1334, '0054', 1, 230, '20160422_004', 0, NULL, NULL),
(1335, '0160', 1, 355, '20160423_001', 0, NULL, NULL),
(1336, '0090', 1, 240, '20160423_002', 0, NULL, NULL),
(1337, '0142', 1, 245, '20160423_003', 0, NULL, NULL),
(1338, '0171', 1, 230, '20160423_004', 0, NULL, NULL),
(1339, '0155', 1, 330, '20160424_001', 0, NULL, NULL),
(1340, '0161', 1, 325, '20160425_001', 0, NULL, NULL),
(1341, '0154', 1, 280, '20160425_002', 0, NULL, NULL),
(1342, '0174', 1, 100, '20160427_001', 0, NULL, NULL),
(1343, '0162', 1, 300, '20160428_001', 0, NULL, NULL),
(1344, '0089', 1, 230, '20160428_001', 0, NULL, NULL),
(1345, '0097', 1, 200, '20160428_002', 0, NULL, NULL),
(1346, '0198', 1, 190, '20160428_002', 0, NULL, NULL),
(1347, '0181', 1, 140, '20160428_003', 0, NULL, NULL),
(1348, '0181', 1, 160, '20160428_004', 0, NULL, NULL),
(1349, '0189', 1, 160, '20160428_004', 1, '2016-05-04 19:17:33', ''),
(1350, '0090', 1, 240, '20160428_005', 0, NULL, NULL),
(1351, '0180', 2, 125, '20160428_006', 0, NULL, NULL),
(1352, '0153', 1, 270, '20160429_001', 0, NULL, NULL),
(1353, '0162', 1, 310, '20160429_002', 0, NULL, NULL),
(1354, '0178', 1, 110, '20160429_003', 0, NULL, NULL),
(1355, '0189', 1, 140, '20160429_003', 0, NULL, NULL),
(1356, '0186', 1, 210, '20160429_003', 1, '2016-05-24 13:23:48', ''),
(1357, '0181', 1, 140, '20160429_003', 0, NULL, NULL),
(1358, '0081', 1, 235, '20160429_004', 0, NULL, NULL),
(1359, '0162', 1, 320, '20160429_005', 0, NULL, NULL),
(1360, '0142', 1, 245, '20160429_006', 0, NULL, NULL),
(1361, '0200', 1, 180, '20160429_007', 0, NULL, NULL),
(1362, '0198', 1, 190, '20160429_007', 0, NULL, NULL),
(1363, '0202', 1, 260, '20160429_007', 0, NULL, NULL),
(1364, '0175', 1, 200, '20160429_007', 0, NULL, NULL),
(1365, '0194', 1, 260, '20160429_007', 0, NULL, NULL),
(1366, '0089', 1, 230, '20160429_007', 0, NULL, NULL),
(1367, '0162', 1, 310, '20160429_008', 0, NULL, NULL),
(1368, '0146', 1, 290, '20160429_009', 0, NULL, NULL),
(1369, '0027', 1, 200, '20160429_009', 0, NULL, NULL),
(1370, '0224', 1, 110, '20160429_010', 0, NULL, NULL),
(1371, '0167', 1, 250, '20160429_011', 0, NULL, NULL),
(1372, '0177', 1, 230, '20160430_001', 0, NULL, NULL),
(1373, '0178', 1, 125, '20160430_001', 0, NULL, NULL),
(1374, '0206', 1, 325, '20160430_002', 0, NULL, NULL),
(1375, '0084', 1, 200, '20160430_003', 0, NULL, NULL),
(1376, '0145', 1, 300, '20160430_003', 0, NULL, NULL),
(1377, '0142', 1, 240, '20160430_004', 0, NULL, NULL),
(1378, '0164', 1, 310, '20160430_004', 0, NULL, NULL),
(1379, '0226', 1, 300, '20160430_005', 0, NULL, NULL),
(1380, '0176', 1, 200, '20160430_005', 0, NULL, NULL),
(1381, '0200', 1, 190, '20160430_005', 0, NULL, NULL),
(1382, '0157', 1, 240, '20160430_005', 0, NULL, NULL),
(1383, '0142', 1, 240, '20160430_006', 0, NULL, NULL),
(1384, '0180', 1, 110, '20160430_006', 0, NULL, NULL),
(1385, '0180', 1, 110, '20160430_006', 0, NULL, NULL),
(1386, '0033', 1, 200, '20160430_006', 0, NULL, NULL),
(1387, '0206', 1, 260, '20160430_006', 0, NULL, NULL),
(1388, '0181', 1, 140, '20160430_006', 0, NULL, NULL),
(1389, '0205', 1, 290, '20160430_007', 0, NULL, NULL),
(1390, '0220', 1, 130, '20160430_008', 0, NULL, NULL),
(1391, '0230', 1, 270, '20160501_001', 0, NULL, NULL),
(1392, '0163', 1, 310, '20160501_001', 0, NULL, NULL),
(1393, '0209', 1, 200, '20160501_002', 0, NULL, NULL),
(1394, '0228', 1, 255, '20160503_001', 0, NULL, NULL),
(1395, '0180', 1, 125, '20160503_002', 0, NULL, NULL),
(1396, '0164', 1, 335, '20160503_003', 0, NULL, NULL),
(1397, '0027', 1, 200, '20160504_001', 0, NULL, NULL),
(1398, '0027', 1, 200, '20160504_002', 0, NULL, NULL),
(1399, '0227', 1, 290, '20160507_001', 0, NULL, NULL),
(1400, '0020', 1, 290, '20160507_002', 0, NULL, NULL),
(1401, '0229', 1, 240, '20160507_003', 0, NULL, NULL),
(1402, '0234', 1, 220, '20160507_004', 0, NULL, NULL),
(1403, '0229', 1, 255, '20160507_004', 0, NULL, NULL),
(1404, '0231', 1, 135, '20160507_005', 0, NULL, NULL),
(1405, '0200', 1, 190, '20160507_006', 0, NULL, NULL),
(1406, '0215', 1, 279, '20160507_007', 0, NULL, NULL),
(1407, '0160', 1, 315, '20160507_008', 0, NULL, NULL),
(1408, '0163', 1, 310, '20160508_001', 0, NULL, NULL),
(1409, '0227', 1, 290, '20160508_002', 0, NULL, NULL),
(1410, '0231', 1, 130, '20160508_003', 0, NULL, NULL),
(1411, '0162', 1, 300, '20160508_004', 0, NULL, NULL),
(1412, '0159', 1, 280, '20160508_004', 0, NULL, NULL),
(1413, '0189', 1, 170, '20160508_005', 0, NULL, NULL),
(1414, '0189', 1, 170, '20160508_005', 0, NULL, NULL),
(1415, '0235', 1, 230, '20160508_005', 0, NULL, NULL),
(1416, '0206', 1, 280, '20160508_005', 0, NULL, NULL),
(1417, '0167', 1, 220, '20160509_001', 0, NULL, NULL),
(1418, '0163', 1, 310, '20160509_002', 0, NULL, NULL),
(1419, '0238', 1, 212, '20160509_003', 0, NULL, NULL),
(1420, '0178', 1, 128, '20160509_003', 0, NULL, NULL),
(1421, '0163', 1, 310, '20160509_003', 0, NULL, NULL),
(1422, '0134', 1, 240, '20160509_004', 0, NULL, NULL),
(1423, '0240', 1, 150, '20160510_001', 0, NULL, NULL),
(1424, '0167', 1, 270, '20160510_002', 0, NULL, NULL),
(1425, '0224', 1, 150, '20160511_001', 0, NULL, NULL),
(1426, '0224', 1, 150, '20160511_001', 0, NULL, NULL),
(1427, '0220', 1, 200, '20160511_001', 0, NULL, NULL),
(1428, '0187', 1, 195, '20160511_002', 0, NULL, NULL),
(1429, '0241', 1, 115, '20160511_002', 0, NULL, NULL),
(1430, '0234', 1, 220, '20160511_003', 0, NULL, NULL),
(1431, '0180', 1, 130, '20160511_003', 0, NULL, NULL),
(1432, '0234', 1, 230, '20160512_001', 0, NULL, NULL),
(1433, '0197', 1, 285, '20160512_001', 0, NULL, NULL),
(1434, '0160', 1, 335, '20160512_001', 0, NULL, NULL),
(1435, '0057', 1, 290, '20160512_002', 0, NULL, NULL),
(1436, '0057', 1, 290, '20160512_002', 0, NULL, NULL),
(1437, '0214', 1, 270, '20160512_003', 0, NULL, NULL),
(1438, '0167', 1, 270, '20160512_004', 0, NULL, NULL),
(1439, '0205', 1, 340, '20160513_001', 0, NULL, NULL),
(1440, '0241', 1, 130, '20160513_002', 1, '2016-06-01 14:17:59', ''),
(1441, '0241', 1, 130, '20160513_002', 1, '2016-06-01 14:17:59', ''),
(1442, '0053', 1, 175, '20160513_003', 0, NULL, NULL),
(1443, '0073', 1, 260, '20160513_004', 0, NULL, NULL),
(1444, '0230', 1, 295, '20160514_001', 0, NULL, NULL),
(1445, '0166', 1, 290, '20160514_002', 0, NULL, NULL),
(1446, '0169', 1, 280, '20160515_001', 0, NULL, NULL),
(1447, '0026', 1, 200, '20160515_002', 0, NULL, NULL),
(1448, '0155', 1, 300, '20160515_003', 0, NULL, NULL),
(1449, '0187', 1, 180, '20160515_004', 0, NULL, NULL),
(1450, '0163', 1, 320, '20160516_001', 0, NULL, NULL),
(1451, '0233', 1, 250, '20160516_002', 0, NULL, NULL),
(1452, '0241', 1, 115, '20160516_003', 0, NULL, NULL),
(1453, '0241', 1, 115, '20160516_003', 0, NULL, NULL),
(1454, '0182', 1, 140, '20160516_004', 0, NULL, NULL),
(1455, '0181', 1, 180, '20160516_004', 0, NULL, NULL),
(1456, '0135', 1, 160, '20160516_005', 0, NULL, NULL),
(1457, '0135', 1, 200, '20160516_005', 0, NULL, NULL),
(1458, '0074', 1, 250, '20160516_006', 0, NULL, NULL),
(1459, '0105', 1, 230, '20160516_007', 0, NULL, NULL),
(1460, '0167', 1, 270, '20160517_001', 0, NULL, NULL),
(1461, '0235', 1, 270, '20160517_002', 0, NULL, NULL),
(1462, '0180', 1, 130, '20160517_003', 0, NULL, NULL),
(1463, '0185', 1, 210, '20160518_001', 0, NULL, NULL),
(1464, '0246', 1, 400, '20160518_002', 0, NULL, NULL),
(1465, '0011', 1, 230, '20160519_001', 0, NULL, NULL),
(1466, '0180', 2, 130, '20160519_002', 0, NULL, NULL),
(1467, '0153', 1, 285, '20160519_003', 0, NULL, NULL),
(1468, '0214', 1, 270, '20160519_004', 0, NULL, NULL),
(1469, '0181', 1, 180, '20160519_005', 1, '2016-05-20 21:04:26', ''),
(1470, '0142', 1, 220, '20160520_001', 0, NULL, NULL),
(1471, '0090', 1, 220, '20160520_001', 0, NULL, NULL),
(1472, '0188', 1, 220, '20160520_002', 0, NULL, NULL),
(1473, '0248', 1, 220, '20160520_002', 0, NULL, NULL),
(1474, '0093', 1, 235, '20160520_003', 0, NULL, NULL),
(1475, '0076', 1, 195, '20160520_004', 0, NULL, NULL),
(1476, '0029', 1, 185, '20160520_004', 0, NULL, NULL),
(1477, '0220', 1, 180, '20160520_005', 0, NULL, NULL),
(1478, '0181', 1, 170, '20160523_001', 0, NULL, NULL),
(1479, '0025', 1, 245, '20160523_002', 0, NULL, NULL),
(1480, '0249', 1, 295, '20160523_003', 0, NULL, NULL),
(1481, '0154', 1, 285, '20160523_003', 0, NULL, NULL),
(1482, '0255', 1, 210, '20160524_001', 0, NULL, NULL),
(1483, '0249', 1, 250, '20160524_001', 0, NULL, NULL),
(1484, '0229', 1, 270, '20160524_002', 0, NULL, NULL),
(1485, '0135', 1, 320, '20160524_003', 0, NULL, NULL),
(1486, '0231', 1, 120, '20160524_004', 0, NULL, NULL),
(1487, '0219', 1, 200, '20160525_001', 0, NULL, NULL),
(1488, '0090', 1, 240, '20160526_001', 0, NULL, NULL),
(1489, '0254', 1, 130, '20160527_001', 0, NULL, NULL),
(1490, '0165', 1, 330, '20160527_002', 0, NULL, NULL),
(1491, '0219', 1, 180, '20160527_003', 0, NULL, NULL),
(1492, '0233', 1, 240, '20160528_001', 0, NULL, NULL),
(1493, '0153', 1, 285, '20160529_001', 0, NULL, NULL),
(1494, '0241', 1, 90, '20160529_002', 0, NULL, NULL),
(1495, '0231', 1, 120, '20160529_003', 0, NULL, NULL),
(1496, '0226', 1, 300, '20160529_003', 0, NULL, NULL),
(1497, '0159', 1, 280, '20160529_003', 0, NULL, NULL),
(1503, '0184', 1, 130, '20160529_005', 0, NULL, NULL),
(1504, '0156', 1, 285, '20160530_001', 0, NULL, NULL),
(1505, '0030', 1, 200, '20160530_002', 0, NULL, NULL),
(1506, '0039', 1, 200, '20160530_002', 1, '2016-06-01 16:52:00', 'hoài đức hà nội '),
(1507, '0157', 1, 220, '20160529_006', 0, NULL, NULL),
(1508, '0220', 1, 140, '20160529_006', 0, NULL, NULL),
(1509, '0227', 1, 300, '20160530_003', 0, NULL, NULL),
(1510, '0187', 1, 170, '20160530_004', 0, NULL, NULL),
(1513, '0264', 1, 290, '20160531_001', 0, NULL, NULL),
(1514, '0243', 1, 340, '20160531_002', 0, NULL, NULL),
(1515, '0159', 1, 270, '20160531_003', 0, NULL, NULL),
(1516, '0266', 1, 270, '20160601_001', 0, NULL, NULL),
(1517, '0266', 1, 260, '20160601_002', 0, NULL, NULL),
(1518, '0246', 1, 350, '20160601_003', 0, NULL, NULL),
(1519, '0218', 1, 150, '20160601_004', 0, NULL, NULL),
(1520, '0218', 1, 150, '20160601_004', 0, NULL, NULL),
(1521, '0250', 1, 300, '20160601_005', 0, NULL, NULL),
(1522, '0249', 1, 290, '20160601_006', 0, NULL, NULL),
(1523, '0226', 1, 340, '20160601_006', 0, NULL, NULL),
(1524, '0264', 1, 265, '20160602_001', 0, NULL, NULL),
(1525, '0149', 1, 300, '20160603_001', 0, NULL, NULL),
(1526, '0264', 1, 265, '20160604_001', 0, NULL, NULL),
(1527, '0158', 1, 290, '20160604_002', 0, NULL, NULL),
(1528, '0048', 1, 240, '20160604_003', 0, NULL, NULL),
(1529, '0198', 1, 190, '20160604_004', 0, NULL, NULL),
(1530, '0257', 1, 100, '20160604_004', 0, NULL, NULL),
(1531, '0266', 1, 190, '20160604_004', 0, NULL, NULL),
(1532, '0241', 1, 105, '20160605_001', 0, NULL, NULL),
(1533, '0229', 1, 210, '20160605_002', 0, NULL, NULL),
(1534, '0169', 1, 220, '20160605_002', 0, NULL, NULL),
(1535, '0167', 1, 210, '20160605_002', 0, NULL, NULL),
(1536, '0269', 1, 250, '20160605_003', 0, NULL, NULL),
(1537, '0159', 1, 280, '20160605_004', 0, NULL, NULL),
(1538, '0017', 1, 245, '20160606_001', 0, NULL, NULL),
(1539, '0256', 1, 250, '20160606_002', 0, NULL, NULL),
(1540, '0244', 1, 105, '20160606_003', 0, NULL, NULL),
(1541, '0259', 1, 220, '20160606_004', 0, NULL, NULL),
(1542, '0241', 1, 100, '20160606_005', 0, NULL, NULL),
(1543, '0150', 1, 290, '20160607_001', 0, NULL, NULL),
(1546, '0167', 1, 270, '20160607_003', 0, NULL, NULL),
(1547, '0169', 1, 245, '20160607_004', 0, NULL, NULL),
(1548, '0177', 1, 240, '20160607_004', 0, NULL, NULL),
(1551, '0169', 1, 300, '20160608_002', 0, NULL, NULL),
(1552, '0270', 1, 285, '20160608_003', 0, NULL, NULL),
(1553, '0250', 1, 300, '20160608_004', 0, NULL, NULL),
(1554, '0197', 1, 300, '20160609_001', 0, NULL, NULL),
(1555, '0241', 1, 100, '20160609_001', 0, NULL, NULL),
(1556, '0228', 1, 210, '20160609_002', 0, NULL, NULL),
(1557, '0247', 1, 380, '20160609_003', 0, NULL, NULL),
(1558, '0269', 1, 280, '20160611_001', 0, NULL, NULL),
(1559, '0227', 1, 260, '20160611_002', 0, NULL, NULL),
(1560, '0249', 1, 240, '20160611_002', 0, NULL, NULL),
(1561, '0192', 1, 290, '20160612_001', 0, NULL, NULL),
(1564, '0267', 1, 200, '20160613_001', 0, NULL, NULL),
(1565, '0269', 1, 255, '20160613_002', 0, NULL, NULL),
(1566, '0181', 1, 180, '20160614_001', 0, NULL, NULL),
(1567, '0186', 1, 270, '20160614_001', 0, NULL, NULL),
(1568, '0160', 1, 350, '20160614_002', 0, NULL, NULL),
(1569, '0270', 1, 270, '20160614_003', 0, NULL, NULL),
(1570, '0237', 1, 230, '20160614_003', 0, NULL, NULL),
(1571, '0214', 1, 250, '20160614_003', 0, NULL, NULL),
(1572, '0250', 1, 300, '20160614_004', 0, NULL, NULL),
(1573, '0280', 1, 270, '20160614_005', 0, NULL, NULL),
(1574, '0275', 1, 110, '20160614_006', 0, NULL, NULL),
(1575, '0276', 1, 120, '20160614_006', 0, NULL, NULL),
(1576, '0274', 1, 170, '20160615_001', 0, NULL, NULL),
(1577, '0241', 1, 110, '20160615_001', 0, NULL, NULL),
(1578, '0277', 1, 240, '20160615_002', 0, NULL, NULL),
(1579, '0249', 1, 260, '20160615_002', 0, NULL, NULL),
(1580, '0264', 1, 260, '20160615_003', 0, NULL, NULL),
(1583, '0074', 1, 250, '20160615_005', 0, NULL, NULL),
(1584, '0274', 1, 160, '20160615_006', 0, NULL, NULL),
(1585, '0069', 1, 220, '20160615_007', 0, NULL, NULL),
(1586, '0226', 1, 330, '20160616_001', 0, NULL, NULL),
(1587, '0271', 1, 130, '20160616_002', 0, NULL, NULL),
(1588, '0180', 1, 130, '20160616_003', 0, NULL, NULL),
(1589, '0192', 1, 290, '20160616_003', 0, NULL, NULL),
(1590, '0158', 1, 265, '20160616_004', 0, NULL, NULL),
(1591, '0187', 1, 190, '20160617_001', 0, NULL, NULL),
(1592, '0192', 1, 290, '20160617_001', 0, NULL, NULL),
(1593, '0149', 1, 0, '20160617_002', 0, NULL, NULL),
(1594, '0178', 1, 130, '20160618_001', 0, NULL, NULL),
(1595, '0224', 1, 130, '20160618_001', 0, NULL, NULL),
(1596, '0163', 1, 310, '20160618_002', 0, NULL, NULL),
(1597, '0226', 1, 340, '20160618_003', 0, NULL, NULL),
(1598, '0278', 1, 250, '20160618_004', 0, NULL, NULL),
(1599, '0099', 1, 220, '20160618_005', 0, NULL, NULL),
(1600, '0173', 1, 350, '20160619_001', 0, NULL, NULL),
(1601, '0243', 1, 320, '20160619_002', 0, NULL, NULL),
(1602, '0267', 1, 234, '20160619_003', 0, NULL, NULL),
(1603, '0263', 1, 150, '20160619_004', 0, NULL, NULL),
(1604, '0199', 1, 280, '20160619_004', 0, NULL, NULL),
(1605, '0240', 1, 150, '20160619_004', 0, NULL, NULL),
(1606, '0264', 1, 250, '20160620_001', 0, NULL, NULL),
(1607, '0280', 1, 280, '20160621_001', 0, NULL, NULL),
(1608, '0233', 1, 250, '20160621_002', 0, NULL, NULL),
(1609, '0178', 1, 125, '20160621_002', 0, NULL, NULL),
(1610, '0214', 1, 255, '20160621_002', 0, NULL, NULL),
(1611, '0239', 1, 290, '20160621_002', 0, NULL, NULL),
(1612, '0158', 1, 260, '20160621_002', 0, NULL, NULL),
(1613, '0272', 1, 230, '20160623_001', 0, NULL, NULL),
(1614, '0243', 1, 325, '20160623_001', 0, NULL, NULL),
(1615, '0215', 1, 265, '20160623_001', 0, NULL, NULL),
(1616, '0224', 1, 130, '20160627_001', 0, NULL, NULL),
(1617, '0156', 1, 245, '20160627_002', 0, NULL, NULL),
(1618, '0205', 1, 255, '20160627_002', 1, '2016-06-29 18:58:57', ''),
(1619, '0278', 1, 280, '20160627_003', 0, NULL, NULL),
(1620, '0162', 1, 300, '20160627_004', 0, NULL, NULL),
(1621, '0245', 1, 300, '20160629_001', 0, NULL, NULL),
(1622, '0162', 1, 295, '20160629_002', 0, NULL, NULL),
(1623, '0153', 1, 270, '20160630_001', 0, NULL, NULL),
(1624, '0162', 1, 320, '20160630_002', 0, NULL, NULL),
(1625, '0171', 1, 310, '20160630_002', 0, NULL, NULL),
(1626, '0251', 1, 80, '20160630_003', 0, NULL, NULL),
(1627, '0165', 1, 310, '20160630_004', 0, NULL, NULL),
(1628, '0262', 1, 130, '20160701_001', 0, NULL, NULL),
(1629, '0229', 1, 230, '20160701_002', 0, NULL, NULL),
(1630, '0162', 1, 300, '20160701_003', 0, NULL, NULL),
(1631, '0233', 1, 150, '20160701_004', 0, NULL, NULL),
(1632, '0230', 1, 260, '20160703_001', 0, NULL, NULL),
(1633, '0181', 1, 170, '20160702_001', 0, NULL, NULL),
(1635, '0030', 1, 200, '20160702_002', 0, NULL, NULL),
(1636, '0030', 1, 200, '20160702_003', 0, NULL, NULL),
(1637, '0229', 1, 250, '20160702_004', 0, NULL, NULL),
(1638, '0181', 1, 180, '20160707_001', 0, NULL, NULL),
(1639, '0220', 1, 170, '20160707_002', 0, NULL, NULL),
(1640, '0023', 1, 250, '20160707_003', 0, NULL, NULL),
(1642, '0254', 1, 130, '20160707_005', 0, NULL, NULL),
(1643, '0160', 1, 300, '20160707_007', 0, NULL, NULL),
(1644, '0230', 1, 230, '20160707_008', 0, NULL, NULL),
(1645, '0230', 1, 280, '20160708_001', 0, NULL, NULL),
(1646, '0264', 1, 250, '20160708_001', 0, NULL, NULL),
(1647, '0270', 1, 280, '20160708_002', 0, NULL, NULL),
(1648, '0287', 1, 230, '20160708_003', 0, NULL, NULL),
(1649, '0139', 1, 200, '20160709_001', 0, NULL, NULL),
(1650, '0147', 1, 260, '20160709_001', 0, NULL, NULL),
(1651, '0154', 1, 250, '20160709_002', 0, NULL, NULL),
(1652, '0270', 1, 280, '20160710_001', 0, NULL, NULL),
(1653, '0278', 1, 270, '20160712_001', 0, NULL, NULL),
(1654, '0163', 1, 290, '20160713_001', 0, NULL, NULL),
(1655, '0174', 1, 130, '20160713_002', 0, NULL, NULL),
(1656, '0215', 1, 270, '20160713_002', 0, NULL, NULL),
(1657, '0257', 1, 110, '20160713_003', 0, NULL, NULL),
(1658, '0243', 1, 320, '20160713_004', 0, NULL, NULL),
(1659, '0266', 1, 210, '20160713_005', 0, NULL, NULL),
(1660, '0240', 1, 140, '20160713_005', 0, NULL, NULL),
(1661, '0243', 1, 315, '20160714_001', 0, NULL, NULL),
(1667, '0265', 1, 170, '20160712_002', 0, NULL, NULL),
(1668, '0277', 1, 220, '20160715_002', 0, NULL, NULL),
(1669, '0277', 1, 225, '20160716_001', 0, NULL, NULL),
(1672, '0291', 1, 250, '20160716_003', 0, NULL, NULL),
(1675, '0247', 1, 435, '20160716_004', 0, NULL, NULL),
(1676, '0290', 1, 265, '20160716_004', 0, NULL, NULL),
(1677, '0167', 1, 200, '20160716_005', 0, NULL, NULL),
(1678, '0284', 1, 200, '20160717_001', 0, NULL, NULL),
(1679, '0283', 1, 250, '20160717_002', 0, NULL, NULL),
(1680, '0270', 1, 270, '20160718_001', 0, NULL, NULL),
(1681, '0290', 1, 265, '20160719_001', 0, NULL, NULL),
(1682, '0290', 1, 265, '20160719_001', 0, NULL, NULL),
(1683, '0290', 1, 260, '20160719_001', 0, NULL, NULL),
(1684, '0291', 1, 200, '20160720_001', 0, NULL, NULL),
(1685, '0269', 1, 250, '20160720_002', 0, NULL, NULL),
(1686, '0166', 1, 280, '20160720_003', 0, NULL, NULL),
(1687, '0151', 1, 275, '20160720_004', 0, NULL, NULL);

-- --------------------------------------------------------

--
-- Table structure for table `export_facture_trace`
--

CREATE TABLE IF NOT EXISTS `export_facture_trace` (
  `id` int(11) NOT NULL AUTO_INCREMENT,
  `export_facture_code` varchar(45) NOT NULL,
  `total` float NOT NULL DEFAULT '0',
  `debt` float NOT NULL DEFAULT '0',
  `reserved` float NOT NULL DEFAULT '0',
  `order` float NOT NULL DEFAULT '0',
  `customer_give` float NOT NULL DEFAULT '0',
  `give_customer` float NOT NULL DEFAULT '0',
  `bonus_used` float NOT NULL DEFAULT '0',
  `return_amount` float NOT NULL DEFAULT '0',
  `shop_id` int(11) NOT NULL,
  `amount` float NOT NULL DEFAULT '0',
  `customer_id` int(11) NOT NULL,
  `bonus_ratio` float NOT NULL DEFAULT '100',
  PRIMARY KEY (`id`),
  KEY `fk_export_facture_trace_export_facture1_idx` (`export_facture_code`),
  KEY `fk_export_facture_trace_shop1_idx` (`shop_id`),
  KEY `fk_export_facture_trace_customer1_idx` (`customer_id`)
) ENGINE=InnoDB  DEFAULT CHARSET=utf8 AUTO_INCREMENT=1385 ;

--
-- Dumping data for table `export_facture_trace`
--

INSERT INTO `export_facture_trace` (`id`, `export_facture_code`, `total`, `debt`, `reserved`, `order`, `customer_give`, `give_customer`, `bonus_used`, `return_amount`, `shop_id`, `amount`, `customer_id`, `bonus_ratio`) VALUES
(1, '20151008_001', 700, 0, 0, 0, 700, 0, 0, 0, 1, 700, 1289, 100),
(2, '20151008_002', 350, 0, 0, 0, 400, 50, 0, 0, 1, 350, 1290, 100),
(3, '20151008_003', 750, 0, 0, 0, 750, 0, 0, 0, 1, 750, 1291, 100),
(4, '20151008_004', 525, 0, 0, 0, 600, 75, 0, 0, 1, 525, 1292, 100),
(5, '20151008_005', 290, 0, 0, 0, 300, 10, 0, 0, 1, 290, 1293, 100),
(6, '20151008_006', 255, 0, 0, 0, 255, 0, 0, 0, 1, 255, 1288, 100),
(7, '20151008_007', 400, 0, 0, 0, 500, 100, 0, 0, 1, 400, 1288, 100),
(8, '20151009_001', 250, 0, 0, 0, 250, 0, 0, 0, 1, 250, 1294, 100),
(9, '20151010_001', 510, 0, 0, 0, 510, 0, 0, 0, 1, 510, 1295, 100),
(10, '20151010_002', 1000, 0, 0, 0, 1000, 0, 0, 0, 1, 1000, 1296, 100),
(11, '20151010_003', 570, 0, 0, 0, 570, 0, 0, 0, 1, 570, 1297, 100),
(12, '20151010_004', 290, 0, 0, 0, 290, 0, 0, 0, 1, 290, 1298, 100),
(13, '20151010_005', 530, 0, 0, 0, 530, 0, 0, 0, 1, 530, 1299, 100),
(14, '20151011_001', 260, 0, 0, 0, 260, 0, 0, 0, 1, 260, 1300, 100),
(15, '20151011_002', 280, 0, 0, 0, 280, 0, 0, 0, 1, 280, 1288, 100),
(16, '20151011_003', 270, 0, 0, 0, 270, 0, 0, 0, 1, 270, 1288, 100),
(17, '20151011_004', 220, 0, 0, 0, 220, 0, 0, 0, 1, 220, 1301, 100),
(18, '20151011_005', 230, 0, 0, 0, 230, 0, 0, 0, 1, 230, 1302, 100),
(19, '20151011_006', 870, 0, 0, 0, 870, 0, 0, 0, 1, 870, 1303, 100),
(20, '20151011_007', 265, 0, 0, 0, 315, 50, 0, 0, 1, 265, 1304, 100),
(21, '20151011_008', 270, 0, 0, 0, 520, 250, 0, 0, 1, 270, 1305, 100),
(22, '20151011_009', 250, 0, 0, 0, 500, 250, 0, 0, 1, 250, 1306, 100),
(23, '20151011_010', 270, 0, 0, 0, 520, 250, 0, 0, 1, 270, 1307, 100),
(24, '20151011_011', 230, 0, 0, 0, 230, 0, 0, 0, 1, 230, 1308, 100),
(25, '20151011_012', 280, 0, 0, 0, 280, 0, 0, 0, 1, 280, 1309, 100),
(26, '20151011_013', 230, 0, 0, 0, 300, 70, 0, 0, 1, 230, 1310, 100),
(27, '20151011_014', 230, 0, 0, 0, 250, 20, 0, 0, 1, 230, 1311, 100),
(28, '20151011_015', 265, 0, 0, 0, 265, 0, 0, 0, 1, 265, 1312, 100),
(29, '20151011_016', 255, 0, 0, 0, 405, 150, 0, 0, 1, 255, 1288, 100),
(30, '20151012_001', 255, 0, 0, 0, 255, 0, 0, 0, 1, 255, 1313, 100),
(31, '20151012_002', 470, 0, 0, 0, 470, 0, 0, 0, 1, 470, 1314, 100),
(32, '20151012_003', 290, 0, 0, 0, 300, 10, 0, 0, 1, 290, 1315, 100),
(33, '20151012_004', 230, 0, 0, 0, 230, 0, 0, 0, 1, 230, 1316, 100),
(34, '20151012_005', 235, 0, 0, 0, 235, 0, 0, 0, 1, 235, 1317, 100),
(35, '20151012_006', 265, 0, 0, 0, 500, 235, 0, 0, 1, 265, 1318, 100),
(36, '20151012_007', 256, 0, 0, 0, 256, 0, 0, 0, 1, 256, 1319, 100),
(37, '20151013_001', 280, 0, 0, 0, 300, 20, 0, 0, 1, 280, 1320, 100),
(38, '20151013_002', 490, 0, 0, 0, 490, 0, 0, 0, 1, 490, 1321, 100),
(39, '20151013_003', 232, 0, 0, 0, 232, 0, 0, 0, 1, 232, 1322, 100),
(40, '20151014_001', 290, 0, 0, 0, 300, 10, 0, 0, 1, 290, 1323, 100),
(41, '20151014_002', 820, 0, 0, 0, 820, 0, 0, 0, 1, 820, 1324, 100),
(42, '20151014_003', 290, 0, 0, 0, 500, 210, 0, 0, 1, 290, 1325, 100),
(43, '20151014_004', 544, 0, 0, 0, 600, 56, 0, 0, 1, 544, 1326, 100),
(44, '20151011_017', 310, 0, 0, 0, 310, 0, 0, 0, 1, 310, 1327, 100),
(45, '20151014_005', 250, 0, 0, 0, 250, 0, 0, 0, 1, 250, 1329, 100),
(46, '20151015_001', 280, 0, 0, 0, 500, 220, 0, 0, 1, 280, 1330, 100),
(47, '20151015_002', 260, 0, 0, 0, 300, 40, 0, 0, 1, 260, 1331, 100),
(48, '20151016_001', 250, 0, 0, 0, 250, 0, 0, 0, 1, 250, 1288, 100),
(49, '20151016_002', 265, 0, 0, 0, 505, 240, 0, 0, 1, 265, 1332, 100),
(50, '20151016_003', 300, 0, 0, 0, 300, 0, 0, 0, 1, 300, 1333, 100),
(51, '20151016_004', 260, 0, 0, 0, 260, 0, 0, 0, 1, 260, 1334, 100),
(52, '20151016_005', 288, 0, 0, 0, 288, 0, 0, 0, 1, 288, 1335, 100),
(53, '20151016_006', 235, 0, 0, 0, 235, 0, 0, 0, 1, 235, 1288, 100),
(54, '20151016_007', 287, 0, 0, 0, 287, 0, 0, 0, 1, 287, 1336, 100),
(55, '20151016_008', 240, 0, 0, 0, 240, 0, 0, 0, 1, 240, 1337, 100),
(56, '20151016_009', 350, 0, 0, 0, 350, 0, 0, 0, 1, 350, 1338, 100),
(57, '20151016_010', 460, 0, 0, 0, 500, 40, 0, 0, 1, 460, 1339, 100),
(58, '20151017_001', 255, 0, 0, 0, 255, 0, 0, 0, 1, 255, 1288, 100),
(59, '20151017_002', 235, 0, 0, 0, 235, 0, 0, 0, 1, 235, 1288, 100),
(60, '20151017_003', 300, 0, 0, 0, 300, 0, 0, 0, 1, 300, 1340, 100),
(61, '20151017_004', 256, 0, 0, 0, 256, 0, 0, 0, 1, 256, 1288, 100),
(62, '20151017_005', 520, 0, 0, 0, 550, 30, 0, 0, 1, 520, 1341, 100),
(63, '20151017_006', 255, 0, 0, 0, 255, 0, 0, 0, 1, 255, 1288, 100),
(64, '20151017_007', 670, 0, 0, 0, 670, 0, 0, 0, 1, 670, 1342, 100),
(65, '20151017_008', 830, 0, 0, 0, 830, 0, 0, 0, 1, 830, 1343, 100),
(66, '20151017_009', 280, 0, 0, 0, 380, 100, 0, 0, 1, 280, 1344, 100),
(67, '20151017_010', 260, 0, 0, 0, 260, 0, 0, 0, 1, 260, 1345, 100),
(68, '20151017_011', 230, 0, 0, 0, 230, 0, 0, 0, 1, 230, 1346, 100),
(69, '20151018_001', 500, 0, 0, 0, 500, 0, 0, 0, 1, 500, 1288, 100),
(70, '20151018_002', 510, 0, 0, 0, 510, 0, 0, 0, 1, 510, 1347, 100),
(71, '20151018_003', 650, 0, 0, 0, 650, 0, 0, 0, 1, 650, 1348, 100),
(72, '20151018_004', 260, 0, 0, 0, 260, 0, 0, 0, 1, 260, 1349, 100),
(73, '20151018_005', 480, 0, 0, 0, 480, 0, 0, 0, 1, 480, 1350, 100),
(74, '20151018_006', 235, 0, 0, 0, 235, 0, 0, 0, 1, 235, 1351, 100),
(76, '20151019_001', 235, 0, 0, 0, 235, 0, 0, 0, 1, 235, 1352, 100),
(77, '20151019_002', 280, 0, 0, 0, 280, 0, 0, 0, 1, 280, 1353, 100),
(78, '20151019_003', 256, 0, 0, 0, 256, 0, 0, 0, 1, 256, 1354, 100),
(80, '20151019_004', 250, 0, 0, 0, 250, 0, 0, 0, 1, 250, 1356, 100),
(81, '20151020_001', 255, 0, 0, 0, 400, 145, 0, 0, 1, 255, 1357, 100),
(82, '20151020_002', 255, 0, 0, 0, 300, 45, 0, 0, 1, 255, 1358, 100),
(83, '20151020_003', 520, 0, 0, 0, 520, 0, 0, 0, 1, 520, 1359, 100),
(84, '20151020_004', 300, 0, 0, 0, 300, 0, 0, 0, 1, 300, 1360, 100),
(85, '20151021_001', 230, 0, 0, 0, 230, 0, 0, 0, 1, 230, 1361, 100),
(86, '20151021_002', 240, 0, 0, 0, 240, 0, 0, 0, 1, 240, 1362, 100),
(87, '20151021_003', 260, 0, 0, 0, 260, 0, 0, 0, 1, 260, 1363, 100),
(88, '20151021_004', 255, 0, 0, 0, 255, 0, 0, 0, 1, 255, 1358, 100),
(89, '20151021_005', 255, 0, 0, 0, 255, 0, 0, 0, 1, 255, 1358, 100),
(90, '20151021_006', 280, 0, 0, 0, 280, 0, 0, 0, 1, 280, 1364, 100),
(91, '20151022_001', 230, 0, 0, 0, 230, 0, 0, 0, 1, 230, 1365, 100),
(92, '20151022_002', 260, 0, 0, 0, 260, 0, 0, 0, 1, 260, 1363, 100),
(93, '20151022_003', 255, 0, 0, 0, 255, 0, 0, 0, 1, 255, 1363, 100),
(94, '20151023_001', 265, 0, 0, 0, 265, 0, 0, 0, 1, 265, 1366, 100),
(95, '20151023_002', 288, 0, 0, 0, 300, 12, 0, 0, 1, 288, 1288, 100),
(96, '20151023_003', 235, 0, 0, 0, 235, 0, 0, 0, 1, 235, 1367, 100),
(97, '20151023_004', 236, 0, 0, 0, 236, 0, 0, 0, 1, 236, 1368, 100),
(98, '20151024_001', 280, 0, 0, 0, 280, 0, 0, 0, 1, 280, 1288, 100),
(100, '20151024_003', 260, 0, 0, 0, 260, 0, 0, 0, 1, 260, 1370, 100),
(101, '20151024_004', 200, 0, 0, 0, 200, 0, 0, 0, 1, 200, 1369, 100),
(102, '20151024_005', 230, 0, 0, 0, 230, 0, 0, 0, 1, 230, 1288, 100),
(103, '20151024_006', 255, 0, 0, 0, 255, 0, 0, 0, 1, 255, 1288, 100),
(104, '20151024_007', 250, 0, 0, 0, 250, 0, 0, 0, 1, 250, 1369, 100),
(105, '20151024_008', 260, 0, 0, 0, 260, 0, 0, 0, 1, 260, 1348, 100),
(106, '20151024_009', 255, 0, 0, 0, 0, -255, 0, 0, 1, 0, 1348, 100),
(107, '20151024_010', 232, 0, 0, 0, 232, 0, 0, 0, 1, 232, 1371, 100),
(108, '20151024_011', 240, 0, 0, 0, 240, 0, 0, 0, 1, 240, 1288, 100),
(109, '20151024_012', 240, 0, 0, 0, 240, 0, 0, 0, 1, 240, 1372, 100),
(110, '20151024_013', 255, 0, 0, 0, 255, 0, 0, 0, 1, 255, 1373, 100),
(111, '20151025_001', 700, 0, 0, 0, 700, 0, 0, 0, 1, 700, 1374, 100),
(112, '20151025_002', 240, 0, 0, 0, 240, 0, 0, 0, 1, 240, 1375, 100),
(113, '20151025_003', 230, 0, 0, 0, 230, 0, 0, 0, 1, 230, 1376, 100),
(114, '20151025_004', 255, 0, 0, 0, 255, 0, 0, 0, 1, 255, 1377, 100),
(115, '20151025_005', 290, 0, 0, 0, 300, 10, 0, 0, 1, 290, 1378, 100),
(116, '20151008_008', 290, 0, 0, 0, 290, 0, 0, 0, 1, 290, 1288, 100),
(117, '20151008_009', 250, 0, 0, 0, 250, 0, 0, 0, 1, 250, 1379, 100),
(118, '20151009_002', 270, 0, 0, 0, 270, 0, 0, 0, 1, 270, 1288, 100),
(119, '20151010_006', 240, 0, 0, 0, 240, 0, 0, 0, 1, 240, 1295, 100),
(120, '20151011_018', 270, 0, 0, 0, 270, 0, 0, 0, 1, 270, 1300, 100),
(121, '20151012_008', 230, 0, 0, 0, 230, 0, 0, 0, 1, 230, 1313, 100),
(122, '20151012_009', 480, 0, 0, 0, 480, 0, 0, 0, 1, 480, 1380, 100),
(123, '20151012_010', 288, 0, 0, 0, 288, 0, 0, 0, 1, 288, 1288, 100),
(124, '20151014_006', 255, 0, 0, 0, 255, 0, 0, 0, 1, 255, 1288, 100),
(125, '20151015_003', 230, 0, 0, 0, 230, 0, 0, 0, 1, 230, 1288, 100),
(127, '20151015_004', 275, 0, 0, 0, 275, 0, 0, 0, 1, 275, 1381, 100),
(128, '20151016_011', 287, 0, 0, 0, 287, 0, 0, 0, 1, 287, 1335, 100),
(129, '20151016_012', 255, 0, 0, 0, 255, 0, 0, 0, 1, 255, 1382, 100),
(130, '20151016_013', 230, 0, 0, 0, 230, 0, 0, 0, 1, 230, 1383, 100),
(131, '20151017_012', 256, 0, 0, 0, 256, 0, 0, 0, 1, 256, 1288, 100),
(132, '20151017_013', 256, 0, 0, 0, 256, 0, 0, 0, 1, 256, 1288, 100),
(133, '20151017_014', 270, 0, 0, 0, 270, 0, 0, 0, 1, 270, 1288, 100),
(134, '20151017_015', 280, 0, 0, 0, 280, 0, 0, 0, 1, 280, 1384, 100),
(135, '20151018_007', 240, 255, 0, 0, 240, -255, 0, 0, 1, 240, 1348, 100),
(136, '20151019_005', 850, 0, 0, 0, 850, 0, 0, 0, 1, 850, 1288, 100),
(137, '20151019_006', 236, 0, 0, 0, 236, 0, 0, 0, 1, 236, 1288, 100),
(138, '20151020_005', 315, 0, 0, 0, 315, 0, 0, 0, 1, 315, 1288, 100),
(139, '20151020_006', 280, 0, 0, 0, 280, 0, 0, 0, 1, 280, 1385, 100),
(140, '20151021_007', 240, 0, 0, 0, 240, 0, 0, 0, 1, 240, 1288, 100),
(141, '20151021_008', 240, 0, 0, 0, 240, 0, 0, 0, 1, 240, 1363, 100),
(142, '20151021_009', 250, 0, 0, 0, 250, 0, 0, 0, 1, 250, 1364, 100),
(143, '20151022_004', 240, 0, 0, 0, 240, 0, 0, 0, 1, 240, 1376, 100),
(145, '20151022_005', 255, 0, 0, 0, 255, 0, 0, 0, 1, 255, 1386, 100),
(146, '20151022_006', 260, 0, 0, 0, 260, 0, 0, 0, 1, 260, 1288, 100),
(148, '20151022_007', 240, 0, 0, 0, 240, 0, 0, 0, 1, 240, 1387, 100),
(149, '20151022_008', 280, 0, 0, 0, 280, 0, 0, 0, 1, 280, 1388, 100),
(150, '20151023_005', 255, 0, 0, 0, 255, 0, 0, 0, 1, 255, 1288, 100),
(151, '20151023_006', 255, 0, 0, 0, 255, 0, 0, 0, 1, 255, 1367, 100),
(152, '20151023_007', 236, 0, 0, 0, 236, 0, 0, 0, 1, 236, 1368, 100),
(153, '20151024_014', 256, 0, 0, 0, 256, 0, 0, 0, 1, 256, 1288, 100),
(154, '20151024_015', 255, 0, 0, 0, 255, 0, 0, 0, 1, 255, 1372, 100),
(155, '20151026_001', 315, 0, 0, 0, 315, 0, 0, 0, 1, 315, 1389, 100),
(156, '20151026_002', 240, 0, 0, 0, 240, 0, 0, 0, 1, 240, 1390, 100),
(157, '20151026_003', 288, 0, 0, 0, 288, 0, 0, 0, 1, 288, 1288, 100),
(158, '20151026_004', 280, 0, 0, 0, 500, 220, 0, 0, 1, 280, 1288, 100),
(159, '20151026_005', 270, 0, 0, 0, 270, 0, 0, 0, 1, 270, 1391, 100),
(160, '20151026_006', 230, 0, 0, 0, 200, -30, 0, 0, 1, 200, 1392, 100),
(161, '20151027_001', 290, 0, 0, 0, 500, 210, 0, 0, 1, 290, 1393, 100),
(162, '20151027_002', 250, 0, 0, 0, 250, 0, 0, 0, 1, 250, 1394, 100),
(163, '20151027_003', 235, 0, 0, 0, 535, 300, 0, 0, 1, 235, 1395, 100),
(164, '20151027_004', 290, 0, 0, 0, 290, 0, 0, 0, 1, 290, 1396, 100),
(165, '20151027_005', 230, 0, 0, 0, 230, 0, 0, 0, 1, 230, 1397, 100),
(166, '20151027_006', 290, 0, 0, 0, 500, 210, 0, 0, 1, 290, 1398, 100),
(167, '20151028_001', 500, 0, 0, 0, 500, 0, 0, 0, 1, 500, 1288, 100),
(168, '20151028_002', 520, 0, 0, 0, 600, 80, 0, 0, 1, 520, 1399, 100),
(169, '20151028_003', 240, 0, 0, 0, 500, 260, 0, 0, 1, 240, 1288, 100),
(170, '20151029_001', 235, 0, 0, 0, 250, 15, 0, 0, 1, 235, 1400, 100),
(171, '20151029_002', 290, 0, 0, 0, 510, 220, 0, 0, 1, 290, 1401, 100),
(172, '20151029_003', 240, 0, 0, 0, 300, 60, 0, 0, 1, 240, 1350, 100),
(173, '20151029_004', 255, 0, 0, 0, 255, 0, 0, 0, 1, 255, 1402, 100),
(174, '20151029_005', 270, 0, 0, 0, 270, 0, 0, 0, 1, 270, 1403, 100),
(175, '20151029_006', 230, 0, 0, 0, 500, 270, 0, 0, 1, 230, 1404, 100),
(176, '20151029_007', 230, 0, 0, 0, 230, 0, 0, 0, 1, 230, 1405, 100),
(177, '20151029_008', 290, 0, 0, 0, 290, 0, 0, 0, 1, 290, 1406, 100),
(178, '20151030_001', 495, 0, 0, 0, 600, 105, 0, 0, 1, 495, 1407, 100),
(179, '20151030_002', 260, 0, 0, 0, 560, 300, 0, 0, 1, 260, 1288, 100),
(180, '20151030_003', 270, 0, 0, 0, 500, 230, 0, 0, 1, 270, 1306, 100),
(181, '20151030_004', 290, 0, 0, 0, 300, 10, 0, 0, 1, 290, 1408, 100),
(182, '20151031_001', 280, 0, 0, 0, 280, 0, 0, 0, 1, 280, 1409, 100),
(183, '20151031_002', 232, 0, 0, 0, 232, 0, 0, 0, 1, 232, 1288, 100),
(184, '20151031_003', 250, 0, 0, 0, 250, 0, 0, 0, 1, 250, 1288, 100),
(185, '20151031_004', 272, 0, 0, 0, 272, 0, 0, 0, 1, 272, 1377, 100),
(186, '20151101_001', 240, 0, 0, 0, 250, 10, 0, 0, 1, 240, 1288, 100),
(187, '20151101_002', 270, 0, 0, 0, 270, 0, 0, 0, 1, 270, 1410, 100),
(188, '20151101_003', 575, 0, 0, 0, 575, 0, 0, 0, 1, 575, 1410, 100),
(189, '20151101_004', 300, 0, 0, 0, 300, 0, 0, 0, 1, 300, 1411, 100),
(190, '20151101_005', 240, 0, 0, 0, 500, 260, 0, 0, 1, 240, 1412, 100),
(191, '20151102_001', 240, 0, 0, 0, 240, 0, 0, 0, 1, 240, 1288, 100),
(192, '20151102_002', 250, 0, 0, 0, 250, 0, 0, 0, 1, 250, 1288, 100),
(193, '20151102_003', 265, 0, 0, 0, 265, 0, 0, 0, 1, 265, 1288, 100),
(194, '20151102_004', 235, 0, 0, 0, 250, 15, 0, 0, 1, 235, 1288, 100),
(195, '20151102_005', 288, 0, 0, 0, 590, 302, 0, 0, 1, 288, 1288, 100),
(196, '20151103_001', 520, 0, 0, 0, 520, 0, 0, 0, 1, 520, 1358, 100),
(197, '20151103_002', 235, 0, 0, 0, 235, 0, 0, 0, 1, 235, 1288, 100),
(198, '20151103_003', 236, 0, 0, 0, 236, 0, 0, 0, 1, 236, 1314, 100),
(199, '20151103_004', 280, 0, 0, 0, 280, 0, 0, 0, 1, 280, 1288, 100),
(200, '20151103_005', 280, 0, 0, 0, 280, 0, 0, 0, 1, 280, 1413, 100),
(201, '20151104_001', 250, 0, 0, 0, 400, 150, 0, 0, 1, 250, 1414, 100),
(202, '20151104_002', 235, 0, 0, 0, 0, 0, 0, 235, 1, 0, 1367, 100),
(203, '20151104_003', 280, 0, 0, 0, 280, 0, 0, 0, 1, 280, 1288, 100),
(204, '20151104_004', 240, 0, 0, 0, 240, 0, 0, 0, 1, 240, 1288, 100),
(205, '20151104_005', 760, 0, 0, 0, 760, 0, 0, 0, 1, 760, 1415, 100),
(206, '20151105_001', 220, 0, 0, 0, 400, 180, 0, 0, 1, 220, 1416, 100),
(207, '20151105_002', 585, 0, 0, 0, 600, 15, 0, 0, 1, 585, 1417, 100),
(208, '20151105_003', 265, 0, 0, 0, 265, 0, 0, 0, 1, 265, 1422, 100),
(209, '20151105_004', 290, 0, 0, 0, 300, 10, 0, 0, 1, 290, 1288, 100),
(210, '20151105_005', 260, 0, 0, 0, 260, 0, 0, 0, 1, 260, 1418, 100),
(211, '20151105_006', 550, 0, 0, 0, 262, 0, 0, 288, 1, 262, 1410, 100),
(212, '20151105_007', 265, 0, 0, 0, 305, 40, 0, 0, 1, 265, 1288, 100),
(213, '20151105_008', 250, 0, 0, 0, 250, 0, 0, 0, 1, 250, 1288, 100),
(214, '20151105_009', 270, 0, 0, 0, 270, 0, 0, 0, 1, 270, 1419, 100),
(215, '20151106_001', 545, 0, 0, 0, 545, 0, 0, 0, 1, 545, 1420, 100),
(216, '20151106_002', 470, 0, 0, 0, 500, 30, 0, 0, 1, 470, 1421, 100),
(217, '20151106_003', 520, 0, 0, 0, 255, 0, 0, 265, 1, 255, 1422, 100),
(218, '20151106_004', 255, 0, 0, 0, 500, 245, 0, 0, 1, 255, 1423, 100),
(219, '20151106_005', 210, 0, 0, 0, 250, 40, 0, 0, 1, 210, 1424, 100),
(220, '20151106_006', 280, 0, 0, 0, 300, 20, 0, 0, 1, 280, 1288, 100),
(221, '20151107_001', 270, 0, 0, 0, 300, 30, 0, 0, 1, 270, 1425, 100),
(222, '20151107_002', 240, 0, 0, 0, 500, 260, 0, 0, 1, 240, 1288, 100),
(223, '20151103_006', 280, 0, 0, 0, 280, 0, 0, 0, 1, 280, 1288, 100),
(224, '20151105_010', 268, 0, 0, 0, 268, 0, 0, 0, 1, 268, 1426, 100),
(225, '20151106_007', 255, 0, 0, 0, 255, 0, 0, 0, 1, 255, 1420, 100),
(226, '20151106_008', 560, 0, 0, 0, 560, 0, 0, 0, 1, 560, 1427, 100),
(228, '20151107_003', 300, 0, 0, 0, 300, 0, 0, 0, 1, 300, 1428, 100),
(229, '20151107_004', 580, 0, 0, 0, 580, 0, 0, 0, 1, 580, 1429, 100),
(230, '20151107_005', 600, 0, 0, 0, 600, 0, 0, 0, 1, 600, 1410, 100),
(231, '20151107_006', 270, 0, 0, 0, 270, 0, 0, 0, 1, 270, 1430, 100),
(232, '20151107_007', 320, 0, 0, 0, 320, 0, 0, 0, 1, 320, 1431, 100),
(233, '20151107_008', 230, 0, 0, 0, 250, 20, 0, 0, 1, 230, 1288, 100),
(234, '20151107_009', 460, 0, 0, 0, 460, 0, 0, 0, 1, 460, 1432, 100),
(235, '20151107_010', 235, 0, 0, 0, 250, 15, 0, 0, 1, 235, 1433, 100),
(236, '20151108_001', 225, 0, 0, 0, 1, 6, 0, 230, 1, -5, 1288, 100),
(238, '20151108_002', 470, 0, 0, 0, 470, 0, 0, 0, 1, 470, 1288, 100),
(239, '20151109_001', 500, 0, 0, 0, 500, 0, 0, 0, 1, 500, 1288, 100),
(240, '20151109_002', 300, 0, 0, 0, 300, 0, 0, 0, 1, 300, 1288, 100),
(241, '20151109_003', 320, 0, 0, 0, 320, 0, 0, 0, 1, 320, 1288, 100),
(242, '20151108_003', 255, 0, 0, 0, 255, 0, 0, 0, 1, 255, 1439, 100),
(243, '20151109_004', 260, 0, 0, 0, 500, 240, 0, 0, 1, 260, 1434, 100),
(244, '20151109_005', 260, 0, 0, 0, 300, 40, 0, 0, 1, 260, 1435, 100),
(245, '20151109_006', 620, 0, 0, 0, 620, 0, 0, 0, 1, 620, 1436, 100),
(246, '20151109_007', 540, 0, 0, 0, 540, 0, 0, 0, 1, 540, 1437, 100),
(247, '20151109_008', 760, 0, 0, 0, 770, 10, 0, 0, 1, 760, 1438, 100),
(248, '20151109_009', 400, 0, 0, 0, 145, 0, 0, 255, 1, 145, 1439, 100),
(249, '20151109_010', 210, 0, 0, 0, 250, 40, 0, 0, 1, 210, 1440, 100),
(250, '20151110_001', 280, 0, 0, 0, 280, 0, 0, 0, 1, 280, 1441, 100),
(251, '20151110_002', 260, 0, 0, 0, 260, 0, 0, 0, 1, 260, 1442, 100),
(252, '20151110_003', 680, 0, 0, 0, 730, 50, 0, 0, 1, 680, 1288, 100),
(253, '20151110_004', 290, 0, 0, 0, 290, 0, 0, 0, 1, 290, 1288, 100),
(254, '20151110_005', 260, 0, 0, 0, 510, 250, 0, 0, 1, 260, 1288, 100),
(255, '20151110_006', 270, 0, 0, 0, 500, 230, 0, 0, 1, 270, 1414, 100),
(256, '20151110_007', 210, 0, 0, 0, 210, 0, 0, 0, 1, 210, 1443, 100),
(257, '20151028_004', 290, 0, 0, 0, 0, 0, 0, 290, 1, 0, 1393, 100),
(258, '20151111_001', 280, 0, 0, 0, 500, 220, 0, 0, 1, 280, 1444, 100),
(259, '20151111_002', 280, 0, 0, 0, 300, 20, 0, 0, 1, 280, 1445, 100),
(260, '20151112_001', 288, 0, 0, 0, 300, 12, 0, 0, 1, 288, 1446, 100),
(261, '20151112_002', 300, 0, 0, 0, 300, 0, 0, 0, 1, 300, 1447, 100),
(262, '20151112_003', 480, 0, 0, 0, 500, 20, 0, 0, 1, 480, 1448, 100),
(263, '20151112_004', 850, 0, 0, 0, 850, 0, 0, 0, 1, 850, 1449, 100),
(264, '20151112_005', 265, 0, 0, 0, 265, 0, 0, 0, 1, 265, 1450, 100),
(265, '20151113_001', 270, 0, 0, 0, 500, 230, 0, 0, 1, 270, 1451, 100),
(266, '20151113_002', 320, 0, 0, 0, 520, 200, 0, 0, 1, 320, 1452, 100),
(267, '20151113_003', 300, 0, 0, 0, 300, 0, 0, 0, 1, 300, 1453, 100),
(268, '20151113_004', 260, 0, 0, 0, 400, 140, 0, 0, 1, 260, 1288, 100),
(269, '20151113_005', 315, 0, 0, 0, 320, 5, 0, 0, 1, 315, 1454, 100),
(270, '20151114_001', 265, 0, 0, 0, 300, 35, 0, 0, 1, 265, 1288, 100),
(271, '20151114_002', 320, 0, 0, 0, 320, 0, 0, 0, 1, 320, 1288, 100),
(272, '20151114_003', 315, 0, 0, 0, 0, 0, 0, 315, 1, 0, 1454, 100),
(273, '20151115_001', 520, 0, 0, 0, 520, 0, 0, 0, 1, 520, 1288, 100),
(274, '20151115_002', 265, 0, 0, 0, 0, 0, 0, 265, 1, 0, 1288, 100),
(275, '20151115_003', 297, 0, 0, 0, 297, 0, 0, 0, 1, 297, 1455, 100),
(276, '20151115_004', 315, 0, 0, 0, 500, 185, 0, 0, 1, 315, 1288, 100),
(277, '20151116_001', 860, 0, 0, 0, 860, 0, 0, 0, 1, 860, 1288, 100),
(278, '20151116_002', 850, 0, 0, 0, 850, 0, 0, 0, 1, 850, 1456, 100),
(279, '20151116_003', 265, 0, 0, 0, 500, 235, 0, 0, 1, 265, 1457, 100),
(280, '20151116_004', 300, 0, 0, 0, 300, 0, 0, 0, 1, 300, 1317, 100),
(281, '20151117_001', 270, 0, 0, 0, 400, 130, 0, 0, 1, 270, 1458, 100),
(282, '20151117_002', 290, 0, 0, 0, 400, 110, 0, 0, 1, 290, 1459, 100),
(283, '20151117_003', 552, 0, 0, 0, 552, 0, 0, 0, 1, 552, 1460, 100),
(284, '20151117_004', 273, 0, 0, 0, 273, 0, 0, 0, 1, 273, 1461, 100),
(285, '20151117_005', 300, 0, 0, 0, 500, 200, 0, 0, 1, 300, 1288, 100),
(286, '20151117_006', 290, 0, 0, 0, 300, 10, 0, 0, 1, 290, 1336, 100),
(287, '20151117_007', 280, 0, 0, 0, 500, 220, 0, 0, 1, 280, 1462, 100),
(288, '20151117_008', 240, 0, 0, 0, 300, 60, 0, 0, 1, 240, 1397, 100),
(289, '20151118_001', 270, 0, 0, 0, 300, 30, 0, 0, 1, 270, 1288, 100),
(290, '20151118_002', 310, 0, 0, 0, 350, 40, 0, 0, 1, 310, 1321, 100),
(291, '20151118_003', 280, 0, 0, 120, 500, 100, 0, 0, 1, 280, 1463, 100),
(292, '20151118_004', 0, 0, 0, 0, 1, 241, 0, 240, 1, -240, 1397, 100),
(293, '20151119_001', 465, 0, 0, 0, 515, 50, 0, 0, 1, 465, 1464, 100),
(294, '20151119_002', 280, 0, 0, 0, 300, 20, 0, 0, 1, 280, 1465, 100),
(295, '20151119_003', 280, 0, 0, 0, 400, 120, 0, 0, 1, 280, 1466, 100),
(296, '20151119_004', 325, 0, 0, 0, 350, 25, 0, 0, 1, 325, 1288, 100),
(297, '20151121_001', 305, 0, 0, 0, 305, 0, 0, 0, 1, 305, 1467, 100),
(298, '20151121_002', 280, 0, 0, 0, 500, 220, 0, 0, 1, 280, 1468, 100),
(299, '20151121_003', 510, 0, 0, 0, 510, 0, 0, 0, 1, 510, 1469, 100),
(300, '20151121_004', 300, 0, 0, 0, 300, 0, 0, 0, 1, 300, 1470, 100),
(301, '20151121_005', 315, 0, 0, 0, 315, 0, 0, 0, 1, 315, 1471, 100),
(302, '20151121_006', 280, 0, 0, 0, 280, 0, 0, 0, 1, 280, 1472, 100),
(303, '20151121_007', 310, 0, 0, 0, 310, 0, 0, 0, 1, 310, 1309, 100),
(304, '20151121_008', 300, 0, 0, 0, 300, 0, 0, 0, 1, 300, 1473, 100),
(305, '20151121_009', 560, 0, 0, 0, 600, 40, 0, 0, 1, 560, 1474, 100),
(306, '20151122_001', 300, 0, 0, 0, 300, 0, 0, 0, 1, 300, 1475, 100),
(307, '20151122_002', 250, 0, 0, 0, 250, 0, 0, 0, 1, 250, 1288, 100),
(308, '20151122_003', 280, 0, 0, 0, 280, 0, 0, 0, 1, 280, 1476, 100),
(309, '20151123_001', 290, 0, 0, 0, 290, 0, 0, 0, 1, 290, 1309, 100),
(310, '20151123_002', 310, 0, 0, 0, 310, 0, 0, 0, 1, 310, 1477, 100),
(311, '20151123_003', 300, 0, 0, 0, 300, 0, 0, 0, 1, 300, 1478, 100),
(312, '20151123_004', 315, 0, 0, 0, 315, 0, 0, 0, 1, 315, 1288, 100),
(313, '20151123_005', 265, 0, 0, 0, 500, 235, 0, 0, 1, 265, 1479, 100),
(314, '20151123_006', 265, 0, 0, 0, 265, 0, 0, 0, 1, 265, 1309, 100),
(315, '20151124_001', 280, 0, 0, 0, 300, 20, 0, 0, 1, 280, 1405, 100),
(317, '20151124_002', 265, 0, 0, 0, 265, 0, 0, 0, 1, 265, 1480, 100),
(318, '20151124_003', 600, 0, 0, 0, 600, 0, 0, 0, 1, 600, 1481, 100),
(319, '20151124_004', 190, 0, 0, 0, 200, 10, 0, 0, 1, 190, 1482, 100),
(320, '20151125_001', 860, 0, 0, 0, 280, 0, 0, 580, 1, 280, 1410, 100),
(321, '20151125_002', 265, 0, 0, 0, 300, 35, 0, 0, 1, 265, 1483, 100),
(322, '20151125_003', 290, 0, 0, 0, 300, 10, 0, 0, 1, 290, 1484, 100),
(323, '20151127_001', 300, 0, 0, 0, 300, 0, 0, 0, 1, 300, 1288, 100),
(324, '20151127_002', 550, 0, 0, 0, 550, 0, 0, 0, 1, 550, 1288, 100),
(325, '20151127_003', 270, 0, 0, 0, 270, 0, 0, 0, 1, 270, 1485, 100),
(326, '20151127_004', 260, 0, 0, 0, 260, 0, 0, 0, 1, 260, 1486, 100),
(327, '20151127_005', 290, 0, 0, 0, 300, 10, 0, 0, 1, 290, 1288, 100),
(328, '20151128_001', 320, 0, 0, 0, 500, 180, 0, 0, 1, 320, 1487, 100),
(329, '20151128_002', 270, 0, 0, 0, 300, 30, 0, 0, 1, 270, 1288, 100),
(330, '20151128_003', 280, 0, 0, 0, 280, 0, 0, 0, 1, 280, 1288, 100),
(331, '20151128_004', 315, 0, 0, 0, 520, 205, 0, 0, 1, 315, 1288, 100),
(332, '20151128_005', 530, 0, 0, 0, 530, 0, 0, 0, 1, 530, 1288, 100),
(333, '20151128_006', 545, 0, 0, 0, 600, 55, 0, 0, 1, 545, 1488, 100),
(334, '20151128_007', 400, 0, 0, 0, 400, 0, 0, 0, 1, 400, 1489, 100),
(335, '20151128_008', 450, 0, 0, 0, 550, 100, 0, 0, 1, 450, 1490, 100),
(336, '20151128_009', 280, 0, 0, 0, 500, 220, 0, 0, 1, 280, 1491, 100),
(337, '20151128_010', 680, 0, 0, 0, 900, 220, 0, 0, 1, 680, 1330, 100),
(338, '20151129_001', 320, 0, 0, 0, 320, 0, 0, 0, 1, 320, 1288, 100),
(339, '20151129_002', 300, 0, 0, 0, 500, 200, 0, 0, 1, 300, 1492, 100),
(340, '20151129_003', 280, 0, 0, 0, 300, 20, 0, 0, 1, 280, 1493, 100),
(341, '20151129_004', 570, 0, 0, 0, 570, 0, 0, 0, 1, 570, 1288, 100),
(342, '20151129_005', 260, 0, 0, 0, 260, 0, 0, 0, 1, 260, 1358, 100),
(343, '20151129_006', 420, 0, 0, 0, 500, 80, 0, 0, 1, 420, 1494, 100),
(344, '20151129_007', 520, 0, 0, 0, 520, 0, 0, 0, 1, 520, 1495, 100),
(345, '20151129_008', 180, 0, 0, 0, 180, 0, 0, 0, 1, 180, 1496, 100),
(346, '20151130_001', 300, 0, 0, 0, 300, 0, 0, 0, 1, 300, 1288, 100),
(347, '20151130_002', 275, 0, 0, 0, 275, 0, 0, 0, 1, 275, 1288, 100),
(348, '20151130_003', 550, 0, 0, 0, 550, 0, 0, 0, 1, 550, 1497, 100),
(349, '20151130_004', 270, 0, 0, 0, 270, 0, 0, 0, 1, 270, 1498, 100),
(350, '20151130_005', 555, 0, 0, 0, 605, 50, 0, 0, 1, 555, 1499, 100),
(351, '20151130_006', 450, 0, 0, 0, 450, 0, 0, 0, 1, 450, 1500, 100),
(352, '20151130_007', 270, 0, 0, 0, 270, 0, 0, 0, 1, 270, 1449, 100),
(353, '20151130_008', 500, 0, 0, 0, 500, 0, 0, 0, 1, 500, 1501, 100),
(354, '20151201_001', 290, 0, 0, 0, 290, 0, 0, 0, 1, 290, 1485, 100),
(355, '20151202_001', 190, 0, 0, 0, 500, 310, 0, 0, 1, 190, 1502, 100),
(356, '20151202_002', 600, 0, 0, 0, 1000, 400, 0, 0, 1, 600, 1468, 100),
(357, '20151202_003', 500, 0, 0, 0, 500, 0, 0, 0, 1, 500, 1503, 100),
(358, '20151202_004', 300, 0, 0, 0, 300, 0, 0, 0, 1, 300, 1504, 100),
(359, '20151202_005', 300, 0, 0, 0, 300, 0, 0, 0, 1, 300, 1481, 100),
(360, '20151202_006', 600, 0, 0, 0, 600, 0, 0, 0, 1, 600, 1505, 100),
(361, '20151203_001', 540, 0, 0, 0, 540, 0, 0, 0, 1, 540, 1506, 100),
(362, '20151204_001', 280, 0, 0, 0, 300, 20, 0, 0, 1, 280, 1507, 100),
(363, '20151204_002', 320, 0, 0, 0, 520, 200, 0, 0, 1, 320, 1508, 100),
(364, '20151204_003', 300, 0, 0, 0, 500, 200, 0, 0, 1, 300, 1288, 100),
(365, '20151204_004', 250, 0, 0, 0, 300, 50, 0, 0, 1, 250, 1509, 100),
(366, '20151205_001', 300, 0, 0, 0, 300, 0, 0, 0, 1, 300, 1288, 100),
(367, '20151205_002', 280, 0, 0, 0, 500, 220, 0, 0, 1, 280, 1510, 100),
(368, '20151205_003', 285, 0, 0, 0, 305, 20, 0, 0, 1, 285, 1511, 100),
(369, '20151205_004', 765, 0, 0, 0, 800, 35, 0, 0, 1, 765, 1288, 100),
(370, '20151205_005', 250, 0, 0, 0, 500, 250, 0, 0, 1, 250, 1512, 100),
(371, '20151205_006', 280, 0, 0, 0, 300, 20, 0, 0, 1, 280, 1513, 100),
(372, '20151205_007', 190, 0, 0, 0, 200, 10, 0, 0, 1, 190, 1468, 100),
(374, '20151205_009', 290, 0, 0, 0, 300, 10, 0, 0, 1, 290, 1515, 100),
(375, '20151205_010', 290, 0, 0, 0, 300, 10, 0, 0, 1, 290, 1516, 100),
(376, '20151205_011', 270, 0, 0, 0, 500, 230, 0, 0, 1, 270, 1517, 100),
(377, '20151206_001', 250, 0, 0, 0, 250, 0, 0, 0, 1, 250, 1518, 100),
(378, '20151206_002', 600, 0, 0, 0, 600, 0, 0, 0, 1, 600, 1288, 100),
(379, '20151206_003', 320, 0, 0, 0, 500, 180, 0, 0, 1, 320, 1519, 100),
(380, '20151206_004', 280, 0, 0, 0, 300, 20, 0, 0, 1, 280, 1473, 100),
(381, '20151206_005', 300, 0, 0, 0, 300, 0, 0, 0, 1, 300, 1288, 100),
(382, '20151206_006', 290, 0, 0, 0, 300, 10, 0, 0, 1, 290, 1520, 100),
(383, '20151206_007', 280, 0, 0, 0, 500, 220, 0, 0, 1, 280, 1521, 100),
(384, '20151206_008', 300, 0, 0, 0, 500, 200, 0, 0, 1, 300, 1522, 100),
(385, '20151206_009', 270, 0, 0, 0, 300, 30, 0, 0, 1, 270, 1523, 100),
(386, '20151206_010', 300, 0, 0, 0, 300, 0, 0, 0, 1, 300, 1524, 100),
(387, '20151206_011', 260, 0, 0, 0, 300, 40, 0, 0, 1, 260, 1525, 100),
(388, '20151207_001', 260, 0, 0, 0, 260, 0, 0, 0, 1, 260, 1506, 100),
(389, '20151207_002', 280, 0, 0, 0, 280, 0, 0, 0, 1, 280, 1448, 100),
(390, '20151207_003', 275, 0, 0, 0, 0, 0, 0, 275, 1, 0, 1288, 100),
(391, '20151207_004', 280, 0, 0, 0, 280, 0, 0, 0, 1, 280, 1504, 100),
(392, '20151208_001', 240, 0, 0, 0, 240, 0, 0, 0, 1, 240, 1288, 100),
(393, '20151208_002', 620, 0, 0, 0, 620, 0, 0, 0, 1, 620, 1526, 100),
(394, '20151208_003', 850, 0, 0, 0, 850, 0, 0, 0, 1, 850, 1527, 100),
(395, '20151208_004', 250, 0, 0, 0, 1, 31, 0, 280, 1, -30, 1507, 100),
(396, '20151208_005', 270, 0, 120, 0, 200, 50, 0, 0, 1, 270, 1463, 100),
(397, '20151208_006', 300, 0, 0, 0, 300, 0, 0, 0, 1, 300, 1528, 100),
(398, '20151208_007', 280, 0, 0, 0, 500, 220, 0, 0, 1, 280, 1288, 100),
(399, '20151209_001', 340, 0, 0, 0, 500, 160, 0, 0, 1, 340, 1291, 100),
(400, '20151209_002', 240, 0, 0, 0, 250, 10, 0, 0, 1, 240, 1529, 100),
(401, '20151209_003', 290, 0, 0, 0, 300, 10, 0, 0, 1, 290, 1288, 100),
(402, '20151209_004', 500, 0, 0, 0, 500, 0, 0, 0, 1, 500, 1288, 100),
(403, '20151209_005', 510, 0, 0, 0, 510, 0, 0, 0, 1, 510, 1288, 100),
(404, '20151209_006', 290, 0, 0, 0, 300, 10, 0, 0, 1, 290, 1408, 100),
(405, '20151210_001', 590, 0, 0, 0, 590, 0, 0, 0, 1, 590, 1530, 100),
(406, '20151210_002', 550, 0, 0, 0, 550, 0, 0, 0, 1, 550, 1531, 100),
(407, '20151210_003', 250, 0, 0, 0, 1, 351, 0, 600, 1, -350, 1527, 100),
(408, '20151210_004', 310, 0, 0, 0, 310, 0, 0, 0, 1, 310, 1532, 100),
(409, '20151210_005', 250, 0, 0, 0, 250, 0, 0, 0, 1, 250, 1533, 100),
(410, '20151210_006', 270, 0, 0, 0, 400, 130, 0, 0, 1, 270, 1534, 100),
(411, '20151210_007', 940, 0, 0, 0, 1100, 160, 0, 0, 1, 940, 1535, 100),
(412, '20151210_008', 320, 0, 0, 0, 500, 180, 0, 0, 1, 320, 1536, 100),
(413, '20151211_001', 850, 0, 0, 0, 850, 0, 0, 0, 1, 850, 1537, 100),
(414, '20151211_002', 280, 0, 0, 0, 500, 220, 0, 0, 1, 280, 1538, 100),
(415, '20151211_003', 290, 0, 0, 0, 400, 110, 0, 0, 1, 290, 1539, 100),
(416, '20151211_004', 270, 0, 0, 0, 0, 0, 0, 270, 1, 0, 1288, 100),
(417, '20151211_005', 570, 0, 0, 0, 600, 30, 0, 0, 1, 570, 1540, 100),
(418, '20151211_006', 290, 0, 0, 0, 500, 210, 0, 0, 1, 290, 1541, 100),
(419, '20151212_001', 280, 0, 0, 0, 280, 0, 0, 0, 1, 280, 1487, 100),
(420, '20151212_002', 300, 0, 0, 0, 300, 0, 0, 0, 1, 300, 1542, 100),
(421, '20151212_003', 520, 0, 0, 0, 520, 0, 0, 0, 1, 520, 1543, 100),
(422, '20151212_004', 250, 0, 0, 0, 250, 0, 0, 0, 1, 250, 1544, 100),
(423, '20151212_005', 280, 0, 0, 0, 300, 20, 0, 0, 1, 280, 1545, 100),
(424, '20151212_006', 260, 0, 0, 0, 300, 40, 0, 0, 1, 260, 1546, 100),
(426, '20151212_008', 300, 0, 0, 0, 500, 200, 0, 0, 1, 300, 1288, 100),
(427, '20151212_009', 320, 0, 0, 0, 320, 0, 0, 0, 1, 320, 1548, 100),
(428, '20151212_010', 510, 0, 0, 0, 510, 0, 0, 0, 1, 510, 1547, 100),
(429, '20151213_001', 270, 0, 0, 0, 270, 0, 0, 0, 1, 270, 1397, 100),
(430, '20151213_002', 280, 0, 0, 0, 280, 0, 0, 0, 1, 280, 1549, 100),
(431, '20151213_003', 265, 0, 0, 0, 500, 235, 0, 0, 1, 265, 1550, 100),
(432, '20151213_004', 550, 0, 0, 0, 550, 0, 0, 0, 1, 550, 1551, 100),
(433, '20151213_005', 260, 0, 0, 0, 500, 240, 0, 0, 1, 260, 1552, 100),
(434, '20151213_006', 190, 0, 0, 0, 200, 10, 0, 0, 1, 190, 1553, 100),
(435, '20151214_001', 310, 0, 0, 0, 310, 0, 0, 0, 1, 310, 1354, 100),
(436, '20151214_002', 270, 0, 0, 0, 270, 0, 0, 0, 1, 270, 1554, 100),
(437, '20151214_003', 260, 0, 0, 0, 260, 0, 0, 0, 1, 260, 1555, 100),
(438, '20151214_004', 300, 0, 0, 0, 300, 0, 0, 0, 1, 300, 1556, 100),
(439, '20151214_005', 260, 0, 0, 0, 260, 0, 0, 0, 1, 260, 1557, 100),
(440, '20151214_006', 300, 0, 0, 0, 300, 0, 0, 0, 1, 300, 1558, 100),
(441, '20151214_007', 400, 0, 0, 0, 400, 0, 0, 0, 1, 400, 1559, 100),
(442, '20151214_008', 600, 0, 0, 0, 200, 0, 0, 400, 1, 200, 1559, 100),
(443, '20151214_009', 600, 0, 0, 0, 600, 0, 0, 0, 1, 600, 1560, 100),
(444, '20151214_010', 0, 0, 0, 0, 0, 320, 0, 320, 1, -320, 1548, 100),
(446, '20151215_002', 720, 0, 0, 0, 720, 0, 0, 0, 1, 720, 1288, 100),
(447, '20151215_003', 250, 0, 0, 0, 500, 250, 0, 0, 1, 250, 1288, 100),
(448, '20151215_004', 550, 0, 0, 0, 550, 0, 0, 0, 1, 550, 1288, 100),
(450, '20151215_006', 420, 0, 0, 0, 420, 0, 0, 0, 1, 420, 1341, 100),
(451, '20151215_007', 480, 0, 0, 0, 480, 0, 0, 0, 1, 480, 1561, 100),
(452, '20151215_008', 420, 0, 0, 0, 420, 0, 0, 0, 1, 420, 1403, 100),
(454, '20151216_001', 290, 0, 0, 0, 400, 110, 0, 0, 1, 290, 1563, 100),
(455, '20151216_002', 260, 0, 0, 0, 260, 0, 0, 0, 1, 260, 1562, 100),
(456, '20151216_003', 470, 0, 0, 0, 500, 30, 0, 0, 1, 470, 1564, 100),
(457, '20151216_004', 220, 0, 0, 0, 220, 0, 0, 0, 1, 220, 1533, 100),
(458, '20151216_005', 245, 0, 0, 0, 245, 0, 0, 0, 1, 245, 1565, 100),
(459, '20151217_001', 280, 0, 0, 0, 280, 0, 0, 0, 1, 280, 1288, 100),
(460, '20151217_002', 290, 0, 0, 0, 290, 0, 0, 0, 1, 290, 1566, 100),
(461, '20151217_003', 280, 0, 0, 0, 280, 0, 0, 0, 1, 280, 1567, 100),
(462, '20151217_004', 270, 0, 0, 0, 500, 230, 0, 0, 1, 270, 1568, 100),
(463, '20151217_005', 290, 0, 0, 0, 290, 0, 0, 0, 1, 290, 1569, 100),
(464, '20151217_006', 400, 0, 0, 0, 400, 0, 0, 0, 1, 400, 1434, 100),
(465, '20151218_001', 550, 0, 0, 0, 550, 0, 0, 0, 1, 550, 1570, 100),
(466, '20151218_002', 350, 0, 0, 0, 350, 0, 0, 0, 1, 350, 1571, 100),
(467, '20151218_003', 300, 0, 0, 0, 300, 0, 0, 0, 1, 300, 1572, 100),
(468, '20151218_004', 280, 0, 0, 0, 280, 0, 0, 0, 1, 280, 1288, 100),
(469, '20151218_005', 260, 0, 0, 0, 0, 0, 0, 260, 1, 0, 1557, 100),
(470, '20151218_006', 300, 0, 0, 0, 300, 0, 0, 0, 1, 300, 1341, 100),
(471, '20151218_007', 400, 0, 0, 0, 500, 100, 0, 0, 1, 400, 1573, 100),
(472, '20151218_008', 500, 0, 0, 0, 500, 0, 0, 0, 1, 500, 1288, 100),
(473, '20151219_001', 420, 0, 0, 0, 500, 80, 0, 0, 1, 420, 1288, 100),
(474, '20151219_002', 200, 0, 0, 0, 200, 0, 0, 0, 1, 200, 1562, 100),
(475, '20151219_003', 460, 0, 0, 0, 460, 0, 0, 0, 1, 460, 1574, 100),
(476, '20151220_001', 300, 0, 0, 0, 300, 0, 0, 0, 1, 300, 1575, 100),
(477, '20151220_002', 320, 0, 0, 0, 320, 0, 0, 0, 1, 320, 1576, 100),
(478, '20151220_003', 150, 0, 0, 0, 150, 0, 0, 0, 1, 150, 1288, 100),
(479, '20151220_004', 440, 0, 0, 0, 440, 0, 0, 0, 1, 440, 1577, 100),
(480, '20151222_001', 270, 0, 0, 0, 520, 250, 0, 0, 1, 270, 1578, 100),
(481, '20151212_011', 350, 0, 0, 0, 350, 0, 0, 0, 1, 350, 1548, 100),
(483, '20151212_012', 356, 0, 0, 0, 356, 0, 0, 0, 1, 356, 1579, 100),
(485, '20151212_013', 220, 0, 0, 0, 220, 0, 0, 0, 1, 220, 1562, 100),
(486, '20151213_007', 220, 0, 0, 0, 220, 0, 0, 0, 1, 220, 1562, 100),
(487, '20151213_008', 700, 0, 0, 0, 700, 0, 0, 0, 1, 700, 1551, 100),
(489, '20151214_011', 350, 0, 0, 0, 350, 0, 0, 0, 1, 350, 1540, 100),
(492, '20151215_009', 130, 0, 0, 0, 130, 0, 0, 0, 1, 130, 1288, 100),
(494, '20151214_012', 200, 0, 0, 0, 200, 0, 0, 0, 1, 200, 1288, 100),
(495, '20151213_009', 330, 0, 0, 0, 330, 0, 0, 0, 1, 330, 1553, 100),
(496, '20151216_006', 350, 0, 0, 0, 350, 0, 0, 0, 1, 350, 1366, 100),
(497, '20151216_007', 505, 0, 0, 0, 505, 0, 0, 0, 1, 505, 1565, 100),
(498, '20151216_008', 400, 0, 0, 0, 400, 0, 0, 0, 1, 400, 1580, 100),
(499, '20151217_007', 350, 0, 0, 0, 350, 0, 0, 0, 1, 350, 1581, 100),
(500, '20151217_008', 350, 0, 0, 0, 350, 0, 0, 0, 1, 350, 1434, 100),
(501, '20151218_009', 530, 0, 0, 0, 530, 0, 0, 0, 1, 530, 1532, 100),
(502, '20151218_010', 450, 0, 0, 0, 450, 0, 0, 0, 1, 450, 1355, 100),
(503, '20151219_004', 400, 0, 0, 0, 400, 0, 0, 0, 1, 400, 1562, 100),
(504, '20151219_005', 830, 0, 0, 0, 830, 0, 0, 0, 1, 830, 1574, 100),
(505, '20151222_002', 395, 0, 0, 0, 130, 0, 0, 265, 1, 130, 1366, 100),
(506, '20151219_006', 495, 0, 0, 0, 450, -45, 0, 0, 1, 450, 1582, 100),
(507, '20151219_007', 290, 0, 0, 0, 1, 61, 0, 350, 1, -60, 1366, 100),
(508, '20151222_003', 350, 0, 0, 0, 350, 0, 0, 0, 1, 350, 1403, 100),
(509, '20151213_010', 260, 0, 0, 0, 260, 0, 0, 0, 1, 260, 1562, 100),
(511, '20151222_004', 335, 0, 0, 0, 335, 0, 0, 0, 1, 335, 1328, 100),
(512, '20151222_005', 950, 0, 0, 0, 950, 0, 0, 0, 1, 950, 1410, 100),
(513, '20151215_010', 350, 0, 0, 0, 350, 0, 0, 0, 1, 350, 1403, 100),
(514, '20151222_006', 500, 0, 0, 0, 0, -500, 0, 0, 1, 0, 1583, 100),
(515, '20151222_007', 230, 0, 0, 0, 230, 0, 0, 0, 1, 230, 1528, 100),
(516, '20151222_008', 255, 0, 0, 0, 255, 0, 0, 0, 1, 255, 1584, 100),
(517, '20151222_009', 650, 0, 0, 0, 650, 0, 0, 0, 1, 650, 1585, 100),
(518, '20151223_001', 270, 0, 0, 0, 270, 0, 0, 0, 1, 270, 1586, 100),
(519, '20151223_002', 290, 0, 0, 0, 290, 0, 0, 0, 1, 290, 1587, 100),
(520, '20151223_003', 700, 0, 0, 0, 700, 0, 0, 0, 1, 700, 1588, 100),
(522, '20151223_005', 340, 0, 0, 0, 340, 0, 0, 0, 1, 340, 1589, 100),
(525, '20151223_007', 230, 0, 0, 0, 250, 20, 0, 0, 1, 230, 1590, 100),
(526, '20151223_008', 250, 0, 0, 0, 250, 0, 0, 0, 1, 250, 1591, 100),
(527, '20151223_009', 290, 0, 0, 0, 290, 0, 0, 0, 1, 290, 1592, 100),
(528, '20151223_010', 750, 0, 0, 0, 750, 0, 0, 0, 1, 750, 1593, 100),
(529, '20151223_011', 300, 0, 0, 0, 500, 200, 0, 0, 1, 300, 1290, 100),
(530, '20151223_012', 270, 0, 0, 0, 500, 230, 0, 0, 1, 270, 1594, 100),
(531, '20151224_001', 395, 0, 0, 0, 400, 5, 0, 0, 1, 395, 1314, 100),
(534, '20151224_002', 265, 0, 0, 0, 265, 0, 0, 0, 1, 265, 1354, 100),
(535, '20151224_003', 600, 0, 0, 0, 600, 0, 0, 0, 1, 600, 1595, 100),
(536, '20151225_001', 840, 0, 0, 0, 800, -40, 0, 0, 1, 800, 1596, 100),
(537, '20151225_002', 280, 0, 0, 0, 280, 0, 0, 0, 1, 280, 1454, 100),
(538, '20151225_003', 475, 0, 0, 0, 100, 20, 0, 395, 1, 80, 1314, 100),
(539, '20151225_004', 255, 0, 0, 0, 255, 0, 0, 0, 1, 255, 1597, 100),
(540, '20151225_005', 665, 0, 0, 0, 665, 0, 0, 0, 1, 665, 1598, 100),
(541, '20151225_006', 775, 0, 0, 0, 1005, 230, 0, 0, 1, 775, 1599, 100),
(542, '20151225_007', 896, 0, 0, 0, 896, 0, 0, 0, 1, 896, 1571, 100),
(543, '20151225_008', 265, 0, 0, 0, 265, 0, 0, 0, 1, 265, 1406, 100),
(544, '20151226_001', 275, 0, 0, 0, 275, 0, 0, 0, 1, 275, 1600, 100),
(545, '20151226_002', 470, 0, 0, 0, 470, 0, 0, 0, 1, 470, 1601, 100),
(546, '20151226_003', 400, 0, 0, 0, 400, 0, 0, 0, 1, 400, 1602, 100),
(547, '20151226_004', 250, 0, 0, 0, 250, 0, 0, 0, 1, 250, 1603, 100),
(548, '20151226_005', 270, 0, 0, 0, 300, 30, 0, 0, 1, 270, 1604, 100),
(549, '20151226_006', 480, 0, 0, 0, 500, 20, 0, 0, 1, 480, 1288, 100),
(550, '20151226_007', 230, 0, 0, 0, 300, 70, 0, 0, 1, 230, 1605, 100),
(551, '20151227_001', 430, 0, 0, 0, 500, 70, 0, 0, 1, 430, 1606, 100),
(552, '20151227_002', 520, 0, 0, 0, 520, 0, 0, 0, 1, 520, 1564, 100),
(553, '20151227_003', 395, 0, 0, 0, 500, 105, 0, 0, 1, 395, 1607, 100),
(554, '20151227_004', 385, 0, 0, 0, 400, 15, 0, 0, 1, 385, 1451, 100),
(555, '20151228_001', 240, 0, 0, 0, 300, 60, 0, 0, 1, 240, 1608, 100),
(556, '20151228_002', 270, 0, 0, 0, 500, 230, 0, 0, 1, 270, 1609, 100),
(557, '20151228_003', 280, 0, 0, 0, 500, 220, 0, 0, 1, 280, 1610, 100),
(558, '20151228_004', 475, 0, 0, 0, 500, 25, 0, 0, 1, 475, 1611, 100),
(559, '20151228_005', 240, 0, 0, 0, 240, 0, 0, 0, 1, 240, 1425, 100),
(560, '20151228_006', 620, 0, 0, 0, 720, 100, 0, 0, 1, 620, 1289, 100),
(561, '20151231_001', 520, 0, 0, 0, 520, 0, 0, 0, 1, 520, 1612, 100),
(562, '20151231_002', 750, 0, 0, 0, 750, 0, 0, 0, 1, 750, 1613, 100),
(565, '20151231_003', 400, 0, 0, 0, 400, 0, 0, 0, 1, 400, 1616, 100),
(566, '20151231_004', 560, 0, 0, 0, 560, 0, 0, 0, 1, 560, 1617, 100),
(567, '20151231_005', 250, 0, 0, 0, 250, 0, 0, 0, 1, 250, 1618, 100),
(568, '20151231_006', 440, 0, 0, 0, 600, 160, 0, 0, 1, 440, 1619, 100),
(569, '20151231_007', 400, 0, 0, 0, 400, 0, 0, 0, 1, 400, 1620, 100),
(570, '20151231_008', 175, 0, 0, 0, 500, 325, 0, 0, 1, 175, 1621, 100),
(572, '20151229_001', 250, 0, 0, 0, 250, 0, 0, 0, 1, 250, 1614, 100),
(573, '20160101_001', 520, 0, 0, 0, 520, 0, 0, 0, 1, 520, 1622, 100),
(574, '20151229_002', 290, 0, 0, 0, 290, 0, 0, 0, 1, 290, 1615, 100),
(575, '20151229_003', 230, 0, 0, 0, 230, 0, 0, 0, 1, 230, 1623, 100),
(577, '20151229_004', 520, 0, 0, 0, 520, 0, 0, 0, 1, 520, 1288, 100),
(578, '20151230_001', 555, 0, 0, 0, 555, 0, 0, 0, 1, 555, 1624, 100),
(579, '20151230_002', 475, 0, 0, 0, 475, 0, 0, 0, 1, 475, 1625, 100),
(580, '20151230_003', 440, 0, 0, 0, 440, 0, 0, 0, 1, 440, 1626, 100),
(581, '20151230_004', 235, 0, 0, 0, 235, 0, 0, 0, 1, 235, 1627, 100),
(582, '20151230_005', 230, 0, 0, 0, 230, 0, 0, 0, 1, 230, 1628, 100),
(583, '20160101_002', 270, 0, 0, 0, 270, 0, 0, 0, 1, 270, 1629, 100),
(584, '20160102_001', 440, 0, 0, 0, 440, 0, 0, 0, 1, 440, 1288, 100),
(585, '20160102_002', 250, 0, 0, 0, 250, 0, 0, 0, 1, 250, 1630, 100),
(586, '20160102_003', 1170, 0, 0, 0, 1170, 0, 0, 0, 1, 1170, 1631, 100),
(587, '20160102_004', 255, 0, 0, 0, 255, 0, 0, 0, 1, 255, 1632, 100),
(588, '20160102_005', 315, 0, 0, 0, 315, 0, 0, 0, 1, 315, 1288, 100),
(589, '20160102_006', 475, 0, 0, 0, 525, 50, 0, 0, 1, 475, 1633, 100),
(590, '20160102_007', 0, 0, 0, 200, 200, 0, 0, 0, 1, 0, 1634, 100),
(591, '20160102_008', 380, 0, 0, 0, 500, 120, 0, 0, 1, 380, 1632, 100),
(592, '20160102_009', 280, 0, 0, 0, 500, 220, 0, 0, 1, 280, 1288, 100),
(593, '20151223_013', 520, 0, 0, 0, 0, -520, 0, 0, 1, 0, 1562, 100),
(594, '20160102_010', 0, 0, 0, 100, 100, 0, 0, 0, 1, 0, 1635, 100),
(595, '20160102_011', 250, 0, 0, 0, 250, 0, 0, 0, 1, 250, 1636, 100),
(596, '20160103_001', 300, 0, 0, 0, 300, 0, 0, 0, 1, 300, 1637, 100),
(597, '20160103_002', 400, 0, 0, 0, 400, 0, 0, 0, 1, 400, 1638, 100),
(598, '20160103_003', 305, 0, 0, 0, 305, 0, 0, 0, 1, 305, 1639, 100),
(599, '20160104_001', 465, 0, 0, 0, 465, 0, 0, 0, 1, 465, 1640, 100),
(600, '20160104_002', 305, 0, 0, 0, 305, 0, 0, 0, 1, 305, 1640, 100),
(601, '20160103_004', 475, 0, 200, 0, 275, 0, 0, 0, 1, 475, 1634, 100),
(602, '20160104_003', 260, 0, 0, 0, 560, 300, 0, 0, 1, 260, 1288, 100),
(603, '20160104_004', 250, 0, 0, 0, 250, 0, 0, 0, 1, 250, 1327, 100),
(604, '20160105_001', 280, 0, 100, 0, 180, 0, 0, 0, 1, 280, 1635, 100),
(605, '20160105_002', 760, 0, 0, 0, 1000, 240, 0, 0, 1, 760, 1641, 100),
(606, '20160105_003', 520, 0, 0, 0, 520, 0, 0, 0, 1, 520, 1642, 100),
(607, '20160105_004', 1300, 0, 0, 0, 1500, 200, 0, 0, 1, 1300, 1643, 100),
(608, '20160106_001', 0, 40, 0, 0, 40, 0, 0, 0, 1, 40, 1596, 100),
(610, '20160106_003', 550, 0, 0, 0, 550, 0, 0, 0, 1, 550, 1644, 100),
(611, '20160106_004', 195, 0, 0, 0, 200, 5, 0, 0, 1, 195, 1645, 100),
(612, '20160106_005', 310, 0, 0, 0, 500, 190, 0, 0, 1, 310, 1646, 100),
(613, '20160107_001', 290, 0, 0, 0, 290, 0, 0, 0, 1, 290, 1647, 100),
(614, '20160108_001', 550, 0, 0, 0, 550, 0, 0, 0, 1, 550, 1649, 100),
(615, '20160108_002', 300, 0, 0, 0, 300, 0, 0, 0, 1, 300, 1650, 100),
(616, '20160108_003', 250, 0, 0, 0, 250, 0, 0, 0, 1, 250, 1636, 100),
(617, '20160107_002', 300, 0, 0, 0, 300, 0, 0, 0, 1, 300, 1648, 100),
(618, '20160107_003', 255, 0, 0, 0, 255, 0, 0, 0, 1, 255, 1651, 100),
(619, '20160107_004', 520, 0, 0, 0, 520, 0, 0, 0, 1, 520, 1652, 100),
(620, '20160107_005', 260, 0, 0, 0, 260, 0, 0, 0, 1, 260, 1642, 100),
(621, '20160107_006', 270, 0, 0, 0, 270, 0, 0, 0, 1, 270, 1295, 100),
(622, '20160108_004', 280, 0, 0, 0, 500, 220, 0, 0, 1, 280, 1288, 100),
(623, '20160108_005', 300, 0, 0, 0, 300, 0, 0, 0, 1, 300, 1653, 100),
(624, '20160108_006', 675, 0, 0, 0, 675, 0, 0, 0, 1, 675, 1654, 100),
(625, '20160108_007', 265, 0, 0, 0, 265, 0, 0, 0, 1, 265, 1508, 100),
(626, '20160108_008', 1300, 0, 0, 0, 1300, 0, 0, 0, 1, 1300, 1655, 100),
(627, '20160108_009', 95, 0, 0, 0, 95, 0, 0, 0, 1, 95, 1654, 100),
(628, '20160108_010', 410, 0, 0, 0, 410, 0, 0, 0, 1, 410, 1656, 100),
(629, '20160108_011', 280, 0, 0, 0, 280, 0, 0, 0, 1, 280, 1657, 100),
(630, '20160109_001', 265, 0, 0, 0, 265, 0, 0, 0, 1, 265, 1658, 100),
(631, '20160109_002', 300, 0, 0, 0, 300, 0, 0, 0, 1, 300, 1659, 100),
(632, '20160109_003', 240, 0, 0, 0, 240, 0, 0, 0, 1, 240, 1657, 100),
(633, '20160109_004', 285, 0, 0, 0, 285, 0, 0, 0, 1, 285, 1660, 100),
(634, '20160109_005', 230, 0, 0, 0, 0, 0, 0, 230, 1, 0, 1655, 100),
(635, '20160109_006', 270, 0, 0, 0, 270, 0, 0, 0, 1, 270, 1661, 100),
(636, '20160109_007', 290, 0, 0, 0, 290, 0, 0, 0, 1, 290, 1615, 100),
(637, '20160110_001', 260, 0, 0, 0, 260, 0, 0, 0, 1, 260, 1288, 100),
(638, '20160110_002', 270, 0, 0, 0, 270, 0, 0, 0, 1, 270, 1662, 100),
(639, '20160110_003', 530, 0, 0, 0, 530, 0, 0, 0, 1, 530, 1663, 100),
(640, '20160110_004', 240, 0, 0, 0, 240, 0, 0, 0, 1, 240, 1664, 100),
(641, '20160110_005', 515, 0, 0, 0, 515, 0, 0, 0, 1, 515, 1665, 100),
(642, '20160110_006', 560, 0, 0, 0, 560, 0, 0, 0, 1, 560, 1666, 100),
(643, '20160110_007', 600, 0, 0, 0, 600, 0, 0, 0, 1, 600, 1667, 100),
(644, '20160110_008', 600, 0, 0, 0, 600, 0, 0, 0, 1, 600, 1668, 100),
(645, '20160111_001', 400, 0, 0, 0, 400, 0, 0, 0, 1, 400, 1669, 100),
(646, '20160112_001', 350, 0, 0, 0, 350, 0, 0, 0, 1, 350, 1670, 100),
(647, '20160112_002', 420, 0, 0, 0, 420, 0, 0, 0, 1, 420, 1671, 100),
(648, '20160112_003', 240, 0, 0, 0, 240, 0, 0, 0, 1, 240, 1424, 100),
(649, '20160112_004', 270, 0, 0, 0, 270, 0, 0, 0, 1, 270, 1672, 100),
(650, '20160112_005', 850, 0, 0, 0, 850, 0, 0, 0, 1, 850, 1288, 100),
(651, '20160112_006', 315, 0, 0, 0, 315, 0, 0, 0, 1, 315, 1673, 100),
(652, '20160112_007', 480, 0, 0, 0, 480, 0, 0, 0, 1, 480, 1288, 100),
(653, '20160112_008', 500, 0, 0, 0, 500, 0, 0, 0, 1, 500, 1657, 100),
(654, '20160112_009', 400, 0, 0, 0, 400, 0, 0, 0, 1, 400, 1674, 100),
(655, '20160113_001', 255, 0, 0, 0, 255, 0, 0, 0, 1, 255, 1675, 100),
(656, '20160113_002', 270, 0, 0, 0, 270, 0, 0, 0, 1, 270, 1676, 100),
(657, '20160113_003', 270, 0, 0, 0, 270, 0, 0, 0, 1, 270, 1677, 100),
(658, '20160113_004', 280, 0, 0, 0, 280, 0, 0, 0, 1, 280, 1674, 100),
(659, '20160113_005', 235, 0, 0, 0, 235, 0, 0, 0, 1, 235, 1678, 100),
(660, '20160113_006', 280, 0, 0, 0, 280, 0, 0, 0, 1, 280, 1323, 100),
(661, '20160113_007', 280, 0, 0, 0, 280, 0, 0, 0, 1, 280, 1679, 100),
(662, '20160113_008', 440, 0, 0, 0, 440, 0, 0, 0, 1, 440, 1680, 100),
(663, '20160113_009', 250, 0, 0, 0, 250, 0, 0, 0, 1, 250, 1681, 100),
(664, '20160113_010', 270, 0, 0, 0, 270, 0, 0, 0, 1, 270, 1532, 100),
(665, '20160113_011', 770, 0, 0, 0, 770, 0, 0, 0, 1, 770, 1682, 100),
(666, '20160113_012', 280, 0, 0, 0, 280, 0, 0, 0, 1, 280, 1683, 100),
(667, '20160113_013', 280, 0, 0, 0, 280, 0, 0, 0, 1, 280, 1684, 100),
(668, '20160113_014', 240, 0, 0, 0, 240, 0, 0, 0, 1, 240, 1288, 100),
(669, '20160114_001', 280, 0, 0, 0, 280, 0, 0, 0, 1, 280, 1685, 100),
(670, '20160114_002', 270, 0, 0, 0, 270, 0, 0, 0, 1, 270, 1686, 100),
(671, '20160114_003', 440, 0, 0, 0, 440, 0, 0, 0, 1, 440, 1687, 100),
(672, '20160115_001', 685, 0, 0, 0, 685, 0, 0, 0, 1, 685, 1688, 100),
(673, '20160115_002', 360, 0, 0, 0, 360, 0, 0, 0, 1, 360, 1689, 100),
(674, '20160115_003', 600, 0, 0, 0, 600, 0, 0, 0, 1, 600, 1654, 100),
(675, '20160115_004', 475, 0, 0, 0, 475, 0, 0, 0, 1, 475, 1686, 100),
(677, '20160115_006', 480, 0, 0, 0, 480, 0, 0, 0, 1, 480, 1350, 100),
(678, '20160115_007', 2070, 0, 0, 0, 2070, 0, 0, 0, 1, 2070, 1690, 100),
(679, '20160116_001', 0, 0, 0, 0, 1, 781, 0, 780, 1, -780, 1410, 100),
(680, '20160116_002', 3010, 0, 0, 0, 3010, 0, 0, 0, 1, 3010, 1691, 100),
(681, '20160116_003', 220, 0, 0, 0, 220, 0, 0, 0, 1, 220, 1691, 100),
(682, '20160116_004', 280, 0, 0, 50, 330, 0, 0, 0, 1, 280, 1692, 100),
(683, '20160116_005', 290, 0, 0, 0, 290, 0, 0, 0, 1, 290, 1693, 100),
(684, '20160116_006', 255, 0, 0, 0, 255, 0, 0, 0, 1, 255, 1694, 100),
(685, '20160116_007', 240, 0, 0, 0, 240, 0, 0, 0, 1, 240, 1695, 100),
(686, '20160117_001', 250, 0, 0, 0, 250, 0, 0, 0, 1, 250, 1696, 100),
(687, '20160117_002', 1740, 0, 0, 0, 1740, 0, 0, 0, 1, 1740, 1697, 100),
(688, '20160117_003', 475, 0, 0, 0, 475, 0, 0, 0, 1, 475, 1698, 100),
(689, '20160117_004', 280, 0, 0, 0, 280, 0, 0, 0, 1, 280, 1699, 100),
(690, '20160117_005', 280, 0, 0, 0, 500, 220, 0, 0, 1, 280, 1700, 100),
(691, '20160117_006', 685, 0, 0, 0, 1000, 315, 0, 0, 1, 685, 1701, 100),
(692, '20160117_007', 450, 0, 0, 0, 600, 150, 0, 0, 1, 450, 1593, 100),
(693, '20160117_008', 750, 0, 0, 0, 750, 0, 0, 0, 1, 750, 1535, 100),
(694, '20160117_009', 340, 0, 0, 0, 340, 0, 0, 0, 1, 340, 1649, 100),
(696, '20160117_011', 810, 0, 0, 0, 810, 0, 0, 0, 1, 810, 1702, 100),
(697, '20160117_012', 230, 520, 0, 0, 0, -750, 0, 0, 1, 0, 1562, 100),
(698, '20160117_013', 0, 750, 0, 0, 750, 0, 0, 0, 1, 750, 1562, 100),
(699, '20160118_001', 270, 0, 0, 0, 270, 0, 0, 0, 1, 270, 1703, 100),
(700, '20160118_002', 300, 0, 0, 0, 300, 0, 0, 0, 1, 300, 1660, 100),
(701, '20160118_003', 300, 0, 0, 0, 300, 0, 0, 0, 1, 300, 1704, 100),
(702, '20160118_004', 300, 0, 0, 0, 300, 0, 0, 0, 1, 300, 1705, 100),
(703, '20160118_005', 425, 0, 0, 0, 425, 0, 0, 0, 1, 425, 1706, 100),
(708, '20160118_006', 240, 0, 0, 0, 240, 0, 0, 0, 1, 240, 1707, 100),
(709, '20160118_007', 480, 0, 0, 0, 480, 0, 0, 0, 1, 480, 1708, 100),
(710, '20160118_008', 240, 0, 0, 0, 240, 0, 0, 0, 1, 240, 1709, 100),
(711, '20160118_009', 280, 0, 0, 0, 280, 0, 0, 0, 1, 280, 1710, 100),
(712, '20160118_010', 350, 0, 0, 0, 350, 0, 0, 0, 1, 350, 1711, 100),
(713, '20160118_011', 250, 0, 0, 0, 250, 0, 0, 0, 1, 250, 1712, 100),
(714, '20160118_012', 230, 0, 0, 0, 500, 270, 0, 0, 1, 230, 1713, 100),
(715, '20160118_013', 720, 0, 0, 0, 720, 0, 0, 0, 1, 720, 1681, 100),
(716, '20160118_014', 700, 0, 0, 0, 700, 0, 0, 0, 1, 700, 1714, 100),
(717, '20160118_015', 250, 0, 0, 0, 250, 0, 0, 0, 1, 250, 1707, 100),
(718, '20160118_016', 265, 0, 0, 0, 500, 235, 0, 0, 1, 265, 1715, 100),
(719, '20160118_017', 220, 0, 0, 0, 500, 280, 0, 0, 1, 220, 1424, 100),
(720, '20160118_018', 310, 0, 0, 0, 510, 200, 0, 0, 1, 310, 1288, 100),
(721, '20160118_019', 220, 0, 0, 0, 500, 280, 0, 0, 1, 220, 1350, 100),
(722, '20160119_001', 270, 0, 50, 0, 220, 0, 0, 0, 1, 270, 1692, 100),
(723, '20160119_002', 280, 0, 0, 0, 280, 0, 0, 0, 1, 280, 1716, 100),
(724, '20160119_003', 350, 0, 0, 0, 350, 0, 0, 0, 1, 350, 1717, 100),
(725, '20160119_004', 260, 0, 0, 0, 100, 90, 0, 250, 1, 10, 1707, 100),
(726, '20160119_005', 270, 0, 0, 0, 270, 0, 0, 0, 1, 270, 1718, 100),
(727, '20160119_006', 230, 0, 0, 0, 500, 270, 0, 0, 1, 230, 1719, 100),
(728, '20160119_007', 650, 0, 0, 0, 700, 50, 0, 0, 1, 650, 1720, 100),
(729, '20160119_008', 500, 0, 0, 0, 500, 0, 0, 0, 1, 500, 1288, 100),
(730, '20160120_001', 280, 0, 0, 0, 280, 0, 0, 0, 1, 280, 1721, 100),
(731, '20160120_002', 400, 0, 0, 0, 400, 0, 0, 0, 1, 400, 1722, 100),
(732, '20160120_003', 255, 0, 0, 0, 255, 0, 0, 0, 1, 255, 1288, 100),
(733, '20160120_004', 400, 0, 0, 0, 400, 0, 0, 0, 1, 400, 1723, 100),
(734, '20160120_005', 550, 0, 0, 0, 550, 0, 0, 0, 1, 550, 1724, 100),
(735, '20160120_006', 780, 0, 0, 0, 780, 0, 0, 0, 1, 780, 1725, 100),
(736, '20160120_007', 700, 0, 0, 0, 700, 0, 0, 0, 1, 700, 1726, 100),
(737, '20160120_008', 450, 0, 0, 0, 500, 50, 0, 0, 1, 450, 1727, 100),
(738, '20160120_009', 270, 0, 0, 0, 100, 0, 0, 170, 1, 100, 1727, 100),
(739, '20160121_001', 475, 0, 0, 0, 475, 0, 0, 0, 1, 475, 1728, 100),
(740, '20160121_002', 235, 0, 0, 0, 235, 0, 0, 0, 1, 235, 1729, 100),
(741, '20160121_003', 675, 0, 0, 0, 675, 0, 0, 0, 1, 675, 1730, 100),
(742, '20160121_004', 475, 0, 0, 0, 475, 0, 0, 0, 1, 475, 1288, 100),
(743, '20160121_005', 480, 0, 0, 0, 480, 0, 0, 0, 1, 480, 1731, 100),
(744, '20160121_006', 250, 0, 0, 0, 250, 0, 0, 0, 1, 250, 1732, 100),
(745, '20160122_001', 2700, 0, 0, 0, 2700, 0, 0, 0, 1, 2700, 1691, 100),
(746, '20160122_002', 315, 0, 0, 0, 315, 0, 0, 0, 1, 315, 1733, 100),
(747, '20160122_003', 480, 0, 0, 0, 500, 20, 0, 0, 1, 480, 1734, 100),
(748, '20160122_004', 475, 0, 0, 0, 525, 50, 0, 0, 1, 475, 1735, 100),
(749, '20160122_005', 400, 0, 0, 0, 400, 0, 0, 0, 1, 400, 1736, 100),
(750, '20160122_006', 270, 0, 0, 0, 500, 230, 0, 0, 1, 270, 1737, 100),
(751, '20160123_001', 245, 0, 0, 0, 245, 0, 0, 0, 1, 245, 1738, 100),
(752, '20160123_002', 220, 0, 0, 0, 300, 80, 0, 0, 1, 220, 1739, 100),
(753, '20160123_003', 360, 0, 0, 0, 500, 140, 0, 0, 1, 360, 1740, 100),
(754, '20160123_004', 445, 0, 0, 0, 500, 55, 0, 0, 1, 445, 1741, 100),
(755, '20160123_005', 450, 0, 0, 0, 450, 0, 0, 0, 1, 450, 1742, 100),
(756, '20160123_006', 400, 0, 0, 0, 400, 0, 0, 0, 1, 400, 1743, 100),
(757, '20160123_007', 445, 0, 0, 0, 445, 0, 0, 0, 1, 445, 1744, 100),
(758, '20160123_008', 450, 0, 0, 0, 450, 0, 0, 0, 1, 450, 1745, 100),
(759, '20160124_001', 260, 0, 0, 0, 260, 0, 0, 0, 1, 260, 1746, 100),
(760, '20160124_002', 485, 0, 0, 0, 485, 0, 0, 0, 1, 485, 1288, 100),
(761, '20160124_003', 445, 0, 0, 0, 500, 55, 0, 0, 1, 445, 1747, 100),
(762, '20160125_001', 260, 0, 0, 0, 260, 0, 0, 0, 1, 260, 1748, 100),
(763, '20160125_002', 390, 0, 0, 0, 390, 0, 0, 0, 1, 390, 1288, 100),
(764, '20160125_003', 250, 0, 0, 0, 500, 250, 0, 0, 1, 250, 1749, 100),
(765, '20160125_004', 220, 0, 0, 0, 220, 0, 0, 0, 1, 220, 1750, 100);
INSERT INTO `export_facture_trace` (`id`, `export_facture_code`, `total`, `debt`, `reserved`, `order`, `customer_give`, `give_customer`, `bonus_used`, `return_amount`, `shop_id`, `amount`, `customer_id`, `bonus_ratio`) VALUES
(766, '20160125_005', 0, 0, 0, 0, 1, 521, 0, 520, 1, -520, 1288, 100),
(767, '20160125_006', 450, 0, 0, 0, 500, 50, 0, 0, 1, 450, 1751, 100),
(768, '20160125_007', 220, 0, 0, 0, 220, 0, 0, 0, 1, 220, 1752, 100),
(769, '20160125_008', 245, 0, 0, 0, 300, 55, 0, 0, 1, 245, 1753, 100),
(770, '20160125_009', 250, 0, 0, 0, 500, 250, 0, 0, 1, 250, 1754, 100),
(771, '20160125_010', 295, 0, 0, 0, 295, 0, 0, 0, 1, 295, 1288, 100),
(772, '20160126_001', 295, 0, 0, 0, 295, 0, 0, 0, 1, 295, 1317, 100),
(773, '20160127_001', 1080, 0, 0, 0, 1080, 0, 0, 0, 1, 1080, 1288, 100),
(774, '20160127_002', 1500, 0, 0, 0, 1500, 0, 0, 0, 1, 1500, 1691, 100),
(775, '20160127_003', 625, 0, 0, 0, 625, 0, 0, 0, 1, 625, 1755, 100),
(776, '20160127_004', 270, 0, 0, 0, 400, 130, 0, 0, 1, 270, 1756, 100),
(777, '20160128_001', 440, 0, 0, 0, 500, 60, 0, 0, 1, 440, 1757, 100),
(778, '20160128_002', 260, 0, 0, 0, 260, 0, 0, 0, 1, 260, 1758, 100),
(779, '20160128_003', 350, 0, 0, 0, 350, 0, 0, 0, 1, 350, 1288, 100),
(780, '20160128_004', 400, 0, 0, 0, 400, 0, 0, 0, 1, 400, 1759, 100),
(781, '20160128_005', 510, 0, 0, 0, 510, 0, 0, 0, 1, 510, 1760, 100),
(782, '20160128_006', 510, 0, 0, 0, 510, 0, 0, 0, 1, 510, 1761, 100),
(784, '20160128_007', 260, 0, 0, 0, 300, 40, 0, 0, 1, 260, 1762, 100),
(785, '20160129_001', 730, 0, 0, 0, 730, 0, 0, 0, 1, 730, 1763, 100),
(786, '20160129_002', 260, 0, 0, 0, 260, 0, 0, 0, 1, 260, 1764, 100),
(787, '20160129_003', 975, 0, 0, 0, 975, 0, 0, 0, 1, 975, 1765, 100),
(788, '20160129_004', 220, 0, 0, 0, 220, 0, 0, 0, 1, 220, 1336, 100),
(789, '20160129_005', 225, 0, 0, 0, 225, 0, 0, 0, 1, 225, 1382, 100),
(791, '20160129_006', 235, 0, 0, 0, 235, 0, 0, 0, 1, 235, 1359, 100),
(792, '20160129_007', 375, 0, 0, 0, 375, 0, 0, 0, 1, 375, 1666, 100),
(793, '20160130_001', 230, 0, 0, 0, 230, 0, 0, 0, 1, 230, 1288, 100),
(794, '20160130_002', 485, 0, 0, 0, 485, 0, 0, 0, 1, 485, 1766, 100),
(795, '20160130_003', 250, 0, 0, 0, 500, 250, 0, 0, 1, 250, 1767, 100),
(796, '20160130_004', 435, 0, 0, 0, 500, 65, 0, 0, 1, 435, 1768, 100),
(797, '20160130_005', 760, 0, 0, 0, 760, 0, 0, 0, 1, 760, 1769, 100),
(799, '20160130_006', 0, 780, 0, 0, 780, 0, 0, 0, 1, 780, 1410, 100),
(801, '20160130_007', 270, 0, 0, 0, 270, 0, 0, 0, 1, 270, 1410, 100),
(802, '20160130_008', 830, 0, 0, 0, 830, 0, 0, 0, 1, 830, 1770, 100),
(803, '20160130_009', 590, 0, 0, 0, 1000, 410, 0, 0, 1, 590, 1771, 100),
(804, '20160130_010', 300, 0, 0, 0, 300, 0, 0, 0, 1, 300, 1772, 100),
(805, '20160130_011', 1000, 0, 0, 0, 1000, 0, 0, 0, 1, 1000, 1288, 100),
(806, '20160130_012', 360, 0, 0, 0, 500, 140, 0, 0, 1, 360, 1573, 100),
(807, '20160130_013', 830, 0, 0, 0, 830, 0, 0, 0, 1, 830, 1773, 100),
(808, '20160130_014', 295, 0, 0, 0, 295, 0, 0, 0, 1, 295, 1774, 100),
(809, '20160130_015', 260, 0, 0, 0, 300, 40, 0, 0, 1, 260, 1775, 100),
(810, '20160130_016', 250, 0, 0, 0, 250, 0, 0, 0, 1, 250, 1776, 100),
(811, '20160131_001', 260, 0, 0, 0, 260, 0, 0, 0, 1, 260, 1332, 100),
(812, '20160131_002', 1130, 0, 0, 0, 1130, 0, 0, 0, 1, 1130, 1777, 100),
(813, '20160131_003', 220, 0, 0, 0, 220, 0, 0, 0, 1, 220, 1778, 100),
(814, '20160131_004', 260, 0, 0, 0, 260, 0, 0, 0, 1, 260, 1779, 100),
(815, '20160131_005', 310, 0, 0, 0, 500, 190, 0, 0, 1, 310, 1780, 100),
(816, '20160131_006', 250, 0, 0, 0, 500, 250, 0, 0, 1, 250, 1781, 100),
(817, '20160131_007', 215, 0, 0, 0, 215, 0, 0, 0, 1, 215, 1782, 100),
(818, '20160131_008', 220, 0, 0, 0, 520, 300, 0, 0, 1, 220, 1783, 100),
(819, '20160131_009', 240, 0, 0, 0, 240, 0, 0, 0, 1, 240, 1784, 100),
(820, '20160131_010', 220, 0, 0, 0, 220, 0, 0, 0, 1, 220, 1785, 100),
(821, '20160131_011', 750, 0, 0, 0, 750, 0, 0, 0, 1, 750, 1786, 100),
(822, '20151205_012', 265, 0, 0, 0, 0, -265, 0, 0, 1, 0, 1514, 100),
(823, '20160201_001', 245, 0, 0, 0, 245, 0, 0, 0, 1, 245, 1288, 100),
(824, '20160201_002', 295, 0, 0, 0, 295, 0, 0, 0, 1, 295, 1787, 100),
(825, '20160201_003', 515, 0, 0, 0, 515, 0, 0, 0, 1, 515, 1788, 100),
(826, '20160201_004', 385, 0, 0, 0, 0, 0, 0, 385, 1, 0, 1763, 100),
(827, '20160201_005', 250, 0, 0, 0, 250, 0, 0, 0, 1, 250, 1288, 100),
(828, '20160201_006', 215, 0, 0, 0, 215, 0, 0, 0, 1, 215, 1789, 100),
(829, '20160201_007', 495, 0, 0, 0, 495, 0, 0, 0, 1, 495, 1328, 100),
(830, '20160201_008', 266, 0, 0, 0, 266, 0, 0, 0, 1, 266, 1328, 100),
(831, '20160201_009', 495, 0, 0, 0, 0, -495, 0, 0, 1, 0, 1790, 100),
(832, '20160201_010', 330, 0, 0, 0, 330, 0, 0, 0, 1, 330, 1791, 100),
(833, '20160201_011', 240, 0, 0, 0, 400, 160, 0, 0, 1, 240, 1792, 100),
(834, '20160201_012', 520, 0, 0, 0, 620, 100, 0, 0, 1, 520, 1793, 100),
(835, '20160202_001', 250, 0, 0, 0, 250, 0, 0, 0, 1, 250, 1794, 100),
(836, '20160202_002', 220, 0, 0, 0, 220, 0, 0, 0, 1, 220, 1795, 100),
(837, '20160202_003', 330, 0, 0, 0, 330, 0, 0, 0, 1, 330, 1288, 100),
(838, '20160202_004', 215, 0, 0, 0, 215, 0, 0, 0, 1, 215, 1792, 100),
(839, '20160202_005', 210, 0, 0, 0, 0, 0, 0, 210, 1, 0, 1720, 100),
(840, '20160202_006', 445, 0, 0, 0, 445, 0, 0, 0, 1, 445, 1796, 100),
(841, '20160202_007', 165, 0, 0, 0, 165, 0, 0, 0, 1, 165, 1797, 100),
(842, '20160202_008', 570, 0, 0, 0, 600, 30, 0, 0, 1, 570, 1798, 100),
(843, '20160202_009', 0, 0, 0, 0, 100, 100, 0, 0, 1, 0, 1799, 100),
(844, '20160202_010', 300, 0, 0, 0, 300, 0, 0, 0, 1, 300, 1288, 100),
(845, '20160202_011', 260, 0, 0, 0, 260, 0, 0, 0, 1, 260, 1288, 100),
(846, '20160202_012', 288, 0, 0, 0, 288, 0, 0, 0, 1, 288, 1328, 100),
(847, '20160202_013', 250, 0, 0, 0, 250, 0, 0, 0, 1, 250, 1288, 100),
(848, '20160202_014', 240, 0, 0, 0, 300, 60, 0, 0, 1, 240, 1800, 100),
(849, '20160202_015', 220, 0, 0, 0, 220, 0, 0, 0, 1, 220, 1801, 100),
(850, '20160202_016', 200, 0, 0, 0, 200, 0, 0, 0, 1, 200, 1288, 100),
(851, '20160202_017', 626, 0, 0, 0, 626, 0, 0, 0, 1, 626, 1328, 100),
(852, '20160202_018', 250, 0, 0, 0, 250, 0, 0, 0, 1, 250, 1802, 100),
(853, '20160202_019', 270, 0, 0, 0, 500, 230, 0, 0, 1, 270, 1803, 100),
(854, '20160202_020', 235, 0, 0, 0, 235, 0, 0, 0, 1, 235, 1804, 100),
(855, '20160202_021', 370, 0, 0, 0, 370, 0, 0, 0, 1, 370, 1805, 100),
(856, '20160203_001', 320, 0, 0, 0, 320, 0, 0, 0, 1, 320, 1503, 100),
(857, '20160203_002', 240, 0, 0, 0, 240, 0, 0, 0, 1, 240, 1320, 100),
(858, '20160203_003', 250, 0, 0, 0, 250, 0, 0, 0, 1, 250, 1806, 100),
(859, '20160203_004', 260, 0, 0, 0, 260, 0, 0, 0, 1, 260, 1807, 100),
(860, '20160203_005', 240, 0, 0, 0, 240, 0, 0, 0, 1, 240, 1807, 100),
(861, '20160203_006', 165, 0, 0, 0, 165, 0, 0, 0, 1, 165, 1808, 100),
(863, '20160203_007', 430, 0, 0, 0, 430, 0, 0, 0, 1, 430, 1809, 100),
(864, '20160203_008', 260, 0, 0, 0, 260, 0, 0, 0, 1, 260, 1810, 100),
(865, '20160203_009', 450, 0, 0, 0, 450, 0, 0, 0, 1, 450, 1811, 100),
(866, '20160203_010', 500, 0, 0, 0, 500, 0, 0, 0, 1, 500, 1812, 100),
(867, '20160203_011', 255, 0, 0, 0, 255, 0, 0, 0, 1, 255, 1515, 100),
(868, '20160203_012', 165, 0, 0, 0, 165, 0, 0, 0, 1, 165, 1813, 100),
(869, '20160203_013', 240, 0, 0, 0, 240, 0, 0, 0, 1, 240, 1814, 100),
(870, '20160204_001', 240, 0, 0, 0, 240, 0, 0, 0, 1, 240, 1815, 100),
(871, '20160204_002', 250, 0, 0, 0, 250, 0, 0, 0, 1, 250, 1816, 100),
(872, '20160204_003', 300, 0, 0, 0, 300, 0, 0, 0, 1, 300, 1288, 100),
(873, '20160204_004', 550, 0, 0, 0, 550, 0, 0, 0, 1, 550, 1817, 100),
(874, '20160204_005', 240, 0, 0, 0, 240, 0, 0, 0, 1, 240, 1818, 100),
(875, '20160204_006', 215, 0, 0, 0, 215, 0, 0, 0, 1, 215, 1819, 100),
(876, '20160204_007', 300, 0, 0, 0, 300, 0, 0, 0, 1, 300, 1799, 100),
(877, '20160204_008', 245, 0, 0, 0, 300, 55, 0, 0, 1, 245, 1820, 100),
(878, '20160204_009', 230, 0, 0, 0, 230, 0, 0, 0, 1, 230, 1288, 100),
(879, '20160224_001', 205, 0, 0, 0, 205, 0, 0, 0, 1, 205, 1821, 100),
(880, '20160224_002', 250, 0, 0, 0, 250, 0, 0, 0, 1, 250, 1822, 100),
(881, '20160224_003', 210, 0, 0, 0, 210, 0, 0, 0, 1, 210, 1823, 100),
(882, '20160223_001', 205, 0, 0, 0, 205, 0, 0, 0, 1, 205, 1824, 100),
(883, '20160223_002', 225, 0, 0, 0, 225, 0, 0, 0, 1, 225, 1825, 100),
(884, '20160223_003', 200, 0, 0, 0, 200, 0, 0, 0, 1, 200, 1826, 100),
(885, '20160223_004', 200, 0, 0, 0, 200, 0, 0, 0, 1, 200, 1376, 100),
(886, '20160222_001', 240, 0, 0, 0, 240, 0, 0, 0, 1, 240, 1827, 100),
(887, '20160222_002', 225, 0, 0, 0, 225, 0, 0, 0, 1, 225, 1828, 100),
(888, '20160221_001', 200, 0, 0, 0, 200, 0, 0, 0, 1, 200, 1829, 100),
(889, '20160221_002', 250, 0, 0, 0, 250, 0, 0, 0, 1, 250, 1830, 100),
(890, '20160221_003', 230, 0, 0, 0, 230, 0, 0, 0, 1, 230, 1831, 100),
(891, '20160220_001', 215, 0, 0, 0, 215, 0, 0, 0, 1, 215, 1832, 100),
(892, '20160220_002', 470, 0, 0, 0, 470, 0, 0, 0, 1, 470, 1833, 100),
(893, '20160220_003', 245, 0, 0, 0, 245, 0, 0, 0, 1, 245, 1834, 100),
(894, '20160220_004', 230, 0, 0, 0, 230, 0, 0, 0, 1, 230, 1835, 100),
(895, '20160219_001', 470, 0, 0, 0, 470, 0, 0, 0, 1, 470, 1836, 100),
(896, '20160219_002', 660, 0, 0, 0, 660, 0, 0, 0, 1, 660, 1837, 100),
(897, '20160219_003', 430, 0, 0, 0, 430, 0, 0, 0, 1, 430, 1838, 100),
(898, '20160217_001', 270, 0, 0, 0, 270, 0, 0, 0, 1, 270, 1288, 100),
(899, '20160224_004', 205, 0, 0, 0, 205, 0, 0, 0, 1, 205, 1839, 100),
(900, '20160225_001', 450, 0, 0, 0, 450, 0, 0, 0, 1, 450, 1840, 100),
(901, '20160225_002', 220, 0, 0, 0, 220, 0, 0, 0, 1, 220, 1841, 100),
(902, '20160225_003', 200, 0, 0, 0, 200, 0, 0, 0, 1, 200, 1288, 100),
(903, '20160226_001', 200, 0, 0, 0, 200, 0, 0, 0, 1, 200, 1842, 100),
(904, '20160226_002', 430, 0, 0, 0, 430, 0, 0, 0, 1, 430, 1843, 100),
(905, '20160226_003', 450, 0, 0, 0, 450, 0, 0, 0, 1, 450, 1844, 100),
(906, '20160226_004', 220, 0, 0, 0, 220, 0, 0, 0, 1, 220, 1845, 100),
(907, '20160226_005', 410, 0, 0, 0, 410, 0, 0, 0, 1, 410, 1593, 100),
(908, '20160228_001', 205, 0, 0, 0, 205, 0, 0, 0, 1, 205, 1846, 100),
(909, '20160228_002', 200, 0, 0, 0, 200, 0, 0, 0, 1, 200, 1847, 100),
(912, '20160227_001', 400, 0, 0, 0, 400, 0, 0, 0, 1, 400, 1849, 100),
(913, '20160227_002', 440, 0, 0, 0, 440, 0, 0, 0, 1, 440, 1848, 100),
(914, '20160228_003', 245, 0, 0, 0, 245, 0, 0, 0, 1, 245, 1850, 100),
(915, '20160228_004', 250, 0, 0, 0, 30, 0, 0, 220, 1, 30, 1845, 100),
(916, '20160228_005', 235, 0, 0, 0, 235, 0, 0, 0, 1, 235, 1829, 100),
(917, '20160228_006', 225, 0, 0, 0, 225, 0, 0, 0, 1, 225, 1851, 100),
(918, '20160228_007', 445, 0, 0, 0, 445, 0, 0, 0, 1, 445, 1288, 100),
(919, '20160216_001', 550, 0, 0, 0, 550, 0, 0, 0, 1, 550, 1288, 100),
(920, '20160216_002', 230, 0, 0, 0, 230, 0, 0, 0, 1, 230, 1288, 100),
(921, '20160216_003', 190, 0, 0, 0, 190, 0, 0, 0, 1, 190, 1288, 100),
(922, '20160216_004', 190, 0, 0, 0, 190, 0, 0, 0, 1, 190, 1288, 100),
(923, '20160216_005', 250, 0, 0, 0, 250, 0, 0, 0, 1, 250, 1288, 100),
(924, '20160216_006', 190, 0, 0, 0, 190, 0, 0, 0, 1, 190, 1288, 100),
(925, '20160229_001', 270, 0, 0, 0, 270, 0, 0, 0, 1, 270, 1852, 100),
(926, '20160229_002', 230, 0, 0, 0, 230, 0, 0, 0, 1, 230, 1590, 100),
(927, '20160229_003', 205, 0, 0, 0, 205, 0, 0, 0, 1, 205, 1853, 100),
(928, '20160229_004', 465, 0, 0, 0, 465, 0, 0, 0, 1, 465, 1854, 100),
(929, '20160229_005', 450, 0, 0, 0, 450, 0, 0, 0, 1, 450, 1855, 100),
(930, '20160216_007', 100, 0, 0, 0, 100, 0, 0, 0, 1, 100, 1291, 100),
(931, '20160229_006', 240, 0, 0, 0, 250, 10, 0, 0, 1, 240, 1856, 100),
(932, '20160229_007', 250, 0, 0, 0, 400, 150, 0, 0, 1, 250, 1857, 100),
(933, '20160301_001', 440, 0, 0, 0, 440, 0, 0, 0, 1, 440, 1858, 100),
(934, '20160304_001', 240, 0, 0, 0, 240, 0, 0, 0, 1, 240, 1859, 100),
(935, '20160304_002', 235, 0, 0, 0, 235, 0, 0, 0, 1, 235, 1860, 100),
(936, '20160304_003', 480, 0, 0, 0, 480, 0, 0, 0, 1, 480, 1438, 100),
(937, '20160304_004', 225, 0, 0, 0, 500, 275, 0, 0, 1, 225, 1861, 100),
(938, '20160304_005', 400, 0, 0, 0, 510, 110, 0, 0, 1, 400, 1862, 100),
(939, '20160304_006', 250, 0, 0, 0, 250, 0, 0, 0, 1, 250, 1863, 100),
(940, '20160304_007', 200, 0, 0, 0, 500, 300, 0, 0, 1, 200, 1288, 100),
(941, '20160304_008', 200, 0, 0, 0, 200, 0, 0, 0, 1, 200, 1288, 100),
(942, '20160305_001', 230, 0, 0, 0, 230, 0, 0, 0, 1, 230, 1288, 100),
(943, '20160305_002', 250, 0, 0, 0, 250, 0, 0, 0, 1, 250, 1864, 100),
(944, '20160307_001', 250, 0, 0, 0, 250, 0, 0, 0, 1, 250, 1557, 100),
(945, '20160307_002', 150, 0, 0, 0, 150, 0, 0, 0, 1, 150, 1865, 100),
(946, '20160307_003', 350, 0, 0, 0, 350, 0, 0, 0, 1, 350, 1866, 100),
(947, '20160307_004', 230, 0, 0, 0, 230, 0, 0, 0, 1, 230, 1293, 100),
(948, '20160307_005', 225, 0, 0, 0, 225, 0, 0, 0, 1, 225, 1288, 100),
(949, '20160307_006', 220, 0, 0, 0, 520, 300, 0, 0, 1, 220, 1288, 100),
(950, '20160307_007', 205, 0, 0, 0, 205, 0, 0, 0, 1, 205, 1867, 100),
(951, '20160308_001', 205, 0, 0, 0, 205, 0, 0, 0, 1, 205, 1868, 100),
(952, '20160308_002', 235, 0, 0, 0, 300, 65, 0, 0, 1, 235, 1869, 100),
(953, '20160308_003', 490, 0, 0, 0, 490, 0, 0, 0, 1, 490, 1288, 100),
(954, '20160308_004', 235, 0, 0, 0, 500, 265, 0, 0, 1, 235, 1288, 100),
(955, '20160308_005', 240, 0, 0, 0, 240, 0, 0, 0, 1, 240, 1870, 100),
(956, '20160308_006', 200, 0, 0, 0, 200, 0, 0, 0, 1, 200, 1288, 100),
(957, '20160308_007', 200, 0, 0, 0, 200, 0, 0, 0, 1, 200, 1871, 100),
(958, '20160309_001', 200, 0, 0, 0, 200, 0, 0, 0, 1, 200, 1288, 100),
(959, '20160309_002', 200, 0, 0, 0, 200, 0, 0, 0, 1, 200, 1872, 100),
(960, '20160309_003', 390, 0, 0, 0, 400, 10, 0, 0, 1, 390, 1873, 100),
(961, '20160309_004', 225, 0, 0, 0, 300, 75, 0, 0, 1, 225, 1874, 100),
(962, '20160310_001', 430, 0, 0, 0, 430, 0, 0, 0, 1, 430, 1875, 100),
(963, '20160310_002', 220, 0, 0, 0, 220, 0, 0, 0, 1, 220, 1288, 100),
(964, '20160310_003', 440, 0, 0, 0, 440, 0, 0, 0, 1, 440, 1589, 100),
(965, '20160311_001', 235, 0, 0, 0, 0, 0, 0, 235, 1, 0, 1869, 100),
(966, '20160311_002', 300, 0, 0, 0, 300, 0, 0, 0, 1, 300, 1876, 100),
(967, '20160311_003', 245, 0, 0, 0, 245, 0, 0, 0, 1, 245, 1877, 100),
(968, '20160312_001', 300, 0, 0, 0, 300, 0, 0, 0, 1, 300, 1878, 100),
(969, '20160312_002', 300, 0, 0, 0, 300, 0, 0, 0, 1, 300, 1288, 100),
(970, '20160312_003', 265, 0, 0, 0, 300, 35, 0, 0, 1, 265, 1879, 100),
(971, '20160313_001', 210, 0, 0, 0, 210, 0, 0, 0, 1, 210, 1288, 100),
(972, '20160314_001', 220, 0, 0, 0, 500, 280, 0, 0, 1, 220, 1288, 100),
(973, '20160314_002', 235, 0, 0, 0, 500, 265, 0, 0, 1, 235, 1288, 100),
(974, '20160315_001', 235, 0, 0, 0, 235, 0, 0, 0, 1, 235, 1880, 100),
(975, '20160315_002', 400, 0, 0, 0, 400, 0, 0, 0, 1, 400, 1881, 100),
(976, '20160315_003', 220, 0, 0, 0, 520, 300, 0, 0, 1, 220, 1881, 100),
(977, '20160315_004', 220, 0, 0, 0, 400, 180, 0, 0, 1, 220, 1882, 100),
(978, '20160315_005', 250, 0, 0, 0, 250, 0, 0, 0, 1, 250, 1882, 100),
(979, '20160315_006', 225, 0, 0, 0, 500, 275, 0, 0, 1, 225, 1883, 100),
(980, '20160316_001', 200, 0, 0, 0, 200, 0, 0, 0, 1, 200, 1884, 100),
(981, '20160317_001', 200, 0, 0, 0, 200, 0, 0, 0, 1, 200, 1885, 100),
(982, '20160317_002', 400, 0, 0, 0, 500, 100, 0, 0, 1, 400, 1886, 100),
(983, '20160317_003', 200, 0, 0, 0, 500, 300, 0, 0, 1, 200, 1887, 100),
(984, '20160318_001', 320, 0, 0, 0, 320, 0, 0, 0, 1, 320, 1888, 100),
(985, '20160319_001', 230, 0, 0, 0, 230, 0, 0, 0, 1, 230, 1288, 100),
(986, '20160319_002', 250, 0, 0, 0, 250, 0, 0, 0, 1, 250, 1889, 100),
(989, '20160319_003', 285, 0, 0, 0, 285, 0, 0, 0, 1, 285, 1891, 100),
(990, '20160319_004', 200, 0, 0, 0, 200, 0, 0, 0, 1, 200, 1892, 100),
(991, '20160318_002', 250, 0, 0, 0, 250, 0, 0, 0, 1, 250, 1796, 100),
(992, '20160318_003', 200, 0, 0, 0, 200, 0, 0, 0, 1, 200, 1893, 100),
(993, '20160318_004', 220, 0, 0, 0, 220, 0, 0, 0, 1, 220, 1894, 100),
(994, '20160320_001', 285, 0, 0, 0, 285, 0, 0, 0, 1, 285, 1895, 100),
(995, '20160320_002', 500, 0, 0, 0, 500, 0, 0, 0, 1, 500, 1896, 100),
(997, '20160320_004', 310, 0, 0, 0, 310, 0, 0, 0, 1, 310, 1898, 100),
(998, '20160320_005', 235, 0, 0, 0, 235, 0, 0, 0, 1, 235, 1899, 100),
(999, '20160320_006', 280, 0, 0, 0, 280, 0, 0, 0, 1, 280, 1900, 100),
(1000, '20160320_007', 475, 0, 0, 0, 475, 0, 0, 0, 1, 475, 1901, 100),
(1001, '20160320_008', 760, 0, 0, 0, 760, 0, 0, 0, 1, 760, 1902, 100),
(1002, '20160320_009', 280, 0, 0, 0, 280, 0, 0, 0, 1, 280, 1897, 100),
(1003, '20160320_010', 200, 0, 0, 0, 200, 0, 0, 0, 1, 200, 1288, 100),
(1004, '20160320_011', 530, 0, 0, 0, 530, 0, 0, 0, 1, 530, 1288, 100),
(1005, '20160321_001', 270, 0, 0, 0, 270, 0, 0, 0, 1, 270, 1903, 100),
(1006, '20160321_002', 315, 0, 0, 0, 315, 0, 0, 0, 1, 315, 1904, 100),
(1007, '20160321_003', 330, 0, 0, 0, 400, 70, 0, 0, 1, 330, 1905, 100),
(1008, '20160321_004', 300, 0, 0, 0, 300, 0, 0, 0, 1, 300, 1906, 100),
(1009, '20160321_005', 230, 0, 0, 0, 230, 0, 0, 0, 1, 230, 1907, 100),
(1010, '20160321_006', 200, 0, 0, 0, 200, 0, 0, 0, 1, 200, 1510, 100),
(1011, '20160321_007', 300, 0, 0, 0, 300, 0, 0, 0, 1, 300, 1908, 100),
(1012, '20160322_001', 200, 0, 0, 0, 200, 0, 0, 0, 1, 200, 1909, 100),
(1013, '20160322_002', 300, 0, 0, 0, 300, 0, 0, 0, 1, 300, 1910, 100),
(1014, '20160323_001', 255, 0, 0, 0, 255, 0, 0, 0, 1, 255, 1911, 100),
(1015, '20160323_002', 280, 0, 0, 0, 280, 0, 0, 0, 1, 280, 1912, 100),
(1016, '20160323_003', 250, 0, 0, 0, 250, 0, 0, 0, 1, 250, 1913, 100),
(1017, '20160323_004', 210, 0, 0, 0, 210, 0, 0, 0, 1, 210, 1914, 100),
(1018, '20160323_005', 330, 0, 0, 0, 330, 0, 0, 0, 1, 330, 1915, 100),
(1019, '20160323_006', 250, 0, 0, 0, 250, 0, 0, 0, 1, 250, 1916, 100),
(1020, '20160323_007', 250, 0, 0, 0, 250, 0, 0, 0, 1, 250, 1917, 100),
(1021, '20160324_001', 280, 0, 0, 0, 280, 0, 0, 0, 1, 280, 1918, 100),
(1022, '20160324_002', 0, 0, 0, 0, 1, 251, 0, 250, 1, -250, 1916, 100),
(1023, '20160325_001', 280, 0, 0, 0, 280, 0, 0, 0, 1, 280, 1288, 100),
(1024, '20160325_002', 230, 0, 0, 0, 500, 270, 0, 0, 1, 230, 1288, 100),
(1025, '20160325_003', 270, 0, 0, 0, 300, 30, 0, 0, 1, 270, 1919, 100),
(1026, '20160325_004', 205, 0, 0, 0, 205, 0, 0, 0, 1, 205, 1867, 100),
(1027, '20160325_005', 300, 0, 0, 0, 300, 0, 0, 0, 1, 300, 1548, 100),
(1028, '20160326_001', 440, 0, 0, 0, 440, 0, 0, 0, 1, 440, 1920, 100),
(1029, '20160327_001', 780, 0, 0, 0, 780, 0, 0, 0, 1, 780, 1921, 100),
(1030, '20160327_002', 545, 0, 0, 0, 545, 0, 0, 0, 1, 545, 1922, 100),
(1032, '20160327_003', 450, 0, 0, 0, 450, 0, 0, 0, 1, 450, 1923, 100),
(1033, '20160328_001', 310, 0, 0, 0, 0, 0, 0, 310, 1, 0, 1898, 100),
(1034, '20160328_002', 315, 0, 0, 0, 0, 0, 0, 315, 1, 0, 1904, 100),
(1035, '20160328_003', 280, 0, 0, 0, 0, 0, 0, 280, 1, 0, 1288, 100),
(1036, '20160328_004', 0, 0, 0, 0, 1, 1, 0, 0, 1, 0, 1560, 100),
(1037, '20160328_005', 285, 0, 0, 0, 300, 15, 0, 0, 1, 285, 1864, 100),
(1038, '20160329_001', 330, 0, 0, 0, 330, 0, 0, 0, 1, 330, 1924, 100),
(1039, '20160330_001', 300, 0, 0, 0, 500, 200, 0, 0, 1, 300, 1325, 100),
(1040, '20160330_002', 245, 0, 0, 0, 250, 5, 0, 0, 1, 245, 1288, 100),
(1041, '20160330_003', 260, 0, 0, 0, 260, 0, 0, 0, 1, 260, 1925, 100),
(1042, '20160330_004', 400, 0, 0, 0, 400, 0, 0, 0, 1, 400, 1926, 100),
(1043, '20160330_005', 200, 0, 0, 0, 200, 0, 0, 0, 1, 200, 1927, 100),
(1044, '20160331_001', 255, 0, 0, 0, 255, 0, 0, 0, 1, 255, 1928, 100),
(1045, '20160331_002', 235, 0, 0, 0, 505, 270, 0, 0, 1, 235, 1929, 100),
(1046, '20160331_003', 235, 0, 0, 0, 235, 0, 0, 0, 1, 235, 1930, 100),
(1047, '20160331_004', 630, 0, 0, 0, 1000, 370, 0, 0, 1, 630, 1931, 100),
(1048, '20160331_005', 230, 0, 0, 0, 230, 0, 0, 0, 1, 230, 1636, 100),
(1049, '20160331_006', 200, 0, 0, 0, 200, 0, 0, 0, 1, 200, 1707, 100),
(1050, '20160401_001', 220, 0, 0, 0, 220, 0, 0, 0, 1, 220, 1932, 100),
(1051, '20160401_002', 310, 0, 0, 0, 80, 0, 0, 230, 1, 80, 1931, 100),
(1052, '20160401_003', 270, 0, 0, 0, 270, 0, 0, 0, 1, 270, 1933, 100),
(1053, '20160402_001', 235, 0, 0, 0, 235, 0, 0, 0, 1, 235, 1934, 100),
(1054, '20160403_001', 250, 0, 0, 0, 250, 0, 0, 0, 1, 250, 1935, 100),
(1055, '20160403_002', 460, 0, 0, 0, 500, 40, 0, 0, 1, 460, 1662, 100),
(1056, '20160404_001', 288, 0, 0, 0, 288, 0, 0, 0, 1, 288, 1288, 100),
(1057, '20160405_001', 300, 0, 0, 0, 300, 0, 0, 0, 1, 300, 1936, 100),
(1058, '20160405_002', 255, 0, 0, 0, 255, 0, 0, 0, 1, 255, 1937, 100),
(1059, '20160405_003', 260, 0, 0, 0, 260, 0, 0, 0, 1, 260, 1938, 100),
(1060, '20160405_004', 200, 0, 0, 0, 200, 0, 0, 0, 1, 200, 1939, 100),
(1061, '20160405_005', 314, 0, 0, 0, 314, 0, 0, 0, 1, 314, 1398, 100),
(1062, '20160405_006', 200, 0, 0, 0, 200, 0, 0, 0, 1, 200, 1940, 100),
(1063, '20160405_007', 235, 0, 0, 0, 235, 0, 0, 0, 1, 235, 1941, 100),
(1064, '20160406_001', 240, 0, 0, 0, 240, 0, 0, 0, 1, 240, 1942, 100),
(1065, '20160406_002', 285, 0, 0, 0, 285, 0, 0, 0, 1, 285, 1669, 100),
(1066, '20160406_003', 240, 0, 0, 0, 240, 0, 0, 0, 1, 240, 1943, 100),
(1067, '20160407_001', 275, 0, 0, 0, 275, 0, 0, 0, 1, 275, 1685, 100),
(1068, '20160407_002', 280, 0, 0, 0, 280, 0, 0, 0, 1, 280, 1944, 100),
(1069, '20160409_001', 250, 0, 0, 0, 250, 0, 0, 0, 1, 250, 1945, 100),
(1070, '20160409_002', 250, 0, 0, 0, 250, 0, 0, 0, 1, 250, 1946, 100),
(1071, '20160409_003', 230, 0, 0, 0, 230, 0, 0, 0, 1, 230, 1947, 100),
(1072, '20160409_004', 330, 0, 0, 0, 330, 0, 0, 0, 1, 330, 1319, 100),
(1073, '20160409_005', 190, 0, 0, 0, 190, 0, 0, 0, 1, 190, 1292, 100),
(1074, '20160409_006', 235, 0, 0, 0, 500, 265, 0, 0, 1, 235, 1948, 100),
(1075, '20160409_007', 350, 0, 0, 0, 350, 0, 0, 0, 1, 350, 1949, 100),
(1076, '20160409_008', 265, 0, 0, 0, 265, 0, 0, 0, 1, 265, 1346, 100),
(1077, '20160410_001', 235, 0, 0, 0, 235, 0, 0, 0, 1, 235, 1950, 100),
(1078, '20160410_002', 250, 0, 0, 0, 250, 0, 0, 0, 1, 250, 1951, 100),
(1079, '20160410_003', 310, 0, 0, 0, 310, 0, 0, 0, 1, 310, 1952, 100),
(1080, '20160410_004', 340, 0, 0, 0, 340, 0, 0, 0, 1, 340, 1953, 100),
(1081, '20160410_005', 200, 0, 0, 0, 200, 0, 0, 0, 1, 200, 1954, 100),
(1082, '20160410_006', 205, 0, 0, 0, 205, 0, 0, 0, 1, 205, 1955, 100),
(1083, '20160411_001', 340, 0, 0, 0, 340, 0, 0, 0, 1, 340, 1956, 100),
(1084, '20160411_002', 235, 0, 0, 0, 0, 0, 0, 235, 1, 0, 1930, 100),
(1085, '20160411_003', 240, 0, 0, 0, 250, 10, 0, 0, 1, 240, 1436, 100),
(1086, '20160411_004', 250, 0, 0, 0, 500, 250, 0, 0, 1, 250, 1957, 100),
(1087, '20160411_005', 315, 0, 0, 0, 350, 35, 0, 0, 1, 315, 1288, 100),
(1088, '20160411_006', 210, 0, 0, 0, 210, 0, 0, 0, 1, 210, 1958, 100),
(1089, '20160412_001', 270, 0, 0, 0, 270, 0, 0, 0, 1, 270, 1959, 100),
(1090, '20160412_002', 330, 0, 0, 0, 330, 0, 0, 0, 1, 330, 1960, 100),
(1091, '20160413_001', 240, 0, 0, 0, 240, 0, 0, 0, 1, 240, 1961, 100),
(1092, '20160413_002', 280, 0, 0, 0, 280, 0, 0, 0, 1, 280, 1962, 100),
(1093, '20160413_003', 310, 0, 0, 0, 310, 0, 0, 0, 1, 310, 1963, 100),
(1094, '20160413_004', 280, 0, 0, 0, 280, 0, 0, 0, 1, 280, 1964, 100),
(1095, '20160413_005', 280, 0, 0, 0, 280, 0, 0, 0, 1, 280, 1965, 100),
(1096, '20160413_006', 270, 0, 0, 0, 270, 0, 0, 0, 1, 270, 1966, 100),
(1097, '20160413_007', 310, 0, 0, 0, 310, 0, 0, 0, 1, 310, 1963, 100),
(1098, '20160414_001', 285, 0, 0, 0, 285, 0, 0, 0, 1, 285, 1967, 100),
(1099, '20160414_002', 320, 0, 0, 0, 320, 0, 0, 0, 1, 320, 1968, 100),
(1100, '20160414_003', 580, 0, 0, 0, 580, 0, 0, 0, 1, 580, 1288, 100),
(1101, '20160415_001', 250, 0, 0, 0, 250, 0, 0, 0, 1, 250, 1969, 100),
(1102, '20160415_002', 285, 0, 0, 0, 500, 215, 0, 0, 1, 285, 1970, 100),
(1103, '20160416_001', 310, 0, 0, 0, 310, 0, 0, 0, 1, 310, 1288, 100),
(1104, '20160416_002', 230, 0, 0, 0, 230, 0, 0, 0, 1, 230, 1961, 100),
(1105, '20160416_003', 240, 0, 0, 0, 240, 0, 0, 0, 1, 240, 1971, 100),
(1106, '20160416_004', 350, 0, 0, 0, 350, 0, 0, 0, 1, 350, 1972, 100),
(1108, '20160418_002', 240, 0, 0, 0, 0, 0, 0, 240, 1, 0, 1870, 100),
(1109, '20160416_005', 340, 0, 0, 0, 340, 0, 0, 0, 1, 340, 1933, 100),
(1110, '20160417_001', 330, 0, 0, 0, 330, 0, 0, 0, 1, 330, 1864, 100),
(1111, '20160417_002', 300, 0, 0, 0, 300, 0, 0, 0, 1, 300, 1295, 100),
(1112, '20160418_003', 285, 0, 0, 0, 285, 0, 0, 0, 1, 285, 1973, 100),
(1113, '20160418_004', 200, 0, 0, 0, 200, 0, 0, 0, 1, 200, 1974, 100),
(1114, '20160418_005', 355, 0, 0, 0, 355, 0, 0, 0, 1, 355, 1288, 100),
(1115, '20160418_006', 275, 0, 0, 0, 275, 0, 0, 0, 1, 275, 1975, 100),
(1116, '20160418_007', 240, 0, 0, 0, 240, 0, 0, 0, 1, 240, 1976, 100),
(1117, '20160418_008', 280, 0, 0, 0, 280, 0, 0, 0, 1, 280, 1977, 100),
(1118, '20160418_009', 320, 0, 0, 0, 520, 200, 0, 0, 1, 320, 1885, 100),
(1119, '20160419_001', 285, 0, 0, 0, 500, 215, 0, 0, 1, 285, 1978, 100),
(1120, '20160419_002', 250, 0, 0, 0, 500, 250, 0, 0, 1, 250, 1979, 100),
(1121, '20160419_003', 350, 0, 0, 0, 350, 0, 0, 0, 1, 350, 1410, 100),
(1122, '20160420_001', 250, 0, 0, 0, 250, 0, 0, 0, 1, 250, 1293, 100),
(1123, '20160420_002', 220, 0, 0, 0, 0, 0, 0, 220, 1, 0, 1589, 100),
(1124, '20160422_001', 225, 0, 0, 0, 250, 25, 0, 0, 1, 225, 1400, 100),
(1125, '20160422_002', 230, 0, 0, 0, 230, 0, 0, 0, 1, 230, 1980, 100),
(1126, '20160422_003', 200, 0, 0, 0, 200, 0, 0, 0, 1, 200, 1981, 100),
(1127, '20160422_004', 230, 0, 0, 0, 230, 0, 0, 0, 1, 230, 1593, 100),
(1128, '20160423_001', 355, 0, 0, 0, 355, 0, 0, 0, 1, 355, 1982, 100),
(1129, '20160423_002', 240, 0, 0, 0, 240, 0, 0, 0, 1, 240, 1983, 100),
(1130, '20160423_003', 245, 0, 0, 0, 245, 0, 0, 0, 1, 245, 1984, 100),
(1131, '20160423_004', 230, 0, 0, 0, 230, 0, 0, 0, 1, 230, 1292, 100),
(1132, '20160424_001', 330, 0, 0, 0, 330, 0, 0, 0, 1, 330, 1985, 100),
(1133, '20160425_001', 325, 0, 0, 0, 325, 0, 0, 0, 1, 325, 1866, 100),
(1134, '20160425_002', 280, 0, 0, 0, 280, 0, 0, 0, 1, 280, 1986, 100),
(1135, '20160427_001', 100, 0, 0, 0, 100, 0, 0, 0, 1, 100, 1987, 100),
(1136, '20160428_001', 530, 0, 0, 0, 530, 0, 0, 0, 1, 530, 1988, 100),
(1137, '20160428_002', 390, 0, 0, 0, 500, 110, 0, 0, 1, 390, 1989, 100),
(1138, '20160428_003', 140, 0, 0, 0, 140, 0, 0, 0, 1, 140, 1990, 100),
(1139, '20160428_004', 320, 0, 0, 0, 400, 80, 0, 0, 1, 320, 1991, 100),
(1140, '20160428_005', 240, 0, 0, 0, 500, 260, 0, 0, 1, 240, 1992, 100),
(1141, '20160428_006', 250, 0, 0, 0, 250, 0, 0, 0, 1, 250, 1993, 100),
(1142, '20160429_001', 270, 0, 0, 0, 270, 0, 0, 0, 1, 270, 1992, 100),
(1143, '20160429_002', 310, 0, 0, 0, 310, 0, 0, 0, 1, 310, 1874, 100),
(1144, '20160429_003', 600, 0, 0, 0, 600, 0, 0, 0, 1, 600, 1990, 100),
(1145, '20160429_004', 235, 0, 0, 0, 235, 0, 0, 0, 1, 235, 1994, 100),
(1146, '20160429_005', 320, 0, 0, 0, 320, 0, 0, 0, 1, 320, 1995, 100),
(1147, '20160429_006', 245, 0, 0, 0, 300, 55, 0, 0, 1, 245, 1996, 100),
(1148, '20160429_007', 1320, 0, 0, 0, 1320, 0, 0, 0, 1, 1320, 1988, 100),
(1149, '20160429_008', 310, 0, 0, 0, 310, 0, 0, 0, 1, 310, 1874, 100),
(1150, '20160429_009', 490, 0, 0, 0, 490, 0, 0, 0, 1, 490, 1997, 100),
(1151, '20160429_010', 110, 0, 0, 0, 110, 0, 0, 0, 1, 110, 1990, 100),
(1152, '20160429_011', 250, 0, 0, 0, 250, 0, 0, 0, 1, 250, 1998, 100),
(1153, '20160430_001', 355, 0, 0, 0, 355, 0, 0, 0, 1, 355, 1288, 100),
(1154, '20160430_002', 325, 0, 0, 0, 325, 0, 0, 0, 1, 325, 1714, 100),
(1155, '20160430_003', 500, 0, 0, 0, 500, 0, 0, 0, 1, 500, 1288, 100),
(1156, '20160430_004', 550, 0, 0, 0, 550, 0, 0, 0, 1, 550, 1999, 100),
(1157, '20160430_005', 930, 0, 0, 0, 930, 0, 0, 0, 1, 930, 2000, 100),
(1158, '20160430_006', 1060, 0, 0, 0, 1060, 0, 0, 0, 1, 1060, 1494, 100),
(1159, '20160430_007', 290, 0, 0, 0, 290, 0, 0, 0, 1, 290, 2001, 100),
(1160, '20160430_008', 130, 0, 0, 0, 130, 0, 0, 0, 1, 130, 2002, 100),
(1161, '20160501_001', 580, 0, 0, 0, 580, 0, 0, 0, 1, 580, 1639, 100),
(1162, '20160501_002', 200, 0, 0, 0, 200, 0, 0, 0, 1, 200, 1288, 100),
(1163, '20160503_001', 255, 0, 0, 0, 255, 0, 0, 0, 1, 255, 1553, 100),
(1164, '20160503_002', 125, 0, 0, 0, 125, 0, 0, 0, 1, 125, 2003, 100),
(1165, '20160503_003', 335, 0, 0, 0, 335, 0, 0, 0, 1, 335, 2004, 100),
(1166, '20160504_001', 200, 0, 0, 0, 200, 0, 0, 0, 1, 200, 2005, 100),
(1167, '20160504_002', 200, 0, 0, 0, 200, 0, 0, 0, 1, 200, 2006, 100),
(1168, '20160504_003', 0, 0, 0, 0, 1, 161, 0, 160, 1, -160, 1991, 100),
(1169, '20160507_001', 290, 0, 0, 0, 290, 0, 0, 0, 1, 290, 1471, 100),
(1170, '20160507_002', 290, 0, 0, 0, 290, 0, 0, 0, 1, 290, 2007, 100),
(1171, '20160507_003', 240, 0, 0, 0, 240, 0, 0, 0, 1, 240, 2008, 100),
(1172, '20160507_004', 475, 0, 0, 0, 475, 0, 0, 0, 1, 475, 2009, 100),
(1173, '20160507_005', 135, 0, 0, 0, 135, 0, 0, 0, 1, 135, 2010, 100),
(1174, '20160507_006', 190, 0, 0, 0, 190, 0, 0, 0, 1, 190, 2011, 100),
(1175, '20160507_007', 279, 0, 0, 0, 279, 0, 0, 0, 1, 279, 1328, 100),
(1176, '20160507_008', 315, 0, 0, 0, 315, 0, 0, 0, 1, 315, 1288, 100),
(1177, '20160508_001', 310, 0, 0, 0, 310, 0, 0, 0, 1, 310, 1288, 100),
(1178, '20160508_002', 290, 0, 0, 0, 290, 0, 0, 0, 1, 290, 1471, 100),
(1179, '20160508_003', 130, 0, 0, 0, 130, 0, 0, 0, 1, 130, 2012, 100),
(1180, '20160508_004', 580, 0, 0, 0, 580, 0, 0, 0, 1, 580, 1288, 100),
(1181, '20160508_005', 850, 0, 0, 0, 850, 0, 0, 0, 1, 850, 1295, 100),
(1182, '20160509_001', 220, 0, 0, 0, 500, 280, 0, 0, 1, 220, 2013, 100),
(1183, '20160509_002', 310, 0, 0, 0, 510, 200, 0, 0, 1, 310, 2014, 100),
(1184, '20160509_003', 650, 0, 0, 0, 650, 0, 0, 0, 1, 650, 2014, 100),
(1185, '20160509_004', 240, 0, 0, 0, 240, 0, 0, 0, 1, 240, 2015, 100),
(1186, '20160510_001', 150, 0, 0, 0, 150, 0, 0, 0, 1, 150, 2014, 100),
(1187, '20160510_002', 270, 0, 0, 0, 270, 0, 0, 0, 1, 270, 2016, 100),
(1188, '20160511_001', 500, 0, 0, 0, 600, 100, 0, 0, 1, 500, 2017, 100),
(1189, '20160511_002', 310, 0, 0, 0, 510, 200, 0, 0, 1, 310, 1894, 100),
(1190, '20160511_003', 350, 0, 0, 0, 350, 0, 0, 0, 1, 350, 2018, 100),
(1191, '20160512_001', 850, 0, 0, 0, 850, 0, 0, 0, 1, 850, 1288, 100),
(1192, '20160512_002', 580, 0, 0, 0, 580, 0, 0, 0, 1, 580, 1288, 100),
(1193, '20160512_003', 270, 0, 0, 0, 270, 0, 0, 0, 1, 270, 2019, 100),
(1194, '20160512_004', 270, 0, 0, 0, 270, 0, 0, 0, 1, 270, 1541, 100),
(1195, '20160513_001', 340, 0, 0, 0, 340, 0, 0, 0, 1, 340, 2020, 100),
(1196, '20160513_002', 260, 0, 0, 0, 260, 0, 0, 0, 1, 260, 1660, 100),
(1197, '20160513_003', 175, 0, 0, 0, 175, 0, 0, 0, 1, 175, 2021, 100),
(1198, '20160513_004', 260, 0, 0, 0, 260, 0, 0, 0, 1, 260, 2022, 100),
(1199, '20160514_001', 295, 0, 0, 0, 295, 0, 0, 0, 1, 295, 1288, 100),
(1200, '20160514_002', 290, 0, 0, 0, 290, 0, 0, 0, 1, 290, 2023, 100),
(1201, '20160515_001', 280, 0, 0, 0, 280, 0, 0, 0, 1, 280, 2024, 100),
(1202, '20160515_002', 200, 0, 0, 0, 200, 0, 0, 0, 1, 200, 2025, 100),
(1203, '20160515_003', 300, 0, 0, 0, 300, 0, 0, 0, 1, 300, 1288, 100),
(1204, '20160515_004', 180, 0, 0, 0, 180, 0, 0, 0, 1, 180, 2026, 100),
(1205, '20160516_001', 320, 0, 0, 0, 320, 0, 0, 0, 1, 320, 2027, 100),
(1206, '20160516_002', 250, 0, 0, 0, 250, 0, 0, 0, 1, 250, 2028, 100),
(1207, '20160516_003', 230, 0, 0, 0, 230, 0, 0, 0, 1, 230, 1500, 100),
(1208, '20160516_004', 320, 0, 0, 0, 320, 0, 0, 0, 1, 320, 2029, 100),
(1209, '20160516_005', 360, 0, 0, 0, 360, 0, 0, 0, 1, 360, 1404, 100),
(1210, '20160516_006', 250, 0, 0, 0, 250, 0, 0, 0, 1, 250, 2030, 100),
(1211, '20160516_007', 230, 0, 0, 0, 230, 0, 0, 0, 1, 230, 1419, 100),
(1212, '20160517_001', 270, 0, 0, 0, 270, 0, 0, 0, 1, 270, 2031, 100),
(1213, '20160517_002', 270, 0, 0, 0, 270, 0, 0, 0, 1, 270, 2032, 100),
(1214, '20160517_003', 130, 0, 0, 0, 500, 370, 0, 0, 1, 130, 1994, 100),
(1215, '20160518_001', 210, 0, 0, 0, 210, 0, 0, 0, 1, 210, 2033, 100),
(1216, '20160518_002', 400, 0, 0, 0, 400, 0, 0, 0, 1, 400, 2034, 100),
(1217, '20160519_001', 230, 0, 0, 0, 230, 0, 0, 0, 1, 230, 2035, 100),
(1218, '20160519_002', 260, 0, 0, 0, 260, 0, 0, 0, 1, 260, 1994, 100),
(1219, '20160519_003', 285, 0, 0, 0, 285, 0, 0, 0, 1, 285, 2036, 100),
(1220, '20160519_004', 270, 0, 0, 0, 270, 0, 0, 0, 1, 270, 1328, 100),
(1221, '20160519_005', 180, 0, 0, 0, 180, 0, 0, 0, 1, 180, 2037, 100),
(1222, '20160520_001', 440, 0, 0, 0, 440, 0, 0, 0, 1, 440, 2038, 100),
(1223, '20160520_002', 440, 0, 0, 0, 440, 0, 0, 0, 1, 440, 2009, 100),
(1224, '20160520_003', 235, 0, 0, 0, 235, 0, 0, 0, 1, 235, 2039, 100),
(1225, '20160520_004', 380, 0, 0, 0, 380, 0, 0, 0, 1, 380, 1636, 100),
(1226, '20160520_005', 180, 0, 0, 0, 0, 0, 0, 180, 1, 0, 2037, 100),
(1227, '20160523_001', 170, 0, 0, 0, 170, 0, 0, 0, 1, 170, 2040, 100),
(1228, '20160523_002', 245, 0, 0, 0, 245, 0, 0, 0, 1, 245, 1436, 100),
(1229, '20160523_003', 580, 0, 0, 0, 580, 0, 0, 0, 1, 580, 1288, 100),
(1230, '20160524_001', 460, 0, 0, 0, 250, 0, 0, 210, 1, 250, 1990, 100),
(1231, '20160524_002', 270, 0, 0, 0, 270, 0, 0, 0, 1, 270, 2041, 100),
(1232, '20160524_003', 320, 0, 0, 0, 320, 0, 0, 0, 1, 320, 2042, 100),
(1233, '20160524_004', 120, 0, 0, 0, 120, 0, 0, 0, 1, 120, 2043, 100),
(1234, '20160525_001', 200, 0, 0, 0, 200, 0, 0, 0, 1, 200, 1288, 100),
(1235, '20160526_001', 240, 0, 0, 0, 240, 0, 0, 0, 1, 240, 2044, 100),
(1236, '20160527_001', 130, 0, 0, 0, 130, 0, 0, 0, 1, 130, 1288, 100),
(1237, '20160527_002', 330, 0, 0, 0, 500, 170, 0, 0, 1, 330, 2045, 100),
(1238, '20160527_003', 180, 0, 0, 0, 180, 0, 0, 0, 1, 180, 1288, 100),
(1239, '20160528_001', 240, 0, 0, 0, 240, 0, 0, 0, 1, 240, 2028, 100),
(1240, '20160529_001', 285, 0, 0, 0, 285, 0, 0, 0, 1, 285, 2046, 100),
(1241, '20160529_002', 90, 0, 0, 0, 90, 0, 0, 0, 1, 90, 1288, 100),
(1242, '20160529_003', 700, 0, 0, 0, 700, 0, 0, 0, 1, 700, 2047, 100),
(1246, '20160529_005', 130, 0, 0, 0, 130, 0, 0, 0, 1, 130, 2051, 100),
(1247, '20160530_001', 285, 0, 0, 0, 285, 0, 0, 0, 1, 285, 2052, 100),
(1248, '20160530_002', 400, 0, 0, 0, 400, 0, 0, 0, 1, 400, 2053, 100),
(1249, '20160529_006', 360, 0, 0, 0, 360, 0, 0, 0, 1, 360, 2048, 100),
(1250, '20160530_003', 300, 0, 0, 0, 300, 0, 0, 0, 1, 300, 2054, 100),
(1251, '20160530_004', 170, 0, 0, 0, 170, 0, 0, 0, 1, 170, 2055, 100),
(1253, '20160531_001', 290, 0, 0, 0, 290, 0, 0, 0, 1, 290, 1288, 100),
(1254, '20160531_002', 340, 0, 0, 0, 340, 0, 0, 0, 1, 340, 2056, 100),
(1255, '20160531_003', 270, 0, 0, 0, 270, 0, 0, 0, 1, 270, 2057, 100),
(1256, '20160601_001', 270, 0, 0, 0, 270, 0, 0, 0, 1, 270, 1770, 100),
(1257, '20160601_002', 260, 0, 0, 0, 0, 0, 0, 260, 1, 0, 1660, 100),
(1258, '20160601_003', 350, 265, 0, 0, 350, -265, 0, 0, 1, 350, 1514, 100),
(1259, '20160601_004', 300, 0, 0, 0, 300, 0, 0, 0, 1, 300, 1288, 100),
(1260, '20160601_005', 300, 0, 0, 0, 100, 0, 0, 200, 1, 100, 2053, 100),
(1261, '20160601_006', 630, 0, 0, 0, 630, 0, 0, 0, 1, 630, 2058, 100),
(1262, '20160602_001', 265, 0, 0, 0, 265, 0, 0, 0, 1, 265, 1419, 100),
(1263, '20160603_001', 300, 0, 0, 0, 300, 0, 0, 0, 1, 300, 2059, 100),
(1264, '20160604_001', 265, 0, 0, 0, 265, 0, 0, 0, 1, 265, 2060, 100),
(1265, '20160604_002', 290, 0, 0, 0, 290, 0, 0, 0, 1, 290, 2061, 100),
(1266, '20160604_003', 240, 0, 0, 0, 240, 0, 0, 0, 1, 240, 2062, 100),
(1267, '20160604_004', 480, 0, 0, 0, 480, 0, 0, 0, 1, 480, 2063, 100),
(1268, '20160605_001', 105, 0, 0, 0, 105, 0, 0, 0, 1, 105, 1288, 100),
(1269, '20160605_002', 640, 0, 0, 0, 640, 0, 0, 0, 1, 640, 2064, 100),
(1270, '20160605_003', 250, 0, 0, 0, 250, 0, 0, 0, 1, 250, 2065, 100),
(1271, '20160605_004', 280, 0, 0, 0, 280, 0, 0, 0, 1, 280, 2044, 100),
(1272, '20160606_001', 245, 0, 0, 0, 245, 0, 0, 0, 1, 245, 2066, 100),
(1273, '20160606_002', 250, 0, 0, 0, 250, 0, 0, 0, 1, 250, 1940, 100),
(1274, '20160606_003', 105, 0, 0, 0, 205, 100, 0, 0, 1, 105, 1757, 100),
(1275, '20160606_004', 220, 0, 0, 0, 220, 0, 0, 0, 1, 220, 1288, 100),
(1276, '20160606_005', 100, 0, 0, 0, 100, 0, 0, 0, 1, 100, 1288, 100),
(1277, '20160607_001', 290, 0, 0, 0, 290, 0, 0, 0, 1, 290, 1471, 100),
(1279, '20160607_003', 270, 0, 0, 0, 270, 0, 0, 0, 1, 270, 2068, 100),
(1280, '20160607_004', 485, 0, 0, 0, 485, 0, 0, 0, 1, 485, 2067, 100),
(1282, '20160608_002', 300, 0, 0, 0, 300, 0, 0, 0, 1, 300, 2069, 100),
(1283, '20160608_003', 285, 0, 0, 0, 300, 15, 0, 0, 1, 285, 2070, 100),
(1284, '20160608_004', 300, 0, 0, 0, 300, 0, 0, 0, 1, 300, 2071, 100),
(1285, '20160609_001', 400, 0, 0, 0, 400, 0, 0, 0, 1, 400, 2072, 100),
(1286, '20160609_002', 210, 0, 0, 0, 0, -210, 0, 0, 1, 0, 2002, 100),
(1287, '20160609_003', 380, 0, 0, 0, 380, 0, 0, 0, 1, 380, 1617, 100),
(1288, '20160611_001', 280, 0, 0, 0, 280, 0, 0, 0, 1, 280, 1288, 100),
(1289, '20160611_002', 500, 0, 0, 0, 500, 0, 0, 0, 1, 500, 1288, 100),
(1290, '20160612_001', 290, 0, 0, 0, 290, 0, 0, 0, 1, 290, 1288, 100),
(1293, '20160613_001', 200, 210, 0, 0, 0, -410, 0, 0, 1, 0, 2002, 100),
(1294, '20160613_002', 255, 0, 0, 0, 255, 0, 0, 0, 1, 255, 1577, 100),
(1295, '20160614_001', 450, 0, 0, 0, 500, 50, 0, 0, 1, 450, 1288, 100),
(1296, '20160614_002', 350, 0, 0, 0, 350, 0, 0, 0, 1, 350, 2073, 100),
(1297, '20160614_003', 750, 0, 0, 0, 750, 0, 0, 0, 1, 750, 2074, 100),
(1298, '20160614_004', 300, 0, 0, 0, 300, 0, 0, 0, 1, 300, 1288, 100),
(1299, '20160614_005', 270, 0, 0, 0, 270, 0, 0, 0, 1, 270, 1473, 100),
(1300, '20160614_006', 230, 0, 0, 0, 230, 0, 0, 0, 1, 230, 1383, 100),
(1301, '20160615_001', 280, 0, 0, 0, 280, 0, 0, 0, 1, 280, 2075, 100),
(1302, '20160615_002', 500, 0, 0, 0, 500, 0, 0, 0, 1, 500, 2076, 100),
(1303, '20160615_003', 260, 0, 0, 0, 260, 0, 0, 0, 1, 260, 1488, 100),
(1305, '20160615_005', 250, 0, 0, 0, 250, 0, 0, 0, 1, 250, 2077, 100),
(1306, '20160615_006', 160, 0, 0, 0, 160, 0, 0, 0, 1, 160, 1288, 100),
(1307, '20160615_007', 220, 0, 0, 0, 220, 0, 0, 0, 1, 220, 2078, 100),
(1308, '20160616_001', 330, 0, 0, 0, 330, 0, 0, 0, 1, 330, 2079, 100),
(1309, '20160616_002', 130, 0, 0, 0, 130, 0, 0, 0, 1, 130, 1288, 100),
(1310, '20160616_003', 420, 0, 0, 0, 420, 0, 0, 0, 1, 420, 2080, 100),
(1311, '20160616_004', 265, 0, 0, 0, 265, 0, 0, 0, 1, 265, 1288, 100),
(1312, '20160617_001', 480, 0, 0, 0, 480, 0, 0, 0, 1, 480, 2080, 100),
(1313, '20160617_002', 0, 0, 0, 0, 1, 1, 0, 0, 1, 0, 1506, 100),
(1314, '20160618_001', 260, 0, 0, 0, 260, 0, 0, 0, 1, 260, 1288, 100),
(1315, '20160618_002', 310, 0, 0, 0, 310, 0, 0, 0, 1, 310, 2081, 100),
(1316, '20160618_003', 340, 0, 0, 0, 500, 160, 0, 0, 1, 340, 2082, 100),
(1317, '20160618_004', 250, 0, 0, 0, 250, 0, 0, 0, 1, 250, 2083, 100),
(1318, '20160618_005', 220, 0, 0, 0, 220, 0, 0, 0, 1, 220, 1288, 100),
(1319, '20160619_001', 350, 0, 0, 0, 350, 0, 0, 0, 1, 350, 2084, 100),
(1320, '20160619_002', 320, 0, 0, 0, 520, 200, 0, 0, 1, 320, 2085, 100),
(1321, '20160619_003', 234, 0, 0, 0, 234, 0, 0, 0, 1, 234, 1328, 100),
(1322, '20160619_004', 580, 0, 0, 0, 580, 0, 0, 0, 1, 580, 1662, 100),
(1323, '20160620_001', 250, 0, 0, 0, 250, 0, 0, 0, 1, 250, 2086, 100),
(1324, '20160621_001', 280, 0, 0, 0, 280, 0, 0, 0, 1, 280, 2087, 100),
(1325, '20160621_002', 1180, 0, 0, 0, 1200, 20, 0, 0, 1, 1180, 2088, 100),
(1326, '20160623_001', 820, 0, 0, 0, 1000, 180, 0, 0, 1, 820, 2074, 100),
(1327, '20160627_001', 130, 0, 0, 0, 130, 0, 0, 0, 1, 130, 1288, 100),
(1328, '20160627_002', 500, 0, 0, 0, 500, 0, 0, 0, 1, 500, 1288, 100),
(1329, '20160627_003', 280, 0, 0, 0, 280, 0, 0, 0, 1, 280, 1288, 100),
(1330, '20160627_004', 300, 0, 0, 0, 300, 0, 0, 0, 1, 300, 1288, 100),
(1331, '20160629_001', 300, 0, 0, 0, 300, 0, 0, 0, 1, 300, 1434, 100),
(1332, '20160629_002', 295, 0, 0, 0, 40, 0, 0, 255, 1, 40, 1288, 100),
(1333, '20160630_001', 270, 0, 0, 0, 270, 0, 0, 0, 1, 270, 2089, 100),
(1334, '20160630_002', 630, 0, 0, 0, 630, 0, 0, 0, 1, 630, 1728, 100),
(1335, '20160630_003', 80, 0, 0, 0, 80, 0, 0, 0, 1, 80, 1288, 100),
(1336, '20160630_004', 310, 0, 0, 0, 310, 0, 0, 0, 1, 310, 1707, 100),
(1337, '20160701_001', 130, 0, 0, 0, 130, 0, 0, 0, 1, 130, 2047, 100),
(1338, '20160701_002', 230, 0, 0, 0, 230, 0, 0, 0, 1, 230, 2090, 100),
(1339, '20160701_003', 300, 0, 0, 0, 300, 0, 0, 0, 1, 300, 2091, 100),
(1340, '20160701_004', 150, 0, 0, 0, 150, 0, 0, 0, 1, 150, 2092, 100),
(1341, '20160703_001', 260, 0, 0, 0, 260, 0, 0, 0, 1, 260, 1288, 100),
(1342, '20160702_001', 170, 0, 0, 0, 170, 0, 0, 0, 1, 170, 1288, 100),
(1344, '20160702_002', 200, 0, 0, 0, 200, 0, 0, 0, 1, 200, 2094, 100),
(1345, '20160702_003', 200, 0, 0, 0, 200, 0, 0, 0, 1, 200, 1288, 100),
(1346, '20160702_004', 250, 0, 0, 0, 250, 0, 0, 0, 1, 250, 2093, 100),
(1347, '20160707_001', 180, 0, 0, 0, 180, 0, 0, 0, 1, 180, 1288, 100),
(1348, '20160707_002', 170, 0, 0, 0, 170, 0, 0, 0, 1, 170, 1288, 100),
(1349, '20160707_003', 250, 0, 0, 0, 250, 0, 0, 0, 1, 250, 1288, 100),
(1351, '20160707_005', 130, 0, 0, 0, 200, 70, 0, 0, 1, 130, 1288, 100),
(1352, '20160707_006', 0, 410, 0, 0, 410, 0, 0, 0, 1, 410, 2002, 100),
(1353, '20160707_007', 300, 0, 0, 0, 300, 0, 0, 0, 1, 300, 2095, 100),
(1354, '20160707_008', 230, 255, 0, 0, 230, -255, 0, 0, 1, 230, 1348, 100),
(1355, '20160708_001', 530, 0, 0, 0, 530, 0, 0, 0, 1, 530, 2014, 100),
(1356, '20160708_002', 280, 0, 0, 0, 280, 0, 0, 0, 1, 280, 1656, 100),
(1357, '20160708_003', 230, 0, 0, 0, 230, 0, 0, 0, 1, 230, 1288, 100),
(1358, '20160709_001', 460, 0, 0, 0, 460, 0, 0, 0, 1, 460, 2096, 100),
(1359, '20160709_002', 250, 0, 0, 0, 250, 0, 0, 0, 1, 250, 2097, 100),
(1360, '20160710_001', 280, 0, 0, 0, 280, 0, 0, 0, 1, 280, 2098, 100),
(1361, '20160712_001', 270, 0, 0, 0, 270, 0, 0, 0, 1, 270, 2099, 100),
(1362, '20160713_001', 290, 0, 0, 0, 290, 0, 0, 0, 1, 290, 1288, 100),
(1363, '20160713_002', 400, 0, 0, 0, 400, 0, 0, 0, 1, 400, 2010, 100),
(1364, '20160713_003', 110, 0, 0, 0, 110, 0, 0, 0, 1, 110, 1288, 100),
(1365, '20160713_004', 320, 0, 0, 0, 320, 0, 0, 0, 1, 320, 1944, 100),
(1366, '20160713_005', 350, 0, 0, 0, 350, 0, 0, 0, 1, 350, 1295, 100),
(1367, '20160714_001', 315, 0, 0, 0, 315, 0, 0, 0, 1, 315, 1288, 100),
(1369, '20160712_002', 170, 0, 0, 0, 170, 0, 0, 0, 1, 170, 1334, 100),
(1370, '20160715_002', 220, 0, 0, 0, 220, 0, 0, 0, 1, 220, 1988, 100),
(1371, '20160716_001', 225, 0, 0, 0, 225, 0, 0, 0, 1, 225, 1288, 100),
(1373, '20160716_003', 250, 0, 0, 0, 250, 0, 0, 0, 1, 250, 1636, 100),
(1375, '20160716_004', 700, 0, 0, 0, 700, 0, 0, 0, 1, 700, 2100, 100),
(1376, '20160716_005', 200, 0, 0, 0, 200, 0, 0, 0, 1, 200, 1425, 100),
(1377, '20160717_001', 200, 0, 0, 0, 200, 0, 0, 0, 1, 200, 1288, 100),
(1378, '20160717_002', 250, 0, 0, 0, 250, 0, 0, 0, 1, 250, 1288, 100),
(1379, '20160718_001', 270, 0, 0, 0, 270, 0, 0, 0, 1, 270, 2101, 100),
(1380, '20160719_001', 790, 0, 0, 0, 790, 0, 0, 0, 1, 790, 1410, 100),
(1381, '20160720_001', 200, 0, 0, 0, 200, 0, 0, 0, 1, 200, 1449, 100),
(1382, '20160720_002', 250, 0, 0, 0, 250, 0, 0, 0, 1, 250, 2102, 100),
(1383, '20160720_003', 280, 0, 0, 0, 280, 0, 0, 0, 1, 280, 2103, 100),
(1384, '20160720_004', 275, 0, 0, 0, 305, 30, 0, 0, 1, 275, 2104, 100);

-- --------------------------------------------------------

--
-- Table structure for table `fund`
--

CREATE TABLE IF NOT EXISTS `fund` (
  `id` int(11) NOT NULL AUTO_INCREMENT,
  `name` varchar(45) NOT NULL,
  `description` varchar(255) DEFAULT NULL,
  PRIMARY KEY (`id`)
) ENGINE=InnoDB  DEFAULT CHARSET=utf8 AUTO_INCREMENT=22 ;

--
-- Dumping data for table `fund`
--

INSERT INTO `fund` (`id`, `name`, `description`) VALUES
(1, 'KÉT SẮT', 'KETSAT'),
(2, 'Anh Minh', NULL),
(8, 'OCEANBANK', 'OCEANBANK'),
(9, 'Châu', NULL),
(10, 'BẢO', NULL),
(12, 'MẸ', NULL),
(13, 'BALANCE', NULL),
(14, 'Tiêu Vặt', NULL),
(15, 'VIETINBANK BAO', NULL),
(16, 'COD bưu điện ', NULL),
(18, 'Vietcombank Bao ', NULL),
(19, 'TEMP', NULL),
(20, 'BIDV Bảo ', NULL),
(21, 'CÂN ĐỐI', NULL);

-- --------------------------------------------------------

--
-- Table structure for table `fund_change_histo`
--

CREATE TABLE IF NOT EXISTS `fund_change_histo` (
  `id` int(11) NOT NULL AUTO_INCREMENT,
  `fund_id` int(11) NOT NULL,
  `amount` float NOT NULL DEFAULT '0',
  `date` datetime NOT NULL,
  `description` varchar(245) DEFAULT NULL,
  `ratio` float NOT NULL DEFAULT '1',
  `user_id` int(11) NOT NULL,
  PRIMARY KEY (`id`),
  KEY `fk_fund_change_histo_fund1_idx` (`fund_id`),
  KEY `fk_fund_change_histo_user1_idx` (`user_id`)
) ENGINE=InnoDB  DEFAULT CHARSET=utf8 AUTO_INCREMENT=1070 ;

--
-- Dumping data for table `fund_change_histo`
--

INSERT INTO `fund_change_histo` (`id`, `fund_id`, `amount`, `date`, `description`, `ratio`, `user_id`) VALUES
(1, 2, 50000, '2015-09-27 13:48:22', 'gửi 50M', 1, 1),
(2, 2, -2160, '2015-10-01 00:29:00', 'See spend : Mua thanh ray, thanh đỡ kính (Anh Minh   Anh Duệ)', 1, 1),
(3, 2, -34, '2015-10-02 00:29:00', 'See spend : Mua đồ thắp hương', 1, 1),
(4, 2, -50, '2015-10-02 00:17:10', 'See spend : Mua thêm 2 thanh ray', 1, 2),
(5, 2, -60, '2015-10-01 02:21:35', 'See spend : Tiền ốc vít', 1, 1),
(6, 2, -4000, '2015-10-03 11:15:04', 'See spend : laptop dell', 1, 1),
(8, 2, -2000, '2015-10-04 13:46:21', 'See spend : Mua 100m led lắp cửa hàng', 1, 1),
(9, 2, -5000, '2015-10-03 13:46:54', 'Anh minh rút 5M', 1, 1),
(11, 2, -5000, '2015-10-03 13:51:29', 'Vay thanh toán hàng dương', 1, 1),
(12, 9, 5000, '2015-10-03 13:51:29', 'Vay thanh toán hàng dương', 1, 1),
(13, 2, -8000, '2015-10-04 13:51:51', 'Vay thanh toán tiền hàng chị hương', 1, 1),
(14, 9, 8000, '2015-10-04 13:51:51', 'Vay thanh toán tiền hàng chị hương', 1, 1),
(15, 2, 4400, '2015-10-04 15:22:41', 'Thêm vào 4400 để thanh toán vinh tuyết', 1, 1),
(16, 2, -28096, '2015-10-04 22:27:27', 'Trả nợ : Vinh Tuyết | Hóa đơn 28830.', 1, 1),
(17, 9, -734, '2015-10-04 22:27:27', 'Trả nợ : Vinh Tuyết | Hóa đơn 28830.', 1, 1),
(18, 2, 30000, '2015-10-05 15:56:40', 'Thêm 30M', 1, 1),
(19, 2, -480, '2015-10-05 15:57:00', 'See spend : Mua ghế', 1, 2),
(20, 2, -180, '2015-10-06 15:31:58', 'See spend : Sớ đi phủ tây hồ', 1, 2),
(21, 2, -500, '2015-10-06 15:31:58', 'See spend : Đưa bảo', 1, 2),
(22, 2, -220, '2015-10-06 15:31:58', 'See spend : Mua lễ đi phủ', 1, 2),
(23, 2, -30, '2015-10-06 15:31:58', 'See spend : Mua hoa', 1, 2),
(24, 2, -100, '2015-10-06 15:31:58', 'See spend : Tiền lẻ đi lễ', 1, 2),
(25, 2, 30000, '2015-10-07 15:37:45', 'Thêm', 1, 1),
(26, 2, -500, '2015-10-07 15:39:25', 'See spend : Đưa bảo', 1, 2),
(27, 2, -105, '2015-10-07 15:39:25', 'See spend : Mua máy tính, sổ bút', 1, 2),
(28, 2, -200, '2015-10-07 15:39:25', 'See spend : Tiền 2 nhân viên', 1, 2),
(29, 2, 0, '2015-10-07 15:39:25', 'See spend : ', 1, 1),
(30, 2, -25, '2015-10-07 15:41:41', 'See spend : Bình nước', 1, 1),
(31, 2, -350, '2015-10-08 02:52:32', 'See spend : Đi chợ sáng mua gà. ... khai trương', 1, 1),
(32, 2, -550, '2015-10-08 15:54:47', 'See spend : Châu đi mua lễ thắp hương (hoa quả, bánh, hương vàng túi đựng tiền)', 1, 2),
(33, 2, -200, '2015-10-08 15:54:47', 'See spend : Đưa bảo trả lại cho khách hôm khai trương', 1, 2),
(34, 2, -60, '2015-10-08 15:54:47', 'See spend : Tiền lẻ thắp hương', 1, 2),
(35, 2, -600, '2015-10-08 15:54:47', 'See spend : Tiền phong bao lì xì', 1, 2),
(36, 2, -35000, '2015-10-08 22:56:05', 'Trả nợ : Dương | ', 1, 1),
(37, 9, -8000, '2015-10-08 16:02:30', 'Anh minh nợ Châu. Ứng tạm thanh toán tiền hàng. Châu sẽ nợ lại Anh Minh 4266k', 1, 1),
(43, 2, -1300, '2015-10-09 16:17:14', 'See spend : Chi mua đồ điện: Quạt trần, 3 bóng đôi, các phụ kiện điện', 1, 1),
(44, 2, -5000, '2015-10-09 16:17:14', 'See spend : Ứng trước 5m tiền gương kính', 1, 1),
(45, 1, 3400, '2015-10-08 17:20:37', 'Rút bớt tiền bán hàng', 1, 3),
(46, 1, 560, '2015-10-09 17:21:06', 'Rút bớt tiền bán hàng', 1, 3),
(47, 2, -120, '2015-10-10 21:57:06', 'See spend : Mua chuột cho bảo', 1, 4),
(48, 2, -160, '2015-10-10 21:57:06', 'See spend : Mua 2 súng bắn giá cho bảo', 1, 4),
(49, 1, 3100, '2015-10-10 23:44:20', 'Tiền bán hàng trong ngày', 1, 3),
(51, 1, 4940, '2015-10-11 22:28:15', 'Tiền bán hàng trong ngày', 1, 3),
(52, 2, -220, '2015-10-11 23:56:04', 'See spend : Mua access point lắp wifi', 1, 4),
(54, 1, 3000, '2015-10-12 23:06:16', 'Tièn bán hàng trong ngày', 1, 3),
(55, 2, -10000, '2015-10-12 23:55:04', 'Trả nợ : Dương | Rút 10M từ tiền gửi anh Minh còn lại trả dương 10M', 1, 1),
(56, 9, -4266, '2015-10-13 23:38:25', 'Trả hết nợ anh minh lấy tiền trả camera cho anh minh', 1, 1),
(57, 2, 4266, '2015-10-13 23:38:25', 'Trả hết nợ anh minh lấy tiền trả camera cho anh minh', 1, 1),
(58, 2, -157, '2015-10-13 23:43:41', 'See spend : Lot thuong truoc 5x3.5, lot thuong sau 20x3.5, silicon 10x 7.0', 1, 1),
(59, 1, -700, '2015-10-13 18:50:01', 'See spend : Mua thảm', 1, 3),
(60, 1, 900, '2015-10-13 18:51:39', 'tiền hàng', 1, 3),
(61, 12, 310, '2015-10-11 18:53:46', 'Hóa đơn số 20151011_017 |  Chị Thơm | online | 12  | Triệu sơn. phí 25k', 1, 1),
(62, 2, -5445, '2015-10-14 22:18:24', 'See spend : Lắp camera', 1, 4),
(63, 1, 2500, '2015-10-14 22:54:24', 'Tiền bán hàng trong ngày', 1, 3),
(64, 1, 1000, '2015-10-15 21:30:01', 'Tiền bán hàng trong ngày', 1, 3),
(65, 12, 300, '2015-10-16 12:48:42', 'Hóa đơn số 20151016_003 |  Hà Huyền bạn Bảo | online | 12  | Hà Thị Thanh Huyền, Thọ Phú, Triệu Sơn, phí ship 12.5k', 1, 1),
(66, 12, 260, '2015-10-16 12:54:04', 'Hóa đơn số 20151016_004 |  Minh Thu Bạn Bảo | online | 12  | Lê Minh Thu, Minh Dân, Triệu Sơn, phí ship 12.5k', 1, 1),
(67, 1, 3100, '2015-10-16 22:59:27', 'Tiền bán hàng trong ngày', 1, 3),
(68, 1, -1650, '2015-10-17 23:21:13', 'See spend : mua bàn quầy', 1, 3),
(69, 1, 5150, '2015-10-17 23:22:56', 'Tiền bán hàng trong ngày', 1, 3),
(70, 1, -20000, '2015-10-18 22:24:39', 'Chuyển cho anh Duệ đi lấy hàng', 1, 1),
(71, 2, 20000, '2015-10-18 22:24:39', 'Chuyển cho anh Duệ đi lấy hàng', 1, 1),
(72, 2, -1890, '2015-10-18 22:25:34', 'See spend : In túi bóng và mua giấy cuộn', 1, 1),
(73, 2, -14350, '2015-10-18 22:55:40', 'Châu Vay Anh Minh để thanh toán hàng giầy, lương nhân viên. học phí cún', 1, 1),
(74, 9, 14350, '2015-10-18 22:55:40', 'Châu Vay Anh Minh để thanh toán hàng giầy, lương nhân viên. học phí cún', 1, 1),
(75, 1, 2700, '2015-10-18 22:57:03', 'Tiền bán hàng trong ngày', 1, 3),
(76, 9, 25000, '2015-10-20 22:48:36', 'Anh Minh Chuyển khoản cho Duệ', 1, 1),
(78, 1, 3900, '2015-10-20 00:13:12', 'tien ban hang ngay 19 va 20 thang 10', 1, 3),
(79, 12, 300, '2015-10-20 00:17:04', 'Hóa đơn số 20151020_004 |  Vũ bạn Bảo | online | 12  | Đôi da miếng xuồng cho mẹ Vũ (phí ship 25k)', 1, 1),
(80, 1, 2100, '2015-10-21 22:57:08', 'tien ban hang trong ngay', 1, 3),
(81, 1, 2000, '2015-10-22 22:36:03', 'tien ban hang trong ngay', 1, 3),
(83, 1, 1800, '2015-10-23 21:07:28', 'Tiền bán hàng trong ngày\n', 1, 3),
(84, 9, -2850, '2015-10-24 09:48:19', 'trả tiền nhà metronic hộ anh minh', 1, 1),
(85, 2, 2850, '2015-10-24 09:48:19', 'trả tiền nhà metronic hộ anh minh', 1, 1),
(86, 2, -2850, '2015-10-24 09:52:54', 'Trả nợ : METRONIC VIET NAM | Lấy tiền nhà Châu trả', 1, 4),
(87, 9, -4573, '2015-10-24 10:59:23', 'Trả nợ : Vinh Tuyết | 1 hóa đơn vinh tuyết chia 2 bên. Chị Châu thanh toán hết', 1, 1),
(88, 2, -6524, '2015-10-24 12:10:22', 'Chuyển hết phần tiền Duệ cầm sang Quỹ Châu để trả tiền hàng cho anh Minh', 1, 1),
(89, 9, 6524, '2015-10-24 12:10:22', 'Chuyển hết phần tiền Duệ cầm sang Quỹ Châu để trả tiền hàng cho anh Minh', 1, 1),
(90, 9, -27294, '2015-10-24 12:17:23', 'Trả nợ : Chị Châu | Hàng Chau thanh toán Hộ Anh Minh', 1, 1),
(91, 1, 3200, '2015-10-24 22:49:58', 'Tiền bán hàng trong ngày', 1, 3),
(93, 1, -8500, '2015-10-25 14:39:17', 'Trả nợ : Tuyến | đã thanh toán hết', 1, 1),
(94, 13, -25, '2015-10-25 14:39:17', 'Trả nợ : Tuyến | đã thanh toán hết', 1, 1),
(95, 1, 1700, '2015-10-25 20:57:39', 'Tiền bán hàng trong ngày', 1, 1),
(96, 9, 2310, '2015-10-26 00:42:37', 'Trả nợ : Chị Châu | Trả lại 14 đôi 2483 cho Chị Châu', 1, 1),
(97, 9, -13467, '2015-10-26 00:50:31', 'Trả nợ : Dương | Tiền chị châu đã dùng hết chuyển sang trả Dương', 1, 1),
(98, 1, 1600, '2015-10-26 15:43:29', 'Tiền bán hàng trong ngày', 1, 1),
(99, 1, 1500, '2015-10-27 10:23:18', 'Tiền bán hàng trong ngày', 1, 3),
(100, 1, -10000, '2015-10-27 10:24:57', 'Chuyển tiền để Chị Châu thanh toán tiền nhà', 1, 1),
(101, 9, 10000, '2015-10-27 10:24:57', 'Chuyển tiền để Chị Châu thanh toán tiền nhà', 1, 1),
(102, 1, 1300, '2015-10-29 10:35:54', 'Tiền bán hàng trong ngày', 1, 3),
(103, 1, 2000, '2015-10-29 11:59:53', 'Tiền bán hàng trong ngày', 1, 3),
(104, 9, -2342, '2015-10-31 09:09:04', 'Tiền bảo nợ chị Châu.', 1, 4),
(105, 9, -540, '2015-10-31 09:06:14', 'See spend : tiền quảng cáo facebook (HSBC của A Duệ)', 1, 4),
(106, 9, -3250, '2015-10-31 23:19:44', 'Trả nợ : METRONIC VIET NAM | Chị Châu trả hết hóa đơn tổng.', 1, 1),
(107, 1, -9000, '2015-10-31 23:20:33', 'Bảo mang qua đưa anh Duệ', 1, 1),
(108, 9, 9000, '2015-10-31 23:20:33', 'Bảo mang qua đưa anh Duệ', 1, 1),
(110, 1, 1300, '2015-10-30 10:53:00', 'tiền bán hàng trong ngày', 1, 3),
(111, 1, 1000, '2015-10-31 10:53:34', 'tiền bán hàng trong ngày', 1, 3),
(112, 10, 270, '2015-11-01 11:20:41', 'Hóa đơn số 20151101_002 |  Chị Đỗ Thuần Phương khách onl của Bảo | online | 10  | 169 Lê Thánh Tông tp Hạ Long tỉnh Quảng Ninh, phí ship 32k', 1, 1),
(113, 10, 575, '2015-11-01 11:24:40', 'Hóa đơn số 20151101_003 |  Chị Đỗ Thuần Phương khách onl của Bảo | online | 10  | Phí ship hàng lần 2 là 43k/2 đôi', 1, 1),
(114, 9, 300, '2015-11-01 11:29:37', 'Hóa đơn số 20151101_004 |  Em Nguyễn Thị Bích Thảo khách onl của Bảo | online | 9  | ĐC: Phòng Công An xã Xuân Quang 3 huyện Đồng Xuân, tỉnh Phú Yên, phí ship 45000', 1, 1),
(115, 1, 1500, '2015-11-03 22:26:35', 'Tiền bán hàng ngày 1/11 và 2/11', 1, 3),
(116, 9, -200, '2015-11-03 22:34:39', 'See spend : tăng like   comment  share fb', 1, 3),
(117, 9, -5000, '2015-11-03 23:07:47', 'Bảo qua lấy 5M', 1, 1),
(118, 1, 5000, '2015-11-03 23:07:47', 'Bảo qua lấy 5M', 1, 1),
(119, 9, -165, '2015-11-03 23:28:06', 'See spend : Quảng cáo facebook (thẻ HSBC anh Duệ)', 1, 4),
(120, 1, -2000, '2015-11-04 20:04:31', 'Đưa tiền cho anh Minh', 1, 1),
(121, 2, 2000, '2015-11-04 20:04:31', 'Đưa tiền cho anh Minh', 1, 1),
(122, 1, 2000, '2015-11-03 23:02:34', 'Tiền bán hàng trong ngày', 1, 3),
(123, 1, 1500, '2015-11-04 23:04:42', 'Tiền bán hàng trong ngày', 1, 3),
(124, 9, 1915, '2015-11-05 00:29:08', 'Trả nợ : Chị Châu | trả 0061, 0062 cho chị châu', 1, 1),
(125, 10, 260, '2015-11-05 18:37:06', 'Hóa đơn số 20151105_005 |  Em Trần Thị Minh Thương | online | 10  | Cty vsip Bắc ninh, số 1 hữu nghị kcn Vsip bắc ninh, phù chẩn , từ sơn, bắc ninh - Phí ship 35k ', 1, 1),
(126, 10, 262, '2015-11-05 18:44:01', 'Hóa đơn số 20151105_006 |  Chị Đỗ Thuần Phương khách onl của Bảo | online | 10  | Phí ship hàng lần 3 là 53k', 1, 1),
(127, 10, -1300, '2015-11-05 21:13:33', 'Rút bớt tiền trong thẻ ngân hàng', 1, 1),
(128, 1, 1300, '2015-11-05 21:13:33', 'Rút bớt tiền trong thẻ ngân hàng', 1, 1),
(130, 1, 2300, '2015-11-05 11:19:06', 'Tiền bán hàng trong ngày', 1, 3),
(131, 1, 2500, '2015-11-06 13:33:18', 'tiền bán hàng trong ngày', 1, 3),
(132, 1, -2000, '2015-11-07 13:33:43', 'Anh Minh lấy tiền', 1, 1),
(133, 2, 2000, '2015-11-07 13:33:43', 'Anh Minh lấy tiền', 1, 1),
(138, 1, -430, '2015-11-05 13:42:41', 'See spend : thanh toán tiền điện, nước, nét tháng 10.2015', 1, 3),
(139, 1, -5345, '2015-11-07 14:13:50', 'Trả nợ : Tuyến | Thanh toán ngày 5.11, thanh toán luôn 635k cho hóa đơn cảu Chị Châu', 1, 1),
(140, 1, -685, '2015-11-07 14:15:13', 'Thanh toán hộ chị Châu hóa đơn ngày 5.11 của Anh Tuyến', 1, 1),
(141, 9, 685, '2015-11-07 14:15:13', 'Thanh toán hộ chị Châu hóa đơn ngày 5.11 của Anh Tuyến', 1, 1),
(142, 9, 300, '2015-11-07 14:31:42', 'Hóa đơn số 20151107_003 |  Chị Đinh Thị Loan | online | 9  | Thôn An Cư 1, xã Đức Xương, huyện Gia Lộc, tỉnh Hải Dương. Phí ship 43k', 1, 1),
(143, 10, 580, '2015-11-07 14:35:08', 'Hóa đơn số 20151107_004 |  Quỳnh Maruko bạn Bảo | online | 10  | Đặng Đức Giang, thôn Sỏi, Quảng Thanh, Thủy Nguyên, Hải Phòng. Phí ship 18k', 1, 1),
(144, 10, 600, '2015-11-07 14:37:53', 'Hóa đơn số 20151107_005 |  Chị Đỗ Thuần Phương khách onl của Bảo | online | 10  | Phí ship hàng lần 4 là 18k', 1, 1),
(147, 9, -288, '2015-11-07 20:31:21', 'Nhận tiền đôi giầy của chị châu: mã 2560', 1, 1),
(148, 15, 288, '2015-11-07 20:31:21', 'Nhận tiền đôi giầy của chị châu: mã 2560', 1, 1),
(149, 10, -1247, '2015-11-07 20:34:31', 'Chuyển quỹ', 1, 1),
(150, 15, 1247, '2015-11-07 20:34:31', 'Chuyển quỹ', 1, 1),
(151, 1, 2000, '2015-11-07 21:15:49', 'tiền bán hàng trong ngày', 1, 3),
(152, 1, -540, '2015-11-08 10:26:28', 'chuyển quỹ', 1, 1),
(153, 14, 540, '2015-11-08 10:26:28', 'chuyển quỹ', 1, 1),
(154, 14, -20, '2015-11-08 10:27:10', 'See spend : mua bánh gạo thắp hương', 1, 3),
(155, 14, -100, '2015-11-08 10:27:36', 'See spend : nạp thẻ', 1, 3),
(156, 9, -2815, '2015-11-08 22:39:27', 'Trả nợ : Vinh Tuyết | Thanh toán hóa đơn hộ bảo', 1, 1),
(157, 1, 1000, '2015-11-08 10:50:43', 'tiền bán hàng trong ngày ', 1, 3),
(158, 1, 3800, '2015-11-09 10:51:19', 'tiền bán hàng trong ngày', 1, 3),
(159, 14, 115, '2015-11-09 10:52:05', 'tiền bán hàng trong ngày lẻ', 1, 3),
(160, 14, -12, '2015-11-10 10:54:04', 'See spend : mua táo', 1, 3),
(161, 9, -495, '2015-11-10 22:12:00', 'See spend : Tiền bảo lấy hàng bên chị châu còn nợ. anh Duệ chốt trả hết nợ này để quản lý khi bảo có lấy hàng bên chị châu ship online và nhận tiền bên bảo', 1, 3),
(162, 9, -6050, '2015-11-10 22:21:11', 'See spend : Thanh toán tiền biển quảng cáo cho hưởng', 1, 1),
(164, 1, 2200, '2015-11-10 10:39:55', 'Tiền bán hàng trong ngày ', 1, 3),
(165, 1, -14000, '2015-11-11 10:40:35', 'Bảo đưa chị Châu để thanh toán tiền hàng cho anh Dương lấy thêm hàng mới ', 1, 1),
(166, 9, 14000, '2015-11-11 10:40:35', 'Bảo đưa chị Châu để thanh toán tiền hàng cho anh Dương lấy thêm hàng mới ', 1, 1),
(167, 14, -34, '2015-11-11 12:13:57', 'See spend : Phí chip chuyển hoàn hàng của Chị Đỗ Thuần Phương', 1, 3),
(168, 14, -20, '2015-11-11 12:14:38', 'See spend : Mua hoa ly thắp hương', 1, 3),
(169, 9, -10000, '2015-11-11 22:43:07', 'See spend : Chị châu thanh toán tiền Kính gương 10M', 1, 2),
(170, 9, 950, '2015-11-11 22:43:55', 'Trả nợ : Vinh Tuyết | 0044 chuyển sang nhà chị châu 5 đôi', 1, 1),
(171, 9, 950, '2015-11-11 22:44:28', 'Trả nợ : METRONIC VIET NAM | 0040 chuyển lên chị châu 5 đôi', 1, 1),
(172, 9, 230, '2015-11-11 22:44:51', 'Trả nợ : Chị Châu | Hàng trả lại chị châu', 1, 1),
(173, 9, -7185, '2015-11-11 22:55:15', 'Trả nợ : Dương | Phần tiền còn lại của bảo bên chị châu là 7185 coi như chuyển sang thanh toán cho Dương. bảo và chị châu hết nợ', 1, 1),
(176, 1, 500, '2015-11-11 10:34:46', 'tiền bán hàng trong ngày', 1, 3),
(177, 14, 100, '2015-11-11 10:35:09', 'tiền bán hàng trong ngày 11.11', 1, 3),
(178, 14, -57, '2015-11-12 10:38:15', 'See spend : Mua đồ thắp hương mùng 1', 1, 3),
(179, 14, -100, '2015-11-12 23:11:03', 'See spend : mua giấy xi măng gói hàng', 1, 3),
(180, 1, 2000, '2015-11-12 23:11:33', 'tiền bán hàng trong ngày', 1, 3),
(181, 14, 200, '2015-11-12 23:12:40', 'tiền bán hàng trong ngày 12.11', 1, 3),
(182, 1, 1500, '2015-11-13 23:54:48', 'tiền bán hàng trong ngày', 1, 3),
(183, 1, 500, '2015-11-14 23:03:50', 'tiền bán hàng trong ngày ', 1, 3),
(184, 14, -23, '2015-11-14 23:04:42', 'See spend : Mua bánh gạp thắp hương', 1, 3),
(185, 12, -1000, '2015-11-14 23:07:46', 'mẹ gửi tiền bán hàng ra', 1, 1),
(186, 1, 1000, '2015-11-14 23:07:46', 'mẹ gửi tiền bán hàng ra', 1, 1),
(187, 12, -170, '2015-11-14 23:08:38', 'tiền lẻ từ quỹ mẹ', 1, 1),
(188, 14, 170, '2015-11-14 23:08:38', 'tiền lẻ từ quỹ mẹ', 1, 1),
(189, 9, -5300, '2015-11-15 20:46:43', 'Trả nợ : Chiến đại mỗ | ', 1, 1),
(190, 1, 1000, '2015-11-15 00:04:02', 'tiền bán hàng trong ngày', 1, 3),
(191, 14, 100, '2015-11-15 00:04:26', 'tiền bán hàng trong ngày ', 1, 3),
(192, 14, -20, '2015-11-16 20:48:07', 'See spend : Mua chuối', 1, 3),
(194, 1, -530, '2015-11-16 20:51:32', 'See spend : Chốt chí chạy ads fanpage đến 19h ngày 14.11', 1, 3),
(195, 1, -460, '2015-11-16 20:52:54', 'See spend : Thanh toán 50% chi phí tăng 10 nghìn like fanpage', 1, 3),
(196, 1, -10, '2015-11-16 20:53:40', 'chuyển tiền lẻ sang', 1, 1),
(197, 14, 10, '2015-11-16 20:53:40', 'chuyển tiền lẻ sang', 1, 1),
(198, 1, 2500, '2015-11-16 11:15:11', 'tiền bán hàng trong ngày', 1, 3),
(199, 14, -30, '2015-11-17 11:18:53', 'See spend : mua hoa ly thắp hương', 1, 3),
(200, 1, 2300, '2015-11-17 10:50:41', 'tiền bán hàng trong ngày', 1, 3),
(201, 14, -20, '2015-11-18 10:51:19', 'See spend : Mua chuối thắp hương', 1, 3),
(202, 1, 700, '2015-11-18 20:55:26', 'tiền bán hàng trong ngày', 1, 3),
(203, 1, 1500, '2015-11-19 21:49:54', 'Tiền bán hàng trong ngày', 1, 3),
(204, 9, -2700, '2015-11-19 22:33:41', 'Trả nợ : Chiến đại mỗ | Chị Châu thanh toán hộ', 1, 1),
(205, 1, -3000, '2015-11-20 12:59:55', 'Anh Minh lấy tiền về quê', 1, 1),
(206, 2, 3000, '2015-11-20 12:59:55', 'Anh Minh lấy tiền về quê', 1, 1),
(207, 14, -20, '2015-11-21 12:27:33', 'See spend : Mua hoa ly thắp hương', 1, 3),
(208, 1, -5000, '2015-11-21 12:27:50', 'bảo vay ', 1, 1),
(209, 10, 5000, '2015-11-21 12:27:50', 'bảo vay ', 1, 1),
(210, 1, 3000, '2015-11-21 22:04:25', 'tiền bán hàng trong 2 ngày 20.11 và 21.11', 1, 3),
(211, 1, 1000, '2015-11-22 23:24:55', 'tiền bán hàng trong ngày', 1, 3),
(212, 14, -25, '2015-11-23 23:25:50', 'See spend : mua bánh thắp hương', 1, 3),
(213, 9, -220, '2015-11-23 15:42:31', 'See spend : Chị Châu thanh toán tiền cáp anh Minh', 1, 2),
(214, 9, -8335, '2015-11-23 17:28:33', 'Trả nợ : Vinh Tuyết | ', 1, 1),
(215, 13, -15, '2015-11-23 17:28:33', 'Trả nợ : Vinh Tuyết | ', 1, 1),
(216, 13, 15, '2015-11-23 17:54:23', 'Trả nợ : Vinh Tuyết | ', 1, 1),
(217, 9, -2145, '2015-11-23 21:20:17', 'Trả nợ : Vinh Tuyết | ', 1, 1),
(218, 9, -600, '2015-11-23 21:22:12', 'Trả nợ : Dương | ', 1, 1),
(219, 1, -8000, '2015-11-23 21:23:35', 'Trả nợ : Dương | Bảo chuyển cho chị Châu để thanh toán nợ cho Anh Dương sáng 23.11', 1, 1),
(220, 1, 1500, '2015-11-23 23:36:30', 'tiền bán hàng trong ngày', 1, 3),
(221, 14, 100, '2015-11-23 23:37:05', 'tiền dư bán hàng trong ngày 23.11', 1, 3),
(222, 14, -25, '2015-11-24 10:55:43', 'See spend : Phí ship hàng cho Linh Giang bạn Bảo', 1, 3),
(223, 12, 265, '2015-11-24 10:56:51', 'Hóa đơn số 20151124_002 |  Linh Giang bạn Bảo  | online | 12  | Triệu Sơn - Thanh Hóa', 1, 1),
(224, 1, 1000, '2015-11-24 22:09:57', 'tiền bán hàng trong ngày', 1, 3),
(225, 14, 100, '2015-11-24 22:10:23', 'tiền bán hàng dư trong ngày 24.11', 1, 3),
(226, 15, 280, '2015-11-25 14:40:43', 'Hóa đơn số 20151125_001 |  Chị Đỗ Thuần Phương khách onl của Bảo | online | 15  | 169 Lê Thánh Tông, tp Hạ Long, tỉnh Quảng Ninh', 1, 1),
(227, 14, -50, '2015-11-25 14:41:25', 'See spend : phí ship hàng chyển hoàn đôi giầy lỗi của chị Đỗ Thuần Phương', 1, 3),
(228, 1, 500, '2015-11-25 21:07:55', 'tiền bán hàng trong ngày', 1, 3),
(229, 14, -100, '2015-11-26 10:48:00', 'See spend : mua xôi giò, bánh gạo, hoa,, tiền vàng, thuốc lá thắp hương rằm', 1, 3),
(230, 1, -6000, '2015-11-26 10:48:44', 'Chuyển tiền cho Chị Châu nộp tiền nhà', 1, 1),
(231, 9, 6000, '2015-11-26 10:48:44', 'Chuyển tiền cho Chị Châu nộp tiền nhà', 1, 1),
(232, 1, 1500, '2015-11-27 22:53:47', 'tiền bán hàng trong 2 ngày 26 và 27.11', 1, 3),
(233, 14, 200, '2015-11-27 22:54:36', 'tiền bán hàng trong ngày 26 và 27.11 dư ra', 1, 3),
(234, 14, -95, '2015-11-28 18:25:22', 'See spend : Mua bánh đồng tiền, chè, trầu cau, nến bay ban thờ ', 1, 3),
(236, 16, 400, '2015-11-28 18:29:17', 'Hóa đơn số 20151128_007 |  Chị Hoàng Thị Tường Vy  | online | 16  | 189 Đinh Tiên Hoàng, phường Tự An, TP Buôn Ma Thuột, tỉnh Đăk Lăk', 1, 1),
(237, 14, -33, '2015-11-28 18:30:18', 'ứng trước tiền ship cod, đợi bưu điện thu hộ hoàn ship ', 1, 1),
(238, 16, 33, '2015-11-28 18:30:18', 'ứng trước tiền ship cod, đợi bưu điện thu hộ hoàn ship ', 1, 1),
(239, 1, -450, '2015-11-28 18:31:12', 'See spend : Thanh toán nốt tiền chạy 10k like fanpage', 1, 3),
(240, 9, 4065, '2015-11-28 19:28:05', 'Trả nợ : Dương | ', 1, 1),
(243, 9, 2080, '2015-11-28 22:15:36', 'Trả nợ : Chị Châu | Lấy lại phần hàng bảo chuyển cho chị châu', 1, 1),
(244, 1, 3500, '2015-11-28 23:27:11', 'tiền bán hàng trong ngày', 1, 3),
(245, 14, -20, '2015-11-29 15:58:21', 'See spend : Phí ship hàng cho c Hoài bạn Bảo ', 1, 3),
(246, 14, -30, '2015-11-29 20:15:55', 'See spend : Anh Minh rút ', 1, 3),
(247, 1, -2000, '2015-11-29 20:16:17', 'Anh Minh rút', 1, 1),
(248, 2, 2000, '2015-11-29 20:16:17', 'Anh Minh rút', 1, 1),
(249, 1, -50, '2015-11-29 20:16:43', 'Chuyển tiền dư sang ', 1, 1),
(250, 14, 50, '2015-11-29 20:16:43', 'Chuyển tiền dư sang ', 1, 1),
(251, 1, 3000, '2015-11-29 22:04:59', 'tiền bán hàng trong ngày', 1, 3),
(252, 14, -35, '2015-11-30 15:58:35', 'See spend : Mua bánh thăp hương ', 1, 3),
(253, 1, -4475, '2015-11-30 16:37:06', 'Trả nợ : METRONIC VIET NAM | Vay Chị Châu 12 triệu thanh toán tiền, Anh Khánh nhận hộ', 1, 1),
(254, 9, -12000, '2015-11-30 16:37:06', 'Trả nợ : METRONIC VIET NAM | Vay Chị Châu 12 triệu thanh toán tiền, Anh Khánh nhận hộ', 1, 1),
(255, 13, 15, '2015-11-30 16:37:06', 'Trả nợ : METRONIC VIET NAM | Vay Chị Châu 12 triệu thanh toán tiền, Anh Khánh nhận hộ', 1, 1),
(256, 1, -25, '2015-11-30 16:39:42', 'Chuyển tiền lẻ sang', 1, 1),
(257, 14, 25, '2015-11-30 16:39:42', 'Chuyển tiền lẻ sang', 1, 1),
(258, 1, -1000, '2015-11-30 19:28:30', 'Anh Minh rút tiền', 1, 1),
(259, 2, 1000, '2015-11-30 19:28:30', 'Anh Minh rút tiền', 1, 1),
(260, 1, 3000, '2015-11-30 22:05:49', 'tiền bán hàng trong ngày ', 1, 3),
(262, 14, -20, '2015-12-01 12:56:04', 'See spend : Mua hoa, chè thắp hương ', 1, 3),
(263, 1, 500, '2015-12-01 12:52:21', 'tiền bán hàng trong ngày', 1, 3),
(264, 14, -275, '2015-12-02 12:53:14', 'See spend : Mua sách cho ch ', 1, 3),
(265, 14, -25, '2015-12-02 12:53:32', 'See spend : Mua bánh thắp hương ', 1, 3),
(266, 1, 2500, '2015-12-02 22:53:18', 'tiền bán hàng trong ngày', 1, 3),
(269, 1, 500, '2015-12-03 22:45:41', 'tiền bán hàng trong ngày', 1, 3),
(270, 1, -2000, '2015-12-04 22:33:34', 'Anh Minh rút tiền', 1, 1),
(271, 2, 2000, '2015-12-04 22:33:34', 'Anh Minh rút tiền', 1, 1),
(272, 1, 1000, '2015-12-04 22:50:26', 'tiền bán hàng trong ngày', 1, 3),
(273, 14, 200, '2015-12-04 22:50:49', 'tiền bán hàng trong ngày dư', 1, 3),
(274, 14, -25, '2015-12-03 22:52:25', 'See spend : Mua đủ đủ và bánh thắp hương', 1, 3),
(275, 14, -15, '2015-12-04 22:52:51', 'See spend : mua bánh thắp hương', 1, 3),
(276, 14, -15, '2015-12-05 10:57:18', 'See spend : Mua bánh chưng thắp hương', 1, 3),
(278, 14, -20, '2015-12-05 17:52:22', 'See spend : phí chuyển hàng cho Thùy Linh bạn Bảo', 1, 3),
(279, 1, -1765, '2015-12-05 22:19:19', 'See spend : Đóng tiền điện , nước, net tháng 11.2015. Tháng trước chị chủ nhà xem nhầm công tơ nên ít, tháng này nộp bù', 1, 3),
(280, 1, 3265, '2015-12-05 00:32:03', 'tiền bán hàng tronng ngày', 1, 3),
(281, 1, -2000, '2015-12-03 22:36:22', 'Anh Minh rút tiền', 1, 1),
(282, 2, 2000, '2015-12-03 22:36:22', 'Anh Minh rút tiền', 1, 1),
(283, 1, 3500, '2015-12-06 22:39:35', 'tiền bán hàng trong ngày', 1, 3),
(284, 14, -45, '2015-12-07 14:26:35', 'See spend : Mua bánh thắp hương và đồ lặt vặt', 1, 3),
(285, 1, -7700, '2015-12-07 14:31:54', 'See spend : Mua tủ lạnh và máy giặt ', 1, 1),
(286, 12, -265, '2015-12-07 14:32:19', 'mẹ đưa tiền bán giày', 1, 1),
(287, 1, 265, '2015-12-07 14:32:19', 'mẹ đưa tiền bán giày', 1, 1),
(288, 1, -65, '2015-12-07 14:33:17', 'Chuyển tiền lẻ sang', 1, 1),
(289, 14, 65, '2015-12-07 14:33:17', 'Chuyển tiền lẻ sang', 1, 1),
(290, 1, 500, '2015-12-07 13:33:06', 'tiền bán hàng trong ngày', 1, 3),
(291, 14, -40, '2015-12-08 13:43:29', 'See spend : mua hoa, xoài thắp hương', 1, 3),
(292, 9, -5280, '2015-12-08 22:24:33', 'Trả nợ : Chiến đại mỗ | Chị Châu thanh toán hộ', 1, 1),
(293, 9, -3000, '2015-12-07 22:27:41', 'See spend : Mua tủ lạnh và máy giặt (rút từ chị Châu)', 1, 1),
(294, 1, 2500, '2015-12-08 23:15:15', 'tiền bán hàng trong ngày', 1, 3),
(295, 1, -1000, '2015-12-09 13:43:42', 'Anh Minh rút tiền', 1, 1),
(296, 2, 1000, '2015-12-09 13:43:42', 'Anh Minh rút tiền', 1, 1),
(297, 14, -240, '2015-12-09 23:59:54', 'See spend : Mua đồ trang trí noel ', 1, 3),
(298, 14, -15, '2015-12-09 00:06:22', 'See spend : mua bánh chưng thắp hương', 1, 3),
(299, 1, 2000, '2015-12-09 00:06:59', 'tiền bán hàng trong ngày', 1, 3),
(300, 14, 300, '2015-12-09 00:07:23', 'tiền bán hàng trong ngày dư', 1, 3),
(301, 1, 2500, '2015-12-10 00:30:10', 'tiền bh trong ngày', 1, 3),
(302, 14, 200, '2015-12-10 00:30:55', 'tiền bh trong ngày dư', 1, 3),
(303, 14, -35, '2015-12-10 00:33:40', 'See spend : mua đồ thắp hương', 1, 3),
(304, 9, -1193, '2015-12-11 22:21:54', 'See spend : Thuê host và domain 2nine.vn', 1, 4),
(305, 1, 2500, '2015-12-11 15:48:13', 'Tiền bán hàng trong ngày', 1, 3),
(306, 14, -15, '2015-12-12 15:51:45', 'See spend : mua bánh thắp hương', 1, 3),
(307, 15, 520, '2015-12-12 16:04:09', 'Hóa đơn số 20151212_003 |  Em Nguyễn Thúy khách onl của Bảo | online | 15  | Thị trấn Dân Lực Triệu Sơn', 1, 1),
(308, 9, -210, '2015-12-12 19:13:32', 'Trả nợ : Vinh Tuyết | ', 1, 1),
(309, 2, 510, '2015-12-12 23:59:44', 'Hóa đơn số 20151212_010 |  Chị Vân Anh | online | 2  | Số 2, ngách 2/49 Định Công Thượng', 1, 1),
(310, 1, 2300, '2015-12-12 00:12:41', 'Tiền bán hàng trong ngày', 1, 3),
(311, 1, -2000, '2015-12-13 13:08:11', 'Anh Minh rút ', 1, 1),
(312, 2, 2000, '2015-12-13 13:08:11', 'Anh Minh rút ', 1, 1),
(313, 1, 2700, '2015-12-13 23:21:24', 'tiền bán hàng trong ngày', 1, 3),
(314, 14, -65, '2015-12-13 23:22:36', 'See spend : Mua bánh thắp hương và giấy vệ sinh', 1, 1),
(315, 9, -450, '2015-12-13 23:27:39', 'See spend : Chị Châu thanh toán tiền quảng cáo face. chốt đến ngày 11.12.2015', 1, 1),
(316, 2, -500, '2015-12-14 21:00:12', 'Anh Pha trả tiền hôm trước ship giầy ', 1, 1),
(317, 1, 500, '2015-12-14 21:00:12', 'Anh Pha trả tiền hôm trước ship giầy ', 1, 1),
(318, 2, -10, '2015-12-14 21:00:37', 'Anh Pha trả tiền hôm trước ship giầy ', 1, 1),
(319, 14, 10, '2015-12-14 21:00:37', 'Anh Pha trả tiền hôm trước ship giầy ', 1, 1),
(320, 1, -300, '2015-12-14 22:53:22', 'See spend : Ứng trước lương cho Thương', 1, 3),
(321, 14, -70, '2015-12-14 22:55:35', 'See spend : Mua hoa ly và bánh thắp hương', 1, 1),
(322, 1, 3200, '2015-12-14 23:00:52', 'tiền bán hàng trong ngày', 1, 1),
(323, 14, -50, '2015-12-15 23:14:40', 'See spend : Mua đồ thắp hương', 1, 3),
(324, 1, -3300, '2015-12-15 23:20:10', 'See spend : Thanh toán lương cho Em Thương NV _ Chốt 14.12', 1, 3),
(325, 15, 420, '2015-12-15 23:22:10', 'Hóa đơn số 20151215_008 |  Chị Nguyễn Hằng fb Hang Nguyen fb Bảo | online | 15  | Tòa nhà 319 63 Lê Văn Lương', 1, 1),
(326, 1, 2500, '2015-12-15 23:26:51', 'Tiền bán hàng trong ngày', 1, 3),
(327, 14, 100, '2015-12-15 23:27:07', 'tiền bán hàng trong ngày dư', 1, 3),
(328, 14, -20, '2015-12-16 00:34:14', 'See spend : Mua bánh thắp hương', 1, 3),
(333, 1, -2000, '2015-12-16 00:35:13', 'Anh Minh rút', 1, 1),
(334, 2, 2000, '2015-12-16 00:35:13', 'Anh Minh rút', 1, 1),
(335, 1, -10000, '2015-12-17 00:35:58', 'Trả chị Châu ', 1, 1),
(336, 9, 10000, '2015-12-17 00:35:58', 'Trả chị Châu ', 1, 1),
(337, 14, -50, '2015-12-16 00:41:26', 'See spend : Nạp thẻ', 1, 3),
(338, 1, 2500, '2015-12-16 13:13:16', 'tiền bán hàng trong ngày', 1, 3),
(339, 1, 200, '2015-12-16 13:13:50', 'tiền bán hàng trong ngày dư', 1, 3),
(340, 14, -485, '2015-12-17 14:49:16', 'See spend : Mua giá và móc quần áo', 1, 3),
(341, 1, -800, '2015-12-17 14:51:36', 'Chuyển sang', 1, 1),
(342, 14, 800, '2015-12-17 14:51:36', 'Chuyển sang', 1, 1),
(343, 14, -60, '2015-12-17 14:07:17', 'See spend : mua bánh thắp hương và đồ lặt vặt', 1, 3),
(344, 14, -85, '2015-12-18 14:07:35', 'See spend : Mua 20 móc áo ', 1, 3),
(345, 1, 2500, '2015-12-17 14:11:05', 'tiền bán hàng trong ngày', 1, 3),
(346, 1, -2000, '2015-12-19 12:51:39', 'Anh Minh rút', 1, 1),
(347, 2, 2000, '2015-12-19 12:51:39', 'Anh Minh rút', 1, 1),
(348, 1, 3500, '2015-12-18 12:52:05', 'tiền bán hàng trong ngày', 1, 3),
(349, 14, 200, '2015-12-18 12:52:26', 'tiền bán hàng trong ngày dư', 1, 3),
(350, 14, -400, '2015-12-19 12:54:09', 'See spend : Mua giá quần áo', 1, 3),
(351, 14, -50, '2015-12-19 12:54:31', 'See spend : Mua đồ thắp hương', 1, 3),
(352, 14, -20, '2015-12-19 12:55:04', 'See spend : Mua bán thắp hương', 1, 3),
(354, 14, 200, '2015-12-20 21:05:05', 'tiền bán hàng dư trong ngày', 1, 3),
(355, 14, -20, '2015-12-20 21:15:36', 'See spend : mua bánh thắp hương', 1, 3),
(356, 9, -10000, '2015-12-21 11:54:24', 'See spend : Mua 2 laptop cho anh minh', 1, 4),
(357, 1, 2500, '2015-12-19 16:55:45', 'Tiền bán hàng trong ngày', 1, 3),
(358, 1, -10000, '2015-12-21 16:56:15', 'Anh Minh rút', 1, 1),
(359, 2, 10000, '2015-12-21 16:56:15', 'Anh Minh rút', 1, 1),
(360, 1, 1000, '2015-12-20 16:56:53', 'Tiền bán hàng trong ngày', 1, 3),
(361, 14, 200, '2015-12-20 16:57:32', 'Tiền bán hàng trong ngày dư ', 1, 3),
(362, 14, -264, '2015-12-21 17:01:10', 'See spend : Mua đồ dùng cho của hàng và gia đình ', 1, 3),
(364, 14, -20, '2015-12-22 16:12:00', 'See spend : Phí chuyển hàng cho chị Hằng ', 1, 3),
(365, 14, -35, '2015-12-22 16:12:16', 'See spend : Mua bánh thắp hương', 1, 3),
(366, 15, -20, '2015-12-15 16:13:51', 'See spend : Phí chuyển tiền của chị Hằng ', 1, 3),
(367, 15, 950, '2015-12-22 16:35:06', 'Hóa đơn số 20151222_005 |  Chị Đỗ Thuần Phương khách onl của Bảo | online | 15  | 169 Lê Thánh Tông, TP Hạ Long, tỉnh Quảng Ninh', 1, 1),
(368, 14, -28, '2015-12-22 16:35:40', 'See spend : Phí chuyển hàng cho Chị Đỗ Thuần Phương khách onl của Bảo ', 1, 3),
(369, 15, 350, '2015-12-15 16:43:41', 'Hóa đơn số 20151215_010 |  Chị Nguyễn Hằng fb Hang Nguyen fb Bảo | online | 15  | Tòa nhà 319 63 Lê Văn Lương', 1, 1),
(370, 1, -2000, '2015-12-22 16:46:13', 'Bảo rút ', 1, 1),
(371, 10, 2000, '2015-12-22 16:46:13', 'Bảo rút ', 1, 1),
(372, 9, -26550, '2015-12-23 11:39:30', 'Trả nợ : Chị Châu | Bảo nhạp hàng lấy từ zamy. Hien. Chị thanh bên chị châu', 1, 1),
(373, 1, 2000, '2015-12-22 11:43:20', 'Tiền bán hàng trong ngày ', 1, 3),
(374, 14, -15, '2015-12-23 11:51:08', 'See spend : Mua bánh thắp hương', 1, 3),
(375, 12, 700, '2015-12-23 13:36:29', 'Hóa đơn số 20151223_003 |  Hòa bạn Bảo  | online | 12  | Xóm 6 Minh Dân Triệu Sơn Thanh Hóa', 1, 1),
(376, 1, -1300, '2015-12-23 21:49:48', 'Anh Minh rút cho tiền vay ', 1, 1),
(377, 2, 1300, '2015-12-23 21:49:48', 'Anh Minh rút cho tiền vay ', 1, 1),
(378, 9, -590, '2015-12-23 23:18:07', 'Trả nợ : Chị Châu | ', 1, 1),
(379, 1, 3000, '2015-12-23 12:25:39', 'Tiền bán hàng trong ngày ', 1, 3),
(380, 16, -400, '2015-12-24 12:26:28', 'Lầy tiền về từ bưu điện ', 1, 1),
(381, 1, 400, '2015-12-24 12:26:28', 'Lầy tiền về từ bưu điện ', 1, 1),
(382, 16, -33, '2015-12-24 12:26:54', 'Lấy tiền về từ bưu điện ', 1, 1),
(383, 14, 33, '2015-12-24 12:26:54', 'Lấy tiền về từ bưu điện ', 1, 1),
(384, 14, -65, '2015-12-24 12:27:35', 'See spend : Mua đồ thắp hương và đồ dùng vặt ', 1, 3),
(385, 9, -2800, '2015-12-24 22:57:45', 'Trả nợ : Chiến đại mỗ | Thanh toán hộ', 1, 1),
(386, 2, 1350, '2015-12-24 14:56:38', 'Tiền bán hàng trong ngày, anh Minh cầm luôn', 1, 3),
(387, 1, 3500, '2015-12-25 21:27:14', 'tiền bán hàng trong ngày ', 1, 3),
(388, 14, 300, '2015-12-25 21:27:54', 'tiền bán hàng trong ngày dư', 1, 3),
(389, 9, -2000, '2015-12-25 21:28:21', 'Anh Minh rút bên Chị Châu ', 1, 1),
(390, 2, 2000, '2015-12-25 21:28:21', 'Anh Minh rút bên Chị Châu ', 1, 1),
(391, 14, -105, '2015-12-25 21:31:54', 'See spend : Mua đồ thắp hương rằm', 1, 3),
(392, 14, -50, '2015-12-25 21:32:08', 'See spend : nạp thẻ', 1, 3),
(393, 9, -1260, '2015-12-25 21:39:23', 'Trả nợ : Chị Châu | Lấy hàng bên chị châu (20151225_002)', 1, 1),
(394, 14, -45, '2015-12-26 13:39:09', 'See spend : Mua đồ thắp hương', 1, 1),
(395, 1, 2000, '2015-12-26 20:56:03', 'Tiền bán hàng trong ngày ', 1, 3),
(396, 14, 200, '2015-12-26 20:56:23', 'Tiền bán hàng trong ngày dư ', 1, 3),
(397, 10, -363, '2015-12-26 21:22:08', 'See spend : Lấy 110 lót giầy Chị Châu', 1, 1),
(398, 9, -363, '2015-12-26 21:23:08', 'See spend : Lấy 110 lót giầy chị châu', 1, 2),
(399, 9, -550, '2015-12-26 21:48:52', 'Trả nợ : Chị Châu | Bảo lấy hôm anh chị lên chợ đồng xuân về qua', 1, 1),
(400, 9, -2125, '2015-12-27 22:00:32', 'Trả nợ : Vinh Tuyết | Chị châu thanh toán hộ. 10 đôi. lúc nhập tiền này chưa nhập mã, bảo đi đám cưới', 1, 1),
(401, 1, 2100, '2015-12-27 14:42:28', 'Tiền bán hàng trong ngày ', 1, 3),
(402, 1, 2000, '2015-12-28 21:24:43', 'tiền bán hàng trong ngày ', 1, 3),
(403, 9, -170, '2015-12-28 22:06:04', 'Trả nợ : Chiến đại mỗ | 2676', 1, 1),
(404, 9, -3550, '2015-12-28 22:06:38', 'Trả nợ : Chị Châu | lấy hàng ngày 28.12.2015', 1, 1),
(405, 9, -580, '2015-12-30 21:51:19', 'Trả nợ : Chị Châu | ', 1, 1),
(406, 1, -3225, '2015-12-27 13:25:55', 'See spend : Mua canh nam nữ và móc ', 1, 1),
(407, 1, -500, '2015-12-30 13:27:00', 'See spend : Đi đám cưới nhà cô cầm đồ ', 1, 1),
(408, 14, -20, '2015-12-29 13:27:43', 'See spend : Mua bánh gạo thắp hương', 1, 3),
(409, 14, -30, '2015-12-31 13:27:57', 'See spend : Mua bánh thắp hương', 1, 3),
(410, 1, -1400, '2015-12-31 13:30:50', 'Anh Minh rút ', 1, 1),
(411, 2, 1400, '2015-12-31 13:30:50', 'Anh Minh rút ', 1, 1),
(412, 1, 3360, '2015-12-30 13:33:18', 'Tiền bán hàng gộp 2 ngày 29 và 30 ', 1, 3),
(413, 14, -15, '2015-12-31 20:04:51', 'See spend : Mua bánh chưng thắp hương', 1, 3),
(416, 1, 3000, '2015-12-31 12:55:15', 'Tiền bán hàng trong ngày ', 1, 3),
(417, 14, 300, '2015-12-31 12:56:50', 'tiền bán hàng trong ngày dư', 1, 3),
(418, 14, -155, '2016-01-01 12:59:26', 'See spend : Mua đồ thắp hương Tết Dương lịch ', 1, 3),
(421, 1, -2950, '2015-12-31 13:05:53', 'Anh Minh rút 1200 + 1950 ', 1, 1),
(422, 2, 2950, '2015-12-31 13:05:53', 'Anh Minh rút 1200 + 1950 ', 1, 1),
(423, 9, -8690, '2016-01-02 11:09:20', 'Trả nợ : Chị Châu | Chốt hết ngày 01.01.2016', 1, 1),
(424, 1, 1000, '2016-01-01 12:33:51', 'tiền bán hàng trong ngày ', 1, 3),
(425, 1, -200, '2016-01-02 13:21:26', 'See spend : Thưởng Tết dương lịch cho Thương', 1, 3),
(426, 12, 250, '2016-01-02 21:22:11', 'Hóa đơn số 20160102_011 |  Em Hoài khách onl của Bảo  | online | 12  | Minh Dân - Triệu Sơn ', 1, 1),
(427, 1, 3500, '2016-01-02 23:13:03', 'Tiền bán hàng trong ngày ', 1, 3),
(428, 9, -350, '2016-01-03 19:47:22', 'Trả nợ : Chị Châu | 2626(1)', 1, 1),
(429, 9, -1100, '2016-01-03 20:03:14', 'Trả nợ : Chị Châu | 2625.1, 2780.2', 1, 1),
(430, 1, 1300, '2016-01-03 15:46:59', 'Tiền bán hàng trong ngày ', 1, 3),
(431, 12, 250, '2016-01-04 16:50:29', 'Hóa đơn số 20160104_004 |  Chị Thơm | online | 12  | Triệu Sơn, Thanh Hóa ', 1, 1),
(432, 1, -14000, '2016-01-04 20:58:23', 'See spend : Thanh toán tiền nhà 3 tháng ', 1, 3),
(433, 9, -10000, '2016-01-04 20:58:44', 'See spend : Thanh toán tiền nhà 3 tháng ', 1, 3),
(434, 1, -1255, '2016-01-04 20:59:12', 'See spend : Thanh toán tiền điện nước nét tháng 12.2015', 1, 3),
(435, 14, -30, '2016-01-04 20:59:27', 'See spend : Mua bánh thắp hương', 1, 3),
(436, 1, 1000, '2016-01-04 13:17:20', 'Tiền bán hàng trong ngày ', 1, 3),
(437, 9, -1540, '2016-01-05 22:35:16', 'Trả nợ : Chị Châu | 7 cái 2807', 1, 1),
(438, 1, 3000, '2016-01-05 12:50:28', 'Tiền bán hàng trong ngày ', 1, 3),
(439, 14, -30, '2016-01-06 12:53:14', 'See spend : Mua cam thắp hương', 1, 3),
(441, 14, -18, '2016-01-06 16:08:30', 'See spend : Phí ship hàng cho chị Đỗ Thuần Phương ', 1, 3),
(442, 1, -30, '2016-01-06 16:15:20', 'Chuyển quỹ tiền lẻ', 1, 1),
(443, 14, 30, '2016-01-06 16:15:20', 'Chuyển quỹ tiền lẻ', 1, 1),
(444, 1, 1000, '2016-01-06 12:26:36', 'Tiền bán hàng trong ngày ', 1, 3),
(445, 16, 300, '2016-01-08 11:48:41', 'Hóa đơn số 20160108_002 |  Bạn Đinh Thị Hương Giang  | online | 16  | Trường Tiểu học Minh Cường, Thường Tín, Hà Nội ', 1, 1),
(446, 12, 250, '2016-01-08 11:50:29', 'Hóa đơn số 20160108_003 |  Em Hoài khách onl của Bảo  | online | 12  | Xóm 1 Minh Dân Triệu Sơn Thanh Hóa ', 1, 1),
(447, 1, 2000, '2016-01-07 11:59:11', 'Tiền bán hàng trong ngày ', 1, 3),
(448, 16, -300, '2016-01-08 21:12:57', 'Thu tiền từ bưu điện về ', 1, 1),
(449, 1, 300, '2016-01-08 21:12:57', 'Thu tiền từ bưu điện về ', 1, 1),
(450, 9, 1720, '2016-01-08 22:26:47', 'Trả nợ : Chị Châu | Cân đối', 1, 1),
(451, 16, 285, '2016-01-09 18:47:12', 'Hóa đơn số 20160109_004 |  Chị Nguyễn Thị Hồi khách onl của Bảo  | online | 16  | Minh Lộc - Thành Minh - Thạch Thành - Thanh Hóa ', 1, 1),
(452, 14, -15, '2016-01-08 18:49:00', 'See spend : Mua bánh thắp hương ', 1, 3),
(453, 14, -27, '2016-01-08 18:49:15', 'See spend : Mua hương ', 1, 1),
(454, 14, -95, '2016-01-08 18:50:10', 'See spend : Mua bình hoa và hoa hồng ', 1, 3),
(455, 14, -34, '2016-01-09 18:50:29', 'See spend : Mua cam thắp hương ', 1, 3),
(456, 14, -25, '2016-01-09 18:50:46', 'See spend : Mua hoa ly thắp hương ', 1, 3),
(457, 1, -100, '2016-01-09 18:51:56', 'Chuyển quỹ ', 1, 1),
(458, 14, 100, '2016-01-09 18:51:56', 'Chuyển quỹ ', 1, 1),
(459, 1, -10000, '2016-01-09 18:52:49', 'Trả nợ : Dương | Đưa cho chị Châu ngày 9.1 để thanh toán tiền hàng ', 1, 1),
(460, 1, 4000, '2016-01-08 19:18:10', 'Tiền bán hàng trong ngày ', 1, 3),
(461, 9, -285, '2016-01-09 21:43:43', 'Trả nợ : Chị Châu | ', 1, 1),
(462, 9, 220, '2016-01-09 22:05:55', 'Trả nợ : Chị Châu | đưa cho chị châu bán cái 0137 (2807)', 1, 1),
(463, 1, 1300, '2016-01-09 10:42:32', 'Tiền bán hàng trong ngày ', 1, 3),
(464, 14, -25, '2016-01-09 10:43:49', 'See spend : Phí ship Cod cho chị Nguyễn Thị Hồi ', 1, 3),
(465, 14, -170, '2016-01-10 10:45:43', 'See spend : Mua tiền vàng, rượu thuốc chè, hoa, bánh, xôi giò...thắp hương mùng 1 ', 1, 3),
(466, 9, -1650, '2016-01-13 21:41:14', 'Trả nợ : Chiến đại mỗ | Lấy 2 dây hàng, chị châu thanh toán hộ. bảo nhập hàng sau', 1, 1),
(467, 1, 18300, '2016-01-15 00:32:00', 'Tiền bán hàng các ngày 10,11,12,13,14,15', 1, 3),
(470, 1, -7700, '2016-01-15 00:51:40', 'Anh Minh rút ', 1, 1),
(471, 2, 7700, '2016-01-15 00:51:40', 'Anh Minh rút ', 1, 1),
(472, 1, 4000, '2016-01-16 23:11:26', 'Tiền bán hàng trong ngày ', 1, 3),
(473, 14, -90, '2016-01-17 12:14:00', 'See spend : Mua hoa ly và bánh thắp hương ', 1, 3),
(474, 1, -400, '2016-01-17 12:14:27', 'Chuyển quỹ ', 1, 1),
(475, 14, 400, '2016-01-17 12:14:27', 'Chuyển quỹ ', 1, 1),
(476, 1, -4400, '2016-01-17 20:40:06', 'See spend : Trả lương và thưởng tháng thứ 2 cho Thương ', 1, 3),
(477, 1, 6500, '2016-01-17 00:46:56', 'Tiền bán hàng trong ngày ', 1, 3),
(478, 1, -1000, '2016-01-17 00:53:54', 'See spend : Thanh toán tiền điện nước phí sh ', 1, 3),
(479, 16, 300, '2016-01-18 11:47:34', 'Hóa đơn số 20160118_002 |  Chị Nguyễn Thị Hồi khách onl của Bảo  | online | 16  | minh lộc thành minh thạch thành thanh hóa ', 1, 1),
(480, 16, 300, '2016-01-18 11:48:39', 'Hóa đơn số 20160118_003 |  Chị Bùi Thị Yến  | online | 16  | Thôn bảo tháp, xã đông cứu, gia bình, bắc ninh', 1, 1),
(481, 16, 300, '2016-01-18 11:50:59', 'Hóa đơn số 20160118_004 |  Em Vũ Thị Ngân  | online | 16  | Công ty TNHH Smart Shirts, Phù Ủng, Ân Thi, Hưng Yên ', 1, 1),
(482, 16, 425, '2016-01-18 11:53:08', 'Hóa đơn số 20160118_005 |  Bạn Phạm Thị Hương khách onl của Bảo  | online | 16  | Phạm thị hương(con mẹ Mậu) xóm 6- xuân vinh-xuân trường- nam định\n', 1, 1),
(487, 9, -1695, '2016-01-18 22:36:42', 'Trả nợ : Chị Châu | Chốt hàng', 1, 1),
(488, 1, -300, '2016-01-18 23:06:41', 'Anh Minh rút ', 1, 1),
(489, 2, 300, '2016-01-18 23:06:41', 'Anh Minh rút ', 1, 1),
(490, 14, -45, '2016-01-18 23:07:17', 'See spend : Mua quýt và bánh thắp hương', 1, 3),
(491, 1, 5000, '2016-01-18 23:12:37', 'Tiến bán hàng trong ngày ', 1, 3),
(492, 14, -53, '2016-01-19 17:07:57', 'See spend : Mua quýt và bánh thắp hương ', 1, 3),
(493, 14, -180, '2016-01-19 17:08:19', 'See spend : Mua hương chùa ', 1, 3),
(494, 1, -300, '2016-01-19 17:08:47', 'Chuyển quỹ ', 1, 1),
(495, 14, 300, '2016-01-19 17:08:47', 'Chuyển quỹ ', 1, 1),
(496, 1, 2500, '2016-01-19 23:21:05', 'Tiền bán hàng trong ngày ', 1, 3),
(497, 14, -46, '2016-01-20 20:50:22', 'See spend : Mua bánh chưng và bánh gạo Nhật thắp hương ', 1, 3),
(498, 14, -150, '2016-01-20 20:50:46', 'See spend : Thẻ ĐT cho Bảo và Thương ', 1, 3),
(499, 14, -200, '2016-01-20 20:51:09', 'See spend : Thanh toán tiền tăng like fb cá nhân cho Tùng ', 1, 3),
(500, 1, 4000, '2016-01-20 22:44:29', 'Tiền bán hàng trong ngày ', 1, 3),
(501, 14, 100, '2016-01-20 22:44:49', 'Tiền bán hàng trong ngày dư ', 1, 3),
(502, 1, -20000, '2016-01-20 23:16:07', 'Trả nợ : Dương | Đưa chị Châu thanh toán hộ 20M', 1, 1),
(503, 9, -1700, '2016-01-20 23:28:25', 'Trả nợ : Chị Châu | Bảo lấy hàng: 2765(1), 2805(4), 2760(1), 2737(1)', 1, 1),
(504, 14, -130, '2016-01-21 17:30:38', 'See spend : Cho em Thương NV vay ', 1, 3),
(505, 1, -500, '2016-01-21 17:39:14', 'Chuyển quỹ ', 1, 1),
(506, 14, 500, '2016-01-21 17:39:14', 'Chuyển quỹ ', 1, 1),
(507, 14, -550, '2016-01-21 19:23:35', 'See spend : Mua lễ và tiền chẵn tiền lẻ đi lễ tạ Phủ Tây Hồ ', 1, 3),
(508, 1, -500, '2016-01-21 19:24:07', 'Chuyển quỹ ', 1, 1),
(509, 14, 500, '2016-01-21 19:24:07', 'Chuyển quỹ ', 1, 1),
(511, 9, 2270, '2016-01-21 21:49:40', 'Trả nợ : Chị Châu | Chốt lô hàng mang ngày 20, 21 mới nhập cân bên Chị Châu. Còn lô hàng mang về tối 21. mai nhập sau', 1, 1),
(512, 1, 2500, '2016-01-21 21:56:40', 'Tiền bán hàng trong ngày ', 1, 3),
(513, 14, -44, '2016-01-22 13:56:30', 'See spend : Mua bánh gạo, bánh chưng và sửa áo ship khách ', 1, 3),
(514, 14, -200, '2016-01-22 13:56:55', 'See spend : Cho Toàn hàng xóm vay ', 1, 3),
(515, 14, -250, '2016-01-22 22:39:32', 'Mua thẻ nhớ hộ A Duệ ', 1, 1),
(516, 9, 250, '2016-01-22 22:39:32', 'Mua thẻ nhớ hộ A Duệ ', 1, 1),
(517, 1, -500, '2016-01-22 22:41:22', 'Chuyển quỹ ', 1, 1),
(518, 14, 500, '2016-01-22 22:41:22', 'Chuyển quỹ ', 1, 1),
(519, 1, 4500, '2016-01-22 22:41:48', 'Tiền bán hàng trong ngày ', 1, 3),
(521, 14, -250, '2015-12-14 12:55:42', 'See spend : Thanh toán phí tăng like FB Bảo ', 1, 3),
(522, 14, -100, '2015-12-16 12:59:03', 'See spend : Nạp thẻ ĐT cho Thương ', 1, 3),
(523, 1, -2000, '2016-01-23 13:00:04', 'Anh Minh rút ', 1, 1),
(524, 2, 2000, '2016-01-23 13:00:04', 'Anh Minh rút ', 1, 1),
(525, 14, -45, '2016-01-23 13:01:55', 'See spend : Mua táo và bánh chưng thắp hương ', 1, 3),
(526, 1, -500, '2016-01-23 13:06:00', 'Chuyển quỹ ', 1, 1),
(527, 14, 500, '2016-01-23 13:06:00', 'Chuyển quỹ ', 1, 1),
(528, 1, 3000, '2016-01-23 23:27:50', 'Tiền bán hàng trong ngày ', 1, 3),
(529, 14, -140, '2015-12-02 23:33:45', 'See spend : Đổi nước, mua chổi, khăn, nước rửa ... cho shop ', 1, 3),
(530, 14, -150, '2016-01-24 12:48:06', 'See spend : Mua đồ thắp hương rằm ', 1, 3),
(531, 1, 1500, '2016-01-24 12:53:09', 'Tiền bán hàng trong ngày ', 1, 3),
(532, 16, -1325, '2016-01-25 16:41:25', 'Lấy tiền COD từ bưu điện về ', 1, 1),
(533, 1, 1325, '2016-01-25 16:41:25', 'Lấy tiền COD từ bưu điện về ', 1, 1),
(534, 14, -15, '2016-01-25 16:42:18', 'See spend : Mua bánh chưng thắp hương ', 1, 3),
(535, 1, -325, '2016-01-25 16:42:53', 'Chuyển quỹ ', 1, 1),
(536, 14, 325, '2016-01-25 16:42:53', 'Chuyển quỹ ', 1, 1),
(537, 9, 1090, '2016-01-26 12:32:53', 'Trả nợ : Chị Châu | cân hết chỗ này bên chị châu. phần lệch chờ review tính tiếp', 1, 1),
(538, 1, -15000, '2016-01-26 12:22:44', 'Tra no', 1, 1),
(539, 9, 15000, '2016-01-26 12:22:44', 'Tra no', 1, 1),
(540, 14, -90, '2016-01-26 12:45:05', 'See spend : Mua bánh, bánh chưng, nến, cà phê thắp hương....', 1, 3),
(542, 14, -50, '2016-01-11 12:46:15', 'See spend : Mua thẻ', 1, 3),
(543, 14, -97, '2016-01-27 12:47:29', 'See spend : Mua bánh chưng, quýt, mua dao, đổi nước ', 1, 3),
(544, 1, 3500, '2016-01-27 12:05:46', 'Tiền bán hàng trong ngày ', 1, 3),
(545, 1, -4800, '2016-01-28 16:05:59', 'See spend : Mua đồ tết và đồ lặt vặt cho gia đình ', 1, 3),
(546, 14, -40, '2016-01-27 16:06:29', 'See spend : Mua hoa ly và bánh chưng thắp hương ', 1, 3),
(547, 16, 510, '2016-01-28 18:32:29', 'Hóa đơn số 20160128_005 |  Chị Trần Thị Hòa khách onl  | online | 16  | khu 9 chu hoá, việt trì, phú thọ', 1, 1),
(548, 16, 510, '2016-01-28 18:33:39', 'Hóa đơn số 20160128_006 |  Chị Trần Thị Huyền  | online | 16  | Điện Lực Sơn La, tổ 10 phường Chiến Thằng, TP Sơn La ', 1, 1),
(551, 14, -460, '2016-01-29 19:49:04', 'See spend : Đi lễ Bia Bà ', 1, 3),
(552, 1, 1800, '2016-01-28 19:49:39', 'Tiền bán hàng trong ngày ', 1, 3),
(553, 1, -500, '2016-01-29 19:50:00', 'Chuyển quỹ ', 1, 1),
(554, 14, 500, '2016-01-29 19:50:00', 'Chuyển quỹ ', 1, 1),
(555, 1, 3080, '2016-01-29 13:28:53', 'Tiền bán hàng trong ngày ', 1, 3),
(556, 14, -280, '2016-01-30 12:48:46', 'See spend : Cho Thương vay ', 1, 3),
(557, 14, -98, '2016-01-30 12:54:07', 'See spend : Phí chuyển hàng cho chị Lê Thị Quý và chị Đỗ Thuần Phương ', 1, 3),
(558, 16, -285, '2016-01-30 12:57:43', 'Lấy tiền từ bưu điện về', 1, 1),
(559, 1, 285, '2016-01-30 12:57:43', 'Lấy tiền từ bưu điện về', 1, 1),
(560, 14, -181, '2016-01-30 13:00:31', 'See spend : Mua quà gửi cho Thương ', 1, 3),
(561, 14, -20, '2016-01-30 13:20:36', 'See spend : Mua bánh thắp hương ', 1, 3),
(563, 15, 270, '2016-01-30 14:41:13', 'Hóa đơn số 20160130_007 |  Chị Đỗ Thuần Phương khách onl của Bảo | online | 15  | 169 Lê Thánh Tông, Tp Hạ Long, tỉnh Quảng Ninh ', 1, 1),
(564, 16, 830, '2016-01-30 14:45:26', 'Hóa đơn số 20160130_008 |  Chị Lê Thị Quý khách onl của Bảo  | online | 16  | Thôn 3 Hoằng Lý TP Thanh Hóa ', 1, 1),
(565, 1, 6000, '2016-01-30 22:35:02', 'Tiền bán hàng trong ngày ', 1, 3),
(567, 9, -170, '2016-01-31 13:49:47', 'Trả nợ : Dương | Dồn nợ cân với dương. Đôi 2747 chị châu trả lại', 1, 1),
(568, 9, -14948, '2016-01-31 13:50:38', 'Trả nợ : Dương | Chị châu trả hết nợ cho dương hộ bảo', 1, 1),
(569, 9, -360, '2016-01-31 23:50:34', 'Trả nợ : Chị Châu | bảo lấy 2x 2740', 1, 1),
(570, 9, -160, '2016-02-01 00:16:09', 'Trả nợ : Dương | Bảo nhầm 0118 với 0138', 1, 1),
(571, 9, 185, '2016-02-01 00:19:36', 'Trả nợ : Chị Châu | Bảo nhầm 0118 với 0138', 1, 1),
(572, 9, -126, '2016-02-01 02:51:29', 'See spend : Quảng cáo fb: https://www.facebook.com/ads/manager/campaign/adsets/?act', 1, 1),
(573, 9, -126, '2016-02-01 02:51:29', 'See spend : Quảng cáo fb: https://www.facebook.com/ads/manager/campaign/?ids', 1, 1),
(574, 1, 4200, '2016-01-31 13:09:44', 'Tiền bán hàng trong ngày ', 1, 3),
(575, 1, -565, '2016-02-01 13:11:10', 'Chuyển tiền lẻ sang ', 1, 1),
(576, 14, 565, '2016-02-01 13:11:10', 'Chuyển tiền lẻ sang ', 1, 1),
(577, 14, -45, '2016-02-01 14:02:20', 'See spend : Mua quýt thắp hương ', 1, 3),
(578, 14, -100, '2016-01-31 14:02:39', 'See spend : Nạp thẻ ', 1, 3),
(579, 1, 2500, '2016-02-01 13:10:11', 'tiền bán hàng trong ngày', 1, 3),
(580, 14, 100, '2016-02-01 13:09:05', 'tiền bán hàng trong ngày dư ', 1, 3),
(581, 1, -1890, '2015-12-14 13:23:22', 'See spend : Chốt chi phí chạy quảng cáo facebook đến hết ngày 14.12', 1, 3),
(582, 1, -1233, '2016-01-14 13:25:27', 'See spend : Chốt chi phí chạy ADS hết ngày 14.1 ', 1, 3),
(583, 1, -377, '2016-02-02 13:28:19', 'Chuyển quỹ ', 1, 1),
(584, 14, 377, '2016-02-02 13:28:19', 'Chuyển quỹ ', 1, 1),
(585, 14, -80, '2016-02-02 13:31:55', 'See spend : Mua hoa ly ', 1, 3),
(586, 14, -600, '2016-02-01 13:32:58', 'See spend : Gas ', 1, 3),
(587, 1, -5000, '2016-02-03 13:35:04', 'Anh Minh rút ', 1, 1),
(588, 2, 5000, '2016-02-03 13:35:04', 'Anh Minh rút ', 1, 1);
INSERT INTO `fund_change_histo` (`id`, `fund_id`, `amount`, `date`, `description`, `ratio`, `user_id`) VALUES
(589, 14, -589, '2016-02-03 13:41:38', 'See spend : Mua đồ làm lễ rút chân hương và dọn bàn thờ Thần tài Thổ địa ', 1, 3),
(590, 1, -1000, '2016-02-03 13:42:03', 'Chuyển quỹ ', 1, 1),
(591, 14, 1000, '2016-02-03 13:42:03', 'Chuyển quỹ ', 1, 1),
(592, 1, 5000, '2016-02-02 13:46:34', 'Tiền bán hàng trong ngày ', 1, 3),
(593, 1, 3500, '2016-02-03 12:16:55', 'Tiền bán hàng trong ngày ', 1, 3),
(594, 1, -1255, '2016-02-04 12:43:14', 'See spend : Thanh toán tiền điện nước nét tháng 1/2016', 1, 3),
(595, 1, -4600, '2016-02-04 12:48:43', 'See spend : Thanh toán tiền lương và thưởng cho Thương ', 1, 3),
(596, 1, -145, '2016-02-04 12:51:11', 'Chuyển tiền lẻ sang ', 1, 1),
(597, 14, 145, '2016-02-04 12:51:11', 'Chuyển tiền lẻ sang ', 1, 1),
(598, 14, -180, '2016-02-04 18:02:31', 'See spend : Mua đồ bày bàn thần tài Tết ', 1, 3),
(599, 14, -200, '2016-02-04 18:05:36', 'See spend : Mua quà tết biếu bác và chị Sửu ', 1, 3),
(600, 1, -500, '2016-02-04 18:05:54', 'Chuyển quỹ ', 1, 1),
(601, 14, 500, '2016-02-04 18:05:54', 'Chuyển quỹ ', 1, 1),
(602, 1, -10000, '2016-02-24 16:50:22', 'Anh Minh rút tiền về tết, 2 lần mỗi lẫn 5 triệu ', 1, 1),
(603, 2, 10000, '2016-02-24 16:50:22', 'Anh Minh rút tiền về tết, 2 lần mỗi lẫn 5 triệu ', 1, 1),
(604, 14, -125, '2016-02-22 16:52:20', 'See spend : Mua đồ thắp hương rằm tháng giêng ', 1, 3),
(605, 14, -23, '2016-02-24 16:52:55', 'See spend : Mua ổi thắp hương ', 1, 3),
(608, 1, -5000, '2016-02-02 16:54:03', 'Bảo rút tiền về Tết ', 1, 1),
(609, 10, 5000, '2016-02-02 16:54:03', 'Bảo rút tiền về Tết ', 1, 1),
(610, 14, -150, '2016-02-04 16:56:44', 'See spend : Mua bạt che ', 1, 1),
(611, 1, 840, '2016-02-27 14:28:00', 'Tiền bán hàng trong ngày ', 1, 3),
(612, 1, 2210, '2016-02-26 14:28:46', 'Tiền bán hàng trong ngày ', 1, 3),
(613, 1, 270, '2016-02-25 14:29:45', 'Tiền bán hàng trong ngày để lại 500k tiền lẻ cho Thương ', 1, 3),
(614, 1, 870, '2016-02-24 14:30:25', 'Tiền bán hàng trong ngày ', 1, 3),
(615, 1, 830, '2016-02-23 14:31:13', 'Tiền bán hàng trong ngày ', 1, 3),
(616, 1, 465, '2016-02-22 14:32:06', 'tiền bán hàng trong ngày ', 1, 3),
(617, 1, 680, '2016-02-21 14:33:46', 'Tiền bán hàng trong ngày ', 1, 3),
(618, 1, 1160, '2016-02-20 14:34:23', 'Tiền bán hàng trong ngày ', 1, 3),
(619, 1, 1560, '2016-02-19 14:34:59', 'Tiền bán hàng trong ngày ', 1, 3),
(620, 1, 270, '2016-02-17 14:35:41', 'Tiền bán hàng trong ngày ', 1, 3),
(621, 1, -2370, '2016-02-25 14:41:13', 'See spend : Thanh toán các hoa đơn tiền điện nước phí dịch vụ và các hóa đơn mua hàng khác ', 1, 1),
(622, 1, -2000, '2016-02-27 14:41:39', 'Anh Minh rút ', 1, 1),
(623, 2, 2000, '2016-02-27 14:41:39', 'Anh Minh rút ', 1, 1),
(624, 14, -27, '2016-02-28 14:45:52', 'See spend : Mua cam thắp hương ', 1, 3),
(625, 14, -120, '2016-02-29 17:13:07', 'See spend : Mua bánh kẹo hoa quả thắp hương nhận Ấn đền Trần ', 1, 3),
(626, 1, -200, '2016-02-25 17:15:44', 'See spend : Chuyển khoản thanh toán phí tăng like ', 1, 3),
(628, 18, 270, '2016-02-29 17:20:30', 'Hóa đơn số 20160229_001 |  Em Đỗ Mai Quyên khách onl của Bảo  | online | 18  | Thôn Yên Lãng xã Yên Trung huyện Yên Phong tỉnh Bắc Ninh', 1, 1),
(629, 14, -30, '2016-02-29 17:20:52', 'See spend : Phí ship hàng cho em Đỗ Mai Quyên ', 1, 3),
(630, 1, 1300, '2016-02-16 18:06:03', 'Tiền bán hàng trong ngày ', 1, 3),
(635, 1, -385, '2016-02-29 18:08:07', 'Chuyển tiền lẻ sang ', 1, 1),
(636, 14, 385, '2016-02-29 18:08:07', 'Chuyển tiền lẻ sang ', 1, 1),
(638, 14, -480, '2016-03-02 16:56:00', 'See spend : Mua bánh kẹo hoa quả tiền vàng đi lễ Phủ ', 1, 3),
(639, 14, -420, '2016-03-02 16:57:02', 'See spend : Tiền lẻ và xin sớ lễ Phủ ', 1, 3),
(640, 1, 980, '2016-03-01 17:00:16', 'Tiền bán hàng trong ngày ', 1, 3),
(641, 14, -90, '2016-02-29 17:07:10', 'See spend : nạp thẻ', 1, 3),
(644, 1, -780, '2016-03-02 17:07:37', 'Chuyển tiền lẻ sang ', 1, 1),
(645, 14, 780, '2016-03-02 17:07:37', 'Chuyển tiền lẻ sang ', 1, 1),
(646, 14, -37, '2016-03-04 14:01:27', 'See spend : Mua kẹo thắp hương ', 1, 3),
(648, 1, -730, '2016-03-04 19:49:49', 'See spend : Thanh toán tiền điện nước nét tháng 2.2016', 1, 3),
(649, 1, -270, '2016-03-04 19:50:14', 'Chuyển tiền lẻ sang ', 1, 1),
(650, 14, 270, '2016-03-04 19:50:14', 'Chuyển tiền lẻ sang ', 1, 1),
(651, 1, 1700, '2016-03-04 11:11:34', 'Tiền bán hàng trong ngày, trừ lại 530k tiền lẻ cho ngày mai ', 1, 3),
(652, 14, -105, '2016-03-05 11:13:57', 'See spend : Mua hoa ly và quýt thắp hương ', 1, 3),
(653, 14, -78, '2016-03-05 11:14:44', 'See spend : Mua cà phê hộp thắp hương ngày và giấy vs', 1, 3),
(654, 1, 500, '2016-03-05 13:08:26', 'Tiền bán hàng trong ngày, để lại 510k cho ngày 7.3 (mùng 6.3 đóng cửa nghỉ đi lê)\n', 1, 3),
(655, 14, -385, '2016-03-06 13:11:36', 'See spend :  Mua bánh kẹo hoa quả tiền vàng đi lễ bia bà ', 1, 3),
(656, 14, -270, '2016-03-06 13:11:56', 'See spend : Tiền lẻ đi lễ bia bà', 1, 3),
(657, 14, -35, '2016-03-06 13:12:31', 'See spend : Mua bánh chưng và phật thủ thắp hương ở shop ', 1, 3),
(658, 1, -700, '2016-03-07 13:13:37', 'Chuyển tiền lẻ sang ', 1, 1),
(659, 14, 700, '2016-03-07 13:13:37', 'Chuyển tiền lẻ sang ', 1, 1),
(661, 1, 1600, '2016-03-07 12:37:37', 'Tiền bán hàng trong ngày, để lại 540k tiền lẻ cho 8.3', 1, 3),
(662, 1, 2000, '2016-03-08 12:59:15', 'Tiền bán hàng trong ngày 8.3, để lại 345k tiền lẻ cho ngày 9.3', 1, 3),
(663, 1, 1000, '2016-03-09 10:44:12', 'Tiền bán hàng trong ngày ', 1, 3),
(664, 14, -115, '2016-03-09 10:46:53', 'See spend : Mua bánh kẹo hoa quả tiền vàng chè rượu thuốc xôi giò thắp hương rằm ', 1, 3),
(666, 9, -6000, '2016-03-10 10:49:10', 'See spend : Thanh toán tiền nhà 3 tháng cho cô Hảo ', 1, 3),
(667, 1, -4500, '2016-03-10 10:50:15', 'See spend : Thanh toán tiền nhà 3 tháng cho cô Hảo ', 1, 3),
(670, 1, -300, '2016-03-10 10:54:03', 'Chuyển tiền lẻ sang ', 1, 1),
(671, 14, 300, '2016-03-10 10:54:03', 'Chuyển tiền lẻ sang ', 1, 1),
(672, 1, 1000, '2016-03-10 15:32:16', 'Tiền bán hàng trong ngày ', 1, 3),
(674, 1, 500, '2016-03-11 13:28:38', 'Tiền bán hàng trong ngày, để lại 495k cho ngày 12.3', 1, 3),
(675, 14, -75, '2016-03-12 13:35:27', 'See spend : Mua bánh kẹo thắp hương ', 1, 3),
(677, 14, -23, '2016-03-13 16:38:50', 'See spend : Mua lê thắp hương ', 1, 3),
(678, 9, -6875, '2016-03-14 22:04:25', 'Trả nợ : Chiến đại mỗ | Thanh toán hộ', 1, 1),
(679, 9, -340, '2016-03-14 22:05:15', 'Trả nợ : Chiến đại mỗ | Cân cho khớp', 1, 1),
(680, 9, 340, '2016-03-14 22:06:38', 'Trả nợ : Chị Châu | Chuyển 340k cho khớp nợ chiến', 1, 1),
(681, 1, 570, '2016-03-13 21:07:33', 'Tiền bán hàng trong ngày ', 1, 3),
(682, 1, 455, '2016-03-14 21:08:15', 'Tiên bán hàng trong ngày ', 1, 3),
(685, 1, -25, '2016-03-15 21:10:07', 'Chuyển tiền lẻ sang ', 1, 1),
(686, 14, 25, '2016-03-15 21:10:07', 'Chuyển tiền lẻ sang ', 1, 1),
(687, 14, -15, '2016-03-14 21:10:29', 'See spend : Mua bánh chưng thắp hương ', 1, 3),
(688, 14, -24, '2016-03-15 21:10:47', 'See spend : Mua bánh gạp thắp hương ', 1, 3),
(689, 1, 1000, '2016-03-15 13:59:04', 'Tiền bán hàng trong ngày ', 1, 3),
(690, 14, -30, '2016-03-16 13:59:54', 'See spend : Mua xoài thắp hương', 1, 3),
(691, 1, 500, '2016-03-16 11:46:56', 'Tiền bán hàng trong ngày ', 1, 3),
(692, 14, -27, '2016-03-17 11:53:41', 'See spend : Mua bánh thắp hương ', 1, 3),
(693, 1, 500, '2016-03-17 11:34:24', 'Tiền bán hàng trong ngày, để lại 450k tiền lẻ cho ngày mai ', 1, 3),
(694, 8, -20, '2016-03-18 11:38:20', 'See spend : Mua bánh gạo thắp hương ', 1, 3),
(695, 9, 3515, '2016-03-19 10:40:46', 'Trả nợ : Chị Châu | trừ tiền lô hàng bảo trả lại chị châu trước tết 04-02-2016', 1, 1),
(696, 1, 1000, '2016-03-18 20:49:55', 'Tiền bán hàng trong ngày ', 1, 3),
(697, 9, -1850, '2016-03-19 21:29:28', 'Trả nợ : Em Tuấn | Chị châu thanh toán hết nợ em tuấn. THanh toán luôn 10 đôi bảo lấy', 1, 1),
(699, 18, -270, '2016-03-20 23:46:58', 'Bảo rút tiền trong thẻ vietcombank ra ', 1, 1),
(700, 1, 270, '2016-03-20 23:46:58', 'Bảo rút tiền trong thẻ vietcombank ra ', 1, 1),
(701, 1, 3760, '2016-03-20 23:48:40', 'Tiền bán hàng trong ngày, trừ lại 500k tiền lẻ cho ngày mai ', 1, 3),
(702, 1, -30, '2016-03-20 23:49:03', 'Chuyển tiền lẻ sang ', 1, 1),
(703, 14, 30, '2016-03-20 23:49:03', 'Chuyển tiền lẻ sang ', 1, 1),
(704, 14, -74, '2016-03-21 19:03:05', 'See spend : Mua hoa quả và bánh chưng thắp hương ', 1, 3),
(705, 1, 2000, '2016-03-21 16:42:14', 'Tiền bán hàng trong ngày ', 1, 3),
(706, 14, -113, '2016-03-22 16:43:07', 'See spend : Mua hoa và bình hoa mới ', 1, 3),
(707, 14, -35, '2016-03-22 16:43:21', 'See spend : Mua bánh thắp hương ', 1, 3),
(708, 9, -3750, '2016-03-22 21:26:45', 'Trả nợ : Chiến đại mỗ | Chị châu thanh toán hộ: Châu 2625 bảo 3750 ', 1, 1),
(709, 14, -180, '2016-03-23 19:41:27', 'See spend : Mua đồ thắp hương rằm', 1, 3),
(712, 1, -480, '2016-03-23 19:43:03', 'See spend : Đóng tiền nước và phí sinh hoạt ', 1, 3),
(713, 1, -415, '2016-03-23 19:44:03', 'See spend : Mua đồ gia dụng ', 1, 3),
(714, 1, -105, '2016-03-23 19:48:11', 'Chuyển tiền lẻ sang ', 1, 1),
(715, 14, 105, '2016-03-23 19:48:11', 'Chuyển tiền lẻ sang ', 1, 1),
(716, 1, 1700, '2016-03-23 23:46:09', 'Tiền bán hàng trong ngày ', 1, 3),
(717, 14, -390, '2016-03-25 19:38:44', 'See spend : Nộp tiền điện tháng 3.2016', 1, 3),
(718, 1, -700, '2016-03-25 19:39:55', 'chuyển quỹ ', 1, 1),
(719, 14, 700, '2016-03-25 19:39:55', 'chuyển quỹ ', 1, 1),
(720, 1, 1300, '2016-03-25 17:19:27', 'Tiền bán hàng trong ngày ', 1, 3),
(721, 1, 500, '2016-03-26 17:21:21', 'Tiền bán hàng trong ngày', 1, 3),
(722, 1, 1700, '2016-03-27 17:30:25', 'Tiền bán hàng trong ngày ', 1, 3),
(723, 14, -100, '2016-03-26 17:37:57', 'See spend : Mua móc ', 1, 3),
(724, 14, -65, '2016-03-26 17:38:52', 'See spend : Mua hoa cho cửa hàng ', 1, 3),
(725, 14, -23, '2016-03-28 17:39:19', 'See spend : Mua táo thắp hương ', 1, 3),
(726, 14, -55, '2016-03-27 17:40:04', 'See spend : Mua bánh chưng và bánh thắp hương', 1, 3),
(727, 14, -27, '2016-03-24 17:40:47', 'See spend : Mua bánh thắp hương ', 1, 3),
(728, 1, 500, '2016-03-28 16:41:41', 'Tiền bán hàng trong ngày ', 1, 3),
(729, 9, -1750, '2016-03-30 06:37:36', 'Trả nợ : Em Tuấn | thanh toán hộ', 1, 1),
(730, 1, 500, '2016-03-29 11:17:36', 'Tiền bán hàng trong ngày ', 1, 3),
(732, 9, -6000, '2016-03-30 11:19:48', 'Vay chị Châu 6 triệu để thanh toán tiền cửa hàng 3 tháng và lương nhân viên ', 1, 1),
(733, 1, 6000, '2016-03-30 11:19:48', 'Vay chị Châu 6 triệu để thanh toán tiền cửa hàng 3 tháng và lương nhân viên ', 1, 1),
(735, 1, -24000, '2016-03-30 11:21:13', 'See spend : Thanh toán tiền thuê cửa hàng 3 tháng cho chị Sửu ', 1, 3),
(736, 1, 1000, '2016-03-30 21:15:44', 'tiền bán hàng trong ngày ', 1, 3),
(737, 1, -1100, '2016-03-30 21:16:38', 'See spend : Thanh toán lương nửa tháng cho em Huyền chốt 15 ngày đến 29.3', 1, 3),
(738, 1, 2000, '2016-03-31 18:56:06', 'Tiền bán hàng trong ngày ', 1, 3),
(739, 14, -85, '2016-04-01 19:00:20', 'See spend : Mua hoa thắp hương và cắm ở shop', 1, 3),
(740, 14, -37, '2016-04-01 19:00:32', 'See spend : Mua bánh thắp hương ', 1, 3),
(741, 1, 400, '2016-04-01 20:30:26', 'Tiền bán hàng trong ngày ', 1, 3),
(742, 1, 300, '2016-04-02 16:37:42', 'Tiền bán hàng trong ngày ', 1, 3),
(743, 14, -25, '2016-04-03 16:38:28', 'See spend : Mua lê thắp hương ', 1, 3),
(744, 14, -80, '2016-04-03 16:38:46', 'See spend : Sửa giày ', 1, 3),
(745, 1, 500, '2016-04-03 20:22:05', 'Tiền bán hàng trong ngày  ', 1, 3),
(746, 1, 973, '2016-04-04 20:25:57', 'Tiền hàng bán trong ngày ', 1, 3),
(747, 1, 1764, '2016-04-05 20:27:36', 'Tiền hàng bán trong ngày ', 1, 3),
(748, 1, 765, '2016-04-06 20:28:35', 'Tiền hàng bán trong ngày ', 1, 3),
(749, 1, 503, '2016-04-07 20:29:47', 'Tiền hàng bán trong ngày ', 1, 3),
(750, 1, -1000, '2016-04-03 20:37:37', 'Anh Minh rút đi công tác', 1, 1),
(751, 2, 1000, '2016-04-03 20:37:37', 'Anh Minh rút đi công tác', 1, 1),
(753, 1, 2100, '2016-04-09 19:20:40', 'Tiền hàng bán trong ngày ', 1, 3),
(754, 1, 1540, '2016-04-10 19:27:37', 'Tiền hàng bán trong ngày ', 1, 3),
(755, 1, 800, '2016-04-11 19:52:40', 'Tiền hàng bán trong ngày ', 1, 3),
(756, 1, 1000, '2016-04-12 19:53:49', 'Tiền hàng bán trong ngày ', 1, 3),
(757, 1, -1000, '2016-04-12 19:58:29', 'Đưa mẹ ', 1, 1),
(758, 12, 1000, '2016-04-12 19:58:29', 'Đưa mẹ ', 1, 1),
(759, 1, -4000, '2016-04-13 19:58:54', 'Chuyển chị Châu thanh toán tiền hàng ', 1, 1),
(760, 9, 4000, '2016-04-13 19:58:54', 'Chuyển chị Châu thanh toán tiền hàng ', 1, 1),
(762, 14, -118, '2016-04-10 20:00:54', 'See spend : Mua bánh chưng hoa quả tiền vàng chè rượu thuốc thắp hương mùng 1 bù ', 1, 3),
(763, 1, -2200, '2016-04-10 20:03:11', 'See spend : Thanh toán lương cho em Lương ', 1, 3),
(764, 14, -23, '2016-04-11 20:03:56', 'See spend : Mua bánh bông lan thắp hương ', 1, 3),
(765, 14, -60, '2016-04-12 20:04:27', 'See spend : Mua xoài thắp hương', 1, 3),
(766, 14, -50, '2016-04-13 20:04:50', 'See spend : Mua hoa ly và bánh chưng thắp hương ', 1, 3),
(767, 14, -75, '2016-04-13 20:05:39', 'See spend : Phí chuyển giày cho chị Đỗ Thuần Phương và chị Mai Thị Thanh Mai ', 1, 3),
(768, 1, -1000, '2016-04-13 20:06:12', 'Chuyển quỹ ', 1, 1),
(769, 14, 1000, '2016-04-13 20:06:12', 'Chuyển quỹ ', 1, 1),
(770, 14, -200, '2016-04-12 20:06:46', 'See spend : Mua ấm siêu tốc và móc cửa ', 1, 3),
(771, 14, -20, '2016-04-13 20:08:06', 'See spend : In giấy dán cửa', 1, 3),
(772, 14, -20, '2016-04-12 20:08:27', 'See spend : Đổi nước ', 1, 3),
(773, 1, -1105, '2016-04-13 20:11:01', 'See spend : Thanh toán tiền điện nước nét tháng 3.2016', 1, 3),
(774, 1, 1625, '2016-04-13 23:40:51', 'Tiền hàng bán trong ngày ', 1, 3),
(775, 1, 1200, '2016-04-14 12:39:22', 'Tiền hàng bán trong ngày ', 1, 3),
(776, 14, -200, '2016-03-15 13:57:49', 'See spend : Thanh toán tiền chạy like từ 15.3 đến 15.4', 1, 3),
(777, 14, -36, '2016-04-14 13:58:27', 'See spend : Mua xoài thắp hương ', 1, 3),
(778, 14, -75, '2016-04-15 13:58:42', 'See spend : Mua ngũ cốc thắp hương ', 1, 3),
(779, 1, 500, '2016-04-15 18:21:45', 'Tiền hàng bán trong ngày ', 1, 3),
(780, 1, 1500, '2016-04-16 18:30:01', 'Tiền hàng bán trong ngày ', 1, 3),
(781, 1, 600, '2016-04-17 18:30:54', 'Tiền hàng bán trong ngày ', 1, 3),
(782, 14, -70, '2016-04-17 18:38:32', 'See spend : Mua hoa quả bánh thắp hương ', 1, 3),
(783, 14, -40, '2016-04-16 18:38:50', 'See spend : mua bánh thắp hương', 1, 3),
(784, 1, -6000, '2016-04-19 17:23:21', 'Đưa chị Châu thanh toán tiền hàng ', 1, 1),
(785, 9, 6000, '2016-04-19 17:23:21', 'Đưa chị Châu thanh toán tiền hàng ', 1, 1),
(786, 18, 350, '2016-04-19 17:26:27', 'Hóa đơn số 20160419_003 |  Chị Đỗ Thuần Phương khách onl của Bảo | online | 18  | 169 Lê Thánh Tông, TP Hạ Long, tỉnh Quảng Ninh', 1, 1),
(787, 1, 440, '2016-04-19 20:02:16', 'Tiền hàng bán trong ngày ', 1, 3),
(788, 1, 200, '2016-04-20 17:37:52', 'Tiền hàng bán trong ngày ', 1, 3),
(789, 14, -180, '2016-04-21 17:39:07', 'See spend : Mua đồ thắp hương rằm', 1, 3),
(790, 14, -60, '2016-04-22 17:39:25', 'See spend : Lấy giày', 1, 3),
(792, 1, -515, '2016-04-22 17:41:32', 'See spend : Tiền nước và phí dịch vụ ', 1, 3),
(793, 14, -28, '2016-04-20 17:42:04', 'See spend : Mua bánh thắp hương ', 1, 3),
(798, 1, -790, '2016-04-22 17:43:29', 'Chuyển quỹ ', 1, 1),
(799, 14, 790, '2016-04-22 17:43:29', 'Chuyển quỹ ', 1, 1),
(800, 1, 700, '2016-04-22 19:19:10', 'Tiền hàng bán trong ngày ', 1, 3),
(801, 14, -33, '2016-04-23 12:08:38', 'See spend : mua lê thắp hương ', 1, 3),
(802, 14, -15, '2016-04-25 12:09:01', 'See spend : mua dưa bở thắp hương ', 1, 3),
(803, 1, 1000, '2016-04-23 21:34:30', 'Tiền hàng bán trong ngày ', 1, 3),
(804, 1, 250, '2016-04-24 21:36:02', 'Tiền hàng bán trong ngày ', 1, 3),
(805, 1, 600, '2016-04-25 21:36:58', 'Tiền hàng bán trong ngày ', 1, 3),
(807, 1, -1000, '2016-04-25 21:38:31', 'See spend : chi cho quản lý thị trường', 1, 3),
(808, 1, -405, '2016-04-25 21:39:39', 'See spend : Tiền điện ', 1, 3),
(809, 14, -30, '2016-04-25 21:40:34', 'See spend : mua lê thắp hương', 1, 3),
(810, 14, -15, '2016-04-18 21:42:39', 'See spend : mua bánh chưng thắp hương ', 1, 3),
(811, 1, -145, '2016-04-25 21:43:10', 'chuyển tiền lẻ sang ', 1, 1),
(812, 14, 145, '2016-04-25 21:43:10', 'chuyển tiền lẻ sang ', 1, 1),
(813, 1, 1800, '2016-04-28 14:31:17', 'Tiền hàng bán trong ngày ', 1, 3),
(814, 1, 4500, '2016-04-29 22:06:19', 'Tiền hàng bán trong ngày ', 1, 3),
(815, 14, -95, '2016-04-30 21:06:56', 'See spend : Mua hoa ly bánh quả thắp hương', 1, 3),
(816, 14, -45, '2016-04-29 21:07:32', 'See spend : Mua hoa quả bánh thắp hương ', 1, 3),
(817, 14, -60, '2016-04-30 21:08:33', 'See spend : Mua đồ thắp hương ', 1, 3),
(818, 14, -60, '2016-04-30 21:08:48', 'See spend : Mua dép đi ở shop', 1, 3),
(819, 14, -230, '2016-04-26 21:09:23', 'See spend : Mua rèm thử đồ cho khách ', 1, 3),
(820, 14, -45, '2016-04-27 21:09:50', 'See spend : Mua đồ thắp hương', 1, 3),
(821, 14, -35, '2016-04-26 21:10:20', 'See spend : Mua bánh thắp hương ', 1, 3),
(822, 1, -2300, '2016-04-30 21:10:41', 'See spend : Thanh toán lương cho em Huyển ', 1, 3),
(823, 14, -28, '2016-04-30 21:11:02', 'See spend : Mua nước lau kính', 1, 3),
(824, 1, 4000, '2016-04-30 21:17:16', 'Tiền hàng bán trong ngày ', 1, 3),
(825, 1, -5000, '2016-05-01 20:46:53', 'Mang sang trả 5M', 1, 1),
(826, 9, 5000, '2016-05-01 20:46:37', 'Mang sang trả 5M', 1, 1),
(827, 1, -2800, '2016-05-05 00:50:58', 'See spend : Thanh toán tiền làm kệ ', 1, 3),
(828, 14, -34, '2016-05-07 00:51:39', 'See spend : Mua bánh thắp hương', 1, 3),
(829, 14, -70, '2016-05-06 00:55:05', 'See spend : Mua hoa và hoa quả thắp hương', 1, 3),
(830, 14, -40, '2016-05-05 00:52:51', 'See spend : Mua bánh thắp hương', 1, 3),
(831, 14, -30, '2016-05-04 00:54:27', 'See spend : Mua đồ thắp hương ', 1, 3),
(832, 14, -15, '2016-05-01 00:56:31', 'See spend : Mua bánh chưng thắp hương ', 1, 3),
(833, 14, -37, '2016-05-02 00:57:04', 'See spend : Mua hoa thắp hương ', 1, 3),
(834, 18, 290, '2016-05-07 01:13:27', 'Hóa đơn số 20160507_002 |  Chị Nguyễn Thị Hương Giang  | online | 18  | Số 105A, đường Nguyễn Thị Minh Khai, thành phố Vinh, Nghệ An', 1, 1),
(835, 9, 475, '2016-05-07 13:39:17', 'Hóa đơn số 20160507_004 |  Chị Chu Thị Ngọc Dung  | online | 9  | Trường PTDTBT THCS Sủng Trà, Mèo Vạc, Hà Giang ', 1, 1),
(836, 14, -49, '2016-05-07 13:42:30', 'See spend : Phí ship hàng cho chị Nguyễn Thị Ngọc Dung ', 1, 3),
(837, 14, -390, '2016-05-07 13:43:51', 'See spend : Mua lễ và tiền lẻ đi lễ Bia Bà', 1, 3),
(838, 14, -74, '2016-05-07 13:44:42', 'See spend : Mua đồ thắp hương mùng 1 ở shop', 1, 3),
(839, 1, -1200, '2016-05-07 13:45:06', 'Chuyển quỹ', 1, 1),
(840, 14, 1200, '2016-05-07 13:45:06', 'Chuyển quỹ', 1, 1),
(841, 1, 1400, '2016-05-07 21:52:53', 'Tiền hàng bán trong ngày ', 1, 3),
(842, 1, 2100, '2016-05-08 21:53:00', 'Tiền hàng bán trong ngày ', 1, 3),
(843, 1, 1600, '2016-05-09 17:42:18', 'Tiền hàng bán trong ngày ', 1, 3),
(844, 1, 300, '2016-05-10 17:42:26', 'Tiền hàng bán trong ngày ', 1, 3),
(845, 1, -1135, '2016-05-09 17:43:29', 'See spend : Thanh toán tiền điện nước nét tháng 4.2016', 1, 3),
(846, 14, -35, '2016-05-11 17:50:24', 'See spend : Mua hoa ly thắp hương ', 1, 3),
(847, 14, -44, '2016-05-10 17:50:48', 'See spend : Mua bánh và dứa thắp hương ', 1, 3),
(848, 1, -4000, '2016-05-13 17:44:19', 'chuyển cho chị châu ', 1, 1),
(849, 9, 4000, '2016-05-13 17:44:19', 'chuyển cho chị châu ', 1, 1),
(850, 1, -500, '2016-05-09 17:47:10', 'Anh minh lấy ', 1, 1),
(851, 2, 500, '2016-05-09 17:47:10', 'Anh minh lấy ', 1, 1),
(852, 1, 1100, '2016-05-11 17:55:09', 'Tiền hàng bán trong ngày ', 1, 3),
(853, 1, 2000, '2016-05-12 18:01:11', 'Tiền hàng bán trong ngày ', 1, 1),
(854, 16, 260, '2016-05-13 18:03:46', 'Hóa đơn số 20160513_002 |  Chị Nguyễn Thị Hồi khách onl của Bảo  | online | 16  | thanh hóa ', 1, 1),
(855, 14, -25, '2016-05-13 18:05:41', 'See spend : phí ship hàng cho chị Nguyễn Thị Hồi ', 1, 3),
(856, 12, 260, '2016-05-13 21:30:54', 'Hóa đơn số 20160513_004 |  Hòa bạn Bảo  | online | 12  | minh dân ', 1, 1),
(857, 14, -20, '2016-05-13 21:31:25', 'See spend : Phí ship hàng cho Hòa bạn Bảo ', 1, 3),
(858, 1, 500, '2016-05-14 13:25:13', 'Tiền hàng bán trong ngày ', 1, 3),
(859, 1, 500, '2016-05-13 13:25:46', 'Tiền hàng bán trong ngày ', 1, 3),
(860, 1, -2200, '2016-05-15 13:40:32', 'See spend : Thanh toán lương for e Lương ', 1, 3),
(861, 14, -185, '2016-05-14 13:40:59', 'See spend : Lê Phật Đản', 1, 3),
(862, 14, -34, '2016-05-14 13:41:27', 'See spend : bánh và dứa thắp hương ', 1, 3),
(863, 9, -650, '2016-05-16 23:51:04', 'See spend : 100x4 móc áo  50x5 móc quần', 1, 1),
(864, 9, -120, '2016-05-16 23:51:04', 'See spend : Kìm bấm giầy', 1, 1),
(865, 1, 1000, '2016-05-15 23:56:53', 'Tiền hàng bán trong ngày ', 1, 1),
(866, 14, -50, '2016-05-16 23:59:31', 'See spend : ua hoa ly bánh thắp hương ', 1, 3),
(867, 1, -500, '2016-05-16 23:59:58', 'anh rút', 1, 1),
(868, 2, 500, '2016-05-16 23:59:58', 'anh rút', 1, 1),
(869, 1, 700, '2016-05-17 21:41:52', 'Tiền hàng bán trong ngày ', 1, 3),
(870, 1, 2000, '2016-05-16 21:44:34', 'Tiền hàng bán trong ngày ', 1, 1),
(871, 9, 440, '2016-05-20 21:00:11', 'Hóa đơn số 20160520_002 |  Chị Chu Thị Ngọc Dung khah onl of Bảo  | online | 9  | Hà Giang ', 1, 1),
(872, 16, 235, '2016-05-20 21:02:21', 'Hóa đơn số 20160520_003 |   lê văn sanh fb Lê Bình khah onl of Bảo  | online | 16  | thôn Nhữ Xá 1,xã hoằng anh,Tp Thanh Hóa ', 1, 1),
(873, 12, 380, '2016-05-20 21:03:48', 'Hóa đơn số 20160520_004 |  Em Hoài khách onl của Bảo  | online | 12  | Triệu Sơn', 1, 1),
(874, 1, 1100, '2016-05-19 21:06:53', 'Tiền hàng bán trong ngày ', 1, 3),
(875, 1, -410, '2016-05-20 21:07:29', 'See spend : Tiền phí quản lý chung cư', 1, 3),
(876, 1, -3000, '2016-05-20 21:08:34', 'đưa chị ', 1, 1),
(877, 9, 3000, '2016-05-20 21:08:34', 'đưa chị ', 1, 1),
(878, 16, -260, '2016-05-20 21:10:37', 'Lấy tiền từ bưu điện về', 1, 1),
(879, 1, 260, '2016-05-20 21:10:37', 'Lấy tiền từ bưu điện về', 1, 1),
(880, 16, -1850, '2016-02-04 21:12:19', 'Anh Minh cầm từ tết k thấy rút về', 1, 1),
(881, 2, 1850, '2016-02-04 21:12:19', 'Anh Minh cầm từ tết k thấy rút về', 1, 1),
(882, 1, 300, '2016-05-20 19:57:09', 'Tiền hàng bán trong ngày ', 1, 3),
(883, 14, -125, '2016-05-21 19:58:36', 'See spend : thắp hương rằm', 1, 3),
(884, 1, -480, '2016-05-23 19:59:14', 'See spend : điên   nước dương nội ', 1, 3),
(885, 1, -635, '2016-05-23 19:59:59', 'CHUYỂN QUỸ ', 1, 1),
(886, 14, 635, '2016-05-23 19:59:59', 'CHUYỂN QUỸ ', 1, 1),
(887, 1, 1000, '2016-05-23 13:41:14', 'Tiền hàng bán trong ngày ', 1, 3),
(888, 1, 1000, '2016-05-24 15:34:18', 'Tiền hàng bán trong ngày ', 1, 1),
(889, 1, 500, '2016-05-26 15:35:50', 'Tiền hàng bán trong ngày ', 1, 3),
(890, 1, -1000, '2016-05-24 15:37:41', 'See spend : Phí làm thuế', 1, 3),
(891, 1, 500, '2016-05-27 11:49:50', 'Tiền hàng bán trong ngày ', 1, 3),
(892, 14, -15, '2016-05-27 11:51:56', 'See spend : mua hoa ', 1, 3),
(893, 14, -120, '2016-05-26 11:53:28', 'See spend : mua bia, hưong, banhs, hoa quar thap huoưng', 1, 3),
(894, 14, -25, '2016-05-25 11:54:02', 'See spend : mua banh thap huong', 1, 3),
(896, 16, 400, '2016-05-30 16:35:56', 'Hóa đơn số 20160530_002 |  chị Thủy khách onl của bảo  | online | 16  | Bưu điện chợ sấu. Dương liễu hoài đức hà nội', 1, 1),
(897, 14, -33, '2016-05-30 16:36:31', 'See spend : Phí ship hàng cho chị Thủy ', 1, 3),
(898, 14, -25, '2016-05-30 16:36:50', 'See spend : mua ổi thắp hương ', 1, 3),
(899, 14, -45, '2016-05-28 16:37:55', 'See spend : mua bánh gạo vs dưa lê thắp hương ', 1, 3),
(900, 18, 360, '2016-05-29 16:40:47', 'Hóa đơn số 20160529_006 |  Thảo hải dương bạn Bảo  | online | 18  | xala hà đông ', 1, 1),
(901, 1, 1500, '2016-05-29 16:42:51', 'Tiền hàng bán trong ngày ', 1, 3),
(902, 14, -140, '2016-05-30 16:43:57', 'See spend : mua túi', 1, 3),
(903, 1, -1200, '2016-05-30 16:44:36', 'See spend : Thanh toán nốt lương cho e Lương nghỉ ', 1, 3),
(904, 16, -235, '2016-05-30 16:46:04', 'Lấy tiền hóa đơn gửi anh Lê văn Sanh về', 1, 1),
(905, 1, 235, '2016-05-30 16:46:04', 'Lấy tiền hóa đơn gửi anh Lê văn Sanh về', 1, 1),
(906, 1, -535, '2016-05-30 16:46:33', 'chuyển tiền lẻ sang', 1, 1),
(907, 14, 535, '2016-05-30 16:46:33', 'chuyển tiền lẻ sang', 1, 1),
(908, 1, 700, '2016-05-30 15:11:28', 'Tiền hàng bán trong ngày ', 1, 3),
(909, 14, -50, '2016-05-31 15:13:54', 'See spend : Mua hoa thắp hương ', 1, 3),
(910, 16, 270, '2016-06-01 14:17:18', 'Hóa đơn số 20160601_001 |  Chị Lê Thị Quý khách onl của Bảo  | online | 16  | Thôn 3 Hoằng Lý TP Thanh Hóa ', 1, 1),
(911, 16, 350, '2016-06-01 14:19:32', 'Hóa đơn số 20160601_003 |  Thùy Linh bạn Bảo | online | 16  | TP Thanh Hóa ', 1, 1),
(912, 1, 1000, '2016-05-31 14:20:10', 'Tiền hàng bán trong ngày ', 1, 3),
(913, 14, -17, '2016-06-01 14:21:11', 'See spend : Mua bánh thắp hương ', 1, 3),
(914, 1, -2300, '2016-05-31 15:30:24', 'See spend : Thanh toán lương cho Huyền ', 1, 3),
(915, 16, 100, '2016-06-01 16:52:00', 'Hóa đơn số 20160601_005 |  chị Thủy khách onl của bảo  | online | 16  | hoài đức hà nội ', 1, 1),
(916, 1, 1000, '2016-06-01 17:05:53', 'Tiền hàng bán trong ngày ', 1, 3),
(917, 1, -4000, '2016-06-02 17:06:11', 'đưa chị châu ', 1, 1),
(918, 9, 4000, '2016-06-02 17:06:11', 'đưa chị châu ', 1, 1),
(919, 14, -30, '2016-06-02 17:07:26', 'See spend : Mua đào thắp hương ', 1, 3),
(920, 16, -100, '2016-06-04 18:21:01', 'Lấy tiền về', 1, 1),
(921, 1, 100, '2016-06-04 18:21:01', 'Lấy tiền về', 1, 1),
(922, 16, 290, '2016-06-04 18:41:35', 'Hóa đơn số 20160604_002 |  Lê Thị Thu Trinh khách onl của Bảo  | online | 16  | Xóm Đông. Thôn Xuân Nộn. xã Xuân Nộn. Đông Anh. Hà Nội', 1, 1),
(923, 14, -155, '2016-06-05 10:07:38', 'See spend : Mua đồ thắp hương mùng 1', 1, 3),
(924, 14, -380, '2016-06-05 10:08:11', 'See spend : Mua lễ và tiền lẻ đi Bia Bà mùng 1', 1, 3),
(925, 9, -30715, '2016-06-05 23:37:09', 'Trả nợ : Chị Châu | Chuyển nợ qua Chị Châu', 1, 1),
(927, 9, -19615, '2016-06-05 23:38:01', 'Trả nợ : Em Tuấn | Chuyển nợ qua Chị Châu', 1, 1),
(928, 9, -15600, '2016-06-05 23:38:26', 'Trả nợ : Dương | Chuyển nợ qua Chị Châu', 1, 1),
(930, 9, -7755, '2016-06-05 23:39:53', 'Trả nợ : Chiến đại mỗ | Chuyển nợ qua Chị Châu', 1, 1),
(931, 9, -7300, '2016-06-05 23:41:49', 'Trả nợ : Hải Đại Mỗ | Chuyển nợ qua Chị Châu', 1, 1),
(932, 9, 265, '2016-06-05 23:42:02', 'Trả nợ : METRONIC VIET NAM | Chuyển nợ qua Chị Châu', 1, 1),
(933, 9, 360, '2016-06-05 23:42:15', 'Trả nợ : Tuyến | Chuyển nợ qua Chị Châu', 1, 1),
(934, 9, 3075, '2016-06-05 23:42:35', 'Trả nợ : Vinh Tuyết | Chuyển nợ qua Chị Châu', 1, 1),
(935, 14, -47, '2016-06-06 16:26:01', 'See spend : mua giấy vs', 1, 3),
(936, 14, -40, '2016-06-07 16:29:21', 'See spend : mua vải thắp hương ', 1, 3),
(937, 14, -100, '2016-06-04 16:29:35', 'See spend : thẻ', 1, 3),
(938, 14, -25, '2016-06-07 16:31:47', 'See spend : Phí ship hàng cho chị Vu Thị Quý ', 1, 3),
(939, 14, -12, '2016-06-07 16:32:26', 'See spend : Phí ship hàng cho chị Nguyên Thị Hồi ', 1, 3),
(940, 14, -9, '2016-06-07 16:33:29', 'See spend : Phí ship hàng cho chị Phí Thủy', 1, 3),
(941, 14, -25, '2016-06-07 16:35:15', 'See spend : Phí ship hàng cho Thùy Linh', 1, 3),
(942, 14, -30, '2016-06-07 16:35:47', 'See spend : Phí ship hàng cho chị Lê Thị Thu Trinh', 1, 3),
(943, 1, 1200, '2016-06-04 16:38:02', 'Tiền hàng bán trong ngày ', 1, 1),
(944, 1, 1300, '2016-06-05 16:39:03', 'Tiền hàng bán trong ngày ', 1, 3),
(945, 1, 1000, '2016-06-06 16:39:54', 'Tiền hàng bán trong ngày ', 1, 3),
(947, 9, -1222, '2016-06-08 19:58:45', 'Trả nợ : Chị Châu | Chốt hàng bảo lấy ngày 07,08-06', 1, 1),
(948, 18, 380, '2016-06-09 18:10:30', 'Hóa đơn số 20160609_003 |  Chị Mai  | online | 18  | Bạn anh Minh ', 1, 1),
(949, 1, 1000, '2016-06-07 15:21:36', 'Tiền hàng bán trong ngày ', 1, 1),
(950, 1, 500, '2016-06-09 15:23:58', 'Tiền hàng bán trong ngày ', 1, 1),
(951, 1, -10500, '2016-06-10 15:24:51', 'See spend : Thanh toán tiền thuê nhà cho cô hảo ', 1, 3),
(952, 14, -50, '2016-06-11 15:27:27', 'See spend : Mua hương, nến, dứa thắp hương', 1, 3),
(953, 14, -26, '2016-06-10 15:28:02', 'See spend : Mua bánh gạo thắp hương', 1, 3),
(954, 14, -65, '2016-06-09 15:29:22', 'See spend : Mua đồ thắp hương mùng 5', 1, 3),
(955, 9, 764, '2016-06-11 22:28:43', 'Trả nợ : Chị Châu | chốt hàng bảo chuyển về ngày 09.06', 1, 1),
(956, 1, 500, '2016-06-11 16:05:24', 'Tiền hàng bán trong ngày ', 1, 1),
(958, 1, 600, '2016-06-13 15:44:40', 'Tiền hàng bán trong ngày ', 1, 1),
(960, 19, -1108, '2016-06-14 22:33:19', 'Trả nợ : Chị Châu | tạm dùng cân nợ', 1, 1),
(961, 19, 1640, '2016-06-14 22:33:42', 'Trả nợ : Em Tuấn | tạm dùng TEMP cân nợ', 1, 1),
(962, 19, 2015, '2016-06-14 22:34:02', 'Trả nợ : Dương | Tạm dùng TEMP cân nợ', 1, 1),
(963, 19, -2547, '2016-06-14 22:39:39', 'Chốt hàng ngày 14.06, hàng bảo mang sang trừ hàng bảo lấy : 2547k', 1, 1),
(964, 9, 2547, '2016-06-14 22:39:39', 'Chốt hàng ngày 14.06, hàng bảo mang sang trừ hàng bảo lấy : 2547k', 1, 1),
(965, 1, -400, '2016-06-15 08:12:13', 'Chuyển 3.4m đã thanh toán cho hải đại mỗ sang chị châu', 1, 1),
(966, 9, 400, '2016-06-15 08:12:13', 'Chuyển 3.4m đã thanh toán cho hải đại mỗ sang chị châu', 1, 1),
(967, 10, -1000, '2016-06-15 08:12:29', 'Chuyển 3.4m đã thanh toán cho hải đại mỗ sang chị châu', 1, 1),
(968, 9, 1000, '2016-06-15 08:12:29', 'Chuyển 3.4m đã thanh toán cho hải đại mỗ sang chị châu', 1, 1),
(969, 1, 2300, '2016-06-14 15:48:44', 'Tiền hàng bán trong ngày ', 1, 1),
(970, 1, -1285, '2016-06-14 15:53:09', 'See spend : Thanh toán tiền điện nước nét tháng 5.2016', 1, 3),
(971, 16, -270, '2016-06-15 15:56:24', 'Lấy tiền hóa đơn của chị Lê Thị Quý ', 1, 1),
(972, 1, 270, '2016-06-15 15:56:24', 'Lấy tiền hóa đơn của chị Lê Thị Quý ', 1, 1),
(973, 16, -350, '2016-06-15 15:56:52', 'Lấy tiền hóa đơn ủa Thùy Linh ', 1, 1),
(974, 1, 350, '2016-06-15 15:56:52', 'Lấy tiền hóa đơn ủa Thùy Linh ', 1, 1),
(975, 16, -400, '2016-06-15 15:57:24', 'Lấy tiền hóa đơn của chị Thủy ', 1, 1),
(976, 1, 400, '2016-06-15 15:57:24', 'Lấy tiền hóa đơn của chị Thủy ', 1, 1),
(979, 16, -290, '2016-06-15 15:59:58', 'Lấy tiền hóa đơn của chị Lê Thị Thu Trinh ', 1, 1),
(980, 1, 290, '2016-06-15 15:59:58', 'Lấy tiền hóa đơn của chị Lê Thị Thu Trinh ', 1, 1),
(981, 14, -25, '2016-06-13 16:01:34', 'See spend : mua chuối thắp hương ', 1, 3),
(982, 1, -42, '2016-06-15 16:03:29', 'See spend : Phí ship hàng cho Minh Thu và Ánh ', 1, 3),
(983, 1, -983, '2016-06-15 16:04:01', 'Chuyển quy ', 1, 1),
(984, 14, 983, '2016-06-15 16:04:01', 'Chuyển quy ', 1, 1),
(986, 20, 500, '2016-06-15 16:12:59', 'Hóa đơn số 20160615_002 |  Ánh bạn Bảo | online | 20  | Đồng Nai ', 1, 1),
(987, 1, 1200, '2016-06-15 16:21:25', 'Tiền hàng bán trong ngày ', 1, 1),
(988, 14, -25, '2016-06-16 16:23:52', 'See spend : bánh gạo thắp hương ', 1, 3),
(989, 1, 1200, '2016-06-16 15:15:46', 'Tiền hàng bán trong ngày ', 1, 1),
(990, 14, -75, '2016-06-17 15:16:09', 'See spend : Mua vài và hoa thắp hương ', 1, 3),
(991, 9, -363, '2016-06-17 22:16:10', 'Trả nợ : Chị Châu | 3091:1-3240:2', 1, 1),
(992, 1, 500, '2016-06-17 14:26:25', 'Tiền hàng bán trong ngày ', 1, 1),
(993, 1, 1300, '2016-06-18 17:54:23', 'Tiền hàng bán trong ngày ', 1, 1),
(994, 1, -3000, '2016-06-19 18:50:19', 'Trả chị Châu ', 1, 1),
(995, 9, 3000, '2016-06-19 18:50:19', 'Trả chị Châu ', 1, 1),
(996, 14, -100, '2016-06-19 18:51:07', 'See spend : Mua đồ thắp hương rằm ', 1, 3),
(997, 1, 1200, '2016-06-18 21:52:43', 'Tiền hàng bán trong ngày ', 1, 1),
(998, 20, -500, '2016-06-20 17:41:23', 'Rút tiền khỏi thẻ ', 1, 1),
(999, 1, 500, '2016-06-20 17:41:23', 'Rút tiền khỏi thẻ ', 1, 1),
(1000, 9, -1718, '2016-06-21 22:25:45', 'Trả nợ : Chị Châu | Chốt hàng lấy nhập ngày 21', 1, 1),
(1001, 1, 1700, '2016-06-21 19:06:15', 'Tiền hàng bán trong ngày ', 1, 1),
(1002, 1, -1700, '2016-06-22 19:09:29', 'Trả nợ : Hải Đại Mỗ | Thanh toán hóa đơn nhập 10 đôi mã 0278, 15 đôi mẫu còn lại 0279 sẽ trả lại - Thanh toán ở nhà chị Châu ngày 20.6', 1, 1),
(1003, 1, -400, '2016-06-21 19:10:41', 'See spend : Đóng tiền phí quản lý Nam Cường tháng 6', 1, 3),
(1004, 14, -25, '2016-06-21 19:11:57', 'See spend : Ship hàng cho em Hường ', 1, 3),
(1005, 14, -89, '2016-06-22 19:12:19', 'See spend : Mua hoa ly và quả thắp hương ', 1, 3),
(1006, 9, 3411, '2016-06-23 21:06:38', 'Trả nợ : Chị Châu | Lô trả ngay22.6', 1, 1),
(1007, 1, -420, '2016-06-27 16:04:45', 'See spend : Tiền điện Dương Nội ', 1, 3),
(1008, 1, -110, '2016-06-27 16:04:59', 'See spend : Tiền ap Dương Nội ', 1, 3),
(1009, 1, -120, '2016-06-27 16:05:33', 'See spend : Tiền nước Dương Nội ', 1, 3),
(1010, 1, -2475, '2016-06-27 16:29:25', 'Trả nợ : E Kiên  | Thanh toán luôn khi nhập hàng ', 1, 1),
(1011, 14, -35, '2016-06-27 16:33:26', 'See spend : mua chuối thắp hương ', 1, 3),
(1012, 14, -45, '2016-06-29 19:28:21', 'See spend : hoa quả thắp hương ', 1, 3),
(1013, 1, -1000, '2016-06-30 16:22:34', 'See spend : Thanh toán lương cho em Huyền trước 1 triệu ', 1, 3),
(1014, 1, 1250, '2016-06-27 16:29:50', 'Tiền hàng bán trong ngày ', 1, 3),
(1015, 1, -600, '2016-06-29 16:32:08', 'See spend : Nộp thuế môn bài cả năm và thuế tháng 6 ', 1, 3),
(1016, 14, -25, '2016-06-30 16:56:06', 'See spend : mua bánh thắp hương ', 1, 3),
(1017, 9, -1000, '2016-07-01 16:22:04', 'Vay chị Châu ', 1, 1),
(1018, 1, 1000, '2016-07-01 16:22:04', 'Vay chị Châu ', 1, 1),
(1019, 1, -1750, '2016-07-01 16:22:40', 'Trả nợ : Chiến đại mỗ | Thanh toán tiền hàng cho anh Chiến ngày 27.6', 1, 1),
(1020, 1, 1000, '2016-06-30 17:18:20', 'Tiền hàng bán trong ngày ', 1, 1),
(1021, 14, -15, '2016-07-01 17:19:11', 'See spend : Mua bánh thắp hương ', 1, 3),
(1022, 1, 1000, '2016-07-01 14:09:13', 'Tiền hàng bán trong ngày ', 1, 3),
(1023, 1, 500, '2016-07-03 14:15:54', 'Tiền hàng bán trong ngày ', 1, 3),
(1024, 19, -280, '2016-07-04 14:17:34', 'See spend : Đi lê Bia Bà mùng 1', 1, 3),
(1025, 14, -135, '2016-07-04 14:18:16', 'See spend : Thắp hương thần tài mùng 1', 1, 3),
(1026, 1, -1150, '2016-07-07 16:05:03', 'See spend : Thanh toán nốt tiền lương cho em Huyền ', 1, 3),
(1027, 1, 1700, '2016-07-07 17:38:03', 'Tiền hàng bán trong ngày ', 1, 3),
(1028, 9, -24000, '2016-07-07 17:38:45', 'Lấy bên nhà chị Châu đóng tiền nhà ', 1, 1),
(1029, 1, 24000, '2016-07-07 17:38:45', 'Lấy bên nhà chị Châu đóng tiền nhà ', 1, 1),
(1030, 1, -24000, '2016-07-07 17:39:13', 'See spend : Thanh toán tiền nhà 3 tháng cho chị Sửu', 1, 3),
(1031, 1, -1000, '2016-07-07 17:39:50', 'Trả lại chị Châu 1 triệu chiều ngay ', 1, 1),
(1032, 9, 1000, '2016-07-07 17:39:50', 'Trả lại chị Châu 1 triệu chiều ngay ', 1, 1),
(1033, 1, -1000, '2016-07-08 17:40:11', 'Trả lại chị Châu 1 triệu trưa 8.7', 1, 1),
(1034, 9, 1000, '2016-07-08 17:40:11', 'Trả lại chị Châu 1 triệu trưa 8.7', 1, 1),
(1035, 14, -30, '2016-07-08 17:40:50', 'See spend : Mua hương và nước lau kính', 1, 3),
(1036, 14, -20, '2016-07-08 17:41:14', 'See spend : Mua quả thắp hương ', 1, 3),
(1037, 1, 1000, '2016-07-08 18:23:22', 'Tiền hàng bán trong ngày ', 1, 1),
(1038, 1, -1000, '2016-07-09 18:23:37', 'Trả chị Châu ', 1, 1),
(1039, 9, 1000, '2016-07-09 18:23:37', 'Trả chị Châu ', 1, 1),
(1040, 12, 250, '2016-07-09 19:50:59', 'Hóa đơn số 20160709_002 |  Mẹ chuyển khách ở quê  | online | 12  | Minh Dân ', 1, 1),
(1041, 14, -20, '2016-07-09 20:12:04', 'See spend : Phí gửi hàng về cho mẹ đứa em Hạnh ', 1, 3),
(1042, 1, 400, '2016-07-09 17:16:29', 'Tiền hàng bán trong ngày ', 1, 3),
(1043, 18, 350, '2016-07-13 21:33:43', 'Hóa đơn số 20160713_005 |  Thảo bạn Bảo | online | 18  | hà Nội ', 1, 1),
(1044, 9, -965, '2016-07-13 22:17:36', 'Trả nợ : Chị Châu | 8 món hàng bảo nhập ngày 07.07 trong máy bên bảo', 1, 1),
(1045, 9, -170, '2016-07-14 09:19:34', 'Trả nợ : Chị Châu | Mã 3226', 1, 1),
(1046, 1, 1500, '2016-07-13 17:57:51', 'Tiền hàng bán trong ngày ', 1, 3),
(1047, 1, -1270, '2016-07-13 17:58:20', 'See spend : Thanh toán tiền điện nước nét tháng 6 cho chị Sửu ', 1, 3),
(1048, 1, -1400, '2016-07-14 17:58:39', 'See spend : Thanh toán lương cho em Huyền nghỉ ', 1, 3),
(1049, 9, -500, '2016-07-14 21:52:11', 'Vay chị Châu ', 1, 1),
(1050, 1, 500, '2016-07-14 21:52:11', 'Vay chị Châu ', 1, 1),
(1052, 16, 170, '2016-07-12 15:49:46', 'Hóa đơn số 20160712_002 |  Minh Thu Bạn Bảo | online | 16  | Thanh Hóa ', 1, 1),
(1053, 16, -170, '2016-07-15 15:50:18', 'Lấy tiền hóa đơn của Minh Thu về ', 1, 1),
(1054, 1, 170, '2016-07-15 15:50:18', 'Lấy tiền hóa đơn của Minh Thu về ', 1, 1),
(1056, 12, 250, '2016-07-16 14:30:29', 'Hóa đơn số 20160716_003 |  Em Hoài khách onl của Bảo  | online | 12  | Minh Dân ', 1, 1),
(1058, 16, 700, '2016-07-16 14:33:05', 'Hóa đơn số 20160716_004 |  Chị Hiền khách onl of Bảo  | online | 16  | Triệu sơn ', 1, 1),
(1059, 14, -120, '2016-07-18 14:26:50', 'See spend : mua đồ thắp hương rằm ', 1, 3),
(1060, 14, -20, '2016-07-18 18:29:52', 'See spend : Phí gửi giầy về cho chị Nguyễn Thị Hiền và  em Hương Tete', 1, 3),
(1061, 1, -250, '2016-07-19 15:11:41', 'See spend : Làm biển sale', 1, 3),
(1062, 1, 500, '2016-07-18 15:12:35', 'Tiền hàng bán trong ngày ', 1, 3),
(1063, 18, 790, '2016-07-19 15:15:50', 'Hóa đơn số 20160719_001 |  Chị Đỗ Thuần Phương khách onl của Bảo | online | 18  | Quảng Ninh', 1, 1),
(1064, 1, -553, '2016-07-20 20:04:35', 'See spend : Đóng phí quản lý và bảo hiểm chảy nổ Dương Nội ', 1, 3),
(1066, 21, 1005, '2016-07-20 21:39:57', 'Trả nợ : Chiến đại mỗ | Chốt hàng', 1, 1),
(1067, 21, 2855, '2016-07-20 21:40:29', 'Trả nợ : Dương | Chốt hàng', 1, 1),
(1068, 21, 3170, '2016-07-20 21:41:01', 'Trả nợ : Em Tuấn | Chốt', 1, 1),
(1069, 21, -431, '2016-07-20 21:41:43', 'Trả nợ : Chị Châu | Chốt hàng', 1, 1);

-- --------------------------------------------------------

--
-- Table structure for table `import_facture`
--

CREATE TABLE IF NOT EXISTS `import_facture` (
  `code` varchar(45) NOT NULL,
  `date` datetime NOT NULL,
  `description` varchar(1000) DEFAULT NULL,
  `provider_id` int(11) NOT NULL,
  `deadline` datetime DEFAULT NULL,
  `link` varchar(255) DEFAULT NULL,
  PRIMARY KEY (`code`),
  UNIQUE KEY `code_UNIQUE` (`code`),
  KEY `fk_import_facture_provider1_idx` (`provider_id`)
) ENGINE=InnoDB DEFAULT CHARSET=utf8;

--
-- Dumping data for table `import_facture`
--

INSERT INTO `import_facture` (`code`, `date`, `description`, `provider_id`, `deadline`, `link`) VALUES
('20151007_001', '2015-10-07 23:16:14', 'Trả lại 3 đôi', 2, '2015-10-21 23:16:14', 'img/facture/20151007_001.png'),
('20151007_002', '2015-10-07 23:31:21', 'Nhập về nhà chị châu', 3, '2015-10-21 23:31:21', 'img/facture/20151007_002.png'),
('20151024_001', '2015-10-24 09:47:27', 'Chị Châu lấy', 4, '2015-11-07 09:47:27', 'img/facture/20151024_001.png'),
('20151024_002', '2015-10-24 10:08:16', 'Mang ngày 17.10', 3, '2015-11-07 10:08:16', 'img/facture/20151024_002.png'),
('20151024_003', '2015-10-24 23:15:42', 'Chia 1 phần hóa đơn chị châu lấy từ vinh tuyết', 2, '2015-11-07 23:15:42', 'img/facture/20151024_003.png'),
('20151024_004', '2015-10-24 23:31:36', 'Nhập trực tiếp', 3, '2015-11-07 23:31:36', 'img/facture/20151024_004.png'),
('20151024_005', '2015-10-24 23:12:16', 'lon xon', 3, '2015-11-07 23:12:16', 'img/facture/20151024_005.png'),
('20151024_006', '2015-10-24 11:33:14', 'Bảo nhận riêng', 5, '2015-11-07 11:33:14', 'img/facture/20151024_006.png'),
('20151024_007', '2015-10-24 23:31:54', 'Hàng Chuyển từ shop chị Châu', 6, '2015-11-07 23:31:54', 'img/facture/20151024_007.png'),
('20151024_008', '2015-10-24 20:22:46', 'Dương mang từ 22.10 nhưng 24 mới chụp hóa đơn.', 3, '2015-11-07 20:22:46', 'img/facture/20151024_008.png'),
('20151024_009', '2015-10-24 20:27:49', 'Dương mang chiều 24.10: có cả hàng chị châu. Nhưng Hóa đơn từ giờ đã chốt riêng', 3, '2015-11-07 20:27:49', 'img/facture/20151024_009.png'),
('20151026_001', '2015-10-26 20:27:44', 'Chia cùng chị châu 1 hóa đơn 10825:7575:3250', 4, '2015-11-09 20:27:44', 'img/facture/20151026_001.png'),
('20151031_001', '2015-10-31 12:23:01', 'Chị Châu lấy hộ, mang sang và trông hàng hộ.', 3, '2015-11-14 12:23:01', 'img/facture/20151031_001.png'),
('20151101_001', '2015-11-01 23:28:52', 'Chi hoa don voi chi chau. Chị Châu đã nhập máy nhưng lại chuyển lại cho bảo.', 3, '2015-11-15 23:28:52', 'img/facture/20151101_001.png'),
('20151107_001', '2015-11-07 14:06:04', 'Anh Tuyến giao hàng ngày 3.11, giao thêm ngày 5.11, thanh toán hóa đơn và trả hàng lỗi ngày 5.11', 5, '2015-11-03 14:06:04', 'img/facture/20151107_001.png'),
('20151108_001', '2015-11-08 19:04:52', 'Bổ sung size 37, 38', 3, '2015-11-22 19:04:52', 'img/facture/20151108_001.png'),
('20151109_001', '2015-11-09 23:23:23', 'Chị Châu lấy hàng ngày 8.11', 2, '2015-11-23 23:23:23', 'img/facture/20151109_001.png'),
('20151115_001', '2015-11-15 20:18:28', 'bảo nhận hàng, mẫu nào không ưng trả lại, chưa thanh toán', 3, '2015-11-29 20:18:28', 'img/facture/20151115_001.png'),
('20151115_002', '2015-11-15 20:41:03', 'Chị Châu lấy hộ, chưa thanh toán', 3, '2015-11-29 20:41:03', 'img/facture/20151115_002.png'),
('20151115_003', '2015-11-15 20:46:05', 'Chị Châu nhập hộ, thanh toán hộ', 7, '2015-11-29 20:46:05', 'img/facture/20151115_003.png'),
('20151119_001', '2015-11-19 14:42:12', 'lấy 1 đôi của chị Châu', 3, '2015-12-03 14:42:12', 'img/facture/20151119_001.png'),
('20151119_002', '2015-11-19 14:46:36', 'Chị Châu nhập 6 dây 5 màu, Bảo lấy 3 màu', 7, '2015-12-03 14:46:36', 'img/facture/20151119_002.png'),
('20151120_001', '2015-11-20 12:53:43', 'Anh Dương mang hàng trực tiếp sang cho Bảo', 3, '2015-12-04 12:53:43', 'img/facture/20151120_001.png'),
('20151123_001', '2015-11-23 23:31:08', 'Chị Châu nhập hàng ngày 22.11 và thanh toán luôn', 2, '2015-12-07 23:31:08', 'img/facture/20151123_001.png'),
('20151123_002', '2015-11-23 20:50:03', 'Bảo nhận hàng, chưa thanh toán', 4, '2015-12-07 20:50:03', 'img/facture/20151123_002.png'),
('20151123_003', '2015-11-23 21:17:44', 'Chị Châu chuyển hàng từ dưới shop chị Châu lên', 2, '2015-12-07 21:17:44', 'img/facture/20151123_003.png'),
('20151123_004', '2015-11-23 21:18:47', 'Chị Châu chuyển hàng từ dưới nhà Chị Châu lên', 3, '2015-12-07 21:18:47', 'img/facture/20151123_004.png'),
('20151128_001', '2015-11-28 19:49:21', 'Bảo nhận hàng, chưa thanh toán tiền', 4, '2015-12-12 19:49:21', 'img/facture/20151128_001.png'),
('20151128_002', '2015-11-28 19:51:08', 'Chị Châu nhập hàng', 7, '2015-12-12 19:51:08', 'img/facture/20151128_002.png'),
('20151130_001', '2015-11-30 21:46:21', 'Lấy 1 đôi dưới anh Duệ (2662)', 3, '2015-12-14 21:46:21', 'img/facture/20151130_001.png'),
('20151204_001', '2015-12-04 11:21:55', 'Lấy dưới nhà chị Châu 1 đôi cho khách đặt', 3, '2015-12-18 11:21:55', 'img/facture/20151204_001.png'),
('20151204_002', '2015-12-04 20:41:16', 'lấy bên chị châu 1 đôi', 7, '2015-12-18 20:41:16', 'img/facture/20151204_002.png'),
('20151208_001', '2015-12-08 16:17:15', 'Chị CHâu nhập hàng', 3, '2015-12-22 16:17:15', 'img/facture/20151208_001.png'),
('20151208_002', '2015-12-08 16:41:19', 'Chưa thanh toán', 7, '2015-12-22 16:41:19', 'img/facture/20151208_002.png'),
('20151210_001', '2015-12-10 18:19:33', 'Chị Châu nhập hàng hộ Bảo', 3, '2015-12-24 18:19:33', 'img/facture/20151210_001.png'),
('20151212_001', '2015-12-12 23:22:51', 'Lấy nhà chị Châu', 2, '2015-12-26 23:22:51', 'img/facture/20151212_001.png'),
('20151214_001', '2015-12-14 18:21:33', 'Chị Châu lấy 1 đôi hôm trước hôm nay trả lại', 3, '2015-12-28 18:21:33', 'img/facture/20151214_001.png'),
('20151214_002', '2015-12-14 23:14:54', 'Lấy hàng từ nhà chị Châu', 6, '2015-12-28 23:14:54', 'img/facture/20151214_002.png'),
('20151219_001', '2015-12-19 12:42:07', 'hàng lỗi đã đưa chị Châu trả nhưng k trả đc nên lấy lại', 5, '2016-01-02 12:42:07', 'img/facture/20151219_001.png'),
('20151222_001', '2015-12-22 15:05:14', 'Lấy hàng dưới Chị Châu', 6, '2016-01-05 15:05:14', 'img/facture/20151222_001.png'),
('20151223_001', '2015-12-23 23:17:44', 'lấy 2 cái 2 mã 0114, 0115', 6, '2016-01-06 23:17:44', 'img/facture/20151223_001.png'),
('20151225_001', '2015-12-25 15:10:06', 'Lấy dưới nhà Chị Châu ngày 23.12', 6, '2016-01-08 15:10:06', 'img/facture/20151225_001.png'),
('20151225_002', '2015-12-25 15:12:52', 'Lấy dưới nhà chị châu ngày 24.12', 6, '2016-01-08 15:12:52', 'img/facture/20151225_002.png'),
('20151226_001', '2015-12-26 21:47:18', 'Lay them 2 cái', 6, '2016-01-09 21:47:18', 'img/facture/20151226_001.png'),
('20151228_001', '2015-12-28 18:17:19', 'Chị Châu nhập nhà Vinh Tuyết cùng lót giày', 6, '2016-01-11 18:17:19', 'img/facture/20151228_001.png'),
('20151228_002', '2015-12-28 21:51:11', 'Lấy hàng nhà chị Châu', 6, '2016-01-11 21:51:11', 'img/facture/20151228_002.png'),
('20151228_003', '2015-12-28 18:19:51', 'Chị Châu nhập hàng nhà Vinh Tuyết cùng lót giày', 2, '2016-01-11 18:19:51', 'img/facture/20151228_003.png'),
('20151228_004', '2015-12-28 21:55:08', 'Lấy dưới chị Châu', 7, '2016-01-11 21:55:08', 'img/facture/20151228_004.png'),
('20151228_005', '2015-12-28 18:24:53', 'Lấy hàng dưới Chị Châu', 6, '2016-01-11 18:24:53', 'img/facture/20151228_005.png'),
('20151228_006', '2015-12-28 21:14:08', 'Lấy nhà chị Châu cho chị Nga bạn a Minh', 6, '2016-01-11 21:14:08', 'img/facture/20151228_006.png'),
('20151228_007', '2015-12-28 21:59:29', '2 chân váy, trả lại 1', 6, '2016-01-11 21:59:29', 'img/facture/20151228_007.png'),
('20151230_001', '2015-12-30 21:51:06', 'lay 2 cái', 6, '2016-01-13 21:51:06', 'img/facture/20151230_001.png'),
('20160101_001', '2016-01-01 12:49:17', 'Lấy hàng dưới nhà Chị Châu ngày 31.12.2015', 6, '2016-01-15 12:49:17', 'img/facture/20160101_001.png'),
('20160101_002', '2016-01-01 10:39:05', 'Chị Châu nhập hộ', 3, '2016-01-15 10:39:05', 'img/facture/20160101_002.png'),
('20160101_003', '2016-01-01 15:25:06', 'Lấy nhà Chị Châu', 6, '2016-01-15 15:25:06', 'img/facture/20160101_003.png'),
('20160102_001', '2016-01-02 20:40:54', 'Lấy hàng bên chị Châu cho khách', 6, '2016-01-16 20:40:54', 'img/facture/20160102_001.png'),
('20160103_001', '2016-01-03 19:59:52', 'Anh Minh Qua lấy lúc sáng. hôm đó qua anh khanh giỗ ông', 6, '2016-01-17 19:59:52', 'img/facture/20160103_001.png'),
('20160105_001', '2016-01-05 22:05:44', 'Lấy dưới chị Châu cùng 2 mẫu giày ngày 4.1', 6, '2016-01-19 22:05:44', 'img/facture/20160105_001.png'),
('20160105_002', '2016-01-05 03:43:42', 'Nhờ chị Châu lấy hàng hộ', 3, '2016-01-19 03:43:42', 'img/facture/20160105_002.png'),
('20160107_001', '2016-01-07 12:02:15', 'Lấy dưới nhà Chị Châu ngày 6.1.2016', 6, '2016-01-21 12:02:15', 'img/facture/20160107_001.png'),
('20160107_002', '2016-01-07 22:06:56', 'Lấy dưới chị Châu 1 đôi đỏ để ship cho khách', 3, '2016-01-21 22:06:56', 'img/facture/20160107_002.png'),
('20160109_001', '2016-01-09 11:20:44', 'Lấy bù số tiền Metronic còn nợ', 4, '2016-01-23 11:20:44', 'img/facture/20160109_001.png'),
('20160109_002', '2016-01-09 18:56:12', 'Lấy dưới nhà chị Châu 1 đôi đen 38', 3, '2016-01-23 18:56:12', 'img/facture/20160109_002.png'),
('20160109_003', '2016-01-09 21:37:12', 'Lấy bên chị châu', 3, '2016-01-23 21:37:12', 'img/facture/20160109_003.png'),
('20160117_001', '2016-01-17 21:33:22', 'Nhập dưới nhà chị Châu 2 đôi ngày 11.1 để ship cho khách onl của Bảo, 2 đôi đen size 36 37', 3, '2016-01-31 21:33:22', 'img/facture/20160117_001.png'),
('20160117_002', '2016-01-17 13:06:01', 'Nhập dưới nhà Chị Châu ngày 13.1', 6, '2016-01-31 13:06:01', 'img/facture/20160117_002.png'),
('20160117_003', '2016-01-17 21:50:07', 'Anh Dương mang sang 10 đôi ngày 13.1', 7, '2016-01-31 21:50:07', 'img/facture/20160117_003.png'),
('20160117_004', '2016-01-17 13:09:48', 'Anh Dương mang sang ngày 11.1', 3, '2016-01-31 13:09:48', 'img/facture/20160117_004.png'),
('20160117_005', '2016-01-17 18:13:03', 'Nhập dưới nhà chị Châu 2 đôi kem size 36 37 ngày 14.1', 3, '2016-01-31 18:13:03', 'img/facture/20160117_005.png'),
('20160117_006', '2016-01-17 13:12:31', 'Nhập dưới nhà chị Châu ngày 14.1', 6, '2016-01-31 13:12:31', 'img/facture/20160117_006.png'),
('20160117_007', '2016-01-17 13:13:11', 'Anh Dương mang sang 2 dây kem đen ngày 15.1', 3, '2016-01-31 13:13:11', 'img/facture/20160117_007.png'),
('20160117_008', '2016-01-17 13:13:48', 'Nhập dưới nhà chị Châu 3 cái cho o Duyên ngày 16.1', 6, '2016-01-31 13:13:48', 'img/facture/20160117_008.png'),
('20160117_009', '2016-01-17 19:06:49', 'Nhập hàng nhà chị Châu cho khách ngày 17.1', 6, '2016-01-31 19:06:49', 'img/facture/20160117_009.png'),
('20160120_001', '2016-01-20 23:18:48', 'Lấy dưới nhà chị Châu 6 cái áo buổi sáng và 1 cái buồi chiều tối để ship khách', 6, '2016-02-03 23:18:48', 'img/facture/20160120_001.png'),
('20160121_001', '2016-01-21 19:00:45', 'Lấy dưới nhà chị Châu 4 cái áo Berkha cổ lệch cho Cô Duyên', 6, '2016-02-04 19:00:45', 'img/facture/20160121_001.png'),
('20160122_001', '2016-01-22 14:01:47', 'Lấy dưới nhà chị Châu 2 cái cho khách đặt', 6, '2016-02-05 14:01:47', 'img/facture/20160122_001.png'),
('20160123_001', '2016-01-23 15:29:29', 'Lấy dưới nhà chị Châu cho khách', 6, '2016-02-06 15:29:29', 'img/facture/20160123_001.png'),
('20160123_002', '2016-01-23 20:00:41', 'Lấy dưới nhà chị Châu cho khách đặt', 6, '2016-02-06 20:00:41', 'img/facture/20160123_002.png'),
('20160124_001', '2016-01-24 18:41:36', 'Lay duoi nha chi Chau cho khach', 6, '2016-02-07 18:41:36', 'img/facture/20160124_001.png'),
('20160125_001', '2016-01-25 03:43:08', 'Lấy dưới nhà chị Châu', 6, '2016-02-08 03:43:08', 'img/facture/20160125_001.png'),
('20160128_001', '2016-01-28 12:17:06', 'Lấy dưới nhà chị Châu cho khách ngày 27.1', 6, '2016-02-11 12:17:06', 'img/facture/20160128_001.png'),
('20160128_002', '2016-01-28 23:18:36', 'Lấy dưới nhà chị Châu cho khách ngày 28.1', 6, '2016-02-11 23:18:36', 'img/facture/20160128_002.png'),
('20160130_001', '2016-01-30 19:15:20', 'Lấy dưới chị Châu cho khách', 6, '2016-02-13 19:15:20', 'img/facture/20160130_001.png'),
('20160131_001', '2016-01-31 21:00:53', 'Lấy thêm dưới chị Châu 2 cái size s', 6, '2016-02-14 21:00:53', 'img/facture/20160131_001.png'),
('20160204_001', '2016-02-04 12:30:04', 'Anh Chiến đổi hàng lỗi', 7, '2016-02-18 12:30:04', 'img/facture/20160204_001.png'),
('20160204_002', '2016-02-04 12:30:43', 'Lấy dưới nhà chị Châu cho khách đặt hàng', 6, '2016-02-18 12:30:43', 'img/facture/20160204_002.png'),
('20160311_001', '2016-03-11 15:42:25', 'Chuyển hàng trực tiếp cho Bảo 7 dây, ghi hóa đơn đưa Bảo 7 dây. Sau đó bổ sung 1 dây, ghi hóa đơn đưa chị Châu. Dây thứ 8 đang thiếu 1 c, hẹn mai đưa bù', 7, '2016-03-25 15:42:25', 'img/facture/20160311_001.png'),
('20160315_001', '2016-03-15 22:06:06', 'Chị Châu lấy hàng hộ', 9, '2016-03-29 22:06:06', 'img/facture/20160315_001.png'),
('20160315_002', '2016-03-15 21:06:47', 'Anh Dương giao hàng cho Bảo', 3, '2016-03-29 21:06:47', 'img/facture/20160315_002.png'),
('20160316_001', '2016-03-16 14:04:22', 'Anh Dương giao hàng cho chị Châu', 3, '2016-03-30 14:04:22', 'img/facture/20160316_001.png'),
('20160316_002', '2016-03-16 22:13:51', 'Chị Châu lấy hàng hộ', 7, '2016-03-30 22:13:51', 'img/facture/20160316_002.png'),
('20160325_001', '2016-03-25 19:34:36', 'Nhờ chị châu lấy hộ ngày 23.3', 9, '2016-04-08 19:34:36', 'img/facture/20160325_001.png'),
('20160328_001', '2016-03-28 20:30:47', 'Nhờ chị Châu lấy hàng hộ', 7, '2016-04-11 20:30:47', 'img/facture/20160328_001.png'),
('20160411_001', '2016-04-11 22:06:46', 'Hàng nhờ chị Châu nhập hộ nhà anh Tuấn', 9, '2016-04-25 22:06:46', 'img/facture/20160411_001.png'),
('20160411_002', '2016-04-11 19:16:49', 'Đôi cao gót trụ hôm trước chị Châu giữ cho khách nhưng khách k lấy nữa', 9, '2016-04-25 19:16:49', 'img/facture/20160411_002.png'),
('20160411_003', '2016-04-11 19:18:01', 'Đôi giày bong nơ hôm trước trả anh Chiến đổi cho đôi mới', 7, '2016-04-25 19:18:01', 'img/facture/20160411_003.png'),
('20160413_001', '2016-04-13 19:49:14', 'Anh Tuấn giao hàng trực tiếp cho shop Bảo ngày 11.4', 9, '2016-04-27 19:49:14', 'img/facture/20160413_001.png'),
('20160413_002', '2016-04-13 23:43:23', 'Nhờ chị Châu lấy hàng xả của A.Dương', 3, '2016-04-27 23:43:23', 'img/facture/20160413_002.png'),
('20160413_003', '2016-04-13 23:44:22', 'Bảo gọi anh Tuấn chuyển hàng thẳng qua cho Bảo', 9, '2016-04-27 23:44:22', 'img/facture/20160413_003.png'),
('20160413_004', '2016-04-13 23:45:10', 'Lấy 1 đôi dưới nhà chị Châu để ship cho khách', 3, '2016-04-27 23:45:10', 'img/facture/20160413_004.png'),
('20160427_001', '2016-04-27 17:02:19', 'Nhập hàng dưới nhà chị Châu lần thứ nhất ngày 25.4', 6, '2016-05-11 17:02:19', 'img/facture/20160427_001.png'),
('20160427_002', '2016-04-27 23:34:43', 'Nhập hàng dưới nhà chị Châu ngày 25.4', 6, '2016-05-11 23:34:43', 'img/facture/20160427_002.png'),
('20160427_003', '2016-04-27 14:33:15', 'nhập hàng nhà chị Châu ngày 26.4', 6, '2016-05-11 14:33:15', 'img/facture/20160427_003.png'),
('20160429_001', '2016-04-29 17:12:13', 'Chị Châu mang hàng lên sáng 28.4', 6, '2016-05-13 17:12:13', 'img/facture/20160429_001.png'),
('20160429_002', '2016-04-29 17:18:49', 'Chị Châu mang hàng lên sáng ngày 28.4', 6, '2016-05-13 17:18:49', 'img/facture/20160429_002.png'),
('20160429_003', '2016-04-29 17:25:48', 'Lấy hàng dưới nhà chị châu tối 28.4 để ship khách', 6, '2016-05-13 17:25:48', 'img/facture/20160429_003.png'),
('20160429_004', '2016-04-29 17:27:41', 'Lấy dưới nhà chị Châu sáng 29.4 cho khách đặt', 6, '2016-05-13 17:27:41', 'img/facture/20160429_004.png'),
('20160429_005', '2016-04-29 16:13:35', 'Lấy dưới nhà chị Châu cho khách tối 29.4', 6, '2016-05-13 16:13:35', 'img/facture/20160429_005.png'),
('20160430_001', '2016-04-30 18:03:28', 'Chị Châu nhập hàng hộ', 7, '2016-05-14 18:03:28', 'img/facture/20160430_001.png'),
('20160430_002', '2016-04-30 21:20:03', 'Lấy dưới nhà chị Châu cho khách', 6, '2016-05-14 21:20:03', 'img/facture/20160430_002.png'),
('20160501_001', '2016-05-01 19:11:53', 'Anh Dương giao hàng Huyền nhận', 3, '2016-05-15 19:11:53', 'img/facture/20160501_001.png'),
('20160501_002', '2016-05-01 19:13:04', 'Lấy dưới nhà chị Châu cho khách', 6, '2016-05-15 19:13:04', 'img/facture/20160501_002.png'),
('20160507_001', '2016-05-07 13:31:10', 'Bảo lấy hàng dưới nhà chị Châu ngày 1.5 nhưng chưa có giá nhập nên không nhập được', 6, '2016-05-21 13:31:10', 'img/facture/20160507_001.png'),
('20160507_002', '2016-05-07 13:31:51', 'bảo lấy ship khách onl chị Ngọc Dung ngày 6.5', 6, '2016-05-21 13:31:51', 'img/facture/20160507_002.png'),
('20160508_001', '2016-05-08 21:54:47', 'Lấy lên cho Thảo thử', 6, '2016-05-22 21:54:47', 'img/facture/20160508_001.png'),
('20160509_001', '2016-05-09 22:16:37', 'Lấy hàng dưới nhà hị châu', 6, '2016-05-23 22:16:37', 'img/facture/20160509_001.png'),
('20160509_002', '2016-05-09 22:18:24', 'Lấy hàng dưới chị châu', 6, '2016-05-23 22:18:24', 'img/facture/20160509_002.png'),
('20160509_003', '2016-05-09 22:19:41', 'Nhập hàng dưới chị châu', 6, '2016-05-23 22:19:41', 'img/facture/20160509_003.png'),
('20160509_004', '2016-05-09 22:20:54', 'nhà hị châu', 6, '2016-05-23 22:20:54', 'img/facture/20160509_004.png'),
('20160510_001', '2016-05-10 12:57:47', 'Nhập nhà chị châu', 6, '2016-05-24 12:57:47', 'img/facture/20160510_001.png'),
('20160510_002', '2016-05-10 13:40:54', 'chi thanh', 6, '2016-05-24 13:40:54', 'img/facture/20160510_002.png'),
('20160510_003', '2016-05-10 13:47:17', '1', 6, '2016-05-24 13:47:17', 'img/facture/20160510_003.png'),
('20160513_001', '2016-05-13 18:07:02', 'Lấy dưới nhà chị châu', 6, '2016-05-27 18:07:02', 'img/facture/20160513_001.png'),
('20160514_001', '2016-05-14 22:35:28', 'chị châu nhập hộ', 9, '2016-05-28 22:35:28', 'img/facture/20160514_001.png'),
('20160514_002', '2016-05-14 17:55:10', 'Lấy dưới nhà c châu cho khách', 6, '2016-05-28 17:55:10', 'img/facture/20160514_002.png'),
('20160515_001', '2016-05-15 21:20:40', 'lấy ship khách', 6, '2016-05-29 21:20:40', 'img/facture/20160515_001.png'),
('20160516_001', '2016-05-16 23:55:25', 'a tuyến giao hàng ho bảo', 10, '2016-05-30 23:55:25', 'img/facture/20160516_001.png'),
('20160516_002', '2016-05-16 23:56:33', 'hị hâu nhập hộ', 7, '2016-05-30 23:56:33', 'img/facture/20160516_002.png'),
('20160519_001', '2016-05-19 17:34:18', 'lấy ship cho khách', 6, '2016-06-02 17:34:18', 'img/facture/20160519_001.png'),
('20160519_002', '2016-05-19 22:06:24', 'Chị Châu lấy hộ', 3, '2016-06-02 22:06:24', 'img/facture/20160519_002.png'),
('20160519_003', '2016-05-19 17:40:39', 'Chị Châu', 6, '2016-06-02 17:40:39', 'img/facture/20160519_003.png'),
('20160523_001', '2016-05-23 19:45:29', 'Lấy dưới nhà chị châu ngày 20.5', 6, '2016-06-06 19:45:29', 'img/facture/20160523_001.png'),
('20160526_001', '2016-05-26 14:12:01', 'Lấy dưới nhà chị châu', 6, '2016-06-09 14:12:01', 'img/facture/20160526_001.png'),
('20160526_002', '2016-05-26 22:10:31', 'Chị Châu lấy hộ', 10, '2016-06-09 22:10:31', 'img/facture/20160526_002.png'),
('20160530_001', '2016-05-30 18:33:46', 'lấy dưới chị Châu cho khách', 6, '2016-06-13 18:33:46', 'img/facture/20160530_001.png'),
('20160531_001', '2016-05-31 17:57:39', 'Lấy dưới chị Châu', 7, '2016-06-14 17:57:39', 'img/facture/20160531_001.png'),
('20160601_001', '2016-06-01 14:16:09', 'Lấy dưới chị Châu cho khách', 6, '2016-06-15 14:16:09', 'img/facture/20160601_001.png'),
('20160605_001', '2016-06-05 17:13:06', 'Bảo lấy hàng, anh Hải giao mẫu nào không thích 1 tuần có thể trả lại', 10, '2016-06-19 17:13:06', 'img/facture/20160605_001.png'),
('20160608_001', '2016-06-08 16:55:55', 'Lấy dưới c châu', 6, '2016-06-22 16:55:55', 'img/facture/20160608_001.png'),
('20160608_002', '2016-06-08 17:31:14', 'Lấy nhà chị châu', 6, '2016-06-22 17:31:14', 'img/facture/20160608_002.png'),
('20160613_001', '2016-06-13 16:26:22', 'Lấy dưới chị Châu', 6, '2016-06-27 16:26:22', 'img/facture/20160613_001.png'),
('20160614_001', '2016-06-14 21:11:51', 'Nhập hàng ngày 13.6, có thể trả hàng trong 1 tuần, thanh toán hóa đơn sau 1 tuần', 10, '2016-06-28 21:11:51', 'img/facture/20160614_001.png'),
('20160614_002', '2016-06-14 21:44:42', 'Lấy dưới chị Châu cho khách', 6, '2016-06-28 21:44:42', 'img/facture/20160614_002.png'),
('20160617_001', '2016-06-17 18:20:18', 'Lấy cho khách', 6, '2016-07-01 18:20:18', 'img/facture/20160617_001.png'),
('20160621_001', '2016-06-21 16:36:27', 'lấy dưới chị châu', 6, '2016-07-05 16:36:27', 'img/facture/20160621_001.png'),
('20160627_001', '2016-06-27 16:12:09', 'Nhập hàng từ ngày 17.6', 7, '2016-07-11 16:12:09', 'img/facture/20160627_001.png'),
('20160627_002', '2016-06-27 16:28:30', 'Nhập hàng lần đầu thanh toán luôn', 11, '2016-07-11 16:28:30', 'img/facture/20160627_002.png'),
('20160707_001', '2016-07-07 22:07:20', 'Anh Minh lấy ship cho chị Loan ngày 3.7', 6, '2016-07-21 22:07:20', 'img/facture/20160707_001.png'),
('20160707_002', '2016-07-07 13:24:41', 'Lấy hàng mới dưới nhà chị Châu', 6, '2016-07-21 13:24:41', 'img/facture/20160707_002.png'),
('20160713_001', '2016-07-13 09:16:19', 'Lấy dưới chị Châu cho khách', 6, '2016-07-27 09:16:19', 'img/facture/20160713_001.png'),
('20160715_001', '2016-07-15 15:38:19', 'Mượn anh Hải 1 tuần, nếu ok thì để bán k thì trả lại', 10, '2016-07-29 15:38:19', 'img/facture/20160715_001.png'),
('20160715_002', '2016-07-15 21:43:15', 'Lấy dưới nhà chị Châu', 6, '2016-07-29 21:43:15', 'img/facture/20160715_002.png'),
('20160715_003', '2016-07-15 20:55:49', 'Lấy của anh Dương, có thể đổi mẫu sau 1 tuần, chưa thanh toán nợ', 3, '2016-07-29 20:55:49', 'img/facture/20160715_003.png'),
('20160715_004', '2016-07-15 21:52:33', 'Lấy cho khách đặt', 6, '2016-07-29 21:52:33', 'img/facture/20160715_004.png');

-- --------------------------------------------------------

--
-- Table structure for table `inout_type`
--

CREATE TABLE IF NOT EXISTS `inout_type` (
  `id` int(11) NOT NULL,
  `name` varchar(45) NOT NULL,
  PRIMARY KEY (`id`)
) ENGINE=InnoDB DEFAULT CHARSET=utf8;

--
-- Dumping data for table `inout_type`
--

INSERT INTO `inout_type` (`id`, `name`) VALUES
(1, 'Thêm tiền'),
(2, 'Rút tiền');

-- --------------------------------------------------------

--
-- Table structure for table `money_inout`
--

CREATE TABLE IF NOT EXISTS `money_inout` (
  `id` int(11) NOT NULL AUTO_INCREMENT,
  `shop_id` int(11) NOT NULL,
  `user_id` int(11) NOT NULL,
  `date` datetime NOT NULL,
  `amount` float NOT NULL DEFAULT '0',
  `description` varchar(255) DEFAULT NULL,
  PRIMARY KEY (`id`),
  KEY `fk_money_inout_shop1_idx` (`shop_id`),
  KEY `fk_money_inout_user1_idx` (`user_id`)
) ENGINE=InnoDB  DEFAULT CHARSET=utf8 AUTO_INCREMENT=345 ;

--
-- Dumping data for table `money_inout`
--

INSERT INTO `money_inout` (`id`, `shop_id`, `user_id`, `date`, `amount`, `description`) VALUES
(1, 1, 3, '2015-10-08 16:10:32', -70, 'lì xì cho khách'),
(2, 1, 3, '2015-10-09 15:39:00', 540, 'Để lại tiền lẻ'),
(3, 1, 3, '2015-10-10 17:17:20', 500, 'Để lại tiền lẻ'),
(4, 1, 3, '2015-10-11 12:47:09', 540, 'Để lại tiền lẻ'),
(5, 1, 3, '2015-10-12 11:29:25', 520, 'để tiền lẻ '),
(6, 1, 3, '2015-10-13 12:50:09', 519, 'để tiền lẻ'),
(7, 1, 3, '2015-10-13 12:53:18', -71, 'mua hoa quả bánh tiền vàng thắp hương mung 1'),
(8, 1, 3, '2015-10-14 11:28:24', 550, 'để tiền lẻ'),
(9, 1, 1, '2015-10-11 18:53:46', -310, 'Hóa đơn số 20151011_017 |  Chị Thơm | online | MẸ | Triệu sơn. phí 25k'),
(10, 1, 3, '2015-10-15 14:32:12', 499, 'để tiền lẻ'),
(11, 1, 3, '2015-10-16 09:36:49', 524, 'để tiền lẻ'),
(12, 1, 1, '2015-10-16 12:48:42', -300, 'Hóa đơn số 20151016_003 |  Hà Huyền bạn Bảo | online | MẸ | Hà Thị Thanh Huyền, Thọ Phú, Triệu Sơn, phí ship 12.5k'),
(13, 1, 1, '2015-10-16 12:54:04', -260, 'Hóa đơn số 20151016_004 |  Minh Thu Bạn Bảo | online | MẸ | Lê Minh Thu, Minh Dân, Triệu Sơn, phí ship 12.5k'),
(14, 1, 3, '2015-10-16 12:59:13', -25, 'phí ship hàng cho Huyển và Thu'),
(15, 1, 3, '2015-10-17 23:15:47', 546, 'để tiền lẻ'),
(16, 1, 3, '2015-10-17 23:16:04', -20, 'mua hoa thắp hương'),
(18, 1, 3, '2015-10-18 11:56:20', 530, 'tiền lẻ'),
(19, 1, 3, '2015-10-19 13:21:11', 705, 'tiền lẻ'),
(20, 1, 3, '2015-10-19 16:19:56', -50, 'mua bánh thắp hương, tỏi để shop, nước'),
(21, 1, 1, '2015-10-20 00:17:04', -300, 'Hóa đơn số 20151020_004 |  Vũ bạn Bảo | online | MẸ | Đôi da miếng xuồng cho mẹ Vũ (phí ship 25k)'),
(22, 1, 3, '2015-10-20 00:17:43', -25, 'phi ship hàng cho Vũ'),
(23, 1, 3, '2015-10-21 09:04:12', 462, 'tien le'),
(24, 1, 3, '2015-10-21 14:59:53', -60, 'Rút tiền mua chổi lau nhà'),
(25, 1, 3, '2015-10-22 10:12:46', 552, 'tien le'),
(26, 1, 3, '2015-10-22 10:13:23', -20, 'mua hoa va banh thap huong'),
(28, 1, 3, '2015-10-23 13:57:39', 552, 'tiền lẻ'),
(29, 1, 3, '2015-10-24 21:09:31', 522, 'tiền lẻ'),
(30, 1, 3, '2015-10-25 13:46:45', 535, 'tiền lẻ'),
(31, 1, 3, '2015-10-26 11:58:16', 550, 'tiền lẻ'),
(32, 1, 3, '2015-10-26 11:58:33', -25, 'mua hoa và quả thắp hương'),
(33, 1, 3, '2015-10-27 15:44:00', 518, 'tiền lẻ'),
(34, 1, 3, '2015-10-27 15:44:30', -42, 'Mua đồ thắp hương rằm'),
(35, 1, 3, '2015-10-28 10:25:26', 561, 'tiền lẻ'),
(36, 1, 3, '2015-10-29 10:37:16', 520, 'tiền lẻ'),
(37, 1, 3, '2015-10-29 10:39:30', -17, 'Mua hoa ly '),
(38, 1, 3, '2015-10-30 10:57:48', -16, 'Mua táo thắp hương'),
(39, 1, 3, '2015-10-30 10:58:09', 543, 'tiền lẻ'),
(40, 1, 3, '2015-10-31 20:12:59', 542, 'tiền lẻ'),
(41, 1, 3, '2015-11-01 10:59:43', -12, 'mua táo'),
(42, 1, 3, '2015-11-01 11:00:09', 576, 'tiền lẻ'),
(43, 1, 1, '2015-11-01 11:20:41', -270, 'Hóa đơn số 20151101_002 |  Chị Đỗ Thuần Phương khách onl của Bảo | online | BẢO | 169 Lê Thánh Tông tp Hạ Long tỉnh Quảng Ninh, phí ship 32k'),
(44, 1, 3, '2015-11-01 11:22:02', -32, 'phí ship hàng cho chị Đỗ Thuần Phương lần 1'),
(45, 1, 1, '2015-11-01 11:24:40', -575, 'Hóa đơn số 20151101_003 |  Chị Đỗ Thuần Phương khách onl của Bảo | online | BẢO | Phí ship hàng lần 2 là 43k/2 đôi'),
(46, 1, 3, '2015-11-01 11:25:57', -43, 'Phi ship hàng cho chị Đỗ Thuần Phương lần 2/ 2 đôi'),
(47, 1, 1, '2015-11-01 11:29:37', -300, 'Hóa đơn số 20151101_004 |  Em Nguyễn Thị Bích Thảo khách onl của Bảo | online | Châu | ĐC: Phòng Công An xã Xuân Quang 3 huyện Đồng Xuân, tỉnh Phú Yên, phí ship 45000'),
(48, 1, 3, '2015-11-01 11:30:11', -45, 'Phí ship hàng cho em Nguyễn Thị Bích Thảo'),
(49, 1, 3, '2015-11-02 15:05:14', -39, 'đổi nước và mua bánh gạo thắp hương'),
(50, 1, 3, '2015-11-02 15:15:21', 924, 'tiền từ hôm qua không rút để lại luôn'),
(51, 1, 3, '2015-11-03 19:20:40', 663, 'tiền lẻ'),
(52, 1, 3, '2015-11-04 12:52:28', 494, 'tiền lẻ'),
(53, 1, 3, '2015-11-05 16:37:53', 524, 'tiền lẻ'),
(54, 1, 1, '2015-11-05 18:37:06', -260, 'Hóa đơn số 20151105_005 |  Em Trần Thị Minh Thương | online | BẢO | Cty vsip Bắc ninh, số 1 hữu nghị kcn Vsip bắc ninh, phù chẩn , từ sơn, bắc ninh - Phí ship 35k '),
(55, 1, 3, '2015-11-05 18:39:01', -35, 'phí ship hàng đi bắc ninh cho em Trần Thị Minh Thương'),
(56, 1, 3, '2015-11-05 18:39:37', -35, 'Mua hoa và táo'),
(57, 1, 1, '2015-11-05 18:44:01', -262, 'Hóa đơn số 20151105_006 |  Chị Đỗ Thuần Phương khách onl của Bảo | online | BẢO | Phí ship hàng lần 3 là 53k'),
(58, 1, 3, '2015-11-05 18:45:35', -53, 'phí ship hàng lần 3 cho chị Đỗ Thuần Phương'),
(59, 1, 3, '2015-11-06 11:20:03', 514, 'tiên lẻ'),
(60, 1, 3, '2015-11-06 20:32:36', -20, 'mua giấy gói hàng'),
(61, 1, 3, '2015-11-07 13:32:34', 824, 'tiền lẻ'),
(62, 1, 1, '2015-11-07 14:31:42', -300, 'Hóa đơn số 20151107_003 |  Chị Đinh Thị Loan | online | Châu | Thôn An Cư 1, xã Đức Xương, huyện Gia Lộc, tỉnh Hải Dương. Phí ship 43k'),
(63, 1, 1, '2015-11-07 14:35:08', -580, 'Hóa đơn số 20151107_004 |  Quỳnh Maruko bạn Bảo | online | BẢO | Đặng Đức Giang, thôn Sỏi, Quảng Thanh, Thủy Nguyên, Hải Phòng. Phí ship 18k'),
(64, 1, 1, '2015-11-07 14:37:53', -600, 'Hóa đơn số 20151107_005 |  Chị Đỗ Thuần Phương khách onl của Bảo | online | BẢO | Phí ship hàng lần 4 là 18k'),
(65, 1, 3, '2015-11-07 14:38:39', -79, 'phí ship hàng cho chị Đỗ Thuần Phương, Quỳnh Maruko và chị Đinh Thị Loan'),
(66, 1, 3, '2015-11-08 10:33:29', 770, 'tiền lẻ'),
(67, 1, 3, '2015-11-09 17:18:41', 490, 'tiền lẻ'),
(68, 1, 3, '2015-11-10 10:52:58', 490, 'tiền lẻ'),
(69, 1, 3, '2015-11-11 11:55:08', 540, 'tiền lẻ'),
(70, 1, 3, '2015-11-12 17:08:23', 500, 'tiền lẻ'),
(71, 1, 3, '2015-11-13 15:01:40', 483, 'tiền lẻ'),
(72, 1, 3, '2015-11-14 14:56:46', 448, 'tien le'),
(73, 1, 3, '2015-11-15 11:40:50', 533, 'tiền lẻ'),
(74, 1, 3, '2015-11-16 00:04:47', 565, 'tiền lẻ'),
(75, 1, 2, '2015-11-17 11:19:18', 340, 'thêm tiền lẻ'),
(76, 1, 3, '2015-11-18 10:51:41', 535, 'tiền lẻ'),
(77, 1, 3, '2015-11-19 20:55:55', 575, 'tiền lẻ'),
(78, 1, 3, '2015-11-20 21:50:19', 425, 'tiền lẻ'),
(79, 1, 3, '2015-11-21 12:31:56', 730, 'tiền từ hôm qua chuyển sang'),
(80, 1, 3, '2015-11-22 22:13:25', 585, 'tiền lẻ'),
(81, 1, 3, '2015-11-23 23:25:18', 415, 'tiền lẻ'),
(82, 1, 3, '2015-11-24 23:37:28', 560, 'tiền lẻ'),
(83, 1, 1, '2015-11-24 10:56:51', -265, 'Hóa đơn số 20151124_002 |  Linh Giang bạn Bảo  | online | MẸ | Triệu Sơn - Thanh Hóa'),
(84, 1, 3, '2015-11-25 22:11:01', 530, 'tiền lẻ'),
(85, 1, 1, '2015-11-25 14:40:43', -280, 'Hóa đơn số 20151125_001 |  Chị Đỗ Thuần Phương khách onl của Bảo | online | VIETINBANK BAO | 169 Lê Thánh Tông, tp Hạ Long, tỉnh Quảng Ninh'),
(86, 1, 3, '2015-11-26 21:08:29', 585, 'tiền lẻ'),
(87, 1, 3, '2015-11-27 18:12:09', 885, 'tiền lẻ hôm qua để lại luôn'),
(89, 1, 3, '2015-11-28 22:57:17', 555, 'tiền lẻ'),
(90, 1, 1, '2015-11-28 18:29:17', -400, 'Hóa đơn số 20151128_007 |  Chị Hoàng Thị Tường Vy  | online | COD bưu điện  | 189 Đinh Tiên Hoàng, phường Tự An, TP Buôn Ma Thuột, tỉnh Đăk Lăk'),
(92, 1, 3, '2015-11-29 23:27:59', 725, 'tiền lẻ'),
(93, 1, 3, '2015-11-30 22:05:29', 575, 'tiền lẻ'),
(94, 1, 3, '2015-12-01 22:18:06', 745, 'tiền lẻ'),
(95, 1, 3, '2015-12-02 12:52:55', 535, 'tiền lẻ'),
(96, 1, 3, '2015-12-03 22:54:18', 525, 'tiền lẻ'),
(97, 1, 3, '2015-12-04 22:46:11', 565, 'tiền lẻ'),
(98, 1, 3, '2015-12-05 22:51:06', 515, 'tiền lẻ'),
(100, 1, 3, '2015-12-06 00:32:49', 450, 'tiền lẻ'),
(101, 1, 3, '2015-12-07 22:51:06', 400, 'tiền lẻ'),
(102, 1, 3, '2015-12-08 13:33:53', 720, 'tiền lẻ'),
(103, 1, 3, '2015-12-09 23:15:38', 630, 'tiền lẻ'),
(104, 1, 3, '2015-12-10 11:02:38', 500, 'thêm tiền'),
(105, 1, 3, '2015-12-11 00:31:52', 680, 'tiền lẻ'),
(106, 1, 3, '2015-12-12 15:51:13', 460, 'tiền lẻ'),
(107, 1, 1, '2015-12-12 16:04:09', -520, 'Hóa đơn số 20151212_003 |  Em Nguyễn Thúy khách onl của Bảo | online | VIETINBANK BAO | Thị trấn Dân Lực Triệu Sơn'),
(108, 1, 1, '2015-12-12 23:59:44', -510, 'Hóa đơn số 20151212_010 |  Chị Vân Anh | online | Anh Minh | Số 2, ngách 2/49 Định Công Thượng'),
(109, 1, 3, '2015-12-13 00:14:09', 500, 'tiền lẻ'),
(110, 1, 3, '2015-12-14 23:21:56', 645, 'tiền lẻ'),
(111, 1, 3, '2015-12-15 23:01:20', 575, 'tiền lẻ'),
(113, 1, 1, '2015-12-15 23:22:10', -420, 'Hóa đơn số 20151215_008 |  Chị Nguyễn Hằng fb Hang Nguyen fb Bảo | online | VIETINBANK BAO | Tòa nhà 319 63 Lê Văn Lương'),
(114, 1, 3, '2015-12-16 23:27:50', 545, 'tiền lẻ'),
(115, 1, 3, '2015-12-17 13:15:41', 585, 'tiền lẻ'),
(116, 1, 3, '2015-12-18 14:11:22', 595, 'tiền lẻ'),
(117, 1, 3, '2015-12-19 12:52:46', 555, 'tiền lẻ'),
(118, 1, 3, '2015-12-20 21:05:51', 555, 'tiền lẻ'),
(119, 1, 3, '2015-12-22 13:43:07', 555, 'tiền lẻ'),
(121, 1, 1, '2015-12-12 15:28:24', -356, 'Hóa đơn số 20151212_012 A Minh lấy ( )'),
(124, 1, 1, '2015-12-22 16:27:49', -335, 'Hóa đơn số 20151222_004 Bảo lấy ( )'),
(125, 1, 1, '2015-12-22 16:35:06', -950, 'Hóa đơn số 20151222_005 |  Chị Đỗ Thuần Phương khách onl của Bảo | online | VIETINBANK BAO | 169 Lê Thánh Tông, TP Hạ Long, tỉnh Quảng Ninh'),
(126, 1, 1, '2015-12-15 16:43:41', -350, 'Hóa đơn số 20151215_010 |  Chị Nguyễn Hằng fb Hang Nguyen fb Bảo | online | VIETINBANK BAO | Tòa nhà 319 63 Lê Văn Lương'),
(127, 1, 3, '2015-12-23 11:48:12', 440, 'tiền lẻ'),
(128, 1, 1, '2015-12-23 13:36:29', -700, 'Hóa đơn số 20151223_003 |  Hòa bạn Bảo  | online | MẸ | Xóm 6 Minh Dân Triệu Sơn Thanh Hóa'),
(129, 1, 3, '2015-12-24 12:28:06', 430, 'tiền lẻ'),
(130, 1, 3, '2015-12-25 14:57:08', 340, 'tiền lẻ'),
(131, 1, 3, '2015-12-26 21:28:43', 536, 'tiền lẻ'),
(133, 1, 3, '2015-12-27 21:26:37', 711, 'tiền lẻ'),
(134, 1, 3, '2015-12-28 14:43:51', 341, 'tiền lẻ'),
(135, 1, 3, '2015-12-29 21:25:00', 466, 'tiền lẻ'),
(136, 1, 3, '2015-12-31 13:32:03', 326, 'tiền lẻ'),
(137, 1, 3, '2015-12-30 13:36:38', 1756, 'tiền bán hàng ngày 29 để lại k rút '),
(138, 1, 3, '2016-01-01 13:00:12', 521, 'tiền lẻ'),
(139, 1, 3, '2016-01-02 12:34:53', 311, 'tiền lẻ'),
(140, 1, 3, '2016-01-02 20:25:46', -30, 'Rút đưa anh Minh đi gửi hàng '),
(141, 1, 1, '2016-01-02 21:22:11', -250, 'Hóa đơn số 20160102_011 |  Em Hoài khách onl của Bảo  | online | MẸ | Minh Dân - Triệu Sơn '),
(142, 1, 3, '2016-01-03 23:14:36', 646, 'tiền bán hàng trong ngày '),
(143, 1, 3, '2016-01-04 15:49:17', 626, 'tiền lẻ'),
(144, 1, 1, '2016-01-04 16:50:29', -250, 'Hóa đơn số 20160104_004 |  Chị Thơm | online | MẸ | Triệu Sơn, Thanh Hóa '),
(145, 1, 3, '2016-01-05 13:17:34', 656, 'tiền lẻ'),
(146, 1, 3, '2016-01-06 12:50:44', 416, 'tiền lẻ'),
(148, 1, 3, '2016-01-07 12:27:46', 411, 'tiền lẻ'),
(149, 1, 1, '2016-01-08 11:48:41', -300, 'Hóa đơn số 20160108_002 |  Bạn Đinh Thị Hương Giang  | online | COD bưu điện  | Trường Tiểu học Minh Cường, Thường Tín, Hà Nội '),
(150, 1, 1, '2016-01-08 11:50:29', -250, 'Hóa đơn số 20160108_003 |  Em Hoài khách onl của Bảo  | online | MẸ | Xóm 1 Minh Dân Triệu Sơn Thanh Hóa '),
(151, 1, 3, '2016-01-08 11:59:24', 306, 'tiền lẻ'),
(152, 1, 3, '2016-01-09 11:08:49', 461, 'tiền lẻ'),
(153, 1, 1, '2016-01-09 18:47:12', -285, 'Hóa đơn số 20160109_004 |  Chị Nguyễn Thị Hồi khách onl của Bảo  | online | COD bưu điện  | Minh Lộc - Thành Minh - Thạch Thành - Thanh Hóa '),
(154, 1, 3, '2016-01-10 10:43:06', 526, 'tiền lẻ'),
(155, 1, 3, '2016-01-17 23:12:33', 345, 'tiền lẻ'),
(156, 1, 3, '2016-01-18 00:47:17', 655, 'tiền lẻ'),
(157, 1, 1, '2016-01-18 11:47:34', -300, 'Hóa đơn số 20160118_002 |  Chị Nguyễn Thị Hồi khách onl của Bảo  | online | COD bưu điện  | minh lộc thành minh thạch thành thanh hóa '),
(158, 1, 1, '2016-01-18 11:48:39', -300, 'Hóa đơn số 20160118_003 |  Chị Bùi Thị Yến  | online | COD bưu điện  | Thôn bảo tháp, xã đông cứu, gia bình, bắc ninh'),
(159, 1, 1, '2016-01-18 11:50:59', -300, 'Hóa đơn số 20160118_004 |  Em Vũ Thị Ngân  | online | COD bưu điện  | Công ty TNHH Smart Shirts, Phù Ủng, Ân Thi, Hưng Yên '),
(160, 1, 1, '2016-01-18 11:53:08', -425, 'Hóa đơn số 20160118_005 |  Bạn Phạm Thị Hương khách onl của Bảo  | online | COD bưu điện  | Phạm thị hương(con mẹ Mậu) xóm 6- xuân vinh-xuân trường- nam định\n'),
(165, 1, 3, '2016-01-19 23:12:58', 680, 'tiền lẻ'),
(166, 1, 3, '2016-01-20 23:21:21', 690, 'tiền lẻ'),
(167, 1, 3, '2016-01-21 22:45:21', 505, 'tiền lẻ'),
(168, 1, 3, '2016-01-22 22:05:23', 595, 'tiền lẻ'),
(169, 1, 3, '2016-01-23 22:42:07', 735, 'tiền lẻ'),
(170, 1, 3, '2016-01-24 23:28:11', 750, 'tiền lẻ'),
(171, 1, 3, '2016-01-25 12:53:54', 440, 'tiền lẻ'),
(172, 1, 3, '2016-01-26 17:36:09', 500, 'tiền lẻ'),
(173, 1, 3, '2016-01-27 11:29:53', 795, 'tiền lẻ và tiền bán hàng từ hôm qua chuyển sang '),
(174, 1, 3, '2016-01-28 12:06:07', 770, 'tiền lẻ'),
(175, 1, 1, '2016-01-28 18:32:29', -510, 'Hóa đơn số 20160128_005 |  Chị Trần Thị Hòa khách onl  | online | COD bưu điện  | khu 9 chu hoá, việt trì, phú thọ'),
(176, 1, 1, '2016-01-28 18:33:39', -510, 'Hóa đơn số 20160128_006 |  Chị Trần Thị Huyền  | online | COD bưu điện  | Điện Lực Sơn La, tổ 10 phường Chiến Thằng, TP Sơn La '),
(178, 1, 3, '2016-01-29 19:50:34', 680, 'tiền lẻ'),
(179, 1, 3, '2016-01-30 12:23:47', 620, 'tiền lẻ'),
(180, 1, 3, '2016-01-30 14:38:51', -780, 'Chị Phương trả váy, shop trả lại tiền '),
(182, 1, 1, '2016-01-30 14:41:13', -270, 'Hóa đơn số 20160130_007 |  Chị Đỗ Thuần Phương khách onl của Bảo | online | VIETINBANK BAO | 169 Lê Thánh Tông, Tp Hạ Long, tỉnh Quảng Ninh '),
(183, 1, 1, '2016-01-30 14:45:26', -830, 'Hóa đơn số 20160130_008 |  Chị Lê Thị Quý khách onl của Bảo  | online | COD bưu điện  | Thôn 3 Hoằng Lý TP Thanh Hóa '),
(184, 1, 3, '2016-01-31 22:36:22', 665, 'tiền lẻ'),
(185, 1, 3, '2016-02-01 14:01:23', 540, 'tiền lẻ'),
(186, 1, 3, '2016-02-01 19:21:08', -495, 'Hóa đơn số 20160201_007 Bảo lấy ( Hàng lỗi khách đổi lại Bảo lấy mặc )'),
(187, 1, 3, '2016-02-01 19:22:01', -266, 'Hóa đơn số 20160201_008 Bảo lấy ( )'),
(188, 1, 3, '2016-02-02 13:11:57', 550, 'tiền lẻ'),
(189, 1, 3, '2016-02-02 17:33:35', -288, 'Hóa đơn số 20160202_012 Bảo lấy ( )'),
(190, 1, 3, '2016-02-02 19:52:42', -626, 'Hóa đơn số 20160202_017 Bảo lấy ( )'),
(191, 1, 3, '2016-02-03 13:47:16', 340, 'tiền lẻ'),
(192, 1, 3, '2016-02-04 12:18:29', 615, 'tiền lẻ'),
(193, 1, 3, '2016-02-26 17:26:33', 500, 'tiền lẻ'),
(194, 1, 1, '2016-02-16 17:08:09', -400, 'Lì xì cho khách hôm mở hàng '),
(195, 1, 1, '2016-02-29 17:20:30', -270, 'Hóa đơn số 20160229_001 |  Em Đỗ Mai Quyên khách onl của Bảo  | online | Vietcombank Bao  | Thôn Yên Lãng xã Yên Trung huyện Yên Phong tỉnh Bắc Ninh'),
(196, 1, 3, '2016-03-01 19:33:40', 540, 'tiền lẻ'),
(197, 1, 3, '2016-03-05 11:12:04', 530, 'tiền lẻ'),
(198, 1, 3, '2016-03-07 13:08:45', 510, 'tiền lẻ'),
(199, 1, 3, '2016-03-08 13:13:45', 540, 'Tiền lẻ '),
(200, 1, 3, '2016-03-09 13:00:21', 345, 'tiền lẻ'),
(201, 1, 3, '2016-03-10 10:44:29', 360, 'tiền lẻ'),
(202, 1, 3, '2016-03-11 15:32:29', 450, 'tiền lẻ '),
(203, 1, 3, '2016-03-12 13:28:59', 495, 'tiền lẻ'),
(204, 1, 3, '2016-03-13 16:38:34', 360, 'tiền lẻ'),
(205, 1, 3, '2016-03-16 13:59:16', 450, 'tiền lẻ'),
(206, 1, 3, '2016-03-17 11:53:22', 150, 'tiền lẻ'),
(207, 1, 3, '2016-03-18 11:34:47', 450, 'tiền lẻ'),
(208, 1, 3, '2016-03-19 20:51:40', 440, 'tiền lẻ'),
(209, 1, 3, '2016-03-20 19:14:10', 405, 'tiền lẻ '),
(210, 1, 3, '2016-03-21 17:24:08', 500, 'tiền lẻ'),
(211, 1, 3, '2016-03-22 16:42:25', 445, 'tiền lẻ'),
(212, 1, 3, '2016-03-23 19:38:49', 445, 'tiền lẻ'),
(213, 1, 3, '2016-03-24 23:46:28', 570, 'tiền lẻ'),
(214, 1, 3, '2016-03-25 19:36:49', 600, 'Tiền bán hàng hôm qua để lại '),
(215, 1, 3, '2016-03-26 17:19:50', 585, 'tiền lẻ'),
(216, 1, 3, '2016-03-27 17:27:47', 490, 'tiền lẻ'),
(217, 1, 3, '2016-03-28 17:31:15', 565, 'tiền lẻ'),
(218, 1, 3, '2016-03-29 16:42:36', 350, 'tiền lẻ'),
(219, 1, 3, '2016-03-30 11:18:09', 180, 'tiền lẻ'),
(220, 1, 3, '2016-03-31 15:37:42', 585, 'tiền lẻ'),
(221, 1, 3, '2016-04-01 18:57:12', 370, 'tiền lẻ'),
(222, 1, 3, '2016-04-02 20:30:39', 540, 'tiền lẻ'),
(223, 1, 3, '2016-04-03 16:38:08', 475, 'tiền lẻ'),
(224, 1, 3, '2016-04-04 20:22:25', 685, 'tiền lẻ'),
(225, 1, 3, '2016-04-07 20:21:31', -52, 'Nhờ em Lương mua bánh và hoa quả thắp hương '),
(226, 1, 3, '2016-04-12 19:53:16', 555, 'tiền lẻ'),
(227, 1, 3, '2016-04-13 19:54:03', 155, 'tiền lẻ'),
(228, 1, 3, '2016-04-14 16:34:10', 500, 'Tiền lẻ'),
(229, 1, 3, '2016-04-15 12:39:36', 485, 'tiền lẻ'),
(230, 1, 3, '2016-04-16 18:22:07', 450, 'tiền lẻ'),
(231, 1, 3, '2016-04-17 18:30:38', 420, 'tiền lẻ'),
(232, 1, 3, '2016-04-18 18:31:26', 450, 'tiền lẻ'),
(233, 1, 3, '2016-04-19 17:24:56', 405, 'tiền lẻ'),
(234, 1, 1, '2016-04-19 17:26:27', -350, 'Hóa đơn số 20160419_003 |  Chị Đỗ Thuần Phương khách onl của Bảo | online | Vietcombank Bao  | 169 Lê Thánh Tông, TP Hạ Long, tỉnh Quảng Ninh'),
(235, 1, 3, '2016-04-20 20:02:29', 440, 'tiền lẻ'),
(236, 1, 3, '2016-04-21 17:38:16', 400, 'tiền lẻ'),
(237, 1, 3, '2016-04-22 17:38:30', 400, 'tiền lẻ'),
(238, 1, 3, '2016-04-23 19:22:07', 585, 'tiền lẻ'),
(239, 1, 3, '2016-04-25 21:33:07', 500, 'tiền lẻ'),
(240, 1, 3, '2016-04-24 21:35:13', 425, 'tiền lẻ'),
(241, 1, 3, '2016-04-27 17:26:00', 505, 'tiền lẻ'),
(242, 1, 3, '2016-04-28 17:24:44', 605, 'tiền lẻ'),
(243, 1, 3, '2016-04-29 14:28:19', 665, 'tiền lẻ'),
(244, 1, 3, '2016-04-30 22:07:51', 625, 'tiền lẻ'),
(245, 1, 3, '2016-04-30 21:12:59', -60, 'đưa Lương lấy gạo '),
(246, 1, 3, '2016-05-01 21:17:52', 505, 'thêm tiền '),
(247, 1, 3, '2016-05-04 20:21:55', 500, 'tiền lẻ'),
(248, 1, 3, '2016-05-05 19:18:27', 725, 'tiền lẻ'),
(249, 1, 3, '2016-05-06 01:06:54', 725, 'tiền lẻ'),
(250, 1, 1, '2016-05-07 01:13:27', -290, 'Hóa đơn số 20160507_002 |  Chị Nguyễn Thị Hương Giang  | online | Vietcombank Bao  | Số 105A, đường Nguyễn Thị Minh Khai, thành phố Vinh, Nghệ An'),
(251, 1, 3, '2016-05-07 01:14:04', 725, 'tiền lẻ'),
(252, 1, 1, '2016-05-07 13:39:17', -475, 'Hóa đơn số 20160507_004 |  Chị Chu Thị Ngọc Dung  | online | Châu | Trường PTDTBT THCS Sủng Trà, Mèo Vạc, Hà Giang '),
(253, 1, 1, '2016-05-07 18:48:47', -279, 'Hóa đơn số 20160507_007 Bảo lấy ( )'),
(254, 1, 3, '2016-05-09 22:10:31', 60, 'thêm 560k tiền lẻ'),
(255, 1, 3, '2016-05-10 17:38:15', -120, 'chỉ để lại 380k tiền lẻ chứ k phải 500k '),
(256, 1, 3, '2016-05-12 18:32:35', -40, 'chỉ để lại 460k chứ k phải 500k '),
(257, 1, 1, '2016-05-13 18:03:46', -260, 'Hóa đơn số 20160513_002 |  Chị Nguyễn Thị Hồi khách onl của Bảo  | online | COD bưu điện  | thanh hóa '),
(258, 1, 3, '2016-05-13 21:26:00', -70, 'hỉ để lại 430k chứ k phải 500k '),
(259, 1, 3, '2016-05-14 21:29:03', -55, 'hỉ để lại 445k hứ k phải 500k '),
(260, 1, 1, '2016-05-13 21:30:54', -260, 'Hóa đơn số 20160513_004 |  Hòa bạn Bảo  | online | MẸ | minh dân '),
(261, 1, 3, '2016-05-15 13:24:54', 30, 'để lại 530k chứ k phải 500k '),
(262, 1, 3, '2016-05-16 23:58:18', -10, 'để lại 490k k phải 500k'),
(263, 1, 3, '2016-05-17 18:57:00', 450, 'thêm tiền'),
(264, 1, 3, '2016-05-18 21:45:26', 420, 'tiền lẻ'),
(265, 1, 3, '2016-05-19 17:15:57', 520, 'tiền lẻ'),
(266, 1, 1, '2016-05-19 19:06:37', -270, 'Hóa đơn số 20160519_004 Bảo lấy ( )'),
(267, 1, 1, '2016-05-20 21:00:11', -440, 'Hóa đơn số 20160520_002 |  Chị Chu Thị Ngọc Dung khah onl of Bảo  | online | Châu | Hà Giang '),
(268, 1, 1, '2016-05-20 21:02:21', -235, 'Hóa đơn số 20160520_003 |   lê văn sanh fb Lê Bình khah onl of Bảo  | online | COD bưu điện  | thôn Nhữ Xá 1,xã hoằng anh,Tp Thanh Hóa '),
(269, 1, 1, '2016-05-20 21:03:48', -380, 'Hóa đơn số 20160520_004 |  Em Hoài khách onl của Bảo  | online | MẸ | Triệu Sơn'),
(270, 1, 3, '2016-05-20 21:06:32', 370, 'tiền lẻ'),
(271, 1, 3, '2016-05-23 19:54:29', 510, 'tiền lẻ'),
(272, 1, 3, '2016-05-24 13:41:35', 500, 'tiền lẻ'),
(273, 1, 3, '2016-05-25 21:23:54', 460, 'tiền lẻ '),
(274, 1, 3, '2016-05-26 14:25:06', 660, 'tiền lẻ'),
(275, 1, 3, '2016-05-27 11:17:46', 400, 'tiền lẻ'),
(276, 1, 3, '2016-05-28 11:50:11', 540, 'tiền  lẻ'),
(277, 1, 3, '2016-05-29 16:05:05', 780, 'tiền hôm qua để lại'),
(279, 1, 1, '2016-05-30 16:35:56', -400, 'Hóa đơn số 20160530_002 |  chị Thủy khách onl của bảo  | online | COD bưu điện  | Bưu điện chợ sấu. Dương liễu hoài đức hà nội'),
(280, 1, 1, '2016-05-29 16:40:47', -360, 'Hóa đơn số 20160529_006 |  Thảo hải dương bạn Bảo  | online | Vietcombank Bao  | xala hà đông '),
(281, 1, 3, '2016-05-30 16:43:11', 485, 'tiền lẻ'),
(282, 1, 3, '2016-05-31 15:11:42', 540, 'tiền lẻ'),
(283, 1, 1, '2016-06-01 14:17:18', -270, 'Hóa đơn số 20160601_001 |  Chị Lê Thị Quý khách onl của Bảo  | online | COD bưu điện  | Thôn 3 Hoằng Lý TP Thanh Hóa '),
(284, 1, 1, '2016-06-01 14:19:32', -350, 'Hóa đơn số 20160601_003 |  Thùy Linh bạn Bảo | online | COD bưu điện  | TP Thanh Hóa '),
(285, 1, 3, '2016-06-01 14:20:21', 440, 'tiền lẻ'),
(286, 1, 1, '2016-06-01 16:52:00', -100, 'Hóa đơn số 20160601_005 |  chị Thủy khách onl của bảo  | online | COD bưu điện  | hoài đức hà nội '),
(288, 1, 3, '2016-06-02 17:06:53', 250, 'tiênf lẻ'),
(289, 1, 3, '2016-06-03 18:48:32', 475, 'tiền lẻ'),
(290, 1, 3, '2016-06-04 18:22:43', 775, 'tiền bán hàng hôm qua hôm kia để lại'),
(291, 1, 1, '2016-06-04 18:41:35', -290, 'Hóa đơn số 20160604_002 |  Lê Thị Thu Trinh khách onl của Bảo  | online | COD bưu điện  | Xóm Đông. Thôn Xuân Nộn. xã Xuân Nộn. Đông Anh. Hà Nội'),
(292, 1, 3, '2016-06-05 10:11:04', 560, 'tiền lẻ để lại'),
(293, 1, 3, '2016-06-06 16:25:00', 535, 'thêm tiền'),
(294, 1, 3, '2016-06-07 15:34:49', 455, 'tiền lẻ'),
(295, 1, 3, '2016-06-08 15:39:01', 500, 'tiền lẻ'),
(297, 1, 3, '2016-06-09 15:31:06', 375, 'tiền lẻ '),
(298, 1, 1, '2016-06-09 18:10:30', -380, 'Hóa đơn số 20160609_003 |  Chị Mai  | online | Vietcombank Bao  | Bạn anh Minh '),
(299, 1, 3, '2016-06-11 15:23:18', 275, 'tiền lẻ'),
(300, 1, 3, '2016-06-10 15:23:32', 275, 'tiền lẻ'),
(301, 1, 3, '2016-06-12 16:05:57', 555, 'tiền lẻ'),
(303, 1, 3, '2016-06-13 15:37:05', 845, 'tiền hô qua để lại'),
(304, 1, 3, '2016-06-14 15:44:19', 500, 'tiền lẻ'),
(305, 1, 3, '2016-06-15 15:49:02', 550, 'tiền lẻ '),
(306, 1, 1, '2016-06-15 16:12:59', -500, 'Hóa đơn số 20160615_002 |  Ánh bạn Bảo | online | BIDV Bảo  | Đồng Nai '),
(307, 1, 3, '2016-06-16 16:21:10', 520, 'tiền lẻ'),
(308, 1, 3, '2016-06-17 15:16:23', 465, 'tiền lẻ'),
(309, 1, 3, '2016-06-18 14:26:14', 445, 'tiền lẻ'),
(310, 1, 3, '2016-06-19 17:54:57', 525, 'tiền lẻ'),
(311, 1, 1, '2016-06-19 18:48:35', -234, 'Hóa đơn số 20160619_003 Bảo lấy ( )'),
(312, 1, 3, '2016-06-20 21:53:00', 575, 'tiền lẻ'),
(313, 1, 3, '2016-06-21 16:49:49', 825, 'tiền hôm qua để lại '),
(314, 1, 3, '2016-06-22 19:06:30', 585, 'tiền lẻ'),
(315, 1, 3, '2016-06-23 12:56:55', 585, 'tiền lẻ'),
(316, 1, 3, '2016-06-27 16:02:29', 250, 'tiền lẻ '),
(317, 1, 3, '2016-06-29 19:03:38', 210, 'tiền lẻ'),
(318, 1, 3, '2016-06-30 16:21:50', 550, 'tiền lẻ'),
(319, 1, 3, '2016-07-01 17:18:41', 825, 'tiền lẻ'),
(320, 1, 3, '2016-07-02 14:11:23', 615, 'tiền lẻ'),
(321, 1, 3, '2016-07-02 14:12:12', -220, 'Dặn e Huyền thanh toán tiền biển ho ANh Hưởng '),
(322, 1, 3, '2016-07-02 14:12:59', -360, 'E Huyền rút '),
(323, 1, 3, '2016-07-03 14:15:18', 855, 'tiền lẻ'),
(324, 1, 3, '2016-07-04 14:16:15', 600, 'tiền lẻ'),
(325, 1, 3, '2016-07-07 12:02:47', 600, 'tiền lẻ'),
(326, 1, 3, '2016-07-08 17:37:36', 570, 'tiền lẻ'),
(327, 1, 3, '2016-07-09 18:23:53', 610, 'tiền lẻ'),
(328, 1, 1, '2016-07-09 19:50:59', -250, 'Hóa đơn số 20160709_002 |  Mẹ chuyển khách ở quê  | online | MẸ | Minh Dân '),
(329, 1, 3, '2016-07-10 17:16:43', 670, 'tiền lẻ'),
(330, 1, 3, '2016-07-12 17:53:24', 650, 'tiền lẻ'),
(331, 1, 3, '2016-07-13 17:34:07', 420, 'tiền lẻ'),
(332, 1, 1, '2016-07-13 21:33:43', -350, 'Hóa đơn số 20160713_005 |  Thảo bạn Bảo | online | Vietcombank Bao  | hà Nội '),
(333, 1, 3, '2016-07-14 18:00:09', 40, 'tiền lẻ'),
(335, 1, 1, '2016-07-12 15:49:46', -170, 'Hóa đơn số 20160712_002 |  Minh Thu Bạn Bảo | online | COD bưu điện  | Thanh Hóa '),
(337, 1, 1, '2016-07-16 14:30:29', -250, 'Hóa đơn số 20160716_003 |  Em Hoài khách onl của Bảo  | online | MẸ | Minh Dân '),
(339, 1, 1, '2016-07-16 14:33:05', -700, 'Hóa đơn số 20160716_004 |  Chị Hiền khách onl of Bảo  | online | COD bưu điện  | Triệu sơn '),
(340, 1, 3, '2016-07-17 13:05:00', 425, 'tiền lẻ'),
(341, 1, 3, '2016-07-18 14:26:26', 875, 'tiền hôm qua để lại'),
(342, 1, 3, '2016-07-19 15:12:47', 645, 'tiền lẻ'),
(343, 1, 1, '2016-07-19 15:15:50', -790, 'Hóa đơn số 20160719_001 |  Chị Đỗ Thuần Phương khách onl của Bảo | online | Vietcombank Bao  | Quảng Ninh'),
(344, 1, 3, '2016-07-20 18:11:20', 645, 'tiền lẻ');

-- --------------------------------------------------------

--
-- Table structure for table `news`
--

CREATE TABLE IF NOT EXISTS `news` (
  `id` int(11) NOT NULL AUTO_INCREMENT,
  `description` varchar(1000) DEFAULT NULL,
  `date` datetime DEFAULT NULL,
  `shop_id` int(11) NOT NULL,
  `user_id` int(11) NOT NULL,
  PRIMARY KEY (`id`),
  KEY `fk_news_shop1_idx` (`shop_id`),
  KEY `fk_news_user1_idx` (`user_id`)
) ENGINE=InnoDB  DEFAULT CHARSET=utf8 AUTO_INCREMENT=36 ;

--
-- Dumping data for table `news`
--

INSERT INTO `news` (`id`, `description`, `date`, `shop_id`, `user_id`) VALUES
(13, 'ngày 22/1: Lấy 1 áo mã 0114 phao béo Aber + 1 áo 0144 phao nam Uniqlo có mũ -> A Duệ reviewed', '2016-01-26 12:41:22', 1, 1),
(14, 'Chuyển về 1 đôi mã 0074 _ giày da cừu size 37 đen cho chị Châu bán -> A Duệ reviewed', '2016-01-26 12:41:15', 1, 1),
(15, 'Ngày 23/1 nhập 3c 0144, 3c 0114, 1c 0119. Đưa về 1c 0129 lỗi và 1c 0118 chuyển chị Châu bán -> A Duệ reviewed', '2016-01-26 12:41:10', 1, 1),
(16, 'Hàng nhập xuất 2 hôm qua và hôm nay em đã nhập máy xong, trên neww cũng có, anh xem giúp em trên new của shop anh xem có khớp không anh nhé, không tầm này nhập xuất nhiều để lâu nhân viên quên mất hix-> A Duệ reviewed\n', '2016-01-26 12:41:06', 1, 1),
(17, 'Ngay 24/1: nhap 1c 0144, tra ve 2c 0112, 1c 0137 cho chi Chau ban -> A Duệ reviewed', '2016-01-26 12:40:59', 1, 1),
(19, 'Ngày 25/1: nhập 0073 1c, 0119 3c, 0112 1c, 0137 3c, 0144 1c, 0127 1c, 0114 1c-> A Duệ reviewed', '2016-01-26 12:40:53', 1, 1),
(20, 'Ngày 25/1 chuyển về cho chị Châu bán: 0137 2c, 0136 1c, 0127 2c, 0115 1c, 0120 1c, 0114 2c, 0117 2c, 0119 3c -> A Duệ reviewed', '2016-01-26 12:40:45', 1, 1),
(21, 'Ngày 27/1: Nhập: 0119 1c xanh lá, 0112 1c đen, 0127 1c tím , 0118 2c vàng nghệ-> OK', '2016-01-31 03:52:34', 1, 1),
(22, 'Ngày 27/1: Trả: 0144 1c rêu khói cho chị Châu bán -> OK', '2016-01-31 03:52:27', 1, 1),
(23, 'Ngày 28/1: Nhập: 0114 1c hồng tím, 0115 1c tím than -> OK', '2016-01-31 03:52:21', 1, 1),
(24, 'Ngày 29/1: Chuyển về: 0112 1c hồng L, 0118 1kem L, 0114 1than M, 0119 1vàng chanh XL, 0120 1 nâu đậm M, 0132 1 hồng M -> OK', '2016-01-31 03:52:14', 1, 1),
(25, 'Ngày 30/1: Nhập : 0130 1c xanh, 0122 2c đen, 0119 1c vàng nghệ -> OK', '2016-01-31 03:52:08', 1, 1),
(26, 'Ngày 30/1: Trả: 0138 1c vàng nghệ, 0025 1đ đen lỗi, 0081 1đ đen lỗi, 0073 1đ đen chị Châu đi -> OK', '2016-01-31 03:52:03', 1, 1),
(27, 'Bảo check lại với chị Châu xem còn mấy đôi lỗi chưa trả lại cho Dương hộ anh nhé. Sau khi chốt hết nợ với Dương chụp lại cái tổng cuối cùng của 2 shop để anh chốt cho khớp', '2016-01-31 04:21:29', 1, 1),
(28, '===================================================', '2016-01-31 04:22:06', 1, 1),
(29, 'Nhầm ngày 30/1 hàng trả: 0118 1c vàng nghệ 2761, 0025 1đ đen lỗi, 0081 1đ đen lỗi, 0073 1đ chị Châu đi -> Anh sửa phần return giúp em ', '2016-01-31 13:47:43', 1, 1),
(30, 'Ngày 31/1: Nhập: 0122/2740 2c đen S -> OK', '2016-01-31 23:49:00', 1, 1),
(31, 'Ngày 3/2: Chuyển quần áo váy về cho chị Châu: 0112 1c kem L, 0121 2c đỏ S vàng L, 0113 3c nghệ S, kem M, hồng tím S, 0137 1c vàng L, 0128 1c M, 0129 1c S, 0132 1c đen L, 0143 2c hồng S đỏ M, 0131 1c đỏ L, 0122 6c', '2016-02-04 12:25:06', 1, 1),
(32, 'Ngày 3/2: Nhập: 0081 2 đôi ', '2016-02-04 12:25:28', 1, 1),
(33, 'Ngày 4/2: Nhập 0121 1c', '2016-02-04 12:29:15', 1, 1),
(34, '0942575256: Chị Hương hỏi giầy co 5-7p màu kem size 35 ', '2016-03-16 18:19:22', 1, 1),
(35, 'Chị Hảo(7975) hỏi sandal 2-3p', '2016-03-17 19:04:36', 1, 1);

-- --------------------------------------------------------

--
-- Table structure for table `product`
--

CREATE TABLE IF NOT EXISTS `product` (
  `code` varchar(16) NOT NULL,
  `name` varchar(245) NOT NULL,
  `category_id` int(11) NOT NULL,
  `season_id` int(11) NOT NULL,
  `sex_id` int(11) NOT NULL,
  `export_price` float NOT NULL,
  `description` varchar(1000) DEFAULT NULL,
  `brand_id` int(11) NOT NULL,
  `sale` float NOT NULL DEFAULT '0',
  `link` varchar(255) DEFAULT NULL,
  PRIMARY KEY (`code`),
  UNIQUE KEY `code_UNIQUE` (`code`),
  KEY `fk_product_product_type1_idx` (`category_id`),
  KEY `fk_product_season1_idx` (`season_id`),
  KEY `fk_product_sex1_idx` (`sex_id`),
  KEY `fk_product_brand1_idx` (`brand_id`)
) ENGINE=InnoDB DEFAULT CHARSET=utf8;

--
-- Dumping data for table `product`
--

INSERT INTO `product` (`code`, `name`, `category_id`, `season_id`, `sex_id`, `export_price`, `description`, `brand_id`, `sale`, `link`) VALUES
('0001', 'Giầy nữ cao cấp  16628-6-GNT', 2, 4, 1, 550, '', 1, 0, 'img/product/0001.png'),
('0002', 'Giầy nữ cao cấp  16201-3-GNT', 1, 4, 1, 500, 'Cao cấp ()', 1, 0, 'img/product/0002.png'),
('0003', 'Giầy nữ cao cấp  16518-10-GNT', 1, 4, 1, 525, '', 1, 0, 'img/product/0003.png'),
('0004', 'Giầy nữ cao cấp  A5099-GN', 1, 4, 1, 650, '', 1, 0, 'img/product/0004.png'),
('0005', 'Giầy nữ cao cấp  102-152-GNT', 1, 4, 1, 525, '', 1, 0, 'img/product/0005.png'),
('0006', 'Giầy nữ cao cấp  161992-GNH', 1, 4, 1, 600, '', 1, 0, 'img/product/0006.png'),
('0007', 'Giầy nữ cao cấp  1511518-GNH', 1, 4, 1, 750, '', 1, 0, 'img/product/0007.png'),
('0008', 'Giầy nữ cao cấp  8553-GND', 1, 4, 1, 650, '', 1, 0, 'img/product/0008.png'),
('0009', 'Giầy nữ cao cấp  85-2-GLNC', 1, 4, 1, 330, '', 1, 0, 'img/product/0009.png'),
('0010', 'Giầy nữ VNXK HP 327-GNTT', 1, 4, 1, 325, '', 1, 0, 'img/product/0010.png'),
('0011', 'Giầy nữ VNXK 876-GNP', 1, 4, 1, 330, 'Nhầm với 0043', 1, 0, 'img/product/0011.png'),
('0012', 'Giầy nữ da miếng HA7116-GNAC', 1, 4, 1, 360, '', 1, 0, 'img/product/0012.png'),
('0013', 'Giầy nữ da miếng LA-18-GN', 1, 4, 1, 350, '', 1, 0, 'img/product/0013.png'),
('0014', 'Giầy nữ da miếng QT18-GNLA', 1, 4, 1, 350, 'nhầm với 0082', 1, 0, 'img/product/0014.png'),
('0015', 'Giầy nữ da miếng QT19-GNLA', 1, 4, 1, 350, '', 1, 0, 'img/product/0015.png'),
('0016', 'Giầy nữ da miếng LA-19-GN', 1, 4, 1, 350, '', 1, 0, 'img/product/0016.png'),
('0017', 'Giầy nữ da miếng LA-22-GNLA', 1, 4, 1, 350, '', 1, 0, 'img/product/0017.png'),
('0018', 'Giầy nữ VNXK 2235-95', 2, 4, 1, 290, '', 1, 0, 'img/product/0018.png'),
('0019', 'Giầy nữ VNXK 140-908', 2, 4, 1, 295, '', 1, 0, 'img/product/0019.png'),
('0020', 'Giầy nữ VNXK 1593-GE', 2, 4, 1, 350, '', 1, 0, 'img/product/0020.png'),
('0022', 'Giầy nữ VNXK D002', 2, 4, 1, 350, '', 1, 0, 'img/product/0022.png'),
('0023', 'Giầy nữ VNXK D002_4', 2, 4, 1, 360, '', 1, 0, 'img/product/0023.png'),
('0024', 'Giầy nữ VNXK D002_1', 2, 4, 1, 350, '', 1, 0, 'img/product/0024.png'),
('0025', 'Giầy nữ VNXK 8174', 2, 4, 1, 350, '', 1, 0, 'img/product/0025.png'),
('0026', 'Giầy nữ VNXK V0025N-1', 2, 4, 1, 320, '', 1, 0, 'img/product/0026.png'),
('0027', 'Giầy nữ VNXK KH0025', 2, 4, 1, 295, '', 1, 0, 'img/product/0027.png'),
('0028', 'Giầy nữ VNXK Bal nhọn', 2, 4, 1, 300, '', 1, 0, 'img/product/0028.png'),
('0029', 'Giầy nữ VNXK HTP01', 2, 4, 1, 295, '', 1, 0, 'img/product/0029.png'),
('0030', 'Giầy nữ VNXK 0906N-1', 2, 4, 1, 290, '', 1, 0, 'img/product/0030.png'),
('0031', 'Giầy nữ VNXK 1068', 2, 4, 1, 360, 'nhầm với loạt 0047, 0031, 0056', 1, 0, 'img/product/0031.png'),
('0032', 'Giầy nữ VNXK 1069', 2, 4, 1, 360, '', 1, 0, 'img/product/0032.png'),
('0033', 'Giầy nữ VNXK 1502N-4', 2, 4, 1, 295, '', 1, 0, 'img/product/0033.png'),
('0034', 'Giầy nữ VNXK 2235-58', 2, 4, 1, 290, '', 1, 0, 'img/product/0034.png'),
('0035', 'Giầy nữ VNXK AT14', 2, 4, 1, 320, '', 1, 0, 'img/product/0035.png'),
('0036', 'Giầy nữ VNXK AT15', 2, 4, 1, 320, '', 1, 0, 'img/product/0036.png'),
('0037', 'Giầy nữ VNXK AT18', 2, 4, 1, 320, '', 1, 0, 'img/product/0037.png'),
('0038', 'Giầy nữ VNXK AT107', 2, 4, 1, 320, '', 1, 0, 'img/product/0038.png'),
('0039', 'Giầy nữ VNXK 190-04', 2, 4, 1, 290, '', 1, 0, 'img/product/0039.png'),
('0040', 'Giầy nữ VNXK cao 9p đế kép louboutin', 1, 4, 1, 340, '', 1, 0, 'img/product/0040.png'),
('0041', 'Giầy nữ đế xuồng da miếng 7p P_27', 2, 4, 1, 395, '', 1, 0, 'img/product/0041.png'),
('0042', 'Giầy nữ da miếng đế xuồng 3p LA 22', 2, 4, 1, 350, '', 1, 0, 'img/product/0042.png'),
('0043', 'Giầy nữ F.NIR đen nơ loại số 2', 2, 4, 1, 330, 'Nhầm với 0011', 1, 0, 'img/product/0043.png'),
('0044', 'Giầy nữ đế vuông 3p mũi tròn nơ', 2, 4, 1, 340, '', 1, 0, 'img/product/0044.png'),
('0045', 'Giầy nữ đế trụ 5p trơn', 2, 4, 1, 320, '', 1, 0, 'img/product/0045.png'),
('0046', 'Giầy gót nhọn 5p ZARA BASIC AD08', 2, 4, 1, 300, '', 1, 0, 'img/product/0046.png'),
('0047', 'Giầy da miếng moka trơn 1068', 2, 4, 1, 360, 'nhầm với loạt 0047, 0031, 0056', 1, 0, 'img/product/0047.png'),
('0048', 'Giầy da miếng bánh mỳ mũi nhọn 2106', 2, 4, 1, 360, '', 1, 0, 'img/product/0048.png'),
('0049', 'Giầy gót nhọn 5p nơ kép 2235', 1, 4, 1, 300, '', 1, 0, 'img/product/0049.png'),
('0050', 'Giầy da bóng gót nhọn kim loại 7p 911N01', 1, 4, 1, 320, '', 1, 0, 'img/product/0050.png'),
('0051', 'Giầy da mờ gót vuông 3p nơ tết lụa', 1, 4, 1, 295, 'Nhầm 1 với 0007', 1, 0, 'img/product/0051.png'),
('0052', 'Giầy VNXK merris 5p nơ bóng', 1, 4, 1, 330, '', 1, 0, 'img/product/0052.png'),
('0053', 'Giầy cao đế kép 5p ZARA', 1, 4, 1, 350, '', 1, 0, 'img/product/0053.png'),
('0054', 'Giầy VNXK Merris múi 5p trơn', 1, 4, 1, 330, '', 1, 0, 'img/product/0054.png'),
('0055', 'Giầy cao gót 5p da miếng', 1, 4, 1, 360, '', 1, 0, 'img/product/0055.png'),
('0056', 'Giầy lười da miếng may viền SAVATO 1068 (2376)', 1, 4, 1, 360, '', 1, 0, 'img/product/0056.png'),
('0057', 'Giầy da miếng gót vuông 3p (2410)', 1, 4, 1, 360, '', 1, 0, 'img/product/0057.png'),
('0058', 'Giầy gót vuông 3p nơ xích zalong (2519)', 1, 4, 1, 290, '', 1, 0, 'img/product/0058.png'),
('0059', 'Giầy bệt versac chống xước (2522)', 1, 4, 1, 310, '', 1, 0, 'img/product/0059.png'),
('0060', 'Giầy da xi gót nhọn nơ thắt nút 5p (2483)', 1, 4, 1, 295, '', 1, 0, 'img/product/0060.png'),
('0061', 'Giầy da bóng gót 11p đế kép zalong HP299(2374)', 1, 4, 1, 360, '', 1, 0, 'img/product/0061.png'),
('0062', 'Giầy cao đế kép louboutin(2381)', 1, 4, 1, 360, '', 1, 0, 'img/product/0062.png'),
('0063', 'Giầy VNXK COCO DIVA đế xuồng(2213)', 1, 4, 1, 345, '', 1, 0, 'img/product/0063.png'),
('0064', 'Giầy da lộn họa tiết lá (2467)', 1, 4, 1, 300, '', 1, 0, 'img/product/0064.png'),
('0065', 'Giầy gót nhọn 5p nơ to đính đá da mờ(2525)', 1, 4, 1, 295, '', 1, 0, 'img/product/0065.png'),
('0066', 'Giầy cao cấp K156383 GN (2534)', 1, 4, 1, 630, '', 1, 0, 'img/product/0066.png'),
('0067', 'Giầy cao cấp 051-2-GNLC(2537)', 1, 4, 1, 350, '', 1, 0, 'img/product/0067.png'),
('0068', 'Giầy cao cấp 06 - 02 GNLC(2535)', 1, 4, 1, 350, '', 1, 0, 'img/product/0068.png'),
('0069', 'Giầy nữ gót nhọn 3p KP1020 GNPX (2529)', 1, 4, 1, 320, '', 1, 0, 'img/product/0069.png'),
('0070', 'Giầy da bóng gót vuông 2p có nơ zalong (2366)', 1, 4, 1, 295, '', 1, 0, 'img/product/0070.png'),
('0071', 'Giầy da lộn họa tiết xoắn (2468)', 1, 4, 1, 300, '', 1, 0, 'img/product/0071.png'),
('0072', 'Giầy da lộn gót vuông 4p SOLE', 2, 4, 1, 320, '', 1, 0, 'img/product/0072.png'),
('0073', 'Giầy da lộn gót kim loại 7p nơ C (2623)', 2, 4, 1, 320, '', 1, 0, 'img/product/0073.png'),
('0074', 'Giầy da thật mũi tròn trơn 1p', 2, 4, 1, 360, '', 1, 0, 'img/product/0074.png'),
('0075', 'Giầy cao gót ALDO nơ 7p da mờ CG12', 2, 4, 1, 290, '', 2, 0, 'img/product/0075.png'),
('0076', 'Giầy cao gót ALDO gót vuông 5p nơ CQ29', 2, 4, 1, 295, 'nhầm với 0051', 1, 0, 'img/product/0076.png'),
('0077', 'Bốt ngắn 3F da mờ', 3, 4, 1, 445, '', 1, 0, 'img/product/0077.png'),
('0078', 'Bốt ngắn tán đinh', 1, 4, 1, 450, '', 1, 0, 'img/product/0078.png'),
('0079', 'Giày da lộn 9p Uni', 1, 4, 1, 350, '', 1, 20, 'img/product/0079.png'),
('0080', 'Giầy da xi 3p Uni', 1, 4, 1, 320, '', 1, 20, 'img/product/0080.png'),
('0081', 'Giầy 6p gót đũa Skylight (2676)', 1, 4, 1, 335, '', 1, 20, 'img/product/0081.png'),
('0082', 'Giày da miếng xuồng 3p nơ YSL', 1, 4, 1, 350, 'nhầm với 0014', 1, 0, 'img/product/0082.png'),
('0083', 'Giày bệt đột vân Alaca', 1, 4, 1, 220, '', 1, 0, 'img/product/0083.png'),
('0084', 'Giày gót vuông 3p lưỡi gà', 1, 4, 1, 290, '', 1, 0, 'img/product/0084.png'),
('0085', 'Giày gót vuông 4p da lộn', 1, 4, 1, 315, '', 1, 0, 'img/product/0085.png'),
('0086', 'Giày Skylight 9p', 1, 4, 1, 335, '', 1, 0, 'img/product/0086.png'),
('0087', 'Giày da bóng gót 2p Morris', 1, 4, 1, 320, '', 1, 0, 'img/product/0087.png'),
('0088', 'Giày gót vuông 3p nơ Ferragamour', 1, 4, 1, 330, '', 1, 0, 'img/product/0088.png'),
('0089', 'Giày đế xuồng da thật', 1, 4, 1, 330, '', 1, 0, 'img/product/0089.png'),
('0090', 'Giày đế đúp gót son 9p(2664)', 1, 4, 1, 340, '', 1, 0, 'img/product/0090.png'),
('0091', 'Giày bệt da thật', 1, 4, 1, 335, '', 1, 0, 'img/product/0091.png'),
('0092', 'Giày bệt đột vân Alaca nơ loại 2', 1, 4, 1, 220, '', 1, 0, 'img/product/0092.png'),
('0093', 'Giày Rednex 6p gót đũa', 1, 4, 1, 335, '', 1, 0, 'img/product/0093.png'),
('0094', 'Giày Quảng Châu cao cấp lót xanh', 1, 4, 1, 575, '', 1, 0, 'img/product/0094.png'),
('0095', 'Giày da miếng đế xuồng 7p trơn P24', 1, 4, 1, 395, '', 1, 0, 'img/product/0095.png'),
('0096', 'Giày da miếng đế xuồng 5p nơ giáo LA28', 1, 4, 1, 350, 'nhầm với loạt 0047, 0031, 0056', 1, 0, 'img/product/0096.png'),
('0097', 'Giày cao gót 5p Kaleea da mờ CG29', 1, 4, 1, 295, '', 1, 0, 'img/product/0097.png'),
('0098', 'Giày cao gót Dior 9p CG59', 1, 4, 1, 315, '', 1, 0, 'img/product/0098.png'),
('0099', 'Giày cao gót Louboutin 9p chỉ khâu CG60', 1, 4, 1, 315, '', 1, 0, 'img/product/0099.png'),
('0100', 'Giày cao gót 5p Vagabond nơ chữ nhất', 1, 4, 1, 295, '', 1, 0, 'img/product/0100.png'),
('0101', 'Giầy Kaleea 7p khoét cạnh', 1, 4, 1, 295, '', 1, 0, 'img/product/0101.png'),
('0102', 'Giầy 7p nơ Chanel', 1, 4, 1, 295, '', 1, 0, 'img/product/0102.png'),
('0103', 'Giầy Kaleea 7p mặt người', 1, 4, 1, 315, '', 1, 0, 'img/product/0103.png'),
('0104', 'Giày Kaleea 7p da bóng gót vuông', 1, 4, 1, 315, '', 1, 0, 'img/product/0104.png'),
('0105', 'Giày Skylight 3p', 1, 4, 1, 335, '', 1, 0, 'img/product/0105.png'),
('0106', 'Giày da xi gót vuông 5p Zara', 1, 4, 1, 295, '', 1, 0, 'img/product/0106.png'),
('0107', 'Giày bệt da miếng nơ Savato', 1, 4, 1, 349, '', 1, 0, 'img/product/0107.png'),
('0108', 'Bốt cổ ngắn 7p Uni', 1, 4, 1, 494, '', 1, 0, 'img/product/0108.png'),
('0109', 'Bốt cổ ngắn có quai 9p', 1, 4, 1, 484, '', 1, 0, 'img/product/0109.png'),
('0110', 'Bốt cổ ngắn d lộn Zara', 1, 4, 1, 494, '', 1, 0, 'img/product/0110.png'),
('0111', 'Giầy 7p đế đúp 150255M', 1, 4, 1, 329, '', 1, 0, 'img/product/0111.png'),
('0112', 'Áo phao nữ BSK cổ lệch 2756', 1, 4, 1, 500, '', 1, 0, 'img/product/0112.png'),
('0113', 'Áo phao nữ BSK cổ tàu 2757', 1, 4, 1, 450, '', 1, 0, 'img/product/0113.png'),
('0114', 'Áo phao béo Aber chấm bi 2626', 1, 4, 1, 595, '', 1, 0, 'img/product/0114.png'),
('0115', 'Áo phao nữ cuộn Zara 2737', 1, 4, 1, 500, 'Nhầm với 0116', 1, 0, 'img/product/0115.png'),
('0116', 'Áo phao nam siêu nhẹ xuất dư 2760', 1, 4, 1, 650, 'Nhầm với 0115', 1, 0, 'img/product/0116.png'),
('0117', 'Áo phao nữ BSK xuất dư 2758', 1, 4, 1, 560, '', 1, 0, 'img/product/0117.png'),
('0118', 'Áo phao nữ BSK siêu nhẹ có mũ 2761', 1, 4, 1, 495, '', 1, 0, 'img/product/0118.png'),
('0119', 'Áo phao nữ BSK mũ 2765', 1, 4, 1, 550, '', 1, 0, 'img/product/0119.png'),
('0120', 'Áo phao cuộn siêu nhẹ nam 2644', 1, 4, 1, 695, '', 1, 0, 'img/product/0120.png'),
('0121', 'Áo phao cổ bèo Chị Châu 1862', 1, 4, 1, 400, '', 1, 0, 'img/product/0121.png'),
('0122', 'Áo phao nam lông vũ xả 2740', 1, 4, 1, 395, '', 1, 0, 'img/product/0122.png'),
('0123', 'Áo phao TE trần trám xuất dư 2718', 1, 4, 1, 240, '', 1, 0, 'img/product/0123.png'),
('0124', 'Áo len TE cổ lọ 2753', 1, 4, 1, 150, '', 1, 0, 'img/product/0124.png'),
('0125', 'Giày da miếng đế xuồng Victoria', 1, 4, 1, 350, '', 1, 0, 'img/product/0125.png'),
('0126', 'Giày da miếng đế xuồng nơ lá F.Nir', 1, 4, 1, 350, '', 1, 0, 'img/product/0126.png'),
('0127', 'Áo phao nữ Aber cuộn túi dáng dài (2780)', 1, 4, 1, 650, '', 1, 0, 'img/product/0127.png'),
('0128', 'Chân váy công sở tuyết mưa xếp ly 2 bên (2454)', 4, 4, 1, 250, '', 1, 0, 'img/product/0128.png'),
('0129', 'Váy gấm 2797', 1, 1, 1, 550, '', 1, 0, 'img/product/0129.png'),
('0130', 'Váy dạ hoa 2762', 1, 1, 1, 495, '', 1, 0, 'img/product/0130.png'),
('0131', 'Váy dạ lì dáng ôm 2786', 1, 1, 1, 480, '', 1, 0, 'img/product/0131.png'),
('0132', 'Váy kim sa 2739', 1, 1, 1, 450, '', 1, 0, 'img/product/0132.png'),
('0133', 'Váy chấm bi tay lửng 2779', 1, 1, 1, 420, '', 1, 0, 'img/product/0133.png'),
('0134', 'Giầy Louboutin đế kép da bóng khoét tim', 1, 1, 1, 340, '', 1, 0, 'img/product/0134.png'),
('0135', 'Giầy Louboutin 9p gót đũa vuông(2804)', 1, 1, 1, 320, '', 1, 0, 'img/product/0135.png'),
('0136', 'Áo phao cuộn Aber nữ 2625', 1, 1, 1, 595, '', 1, 0, 'img/product/0136.png'),
('0137', 'Áo phao cuộn túi Uniqlo nữ(2807)', 1, 1, 1, 500, '', 1, 0, 'img/product/0137.png'),
('0138', 'Giày gót gỗ vuông 3p trần chỉ(2802)', 1, 1, 1, 295, '', 1, 0, 'img/product/0138.png'),
('0139', 'Giày nỉ gót nhọn 3p kim loại(2803)', 1, 1, 1, 300, '', 1, 0, 'img/product/0139.png'),
('0140', 'Áo giữ nhiệt cổ tròn nữ 2594', 1, 1, 1, 120, '', 1, 0, 'img/product/0140.png'),
('0141', 'Bệt chun nơ 2 tầng nhỏ', 1, 1, 1, 335, '', 1, 0, 'img/product/0141.png'),
('0142', 'Đế xuồng da bò', 1, 1, 1, 350, '', 1, 0, 'img/product/0142.png'),
('0143', 'Váy ren suông cao cấp ren trước SOF 2812', 1, 1, 1, 500, '', 1, 0, 'img/product/0143.png'),
('0144', 'Áo phao nam siêu nhẹ có mũ Uniqlo 2805', 1, 1, 1, 600, '', 1, 0, 'img/product/0144.png'),
('0145', 'Giày VNXK U253 bệt da xi Uni', 1, 1, 1, 340, '', 1, 0, 'img/product/0145.png'),
('0146', 'Giày VNXK Hp371 gót vuông 5p Morris', 1, 1, 1, 345, '', 1, 0, 'img/product/0146.png'),
('0147', 'Giày VNXK Hp389 gót sắt 3p Morris', 1, 1, 1, 350, '', 1, 0, 'img/product/0147.png'),
('0148', 'Giày VNXK Hp 204 da nhăn gót vuông 5p Morris', 1, 1, 1, 350, '', 1, 0, 'img/product/0148.png'),
('0149', 'Giày VNXK G106 gót sắt hở mũi 5p Sky', 1, 1, 1, 350, '', 1, 0, 'img/product/0149.png'),
('0150', 'Giày VNXK U518 da mờ hở mũi khoét tim Uni', 1, 1, 1, 345, '', 1, 0, 'img/product/0150.png'),
('0151', 'Giày VNXK Hp009 da nhăn gót 6p Morris', 1, 1, 1, 345, '', 1, 0, 'img/product/0151.png'),
('0152', 'Sandal da thật gót vuông 5p Dasio (2933)', 1, 1, 1, 350, '', 1, 0, 'img/product/0152.png'),
('0153', 'Sandal gót vuông 7p Juppas', 1, 1, 1, 320, '', 1, 0, 'img/product/0153.png'),
('0154', 'Sandal VNXK gót vuông 7p quai rời Juppar', 1, 1, 1, 320, '', 1, 0, 'img/product/0154.png'),
('0155', 'Giày VNXK hở mũi ánh kim 9p Uni', 1, 1, 1, 370, '', 1, 0, 'img/product/0155.png'),
('0156', 'Sandal VNXK gót trụ 5p da bóng Uni 2937', 1, 1, 1, 320, '', 1, 0, 'img/product/0156.png'),
('0157', 'Giày VNXK hở mũi khoét tim vắt chéo Dasyo', 1, 1, 1, 300, '', 1, 0, 'img/product/0157.png'),
('0158', 'Giày VNXK hở mũi nơ ngang 5p Uni', 1, 1, 1, 315, '', 1, 0, 'img/product/0158.png'),
('0159', 'Giày VNXK da miếng đế xuồng 5p Velours 2985', 1, 1, 1, 350, '', 1, 0, 'img/product/0159.png'),
('0160', 'Giày cao gót vảy rồng', 1, 2, 1, 395, '', 1, 0, 'img/product/0160.png'),
('0161', 'Sandal bệt da cắt laze (3028)', 1, 2, 1, 385, '', 1, 0, 'img/product/0161.png'),
('0162', 'Sandal xuồng gỗ', 1, 2, 1, 380, '', 1, 0, 'img/product/0162.png'),
('0163', 'Cao gót trụ 6p phối da màu (3297)', 1, 2, 1, 365, '', 1, 0, 'img/product/0163.png'),
('0164', 'Sandal đế xuồng cắt laze cổ chân', 1, 2, 1, 395, '', 1, 0, 'img/product/0164.png'),
('0165', 'Giày bệt Moka nơ xích da thật cao cấp', 1, 2, 1, 395, '', 1, 0, 'img/product/0165.png'),
('0166', 'Giày bệt Moka trơn da thật', 1, 2, 1, 350, '', 1, 0, 'img/product/0166.png'),
('0167', 'Giày bệt nơ Versace khoét laze', 1, 2, 1, 300, '', 1, 0, 'img/product/0167.png'),
('0168', 'Sandal cao cấp gót to cắt laze', 1, 2, 1, 395, '', 1, 0, 'img/product/0168.png'),
('0169', 'Giày đế xuồng da miếng nơ Verlour', 1, 2, 1, 350, '', 1, 0, 'img/product/0169.png'),
('0170', 'Giày bệt da miếng khâu lệch Verlour', 1, 2, 1, 350, '', 1, 0, 'img/product/0170.png'),
('0171', 'Giày bệt da miếng nơ đôi Savato', 1, 2, 1, 350, '', 1, 0, 'img/product/0171.png'),
('0172', 'Quần legging lửng Uniqlo 2998', 1, 2, 1, 120, '', 1, 0, 'img/product/0172.png'),
('0173', 'Váy ren ôm hoa Soffitto 3057', 1, 2, 1, 420, '', 1, 0, 'img/product/0173.png'),
('0174', 'Quần lanh Alibaba bo gấu 2978', 1, 2, 1, 150, '', 1, 0, 'img/product/0174.png'),
('0175', 'Áo voan kẻ ngang 2 lớp Zara 2996', 1, 2, 1, 280, '', 1, 0, 'img/product/0175.png'),
('0176', 'Áo sơ mi thô cổ tàu HM 3056', 1, 2, 1, 250, '', 1, 0, 'img/product/0176.png'),
('0177', 'Áo sơ mi gấu phối ren 2941', 1, 2, 1, 270, '', 1, 0, 'img/product/0177.png'),
('0178', 'Quần sooc nữ kaki nhiều màu Sky 2945', 1, 2, 1, 150, '', 1, 0, 'img/product/0178.png'),
('0179', 'Áo sơ mi voan Zara dáng dài sát nách 2863', 1, 2, 1, 260, '', 1, 0, 'img/product/0179.png'),
('0180', 'Áo Tommy nữ 2848', 1, 2, 1, 150, '', 1, 0, 'img/product/0180.png'),
('0181', 'Áo Tommy nam 2847', 1, 2, 1, 200, '', 1, 0, 'img/product/0181.png'),
('0182', 'Áo thun cotton ướt Super Goat cổ tim 148 3096', 1, 2, 1, 148, '', 1, 0, 'img/product/0182.png'),
('0183', 'Áo thun cotton ướt Super Goat cổ tròn 155 3097', 1, 2, 1, 155, '', 1, 0, 'img/product/0183.png'),
('0184', 'Áo thun cotton ướt Super Goat cổ tim 165 3095', 1, 2, 1, 165, '', 1, 0, 'img/product/0184.png'),
('0185', 'Áo phông thể thao Nike cổ đức 3044', 1, 2, 1, 260, '', 1, 0, 'img/product/0185.png'),
('0186', 'Quẩn ngố jean nam Returner 3036', 1, 2, 1, 300, '', 1, 0, 'img/product/0186.png'),
('0187', 'Quần sooc nữ kẻ caro Zara 2979', 1, 2, 1, 220, '', 1, 0, 'img/product/0187.png'),
('0188', 'Áo sơ mi phối đen - caro F22 3090', 1, 2, 1, 270, '', 1, 0, 'http://zabuza.vn/img/product/3090.png'),
('0189', 'Quẩn ngố nam kaki Super Goat 3098', 1, 2, 1, 199, '', 1, 0, 'img/product/0189.png'),
('0190', 'Áo sơ mi nam cọc tay kẻ caro CK 3107', 1, 2, 1, 370, '', 1, 0, 'img/product/0190.png'),
('0191', 'Áo sơ mi nam trắng Zara 3037', 1, 2, 1, 300, '', 1, 0, 'img/product/0191.png'),
('0192', 'Áo sơ mi nam kẻ caro Tommy 3091', 1, 2, 1, 330, '', 1, 0, 'img/product/0192.png'),
('0193', 'Áo sơ mi nữ kẻ caro Mango 3105', 1, 2, 1, 270, '', 1, 0, 'img/product/0193.png'),
('0194', 'Quần jean nữ dài Asos 2959', 1, 2, 1, 345, '', 1, 0, 'img/product/0194.png'),
('0195', 'Quần jean nữ dài Zara 2877', 1, 2, 1, 345, '', 1, 0, 'img/product/0195.png'),
('0196', 'Quần jean nữ dài Zara 3030', 1, 2, 1, 345, '', 1, 0, 'img/product/0196.png'),
('0197', 'Quần jean nữ lửng Zara 3042', 1, 2, 1, 335, '', 1, 0, 'img/product/0197.png'),
('0198', 'Áo sơ mi voan nữ Soffitto hoa nhí 3106', 1, 2, 1, 260, '', 1, 0, 'img/product/0198.png'),
('0199', 'Set Topshop giả jean 3047', 1, 2, 1, 330, '', 1, 0, 'img/product/0199.png'),
('0200', 'Chân váy hoa Soffito 3048', 1, 2, 1, 240, '', 1, 0, 'img/product/0200.png'),
('0201', 'Váy hoa F21 2993', 1, 2, 1, 300, '', 1, 0, 'img/product/0201.png'),
('0202', 'Áo dài cách tân voan lụa 2948', 1, 2, 1, 350, '', 1, 0, 'img/product/0202.png'),
('0203', 'Áo dài cách tân gấm Zara 2942', 1, 2, 1, 500, '', 1, 0, 'img/product/0203.png'),
('0204', 'Áo dài gấm cách tân Mango 3045', 1, 2, 1, 380, '', 1, 0, 'img/product/0204.png'),
('0205', 'Váy kẻ ngang Zara túi 2 bên 3053', 1, 2, 1, 340, '', 1, 0, 'img/product/0205.png'),
('0206', 'Váy giả jeans Mango 3052', 1, 2, 1, 380, '', 1, 0, 'img/product/0206.png'),
('0207', 'Váy trơn túi chéo Soffitto 3061', 1, 2, 1, 400, '', 1, 0, 'img/product/0207.png'),
('0208', 'Áo kẻ caro chân trắng Soffitto 3050', 1, 2, 1, 240, '', 1, 0, 'img/product/0208.png'),
('0209', 'Áo sơ mi thô thêu ngực Tisa 2976', 1, 2, 1, 250, '', 1, 0, 'img/product/0209.png'),
('0210', 'Áo sơ mi kẻ caro Zara sát nách 2946', 1, 2, 1, 250, '', 1, 0, 'img/product/0210.png'),
('0211', 'Áo voan sát nách 2 lớp Zara 2862', 1, 2, 1, 220, '', 1, 0, 'img/product/0211.png'),
('0212', 'Áo phông dáng dài kẻ ngang ngực Mango 2980', 1, 2, 1, 140, '', 1, 0, 'img/product/0212.png'),
('0213', 'Áo phông cô gái chậu cây Mango 2981', 1, 2, 1, 170, '', 1, 0, 'img/product/0213.png'),
('0214', 'Set áo sát nách khuy dọc 2861', 1, 2, 1, 300, '', 1, 0, 'img/product/0214.png'),
('0215', 'Quần lửng kẻ caro Zara 3055', 1, 2, 1, 310, '', 1, 0, 'img/product/0215.png'),
('0216', 'Quần jeans nữ dài vảy sơn 2696', 1, 2, 1, 350, '', 1, 0, 'img/product/0216.png'),
('0217', 'Quần jeans nữ dài Mango 2881', 1, 2, 1, 345, '', 1, 0, 'img/product/0217.png'),
('0218', 'Chân váy xòe Dona xuất Nhật dư 2930', 1, 2, 1, 250, '', 1, 0, 'img/product/0218.png'),
('0219', 'Áo phông nam thể thao xịn cổ đức Drifit 2968', 1, 2, 1, 260, '', 1, 0, 'img/product/0219.png'),
('0220', 'Áo phông nam adidas 2969', 1, 2, 1, 200, '', 1, 0, 'img/product/0220.png'),
('0221', 'Áo sơ mi nam dài tay kẻ caro Zara 2666', 1, 2, 1, 350, '', 1, 0, 'img/product/0221.png'),
('0222', 'Áo sơ mi nam dài tay kẻ caro nhỏ DP 2162', 1, 2, 1, 350, '', 1, 0, 'img/product/0222.png'),
('0223', 'Áo sơ mi nam dài tay New Passion 68488', 1, 2, 1, 480, '', 1, 0, 'img/product/0223.png'),
('0224', 'Quần đùi chun nam kẻ caro BN 3040', 1, 2, 1, 150, '', 1, 0, 'img/product/0224.png'),
('0225', 'Quần sooc kaki nam Polo 2927', 1, 2, 1, 220, '', 1, 0, 'img/product/0225.png'),
('0226', 'Giày 9p đế đúp hở mũi khoét tim Morris 3119', 1, 2, 1, 380, '', 1, 0, 'img/product/0226.png'),
('0227', 'Sandal xuồng cói siêu nhẹ 3132', 1, 2, 1, 350, '', 1, 0, 'img/product/0227.png'),
('0228', 'Sandal gót vuông 5p bọc cói quai ngang 3133', 1, 2, 1, 300, '', 1, 0, 'img/product/0228.png'),
('0229', 'Sandal gót vuông 5p bọc da quai chéo 3134', 1, 2, 1, 300, '', 1, 0, 'img/product/0229.png'),
('0230', 'Giày dây rút nơ 3135', 1, 2, 1, 330, '', 1, 0, 'img/product/0230.png'),
('0231', 'Áo croptop kẻ sọc bo gấu 2991', 1, 2, 1, 150, '', 1, 0, 'img/product/0231.png'),
('0232', 'Áo sơ mi tisa có cổ 2 túi 3129', 1, 2, 1, 250, '', 1, 0, 'img/product/0232.png'),
('0233', 'Áo sơ mi vải tằm thái mặt hoa không cổ M.Collection 3125', 1, 2, 1, 295, '', 1, 0, 'img/product/0233.png'),
('0234', 'Áo sơ mi kẻ caro cổ đức guess 3116', 1, 2, 1, 270, '', 1, 0, 'img/product/0234.png'),
('0235', 'Áo sơ mi giả jean khóa ngực M.collection 3131', 1, 2, 1, 300, '', 1, 0, 'img/product/0235.png'),
('0236', 'Áo croptop ren trắng Mango 3123', 1, 2, 1, 230, '', 1, 0, 'img/product/0236.png'),
('0237', 'Áo sơ mi trắng F22 3110', 1, 2, 1, 280, '', 1, 0, 'img/product/0237.png'),
('0238', 'Áo sơ mi sọc ngang Zara 2940', 1, 2, 1, 250, '', 1, 0, 'img/product/0238.png'),
('0239', 'Váy kẻ caro suông Vitaka 3122', 1, 2, 1, 350, '', 1, 0, 'img/product/0239.png'),
('0240', 'Áo thun HM mặt mèo (3149)', 1, 2, 1, 180, '', 1, 0, 'img/product/0240.png'),
('0241', 'Áo thun croptop Fine (3148)', 1, 2, 1, 130, '', 1, 0, 'img/product/0241.png'),
('0242', 'Sandal xuồng tán đinh (3159)', 1, 2, 1, 445, '', 1, 0, 'img/product/0242.png'),
('0243', 'Sandal xuồng quai ngang(3161)', 1, 2, 1, 385, '', 1, 0, 'img/product/0243.png'),
('0244', 'áo phông trơn cổ tròn túi ngực 3154', 1, 2, 1, 120, '', 1, 0, 'img/product/0244.png'),
('0245', 'Giày da miếng gót uông 5p ó nơ 2618', 1, 2, 1, 370, '', 1, 0, 'img/product/0245.png'),
('0246', 'Giày da thật uất Nhật CK bệt', 1, 2, 1, 480, '', 1, 0, 'img/product/0246.png'),
('0247', 'Giày da thật gót sừng lót da Kobe 5p uất Nhật', 1, 2, 1, 545, '', 1, 0, 'img/product/0247.png'),
('0248', 'Áo sơ mi nữ kẻ caro Mango 3157', 1, 2, 1, 270, '', 1, 0, 'img/product/0248.png'),
('0249', 'Sandal lưới CoCoquen (3298)', 1, 2, 1, 330, '', 1, 0, 'img/product/0249.png'),
('0250', 'Váy đũi Caro nơ ngựC 3155', 1, 2, 1, 400, '', 1, 0, 'img/product/0250.png'),
('0251', 'Áo phông nữ trơn cổ tròn 3179', 1, 2, 1, 95, '', 1, 0, 'img/product/0251.png'),
('0252', 'Áo phông nữ trơn cổ tim 3180', 1, 2, 1, 95, '', 1, 0, 'img/product/0252.png'),
('0253', 'Áo phông nữ i need vacation 3170', 1, 2, 1, 160, '', 1, 0, 'img/product/0253.png'),
('0254', 'Áo phông nữ Monday 3169', 1, 2, 1, 150, '', 1, 0, 'img/product/0254.png'),
('0255', 'Áo sơ mi giả jean khóa ngực 3173', 1, 2, 1, 300, '', 1, 0, 'img/product/0255.png'),
('0256', 'Áo sơ mi giả jean ngực hoa hồng  3175', 1, 2, 1, 300, '', 1, 0, 'img/product/0256.png'),
('0257', 'Quần sooc thô hoa 3168', 1, 2, 1, 150, '', 1, 0, 'img/product/0257.png'),
('0258', 'Set kẻ ngang nữ Asos 3166', 1, 2, 1, 220, '', 1, 0, 'img/product/0258.png'),
('0259', 'Chân váy hoa Lavender 3192', 1, 2, 1, 270, '', 1, 0, 'img/product/0259.png'),
('0260', 'Áo sơ mi chấm bi F22 2986', 1, 2, 1, 280, '', 1, 0, 'img/product/0260.png'),
('0261', 'Váy hoa Soffitto 3000', 1, 2, 1, 320, '', 1, 0, 'img/product/0261.png'),
('0262', 'Áo phông I love my T-shirt 2974', 1, 2, 1, 180, '', 1, 0, 'img/product/0262.png'),
('0263', 'Áo phông mỏ neo F21 3127', 1, 2, 1, 180, '', 1, 0, 'img/product/0263.png'),
('0264', 'Sandal quai phối 2 màu 3299', 1, 2, 1, 295, '', 1, 0, 'img/product/0264.png'),
('0265', 'Áo phông nam Dori 2854', 1, 2, 1, 200, '', 1, 0, 'img/product/0265.png'),
('0266', 'Bộ đồ nam phối màu Uniqlo 3185', 1, 2, 1, 270, '', 1, 0, 'img/product/0266.png'),
('0267', 'Bộ đồ nam trơn màu Uniqlo 3153', 1, 2, 1, 260, '', 1, 0, 'img/product/0267.png'),
('0268', 'Sooc jean nữ rách 3108', 1, 2, 1, 260, '', 1, 0, 'img/product/0268.png'),
('0269', 'Giầy Uni 6p gót đũa', 1, 2, 1, 320, '', 1, 0, 'img/product/0269.png'),
('0270', 'Giầy Uni 6p mũi vát chéo da sần (3226)', 1, 2, 1, 320, '', 1, 0, 'img/product/0270.png'),
('0271', 'Áo phông nư xuất dư Levis 3121', 1, 2, 1, 150, '', 1, 0, 'img/product/0271.png'),
('0272', 'Áo sơ mi voan F22 cổ tim 3020', 1, 2, 1, 280, '', 1, 0, 'img/product/0272.png'),
('0273', 'Váy gấm xòe 3167', 1, 2, 1, 450, '', 1, 0, 'img/product/0273.png'),
('0274', 'Áo phông Mickey 3240', 1, 2, 1, 195, '', 1, 0, 'img/product/0274.png'),
('0275', 'Áo phông Always You 3242', 1, 2, 1, 140, '', 1, 0, 'img/product/0275.png'),
('0276', 'Áo phông Deslicieux 3241', 1, 2, 1, 150, '', 1, 0, 'img/product/0276.png'),
('0277', 'Chân váy xòe hoa F22 3102', 1, 2, 1, 280, '', 1, 0, 'img/product/0277.png'),
('0278', 'Giày da sần gót trụ 7p Uni', 1, 2, 1, 320, '', 1, 0, 'img/product/0278.png'),
('0279', 'Giày da bóng gót trụ 7p Uni', 1, 2, 1, 320, '', 1, 0, 'img/product/0279.png'),
('0280', 'Giày da bóng cắt laze tim 7p Morris 3244', 1, 2, 1, 320, '', 1, 0, 'img/product/0280.png'),
('0281', 'Áo phông nam puma cổ tàu body 3239', 1, 2, 1, 200, '', 1, 0, 'img/product/0281.png'),
('0282', 'Áo sơ mi nam Zara cộc tay 3231', 1, 2, 1, 295, '', 1, 0, 'img/product/0282.png'),
('0283', 'Giày da lộn họa tiết Zara', 1, 2, 1, 295, '', 1, 0, 'img/product/0283.png'),
('0284', 'Chân váy xòe jean 3261', 1, 3, 1, 250, '', 1, 0, 'img/product/0284.png'),
('0285', 'Áo sơ mi đũi nữ túi ngực 3272', 1, 3, 1, 220, '', 1, 0, 'img/product/0285.png'),
('0286', 'Áo sơ mi nữa dáng rộng 3156', 1, 3, 1, 260, '', 1, 0, 'img/product/0286.png'),
('0287', 'Chân váy họa tiết thổ cẩm 3264', 1, 3, 1, 270, '', 1, 0, 'img/product/0287.png'),
('0288', 'Sơ mi chấm bi lụa tằm thái 3265', 1, 3, 1, 250, '', 1, 0, 'img/product/0288.png'),
('0289', 'Giầy Uni da bóng 3p', 1, 3, 1, 320, '', 1, 0, 'img/product/0289.png'),
('0290', 'Giày gót vuông 3p nơ vuông Zara c.châu nhập a.dương 3276', 1, 3, 1, 295, '', 1, 0, 'img/product/0290.png'),
('0291', 'Giày gót vuông 3p nơ ngang Zara', 1, 3, 1, 295, '', 1, 0, 'img/product/0291.png');

-- --------------------------------------------------------

--
-- Table structure for table `product_deviation`
--

CREATE TABLE IF NOT EXISTS `product_deviation` (
  `product_code` varchar(16) NOT NULL,
  `quantity` float NOT NULL DEFAULT '0',
  `date` datetime DEFAULT NULL,
  `description` varchar(245) DEFAULT NULL,
  KEY `fk_product_deviation_product1_idx` (`product_code`)
) ENGINE=InnoDB DEFAULT CHARSET=utf8;

--
-- Dumping data for table `product_deviation`
--

INSERT INTO `product_deviation` (`product_code`, `quantity`, `date`, `description`) VALUES
('0051', 1, '2016-06-05 23:12:18', NULL),
('0076', -1, '2016-06-05 23:14:55', NULL),
('0043', 1, '2016-06-05 23:15:42', NULL),
('0011', -1, '2016-06-05 23:16:15', NULL),
('0115', -1, '2016-06-05 23:18:36', NULL),
('0116', 1, '2016-06-05 23:18:49', NULL),
('0014', 1, '2016-06-05 23:22:51', NULL),
('0082', -1, '2016-06-05 23:23:23', NULL),
('0096', 1, '2016-06-05 23:31:09', NULL),
('0031', -2, '2016-06-05 23:31:21', NULL),
('0047', -2, '2016-06-05 23:31:36', NULL),
('0056', 3, '2016-06-05 23:31:54', NULL);

-- --------------------------------------------------------

--
-- Table structure for table `product_import`
--

CREATE TABLE IF NOT EXISTS `product_import` (
  `id` int(11) NOT NULL AUTO_INCREMENT,
  `product_code` varchar(16) NOT NULL,
  `import_facture_code` varchar(45) NOT NULL,
  `quantity` int(11) NOT NULL,
  `import_price` float NOT NULL,
  PRIMARY KEY (`id`),
  KEY `fk_product_import_product1_idx` (`product_code`),
  KEY `fk_product_import_import_facture1_idx` (`import_facture_code`)
) ENGINE=InnoDB  DEFAULT CHARSET=utf8 AUTO_INCREMENT=460 ;

--
-- Dumping data for table `product_import`
--

INSERT INTO `product_import` (`id`, `product_code`, `import_facture_code`, `quantity`, `import_price`) VALUES
(1, '0001', '20151007_001', 8, 305),
(2, '0002', '20151007_001', 10, 291),
(3, '0003', '20151007_001', 3, 299),
(4, '0004', '20151007_001', 9, 374),
(5, '0005', '20151007_001', 5, 304),
(6, '0006', '20151007_001', 5, 343),
(7, '0007', '20151007_001', 5, 424),
(8, '0008', '20151007_001', 5, 365),
(9, '0009', '20151007_001', 10, 196),
(10, '0010', '20151007_001', 10, 185),
(11, '0011', '20151007_001', 10, 190),
(12, '0012', '20151007_001', 5, 215),
(13, '0013', '20151007_001', 5, 210),
(14, '0014', '20151007_001', 5, 210),
(15, '0015', '20151007_001', 5, 210),
(16, '0016', '20151007_001', 5, 210),
(17, '0017', '20151007_001', 5, 210),
(18, '0018', '20151007_002', 15, 160),
(19, '0019', '20151007_002', 15, 165),
(20, '0020', '20151007_002', 10, 205),
(21, '0039', '20151007_002', 20, 160),
(22, '0022', '20151007_002', 10, 200),
(23, '0023', '20151007_002', 15, 210),
(24, '0024', '20151007_002', 25, 205),
(25, '0025', '20151007_002', 15, 205),
(26, '0026', '20151007_002', 10, 170),
(27, '0027', '20151007_002', 15, 165),
(28, '0028', '20151007_002', 15, 170),
(29, '0029', '20151007_002', 10, 165),
(30, '0030', '20151007_002', 20, 160),
(31, '0031', '20151007_002', 20, 215),
(32, '0032', '20151007_002', 15, 225),
(33, '0033', '20151007_002', 25, 165),
(34, '0034', '20151007_002', 25, 160),
(35, '0035', '20151007_002', 15, 170),
(36, '0036', '20151007_002', 15, 170),
(37, '0037', '20151007_002', 10, 170),
(38, '0038', '20151007_002', 10, 170),
(39, '0040', '20151024_001', 15, 190),
(40, '0019', '20151024_002', 5, 165),
(41, '0041', '20151024_003', 5, 235),
(42, '0042', '20151024_003', 5, 210),
(43, '0043', '20151024_003', 5, 185),
(44, '0044', '20151024_003', 5, 190),
(45, '0045', '20151024_003', 5, 175),
(46, '0046', '20151024_004', 15, 165),
(47, '0047', '20151024_004', 5, 215),
(48, '0048', '20151024_004', 5, 210),
(49, '0049', '20151024_005', 15, 160),
(50, '0050', '20151024_005', 10, 175),
(51, '0051', '20151024_005', 15, 165),
(52, '0048', '20151024_005', 5, 210),
(53, '0052', '20151024_006', 10, 175),
(54, '0053', '20151024_006', 10, 180),
(55, '0054', '20151024_006', 10, 175),
(56, '0055', '20151024_006', 15, 215),
(57, '0056', '20151024_007', 15, 215),
(58, '0057', '20151024_007', 10, 230),
(59, '0058', '20151024_007', 20, 160),
(60, '0059', '20151024_007', 15, 150),
(61, '0060', '20151024_007', 15, 165),
(62, '0061', '20151024_007', 5, 210),
(63, '0062', '20151024_007', 5, 215),
(64, '0063', '20151024_007', 1, 210),
(65, '0064', '20151024_007', 1, 170),
(66, '0065', '20151024_007', 15, 165),
(67, '0066', '20151024_007', 4, 371),
(68, '0067', '20151024_007', 5, 190),
(69, '0068', '20151024_007', 5, 195),
(70, '0069', '20151024_007', 15, 180),
(71, '0070', '20151024_007', 7, 175),
(72, '0071', '20151024_007', 9, 170),
(73, '0072', '20151024_008', 15, 175),
(74, '0073', '20151024_008', 15, 170),
(75, '0074', '20151024_009', 5, 205),
(76, '0075', '20151026_001', 10, 160),
(77, '0076', '20151026_001', 10, 165),
(78, '0032', '20151031_001', 5, 225),
(79, '0077', '20151101_001', 15, 255),
(80, '0078', '20151101_001', 10, 265),
(81, '0079', '20151107_001', 10, 195),
(82, '0080', '20151107_001', 5, 175),
(83, '0081', '20151107_001', 15, 180),
(84, '0023', '20151108_001', 3, 210),
(85, '0016', '20151109_001', 5, 210),
(86, '0082', '20151109_001', 5, 210),
(87, '0083', '20151109_001', 10, 90),
(88, '0084', '20151115_001', 15, 155),
(89, '0085', '20151115_001', 25, 165),
(90, '0030', '20151115_001', 15, 155),
(91, '0073', '20151115_002', 5, 175),
(92, '0086', '20151115_003', 10, 175),
(93, '0087', '20151115_003', 10, 175),
(94, '0081', '20151115_003', 5, 175),
(95, '0079', '20151115_003', 5, 185),
(96, '0073', '20151119_001', 1, 175),
(97, '0088', '20151119_002', 15, 180),
(98, '0089', '20151120_001', 10, 170),
(99, '0090', '20151120_001', 9, 175),
(100, '0091', '20151120_001', 25, 155),
(101, '0092', '20151123_001', 5, 90),
(102, '0093', '20151123_001', 15, 175),
(103, '0094', '20151123_001', 3, 301),
(104, '0095', '20151123_001', 5, 230),
(105, '0096', '20151123_001', 5, 210),
(106, '0083', '20151123_001', 10, 90),
(107, '0007', '20151123_001', 3, 419),
(108, '0097', '20151123_002', 10, 165),
(109, '0098', '20151123_002', 10, 165),
(110, '0099', '20151123_002', 15, 165),
(111, '0076', '20151123_002', 14, 165),
(112, '0100', '20151123_003', 13, 165),
(113, '0059', '20151123_004', 4, 150),
(114, '0101', '20151128_001', 15, 165),
(115, '0102', '20151128_001', 10, 165),
(116, '0103', '20151128_001', 15, 170),
(117, '0104', '20151128_001', 10, 170),
(118, '0105', '20151128_002', 15, 170),
(119, '0081', '20151128_002', 15, 170),
(120, '0085', '20151130_001', 1, 165),
(121, '0090', '20151204_001', 1, 175),
(122, '0088', '20151204_002', 1, 180),
(123, '0106', '20151208_001', 15, 165),
(124, '0107', '20151208_001', 10, 205),
(125, '0108', '20151208_002', 10, 280),
(126, '0109', '20151210_001', 10, 285),
(127, '0110', '20151210_001', 10, 295),
(128, '0111', '20151210_001', 15, 170),
(129, '0074', '20151210_001', 10, 200),
(130, '0014', '20151212_001', 1, 210),
(131, '0074', '20151214_001', 1, 200),
(132, '0076', '20151214_002', 1, 165),
(133, '0053', '20151219_001', 1, 180),
(134, '0112', '20151222_001', 17, 230),
(135, '0113', '20151222_001', 9, 200),
(136, '0114', '20151222_001', 19, 350),
(137, '0115', '20151222_001', 7, 240),
(138, '0116', '20151222_001', 4, 270),
(139, '0117', '20151222_001', 3, 275),
(140, '0118', '20151222_001', 5, 185),
(141, '0119', '20151222_001', 6, 230),
(142, '0120', '20151222_001', 3, 330),
(143, '0121', '20151222_001', 6, 350),
(144, '0122', '20151222_001', 29, 180),
(145, '0123', '20151222_001', 1, 140),
(146, '0124', '20151222_001', 1, 80),
(147, '0114', '20151223_001', 1, 350),
(148, '0115', '20151223_001', 1, 240),
(151, '0115', '20151225_002', 1, 240),
(152, '0119', '20151225_002', 2, 230),
(153, '0095', '20151225_002', 1, 230),
(154, '0120', '20151225_002', 1, 330),
(155, '0117', '20151226_001', 2, 275),
(158, '0127', '20151228_002', 8, 370),
(159, '0125', '20151228_003', 5, 210),
(160, '0126', '20151228_003', 5, 215),
(161, '0081', '20151228_004', 1, 170),
(162, '0119', '20151228_005', 1, 230),
(163, '0119', '20151228_006', 1, 230),
(164, '0128', '20151228_007', 1, 130),
(165, '0114', '20151230_001', 1, 350),
(166, '0119', '20151230_001', 1, 230),
(167, '0129', '20160101_001', 3, 280),
(168, '0130', '20160101_001', 3, 230),
(169, '0131', '20160101_001', 3, 235),
(170, '0132', '20160101_001', 3, 230),
(171, '0133', '20160101_001', 3, 190),
(172, '0119', '20160101_001', 2, 230),
(173, '0118', '20160101_001', 1, 185),
(174, '0134', '20160101_002', 15, 175),
(175, '0135', '20160101_002', 20, 165),
(176, '0090', '20160101_002', 10, 175),
(177, '0136', '20160101_003', 7, 360),
(178, '0116', '20160101_003', 3, 270),
(179, '0120', '20160101_003', 3, 330),
(180, '0119', '20160101_003', 1, 230),
(181, '0114', '20160102_001', 1, 350),
(182, '0136', '20160103_001', 1, 360),
(183, '0127', '20160103_001', 2, 370),
(184, '0137', '20160105_001', 7, 220),
(185, '0138', '20160105_002', 15, 160),
(186, '0139', '20160105_002', 10, 165),
(187, '0140', '20160107_001', 1, 55),
(188, '0131', '20160107_001', 1, 235),
(189, '0135', '20160107_002', 1, 165),
(190, '0141', '20160109_001', 10, 185),
(191, '0142', '20160109_001', 20, 195),
(192, '0073', '20160109_002', 1, 175),
(194, '0139', '20160117_001', 2, 165),
(195, '0129', '20160117_002', 2, 280),
(196, '0143', '20160117_002', 3, 250),
(197, '0080', '20160117_003', 5, 165),
(198, '0079', '20160117_003', 5, 165),
(199, '0074', '20160117_004', 10, 200),
(200, '0090', '20160117_005', 2, 175),
(201, '0136', '20160117_006', 1, 360),
(202, '0090', '20160117_007', 10, 175),
(203, '0112', '20160117_008', 3, 230),
(204, '0129', '20160117_009', 1, 280),
(205, '0117', '20160117_009', 1, 275),
(206, '0119', '20160120_001', 1, 230),
(207, '0116', '20160120_001', 1, 270),
(208, '0144', '20160120_001', 4, 240),
(209, '0115', '20160120_001', 1, 240),
(210, '0112', '20160121_001', 4, 230),
(211, '0114', '20160122_001', 1, 350),
(212, '0144', '20160122_001', 1, 240),
(214, '0144', '20160123_002', 3, 240),
(215, '0114', '20160123_002', 3, 350),
(216, '0119', '20160123_002', 1, 230),
(217, '0144', '20160124_001', 1, 240),
(218, '0073', '20160125_001', 1, 175),
(219, '0119', '20160125_001', 3, 230),
(220, '0112', '20160125_001', 1, 230),
(221, '0137', '20160125_001', 3, 220),
(222, '0144', '20160125_001', 1, 240),
(223, '0127', '20160125_001', 1, 370),
(224, '0114', '20160125_001', 1, 350),
(225, '0119', '20160128_001', 1, 230),
(226, '0112', '20160128_001', 1, 230),
(227, '0127', '20160128_001', 1, 370),
(228, '0118', '20160128_001', 2, 185),
(229, '0114', '20160128_002', 1, 350),
(230, '0115', '20160128_002', 1, 240),
(231, '0130', '20160130_001', 1, 230),
(232, '0122', '20160130_001', 2, 180),
(233, '0119', '20160130_001', 1, 230),
(234, '0122', '20160131_001', 2, 180),
(235, '0081', '20160204_001', 2, 170),
(236, '0121', '20160204_002', 1, 350),
(237, '0145', '20160311_001', 5, 165),
(238, '0146', '20160311_001', 10, 170),
(239, '0147', '20160311_001', 5, 175),
(240, '0148', '20160311_001', 5, 175),
(241, '0149', '20160311_001', 5, 175),
(242, '0150', '20160311_001', 5, 175),
(243, '0151', '20160311_001', 5, 170),
(244, '0152', '20160315_001', 10, 185),
(245, '0153', '20160315_002', 10, 170),
(246, '0154', '20160316_001', 10, 170),
(247, '0155', '20160316_002', 10, 200),
(248, '0156', '20160316_002', 10, 175),
(249, '0157', '20160325_001', 10, 175),
(250, '0158', '20160328_001', 10, 175),
(251, '0159', '20160328_001', 10, 200),
(252, '0160', '20160411_001', 10, 220),
(253, '0161', '20160411_001', 10, 205),
(254, '0162', '20160411_001', 10, 200),
(255, '0163', '20160411_001', 9, 195),
(256, '0164', '20160411_001', 10, 235),
(257, '0163', '20160411_002', 1, 195),
(258, '0158', '20160411_003', 1, 175),
(259, '0165', '20160413_001', 15, 225),
(260, '0166', '20160413_001', 10, 185),
(261, '0167', '20160413_001', 10, 170),
(262, '0168', '20160413_001', 10, 225),
(263, '0169', '20160413_002', 10, 140),
(264, '0170', '20160413_002', 15, 140),
(265, '0171', '20160413_002', 9, 140),
(266, '0162', '20160413_003', 4, 200),
(267, '0154', '20160413_004', 1, 170),
(268, '0172', '20160427_001', 2, 53),
(269, '0173', '20160427_001', 3, 190),
(270, '0174', '20160427_001', 2, 68),
(271, '0175', '20160427_001', 1, 130),
(272, '0176', '20160427_001', 2, 125),
(273, '0177', '20160427_001', 2, 125),
(274, '0178', '20160427_001', 3, 73),
(275, '0179', '20160427_001', 2, 130),
(276, '0180', '20160427_001', 8, 65),
(277, '0181', '20160427_001', 9, 95),
(278, '0182', '20160427_001', 1, 90),
(279, '0183', '20160427_001', 1, 89),
(280, '0184', '20160427_001', 1, 98),
(281, '0185', '20160427_001', 3, 130),
(282, '0186', '20160427_001', 1, 155),
(283, '0187', '20160427_001', 3, 110),
(284, '0188', '20160427_002', 1, 189),
(285, '0189', '20160427_002', 3, 119),
(286, '0190', '20160427_003', 7, 175),
(287, '0191', '20160427_003', 1, 135),
(288, '0192', '20160427_003', 2, 165),
(289, '0193', '20160427_003', 2, 135),
(290, '0194', '20160427_003', 1, 180),
(291, '0195', '20160427_003', 1, 180),
(292, '0196', '20160427_003', 1, 185),
(293, '0197', '20160427_003', 2, 185),
(294, '0198', '20160427_003', 3, 120),
(295, '0199', '20160427_003', 3, 165),
(296, '0200', '20160427_003', 1, 115),
(297, '0181', '20160427_003', 9, 95),
(298, '0201', '20160429_001', 1, 150),
(299, '0202', '20160429_001', 5, 150),
(300, '0203', '20160429_001', 2, 240),
(301, '0204', '20160429_001', 2, 180),
(302, '0205', '20160429_001', 7, 165),
(303, '0206', '20160429_001', 4, 175),
(304, '0207', '20160429_001', 5, 190),
(305, '0208', '20160429_001', 5, 115),
(306, '0209', '20160429_001', 3, 125),
(307, '0210', '20160429_001', 3, 120),
(308, '0211', '20160429_001', 7, 110),
(309, '0212', '20160429_001', 2, 65),
(310, '0213', '20160429_001', 3, 75),
(311, '0214', '20160429_001', 9, 155),
(312, '0215', '20160429_001', 10, 150),
(313, '0216', '20160429_001', 4, 185),
(314, '0217', '20160429_002', 2, 180),
(315, '0218', '20160429_002', 4, 105),
(316, '0219', '20160429_002', 4, 130),
(317, '0220', '20160429_002', 6, 95),
(318, '0221', '20160429_002', 4, 155),
(319, '0222', '20160429_002', 2, 155),
(320, '0223', '20160429_002', 3, 200),
(321, '0189', '20160429_003', 1, 119),
(322, '0181', '20160429_003', 1, 95),
(323, '0162', '20160429_003', 1, 200),
(324, '0180', '20160429_003', 1, 65),
(325, '0153', '20160429_003', 1, 170),
(326, '0189', '20160429_004', 1, 119),
(327, '0180', '20160429_004', 1, 65),
(328, '0181', '20160429_004', 1, 95),
(329, '0178', '20160429_004', 1, 73),
(330, '0202', '20160429_004', 1, 150),
(331, '0198', '20160429_004', 2, 120),
(332, '0200', '20160429_004', 1, 115),
(333, '0194', '20160429_004', 1, 180),
(334, '0186', '20160429_004', 1, 155),
(335, '0224', '20160429_005', 4, 70),
(336, '0198', '20160429_005', 2, 120),
(337, '0225', '20160429_005', 1, 100),
(338, '0189', '20160429_005', 2, 119),
(339, '0162', '20160429_005', 1, 200),
(340, '0226', '20160430_001', 10, 195),
(341, '0180', '20160430_002', 1, 65),
(342, '0227', '20160501_001', 5, 170),
(343, '0228', '20160501_001', 25, 155),
(344, '0229', '20160501_001', 20, 155),
(345, '0230', '20160501_001', 15, 165),
(346, '0177', '20160501_002', 1, 125),
(347, '0200', '20160501_002', 1, 115),
(348, '0176', '20160501_002', 2, 125),
(349, '0178', '20160501_002', 2, 73),
(350, '0180', '20160501_002', 1, 65),
(351, '0231', '20160507_001', 4, 75),
(352, '0232', '20160507_001', 1, 125),
(353, '0233', '20160507_001', 2, 150),
(354, '0234', '20160507_001', 2, 135),
(355, '0235', '20160507_001', 2, 150),
(356, '0236', '20160507_001', 1, 110),
(357, '0237', '20160507_001', 1, 196),
(358, '0238', '20160507_001', 3, 120),
(359, '0239', '20160507_001', 1, 165),
(360, '0234', '20160507_002', 1, 135),
(361, '0178', '20160508_001', 1, 73),
(372, '0240', '20160510_002', 8, 90),
(373, '0241', '20160510_002', 4, 60),
(374, '0241', '20160513_001', 1, 60),
(375, '0224', '20160513_001', 2, 70),
(376, '0234', '20160513_001', 1, 135),
(377, '0187', '20160513_001', 1, 110),
(378, '0214', '20160513_001', 2, 155),
(379, '0073', '20160513_001', 1, 175),
(380, '0242', '20160514_001', 10, 245),
(381, '0243', '20160514_001', 10, 215),
(382, '0244', '20160514_002', 2, 58),
(383, '0241', '20160514_002', 1, 60),
(384, '0233', '20160515_001', 1, 150),
(385, '0245', '20160516_001', 5, 210),
(386, '0246', '20160516_001', 5, 240),
(387, '0247', '20160516_002', 10, 255),
(388, '0248', '20160519_001', 1, 135),
(389, '0249', '20160519_002', 15, 185),
(390, '0250', '20160519_003', 2, 180),
(391, '0241', '20160519_003', 4, 60),
(392, '0180', '20160519_003', 2, 65),
(393, '0251', '20160523_001', 3, 45),
(394, '0252', '20160523_001', 3, 47),
(395, '0253', '20160523_001', 2, 75),
(396, '0254', '20160523_001', 2, 70),
(397, '0255', '20160523_001', 1, 150),
(398, '0256', '20160523_001', 1, 150),
(399, '0257', '20160523_001', 1, 70),
(400, '0258', '20160523_001', 2, 110),
(401, '0181', '20160523_001', 1, 95),
(402, '0220', '20160523_001', 1, 95),
(403, '0259', '20160526_001', 1, 160),
(404, '0260', '20160526_001', 1, 160),
(405, '0261', '20160526_001', 1, 150),
(406, '0262', '20160526_001', 2, 85),
(407, '0263', '20160526_001', 1, 85),
(408, '0197', '20160526_001', 1, 185),
(409, '0264', '20160526_002', 10, 165),
(410, '0265', '20160530_001', 1, 90),
(411, '0219', '20160530_001', 3, 130),
(412, '0266', '20160531_001', 1, 125),
(413, '0267', '20160531_001', 1, 120),
(414, '0268', '20160531_001', 1, 130),
(415, '0266', '20160601_001', 3, 125),
(416, '0267', '20160601_001', 1, 120),
(417, '0269', '20160605_001', 10, 170),
(418, '0270', '20160605_001', 10, 170),
(419, '0198', '20160608_001', 1, 120),
(420, '0250', '20160608_001', 1, 180),
(421, '0205', '20160608_001', 2, 165),
(422, '0251', '20160608_001', 2, 45),
(423, '0252', '20160608_001', 1, 47),
(424, '0271', '20160608_002', 1, 75),
(425, '0272', '20160608_002', 1, 160),
(426, '0273', '20160608_002', 1, 220),
(427, '0274', '20160613_001', 2, 99),
(428, '0275', '20160613_001', 2, 70),
(429, '0276', '20160613_001', 1, 75),
(430, '0277', '20160613_001', 1, 165),
(431, '0250', '20160613_001', 1, 180),
(432, '0278', '20160614_001', 10, 170),
(433, '0279', '20160614_001', 15, 170),
(434, '0280', '20160614_002', 2, 175),
(435, '0192', '20160617_001', 1, 165),
(436, '0274', '20160617_001', 2, 99),
(437, '0281', '20160621_001', 2, 110),
(438, '0282', '20160621_001', 2, 130),
(439, '0267', '20160621_001', 2, 120),
(440, '0187', '20160621_001', 2, 110),
(441, '0178', '20160621_001', 1, 73),
(442, '0277', '20160621_001', 2, 165),
(443, '0234', '20160621_001', 1, 135),
(444, '0271', '20160621_001', 1, 75),
(445, '0192', '20160621_001', 1, 165),
(446, '0280', '20160627_001', 10, 175),
(447, '0283', '20160627_002', 15, 165),
(448, '0159', '20160707_001', 1, 200),
(449, '0284', '20160707_002', 1, 120),
(450, '0285', '20160707_002', 2, 100),
(451, '0286', '20160707_002', 1, 120),
(452, '0287', '20160707_002', 1, 135),
(453, '0288', '20160707_002', 1, 120),
(454, '0257', '20160707_002', 1, 70),
(455, '0270', '20160713_001', 1, 170),
(456, '0289', '20160715_001', 15, 175),
(457, '0290', '20160715_002', 19, 165),
(458, '0291', '20160715_003', 10, 165),
(459, '0251', '20160715_004', 1, 45);

-- --------------------------------------------------------

--
-- Table structure for table `product_return`
--

CREATE TABLE IF NOT EXISTS `product_return` (
  `id` int(11) NOT NULL AUTO_INCREMENT,
  `product_code` varchar(16) NOT NULL,
  `quantity` int(11) NOT NULL,
  `date` datetime DEFAULT NULL,
  `description` varchar(245) DEFAULT NULL,
  `provider_id` int(11) NOT NULL,
  `return_price` float NOT NULL DEFAULT '0',
  PRIMARY KEY (`id`),
  KEY `fk_product_return_provider1_idx` (`provider_id`)
) ENGINE=InnoDB  DEFAULT CHARSET=utf8 AUTO_INCREMENT=195 ;

--
-- Dumping data for table `product_return`
--

INSERT INTO `product_return` (`id`, `product_code`, `quantity`, `date`, `description`, `provider_id`, `return_price`) VALUES
(1, '0011', 1, '2015-10-22 21:51:53', 'Lỗi 21.10.15', 2, 190),
(2, '0015', 1, '2015-10-22 21:51:53', 'Lỗi 21.10.15', 2, 210),
(3, '0020', 1, '2015-10-22 21:51:53', 'Lỗi 21.10.15', 3, 205),
(4, '0039', 1, '2015-10-22 21:51:53', 'Lỗi 21.10.15', 3, 160),
(5, '0039', 2, '2015-10-22 21:52:36', 'Lỗi 10.10.15', 3, 160),
(6, '0031', 1, '2015-10-22 21:52:36', 'Lỗi 10.10.15', 3, 215),
(7, '0060', 14, '2015-10-26 00:41:44', 'Trả lại Chị Châu', 6, 165),
(8, '0043', 1, '2015-11-02 22:28:03', 'Lỗi ', 2, 185),
(9, '0061', 4, '2015-11-05 00:28:36', 'trả cho châu bán', 6, 210),
(10, '0062', 5, '2015-11-05 00:28:36', 'trả cho châu bán', 6, 215),
(11, '0053', 1, '2015-11-07 14:09:52', 'Lỗi xước và keo', 5, 180),
(12, '0020', 1, '2015-11-11 11:29:04', 'Lỗi keo dán', 3, 205),
(13, '0057', 1, '2015-11-11 11:51:43', 'Lỗi 10.10.2015', 6, 230),
(14, '0044', 5, '2015-11-11 22:01:38', 'Chuyển chị châu', 2, 190),
(15, '0040', 5, '2015-11-11 22:01:38', 'Chuyển chị châu', 4, 190),
(16, '0033', 10, '2015-11-11 22:01:38', 'Trả', 3, 165),
(17, '0034', 22, '2015-11-11 22:01:38', 'Trả', 3, 160),
(18, '0022', 10, '2015-11-11 22:01:38', 'Lỗi ', 3, 200),
(19, '0028', 1, '2015-11-11 22:25:07', 'Lỗi ', 3, 170),
(20, '0019', 1, '2015-11-11 22:25:07', 'Lỗi ', 3, 165),
(21, '0085', 1, '2015-11-17 10:49:08', 'Lỗi dính mực ', 3, 165),
(22, '0026', 1, '2015-11-20 12:58:00', 'Lỗi bạc màu', 3, 170),
(23, '0019', 2, '2015-11-20 12:58:00', 'Lỗi bạc màu và xước', 3, 165),
(24, '0051', 11, '2015-11-28 19:07:28', 'Lỗi ', 3, 165),
(25, '0058', 13, '2015-11-28 19:07:28', 'Lỗi ', 6, 160),
(26, '0059', 15, '2015-11-28 19:07:28', 'Lỗi ', 3, 150),
(27, '0098', 10, '2015-12-01 18:59:19', 'Lỗi ', 4, 165),
(28, '0102', 10, '2015-12-01 18:59:19', 'Lỗi ', 4, 165),
(29, '0103', 15, '2015-12-01 18:59:19', 'Lỗi ', 4, 170),
(30, '0053', 1, '2015-12-07 18:51:21', 'Lỗi - Chuyển chị Châu trả hàng ', 5, 180),
(31, '0078', 10, '2015-12-07 18:51:21', 'Chuyển chị Châu', 3, 265),
(32, '0074', 1, '2015-12-12 23:44:31', 'Lỗi ', 3, 205),
(33, '0031', 1, '2015-12-14 18:17:44', 'Lỗi đưa C châu trả', 3, 215),
(34, '0085', 1, '2015-12-14 18:17:44', 'Lỗi đưa c châu trả', 3, 165),
(35, '0092', 1, '2015-12-14 18:17:44', 'Lỗi đưa c châu trả', 2, 90),
(36, '0109', 1, '2015-12-18 21:44:30', 'Lỗi ', 3, 285),
(37, '0112', 1, '2015-12-22 19:31:33', 'Lỗi màu hồng bị bẩn phía sau Bảo trả lại', 6, 230),
(38, '0111', 15, '2016-01-01 13:20:35', 'Hàng chậm chuyển cho chị Châu đổi ', 3, 170),
(39, '0081', 1, '2016-01-01 13:20:35', 'Lỗi ', 5, 180),
(40, '0135', 1, '2016-01-02 10:57:54', 'Lỗi 1 đôi trả lại luôn (đưa chị châu)', 3, 165),
(41, '0119', 1, '2016-01-07 12:08:00', 'Lỗi rách đưa chị Châu ngày 2.1', 6, 230),
(42, '0135', 1, '2016-01-07 12:08:00', 'Lỗi 38 chị Châu cầm về ngày 5.1', 3, 165),
(43, '0112', 1, '2016-01-07 12:08:00', 'Lỗi rách phía trong đưa chị Châu sáng 7.1', 6, 230),
(44, '0136', 1, '2016-01-08 11:37:50', 'Chuyển về cho chị Châu bán ', 6, 360),
(46, '0129', 3, '2016-01-08 13:42:41', 'Chuyển chị Châu để gửi cho Tùng', 6, 280),
(48, '0076', 1, '2016-01-09 11:30:21', 'Lỗi trả thuận', 4, 165),
(49, '0130', 1, '2016-01-09 18:56:37', 'Chuyển về cho chị Châu bán ', 6, 230),
(52, '0137', 1, '2016-01-17 13:16:50', 'Chuyển về cho chị Châu bán ngày 10.1', 6, 220),
(53, '0127', 1, '2016-01-17 13:16:50', 'Chuyển về cho chị Châu bán ngày 12.1', 6, 370),
(54, '0136', 1, '2016-01-17 13:16:50', 'Chuyển về cho chị Châu bán ngày 13.1', 6, 360),
(55, '0074', 2, '2016-01-17 13:16:50', 'Chuyển về cho chị Châu bán ngày 13.1', 3, 205),
(56, '0116', 1, '2016-01-17 13:16:50', 'Chuyển về cho chị Châu bán ngày 16.1', 6, 270),
(58, '0073', 1, '2016-01-19 15:55:02', 'Đưa về cho chị Châu bán ', 3, 170),
(59, '0115', 1, '2016-01-21 17:19:47', 'Chuyển về cho chị Châu bán _ vàng ', 6, 240),
(60, '0137', 1, '2016-01-21 17:19:47', 'Chuyển về cho chị Châu bán _ đỏ', 6, 220),
(61, '0118', 1, '2016-01-21 17:19:47', 'Chuyển về cho chị Châu bán _ kem', 6, 185),
(62, '0121', 2, '2016-01-21 17:19:47', 'Chuyển về cho chị Châu bán _ đỏ đun', 6, 350),
(63, '0117', 1, '2016-01-21 17:19:47', 'Chuyển về cho chị Châu bán _ bã trầu ', 6, 275),
(64, '0129', 1, '2016-01-21 17:28:16', 'Chuyển về cho chị Châu bán _ đỏ gấm', 6, 280),
(65, '0127', 1, '2016-01-21 17:28:16', 'Chuyển về cho chị Châu bán _ kem dáng dài ', 6, 370),
(66, '0133', 1, '2016-01-21 19:05:52', 'Chuyển về cho chị Châu bán _ váy chấm bi xanh than', 6, 190),
(67, '0130', 1, '2016-01-21 19:05:52', 'Chuyển về cho chị Châu bán _ váy dạ xòe sát nách xanh ', 6, 230),
(68, '0131', 1, '2016-01-21 19:05:52', 'Chuyển về cho chị Châu bán _ ghi', 6, 235),
(69, '0113', 4, '2016-01-21 19:05:52', 'Chuyển về cho chị Châu bán _ kem vàng hồng ', 6, 200),
(70, '0112', 2, '2016-01-21 19:05:52', 'Chuyển về cho chị Châu bán _ đen vàng ', 6, 230),
(71, '0114', 4, '2016-01-21 19:08:20', 'Chuyển về cho chị Châu bán _ 2 cam', 6, 350),
(72, '0137', 1, '2016-01-21 19:08:20', ' xanh than', 6, 220),
(73, '0115', 1, '2016-01-21 19:08:20', ' hồng tím', 6, 240),
(74, '0074', 1, '2016-01-22 22:38:12', 'Chuyển về cho chị Chấu bán _ đen 37', 3, 205),
(75, '0129', 1, '2016-01-23 20:01:15', 'Lỗi rách', 6, 280),
(76, '0118', 1, '2016-01-23 20:01:15', 'Chuyển về cho chị Châu bán ', 6, 185),
(77, '0112', 2, '2016-01-24 18:42:10', 'Chuyen ve cho chi Chau ban ', 6, 230),
(78, '0137', 1, '2016-01-24 18:42:10', 'Chuyen ve cho chi Chau ban ', 6, 220),
(79, '0137', 2, '2016-01-25 20:52:52', 'Chuển về chị Châu bán', 6, 220),
(80, '0136', 1, '2016-01-25 20:52:52', 'Chuển về chị Châu bán', 6, 360),
(81, '0127', 2, '2016-01-25 20:52:52', 'Chuển về chị Châu bán', 6, 370),
(82, '0115', 1, '2016-01-25 20:52:52', 'Chuển về chị Châu bán', 6, 240),
(83, '0120', 1, '2016-01-25 20:52:52', 'Chuển về chị Châu bán', 6, 330),
(84, '0114', 2, '2016-01-25 20:54:01', 'Chuển về chị Châu bán', 6, 350),
(85, '0117', 2, '2016-01-25 20:54:01', 'Chuển về chị Châu bán ', 6, 275),
(86, '0119', 3, '2016-01-25 20:54:01', 'Chuển về chị Châu bán ', 6, 230),
(87, '0144', 1, '2016-01-28 12:18:41', 'Chuyển về cho chị Châu bán ', 6, 240),
(88, '0112', 1, '2016-01-29 19:29:12', 'Chuyển về cho chị Châu bán ', 6, 230),
(89, '0114', 1, '2016-01-29 19:29:12', 'Chuyển về cho chị Châu bán ', 6, 350),
(90, '0118', 1, '2016-01-29 19:29:12', 'Chuyển về cho chị Châu bán ', 6, 185),
(91, '0119', 1, '2016-01-29 19:29:12', 'Chuyển về cho chị Châu bán ', 6, 230),
(92, '0120', 1, '2016-01-29 19:29:12', 'Chuyển về cho chị Châu bán ', 6, 330),
(93, '0132', 1, '2016-01-29 19:30:53', 'Chuyển về cho chị Châu bán ', 6, 230),
(95, '0025', 1, '2016-01-30 19:17:09', 'Lỗi ', 3, 205),
(96, '0081', 1, '2016-01-30 19:17:09', 'Lỗi ', 5, 180),
(97, '0073', 1, '2016-01-30 19:17:09', 'Chị Châu đi ', 3, 170),
(98, '0118', 1, '2016-02-01 00:17:28', 'chuyển chị châu (nhầm với 0138)', 6, 185),
(99, '0112', 1, '2016-02-04 12:33:24', 'Chuyển về cho chị Châu bán ', 6, 230),
(100, '0121', 2, '2016-02-04 12:33:24', 'Chuyển về cho chị Châu bán ', 6, 350),
(101, '0113', 3, '2016-02-04 12:33:24', 'Chuyển về cho chị Châu bán ', 6, 200),
(102, '0137', 1, '2016-02-04 12:33:24', 'Chuyển về cho chị Châu bán ', 6, 220),
(103, '0128', 1, '2016-02-04 12:33:24', 'Chuyển về cho chị Châu bán ', 6, 130),
(104, '0129', 1, '2016-02-04 12:35:13', 'Chuyển về cho chị Châu bán ', 6, 280),
(105, '0132', 1, '2016-02-04 12:35:13', 'Chuyển về cho chị Châu bán ', 6, 230),
(106, '0143', 2, '2016-02-04 12:35:13', 'Chuyển về cho chị Châu bán ', 6, 250),
(107, '0131', 1, '2016-02-04 12:35:13', 'Chuyển về cho chị Châu bán ', 6, 235),
(108, '0122', 6, '2016-02-04 12:35:13', 'Chuyển về cho chị Châu bán ', 6, 180),
(110, '0151', 1, '2016-03-28 20:24:23', 'Lỗi thiếu 1 chiếc', 7, 170),
(111, '0158', 1, '2016-03-30 12:56:36', 'Lỗi bong nơ _ Đưa lại chị Châu tối 28.3', 7, 175),
(112, '0153', 1, '2016-04-01 19:02:02', 'Lỗi bong đế nhờ chị Châu trả hộ ', 3, 170),
(113, '0090', 1, '2016-04-13 18:58:07', 'Chuyển cho Chị Châu bán ngày 9.4', 3, 175),
(114, '0150', 1, '2016-04-23 19:26:57', 'Chuyển cho chị Châu bán ', 7, 175),
(115, '0152', 10, '2016-04-25 12:05:53', 'chuyển chị châu bán ', 9, 185),
(116, '0168', 10, '2016-04-25 12:05:53', 'chuyển chị châu bán ', 9, 225),
(117, '0041', 2, '2016-04-25 12:05:53', 'chuyển chị châu bán', 2, 235),
(118, '0125', 1, '2016-04-25 12:05:53', 'chuyển chị châu bán ', 2, 210),
(119, '0095', 1, '2016-04-25 12:05:53', 'chuyển chị châu bán', 2, 230),
(120, '0014', 2, '2016-04-25 12:07:43', 'chuyển chị châu bán', 2, 210),
(121, '0042', 2, '2016-04-25 12:07:43', 'chuyển chị châu bán', 2, 210),
(122, '0015', 1, '2016-04-25 12:07:43', 'chuyển chị châu bán', 2, 210),
(123, '0016', 4, '2016-04-25 12:07:43', 'chuyển chị châu bán ', 2, 210),
(124, '0193', 2, '2016-04-29 17:29:30', 'Chuyển cho chị Châu bán ', 6, 135),
(125, '0065', 13, '2016-05-04 01:01:36', 'Chuyển chị châu bán ', 6, 165),
(126, '0037', 4, '2016-05-04 01:01:36', 'Chuyển chị châu bán ', 3, 170),
(127, '0072', 1, '2016-05-04 01:01:36', 'Chuyển chị châu bán ', 3, 175),
(128, '0038', 2, '2016-05-04 01:01:36', 'Chuyển chị châu bán ', 3, 170),
(129, '0087', 2, '2016-05-04 01:01:36', 'Chuyển chị châu bán ', 7, 175),
(130, '0086', 1, '2016-05-04 01:03:41', 'Chuyển chị châu bán ', 7, 175),
(131, '0073', 1, '2016-05-04 01:03:41', 'Chuyển chị châu bán ', 3, 170),
(132, '0010', 1, '2016-05-04 01:03:41', 'Chuyển chị châu bán ', 2, 185),
(133, '0036', 1, '2016-05-04 01:03:41', 'Chuyển chị châu bán ', 3, 170),
(134, '0228', 10, '2016-05-06 01:05:18', 'Trả anh Dương ', 3, 155),
(135, '0229', 10, '2016-05-06 01:05:18', 'Trả anh Dương ', 3, 155),
(136, '0230', 5, '2016-05-06 01:05:18', 'Trả anh Dương ', 3, 165),
(137, '0212', 2, '2016-05-12 12:29:32', 'chuyển c châu bán ', 6, 65),
(138, '0213', 3, '2016-05-12 12:29:32', 'chuyển c châu bán ', 6, 75),
(139, '0203', 2, '2016-05-14 13:23:46', 'Chuyển C Châu bán ', 6, 240),
(140, '0201', 1, '2016-05-14 13:23:46', 'Chuyển C Châu bán ', 6, 150),
(141, '0204', 2, '2016-05-14 13:23:46', 'Chuyển C Châu bán ', 6, 180),
(142, '0210', 3, '2016-05-22 19:50:12', 'chuyển chị châu bán ', 6, 120),
(143, '0232', 1, '2016-05-22 19:50:12', 'chuyển chị châu bán', 6, 125),
(144, '0211', 7, '2016-05-22 19:50:12', 'chuyển chị châu bán ', 6, 110),
(145, '0179', 2, '2016-05-22 19:50:12', 'chuyển chị châu bán', 6, 130),
(146, '0209', 2, '2016-05-22 19:50:12', 'chuyển chị châu bán ', 6, 125),
(153, '0164', 6, '2016-05-26 14:16:36', 'chuyển chị châu bán ', 9, 235),
(154, '0241', 1, '2016-06-09 15:20:06', 'Lỗi ', 6, 60),
(155, '0199', 2, '2016-06-09 15:20:06', 'Lỗi ', 6, 165),
(156, '0181', 3, '2016-06-09 15:20:06', 'Lỗi ', 6, 95),
(157, '0183', 1, '2016-06-09 15:20:06', 'Lỗi ', 6, 89),
(158, '0228', 13, '2016-06-13 16:28:46', 'Chuyển về cho chị Châu', 3, 155),
(159, '0161', 8, '2016-06-13 16:28:46', 'Chuyển về cho chị Châu', 9, 205),
(160, '0215', 5, '2016-06-22 19:04:31', 'Chuyển chị Châu ', 6, 150),
(161, '0207', 2, '2016-06-22 19:04:31', 'Chuyển chị Châu ', 6, 190),
(162, '0181', 2, '2016-06-22 19:04:31', 'Chuyển chị Châu ', 6, 95),
(163, '0172', 2, '2016-06-22 19:04:31', 'Chuyển chị Châu ', 6, 53),
(164, '0195', 1, '2016-06-22 19:04:31', 'Chuyển chị Châu ', 6, 180),
(165, '0216', 2, '2016-06-22 19:04:31', 'Chuyển chị Châu ', 6, 185),
(166, '0196', 1, '2016-06-22 19:04:31', 'Chuyển chị Châu ', 6, 185),
(167, '0225', 1, '2016-06-22 19:04:31', 'Chuyển chị Châu ', 6, 100),
(168, '0208', 2, '2016-06-22 19:04:31', 'Chuyển chị Châu ', 6, 115),
(169, '0198', 1, '2016-06-22 19:04:31', 'Chuyển chị Châu ', 6, 120),
(170, '0176', 1, '2016-06-22 19:05:41', 'Chuyển chị Châu ', 6, 125),
(171, '0190', 3, '2016-06-22 19:05:41', 'Chuyển chị Châu ', 6, 175),
(172, '0261', 1, '2016-06-22 19:05:41', 'Chuyển chị Châu ', 6, 150),
(173, '0279', 15, '2016-06-27 16:08:55', 'Trả hàng ', 10, 170),
(174, '0288', 1, '2016-07-13 21:18:29', 'chuyển chị châu ', 6, 120),
(175, '0286', 1, '2016-07-13 21:18:29', 'chuyển chị châu ', 6, 120),
(176, '0238', 2, '2016-07-13 21:18:29', 'chuyển chị châu ', 6, 120),
(177, '0260', 1, '2016-07-13 21:18:29', 'chuyển chị châu ', 6, 160),
(178, '0176', 2, '2016-07-13 21:18:29', 'chuyển chị châu ', 6, 125),
(179, '0205', 3, '2016-07-13 21:18:29', 'chuyển chị châu ', 6, 165),
(180, '0268', 1, '2016-07-13 21:18:29', 'chuyển chị châu ', 7, 130),
(181, '0178', 3, '2016-07-13 21:18:29', 'chuyển chị châu ', 6, 73),
(182, '0198', 2, '2016-07-13 21:18:29', 'chuyển chị châu ', 6, 120),
(183, '0090', 1, '2016-07-13 21:18:29', 'chuyển chị châu ', 3, 175),
(184, '0242', 10, '2016-07-14 21:24:54', 'chuyển chị Châu', 9, 245),
(185, '0157', 3, '2016-07-14 21:24:54', 'chuyển chị châu ', 9, 175),
(186, '0150', 1, '2016-07-14 21:24:54', 'chuyển chị Châu ', 7, 175),
(187, '0158', 4, '2016-07-14 21:24:54', 'Chuyển chị Châu ', 7, 175),
(188, '0249', 10, '2016-07-15 20:52:28', 'Chuyển chị Châu', 3, 185),
(189, '0153', 1, '2016-07-15 20:52:28', 'Chị chị Châu ', 3, 170),
(190, '0162', 1, '2016-07-15 20:52:28', 'Chuyển chị Châu ', 6, 200),
(191, '0163', 1, '2016-07-15 20:52:28', 'Chuyển chị Châu ', 9, 195),
(192, '0230', 4, '2016-07-15 20:52:28', 'Chuyển chị Châu ', 3, 165),
(193, '0205', 4, '2016-07-16 20:07:13', 'Chuyển chị Châu ', 6, 165),
(194, '0251', 1, '2016-07-16 20:07:13', 'Chuyển chị Châu ', 6, 45);

-- --------------------------------------------------------

--
-- Table structure for table `property`
--

CREATE TABLE IF NOT EXISTS `property` (
  `id` int(11) NOT NULL AUTO_INCREMENT,
  `date` date NOT NULL,
  `amount` float NOT NULL DEFAULT '0',
  `ket` float DEFAULT '0',
  `loan` float DEFAULT '0',
  `fund` float DEFAULT '0',
  `store` float DEFAULT '0',
  `debt` float DEFAULT '0',
  PRIMARY KEY (`id`)
) ENGINE=InnoDB  DEFAULT CHARSET=utf8 AUTO_INCREMENT=72 ;

--
-- Dumping data for table `property`
--

INSERT INTO `property` (`id`, `date`, `amount`, `ket`, `loan`, `fund`, `store`, `debt`) VALUES
(1, '2015-10-25', 108608, 12500, 41275, 24827, 124801, 255),
(2, '2015-10-26', 110455, 14200, 32750, 26502, 116448, 255),
(3, '2015-10-28', 109825, 15800, 22533, 16945, 115128, 285),
(4, '2015-10-30', 110290, 8600, 22533, 19745, 112793, 285),
(5, '2015-10-31', 111328, 10600, 22533, 21745, 111831, 285),
(6, '2015-11-05', 111621, 11900, 26698, 23693, 114341, 285),
(7, '2015-11-07', 111163, 15500, 26698, 28430, 109146, 285),
(8, '2015-11-10', 110422, 11000, 27513, 25700, 111950, 285),
(9, '2015-11-15', 101073, 9500, 12618, 15769, 97637, 285),
(10, '2015-11-16', 100568, 9500, 22268, 10469, 112082, 285),
(11, '2015-11-18', 100016, 12000, 22103, 13029, 108805, 285),
(12, '2015-11-21', 103261, 13500, 28928, 14809, 117095, 285),
(13, '2015-11-23', 104715, 12500, 28928, 18764, 114594, 285),
(14, '2015-11-25', 105600, 7000, 29013, 2404, 131924, 285),
(15, '2015-11-29', 107339, 6050, 42488, 14234, 135308, 285),
(16, '2015-11-30', 108525, 7000, 42488, 17184, 133544, 285),
(17, '2015-12-03', 110588, 7500, 20343, 6369, 124277, 285),
(18, '2015-12-06', 107497, 4235, 20698, 6519, 121391, 285),
(19, '2015-12-07', 112007, 10000, 20698, 13284, 119136, 285),
(20, '2015-12-08', 103752, 2500, 17868, 5539, 115796, 285),
(21, '2015-12-10', 100116, 4500, 19913, -21, 119765, 285),
(22, '2015-12-11', 100570, 6500, 29243, 2264, 127264, 285),
(23, '2015-12-13', 102219, 11500, 29038, 7041, 123931, 285),
(24, '2015-12-16', 104515, 17100, 29953, 14026, 120157, 285),
(25, '2015-12-17', 103506, 17100, 29953, 14026, 119148, 285),
(26, '2015-12-18', 104521, 7000, 29953, 16171, 118018, 285),
(27, '2015-12-26', 99624, 10100, 27048, -4016, 128848, 1840),
(28, '2015-12-29', 100888, 16200, 27048, -4882, 130978, 1840),
(29, '2016-01-03', 101108, 18785, 32178, -6887, 138783, 1390),
(30, '2016-01-13', 79776, 7300, 31473, -28481, 138380, 1350),
(31, '2016-01-16', 67795, 7300, 29823, -30131, 126399, 1350),
(32, '2016-01-18', 78285, 17100, 37338, -13101, 127114, 1610),
(33, '2016-01-19', 85860, 27300, 35493, -3016, 122759, 1610),
(34, '2016-01-21', 87337, 13500, 15323, -18745, 119795, 1610),
(35, '2016-01-25', 88298, 19500, 13948, -7934, 108570, 1610),
(36, '2016-01-28', 85232, 7000, 13703, -5746, 103071, 1610),
(37, '2016-01-31', 86024, 16365, 13803, 4875, 94122, 830),
(38, '2016-02-01', 82227, 16365, -555, -10603, 91445, 830),
(39, '2016-02-02', 83580, 20000, -715, -7065, 88340, 1590),
(40, '2016-02-03', 78261, 19000, -715, -8268, 84224, 1590),
(41, '2016-02-06', 75107, 15000, -4230, -6592, 75879, 1590),
(42, '2016-02-18', 75107, 15000, -4230, -6592, 75879, 1590),
(43, '2016-03-02', 71888, 6800, -4230, 2118, 63950, 1590),
(44, '2016-03-13', 59118, 7500, 2645, -3222, 63395, 1590),
(45, '2016-03-16', 59331, 9500, -680, -8134, 65195, 1590),
(46, '2016-03-30', 60092, 21500, 8015, 1477, 65040, 1590),
(47, '2016-04-02', 35610, 5900, 5920, -21995, 61935, 1590),
(48, '2016-04-09', 35965, 7100, 5920, -20900, 61195, 1590),
(49, '2016-04-26', 33453, 6000, 24300, -9413, 65576, 1590),
(50, '2016-05-02', 33253, 9000, 63654, -2011, 97328, 1590),
(51, '2016-05-05', 32468, 9000, 63654, -2011, 96543, 1590),
(52, '2016-05-06', 32587, 9000, 63654, -2011, 96662, 1590),
(53, '2016-05-07', 32587, 9000, 63654, -2011, 96662, 1590),
(54, '2016-05-13', 27803, 9265, 58633, -889, 85735, 1590),
(55, '2016-05-14', 30738, 7865, 59563, 2686, 86025, 1590),
(56, '2016-05-15', 30388, 7865, 63984, 2686, 90096, 1590),
(57, '2016-05-17', 27174, 7165, 67944, 1447, 92081, 1590),
(58, '2016-05-24', 27965, 7000, 69400, 5587, 90188, 1590),
(59, '2016-05-28', 28160, 8500, 69140, 7087, 88623, 1590),
(60, '2016-06-03', 26262, 5400, 70490, 8907, 86255, 1590),
(61, '2016-06-06', 24102, 5500, 0, -68623, 91135, 1590),
(62, '2016-06-08', 26066, 9000, 0, -65411, 89887, 1590),
(63, '2016-06-13', 16090, 500, 0, -73830, 88120, 1800),
(64, '2016-06-14', 16000, 500, -2897, -73830, 84933, 2000),
(65, '2016-06-15', 15109, 1100, 4250, -70683, 88042, 2000),
(66, '2016-06-23', 17869, 4500, -861, -66630, 81638, 2000),
(67, '2016-06-30', 15589, 1375, 1750, -66424, 81763, 2000),
(68, '2016-07-04', 14664, 1275, 0, -67564, 80228, 2000),
(69, '2016-07-10', -9501, 1325, 965, -88749, 78623, 1590),
(70, '2016-07-12', -9271, 1725, 965, -88349, 78453, 1590),
(71, '2016-07-13', -9441, 1725, 965, -88349, 78283, 1590);

-- --------------------------------------------------------

--
-- Table structure for table `provider`
--

CREATE TABLE IF NOT EXISTS `provider` (
  `id` int(11) NOT NULL AUTO_INCREMENT,
  `name` varchar(45) NOT NULL,
  `tel` varchar(16) NOT NULL,
  `address` varchar(245) DEFAULT NULL,
  `description` varchar(245) DEFAULT NULL,
  `date` datetime DEFAULT NULL,
  PRIMARY KEY (`id`)
) ENGINE=InnoDB  DEFAULT CHARSET=utf8 AUTO_INCREMENT=12 ;

--
-- Dumping data for table `provider`
--

INSERT INTO `provider` (`id`, `name`, `tel`, `address`, `description`, `date`) VALUES
(2, 'Vinh Tuyết', '0913077448', '27 Hàng Thùng', 'Hàng thùng', '2016-07-15 09:14:08'),
(3, 'Dương', '01666082922', 'Cầu Giấy', '', '2015-10-07 23:04:59'),
(4, 'METRONIC VIET NAM', '0948387993', 'Hào Nam, sau nhạc viện hà nội', '043.211.52.37/0948.387.993. Mrs. Lê', '2015-10-24 09:44:06'),
(5, 'Tuyến', '0904123322', 'Ngã Tư sở', '', '2015-10-24 11:32:53'),
(6, 'Chị Châu', '0966807709', 'Số 3 Lê Văn Lương Vạn Phúc Hà Đông Hà Nội', '', '2015-10-24 11:35:38'),
(7, 'Chiến đại mỗ', '0936374347', 'Đại mỗ', 'rẻ', '2015-11-15 20:21:59'),
(8, 'Chị Thanh', '0466638998', '135 Trần Đại Nghĩa', 'Hàng xả', '2015-12-12 23:26:01'),
(9, 'Em Tuấn', '1000000000', 'ko biết', '', '2016-03-15 21:00:01'),
(10, 'Hải Đại Mỗ', '0965326065', 'Đại mỗ', 'Làm thay chiến. Chiến làm riêng', '2016-05-15 22:17:30'),
(11, 'E Kiên ', '0987839935', 'Giang Long ', '', '2016-06-27 16:27:01');

-- --------------------------------------------------------

--
-- Table structure for table `provider_paid`
--

CREATE TABLE IF NOT EXISTS `provider_paid` (
  `id` int(11) NOT NULL AUTO_INCREMENT,
  `provider_id` int(11) NOT NULL,
  `amount` float NOT NULL,
  `date` datetime NOT NULL,
  `description` varchar(245) DEFAULT NULL,
  PRIMARY KEY (`id`),
  KEY `fk_provider_paid_provider1_idx` (`provider_id`)
) ENGINE=InnoDB  DEFAULT CHARSET=utf8 AUTO_INCREMENT=94 ;

--
-- Dumping data for table `provider_paid`
--

INSERT INTO `provider_paid` (`id`, `provider_id`, `amount`, `date`, `description`) VALUES
(1, 2, 28830, '2015-10-04 22:27:27', 'Hóa đơn 28830. | 2:28096 | 9:734 | 2:0 | '),
(2, 3, 35000, '2015-10-08 22:56:05', ' | 2:35000 | 2:0 | 2:0 | '),
(3, 3, 10000, '2015-10-12 23:55:04', 'Rút 10M từ tiền gửi anh Minh còn lại trả dương 10M | 2:10000 | 2:0 | 2:0 | '),
(4, 4, 2850, '2015-10-24 09:48:40', 'Lấy tiền nhà Châu trả | 1:2850 | 2:0 | 2:0 | '),
(5, 2, 4573, '2015-10-24 10:59:23', '1 hóa đơn vinh tuyết chia 2 bên. Chị Châu thanh toán hết | 9:4573 | 2:0 | 2:0 | '),
(6, 6, 27294, '2015-10-24 12:17:23', 'Hàng Chau thanh toán Hộ Anh Minh | 9:27294 | 2:0 | 2:0 | '),
(7, 5, 8525, '2015-10-25 14:39:17', 'đã thanh toán hết | 1:8500 | 13:25 | 2:0 | '),
(8, 6, -2310, '2015-10-26 00:42:37', 'Trả lại 14 đôi 2483 cho Chị Châu | 9:-2310 | 2:0 | 2:0 | '),
(9, 3, 13467, '2015-10-26 00:50:31', 'Tiền chị châu đã dùng hết chuyển sang trả Dương | 9:13467 | 2:0 | 2:0 | '),
(10, 4, 3250, '2015-10-31 23:19:44', 'Chị Châu trả hết hóa đơn tổng. | 9:3250 | 2:0 | 2:0 | '),
(11, 6, -1915, '2015-11-05 00:29:08', 'trả 0061, 0062 cho chị châu | 9:-1915 | 2:0 | 2:0 | '),
(12, 5, 5345, '2015-11-07 14:13:50', 'Thanh toán ngày 5.11, thanh toán luôn 635k cho hóa đơn cảu Chị Châu | 1:5345 | 2:0 | 2:0 | '),
(13, 2, 2815, '2015-11-08 22:39:27', 'Thanh toán hóa đơn hộ bảo | 9:2815 | 2:0 | 2:0 | '),
(14, 2, -950, '2015-11-11 22:43:55', '0044 chuyển sang nhà chị châu 5 đôi | 9:-950 | 2:0 | 2:0 | '),
(15, 4, -950, '2015-11-11 22:44:28', '0040 chuyển lên chị châu 5 đôi | 9:-950 | 2:0 | 2:0 | '),
(16, 6, -230, '2015-11-11 22:44:51', 'Hàng trả lại chị châu | 9:-230 | 2:0 | 2:0 | '),
(17, 3, 7185, '2015-11-11 22:55:15', 'Phần tiền còn lại của bảo bên chị châu là 7185 coi như chuyển sang thanh toán cho Dương. bảo và chị châu hết nợ | 9:7185 | 2:0 | 2:0 | '),
(18, 7, 5300, '2015-11-15 20:46:43', ' | 9:5300 | 2:0 | 2:0 | '),
(19, 7, 2700, '2015-11-19 22:33:41', 'Chị Châu thanh toán hộ | 9:2700 | 2:0 | 2:0 | '),
(20, 2, 8350, '2015-11-23 17:28:33', ' | 9:8335 | 13:15 | 2:0 | '),
(21, 2, -15, '2015-11-23 17:54:23', ' | 13:-15 | 2:0 | 2:0 | '),
(22, 2, 2145, '2015-11-23 21:20:17', ' | 9:2145 | 2:0 | 2:0 | '),
(23, 3, 600, '2015-11-23 21:22:12', ' | 9:600 | 2:0 | 2:0 | '),
(24, 3, 8000, '2015-11-23 21:23:35', 'Bảo chuyển cho chị Châu để thanh toán nợ cho Anh Dương sáng 23.11 | 1:08000 | 2:0 | 2:0 | '),
(25, 3, -4065, '2015-11-28 19:28:05', ' | 9:-4065 | 2:0 | 2:0 | '),
(27, 6, -2080, '2015-11-28 22:15:36', 'Lấy lại phần hàng bảo chuyển cho chị châu | 9:-2080 | 2:0 | 2:0 | '),
(28, 4, 16460, '2015-11-30 16:37:06', 'Vay Chị Châu 12 triệu thanh toán tiền, Anh Khánh nhận hộ | 1:4475 | 9:12000 | 13:-15 | '),
(29, 7, 5280, '2015-12-08 22:24:33', 'Chị Châu thanh toán hộ | 9:5280 | 2:0 | 2:0 | '),
(30, 2, 210, '2015-12-12 19:13:32', ' | 9:210 | 2:0 | 2:0 | '),
(31, 6, 26550, '2015-12-23 09:04:13', 'Bảo nhạp hàng lấy từ zamy. Hien. Chị thanh bên chị châu | 1:26550 | 2:0 | 2:0 | '),
(32, 6, 590, '2015-12-23 23:18:07', ' | 9:590 | 2:0 | 2:0 | '),
(33, 7, 2800, '2015-12-24 22:57:44', 'Thanh toán hộ | 9:2800 | 2:0 | 2:0 | '),
(34, 6, 1260, '2015-12-25 21:39:23', 'Lấy hàng bên chị châu (20151225_002) | 1:0 | 9:1260 | 2:0 | '),
(35, 6, 550, '2015-12-26 21:48:52', 'Bảo lấy hôm anh chị lên chợ đồng xuân về qua | 9:550 | 2:0 | 2:0 | '),
(36, 2, 2125, '2015-12-27 22:00:32', 'Chị châu thanh toán hộ. 10 đôi. lúc nhập tiền này chưa nhập mã, bảo đi đám cưới | 9:2125 | 2:0 | 2:0 | '),
(37, 7, 170, '2015-12-28 22:06:04', '2676 | 1:0 | 9:170 | 2:0 | '),
(38, 6, 3550, '2015-12-28 22:06:38', 'lấy hàng ngày 28.12.2015 | 1:0 | 9:3550 | 2:0 | '),
(39, 6, 580, '2015-12-30 21:51:19', ' | 9:580 | 2:0 | 2:0 | '),
(40, 6, 8690, '2016-01-02 11:09:20', 'Chốt hết ngày 01.01.2016 | 9:8690 | 2:0 | 2:0 | '),
(41, 6, 350, '2016-01-03 19:47:22', '2626(1) | 9:350 | 2:0 | 2:0 | '),
(42, 6, 1100, '2016-01-03 20:03:14', '2625.1, 2780.2 | 9:1100 | 2:0 | 2:0 | '),
(43, 6, 1540, '2016-01-05 22:35:16', '7 cái 2807 | 9:1540 | 2:0 | 2:0 | '),
(44, 6, -1720, '2016-01-08 22:26:47', 'Cân đối | 9:-1720 | 2:0 | 2:0 | '),
(45, 3, 10000, '2016-01-09 18:52:49', 'Đưa cho chị Châu ngày 9.1 để thanh toán tiền hàng  | 1:10000 | 2:0 | 2:0 | '),
(46, 6, 285, '2016-01-09 21:43:43', ' | 9:285 | 2:0 | 2:0 | '),
(47, 6, -220, '2016-01-09 22:05:55', 'đưa cho chị châu bán cái 0137 (2807) | 9:-220 | 2:0 | 2:0 | '),
(48, 7, 1650, '2016-01-13 21:41:14', 'Lấy 2 dây hàng, chị châu thanh toán hộ. bảo nhập hàng sau | 9:1650 | 2:0 | 2:0 | '),
(49, 6, 1695, '2016-01-18 22:36:42', 'Chốt hàng | 2:0 | 9:1695 | 2:0 | '),
(50, 3, 20000, '2016-01-20 23:16:07', 'Đưa chị Châu thanh toán hộ 20M | 1:20000 | 2:0 | 2:0 | '),
(51, 6, 1700, '2016-01-20 23:28:25', 'Bảo lấy hàng: 2765(1), 2805(4), 2760(1), 2737(1) | 2:0 | 9:1700 | 2:0 | '),
(52, 6, -2270, '2016-01-21 21:49:40', 'Chốt lô hàng mang ngày 20, 21 mới nhập cân bên Chị Châu. Còn lô hàng mang về tối 21. mai nhập sau | 9:-2270 | 2:0 | 2:0 | '),
(53, 6, -1090, '2016-01-26 12:32:53', 'cân hết chỗ này bên chị châu. phần lệch chờ review tính tiếp | 9:0 | 9:-1090 | 2:0 | '),
(54, 6, -600, '2016-01-31 04:03:56', 'Chốt nợ | 9:-600 | 2:0 | 2:0 | '),
(55, 3, 170, '2016-01-31 13:49:47', 'Dồn nợ cân với dương. Đôi 2747 chị châu trả lại | 2:0 | 9:170 | 2:0 | '),
(56, 3, 14948, '2016-01-31 13:50:38', 'Chị châu trả hết nợ cho dương hộ bảo | 2:0 | 9:14948 | 2:0 | '),
(57, 6, 360, '2016-01-31 23:50:34', 'bảo lấy 2x 2740 | 2:0 | 9:360 | 2:0 | '),
(58, 3, 160, '2016-02-01 00:16:09', 'Bảo nhầm 0118 với 0138 | 2:0 | 9:160 | 2:0 | '),
(59, 6, -185, '2016-02-01 00:19:36', 'Bảo nhầm 0118 với 0138 | 2:0 | 9:-185 | 2:0 | '),
(60, 7, 6875, '2016-03-14 22:04:25', 'Thanh toán hộ | 9:6875 | 18:0 | 2:0 | '),
(61, 7, 340, '2016-03-14 22:05:15', 'Cân cho khớp | 9:340 | 18:0 | 2:0 | '),
(62, 6, -340, '2016-03-14 22:06:38', 'Chuyển 340k cho khớp nợ chiến | 9:-340 | 18:0 | 2:0 | '),
(63, 6, -3515, '2016-03-19 10:40:46', 'trừ tiền lô hàng bảo trả lại chị châu trước tết 04-02-2016 | 9:-3515 | 18:0 | 2:0 | '),
(64, 9, 1850, '2016-03-19 21:29:28', 'Chị châu thanh toán hết nợ em tuấn. THanh toán luôn 10 đôi bảo lấy | 9:1850 | 18:0 | 2:0 | '),
(65, 7, 3750, '2016-03-22 21:26:45', 'Chị châu thanh toán hộ: Châu 2625 bảo 3750  | 9:3750 | 18:0 | 2:0 | '),
(66, 9, 1750, '2016-03-30 06:37:36', 'thanh toán hộ | 9:1750 | 18:0 | 2:0 | '),
(67, 6, 30715, '2016-06-05 23:37:09', 'Chuyển nợ qua Chị Châu | 9:30715 | 18:0 | 2:0 | '),
(69, 9, 19615, '2016-06-05 23:38:01', 'Chuyển nợ qua Chị Châu | 9:19615 | 18:0 | 2:0 | '),
(70, 3, 15600, '2016-06-05 23:38:26', 'Chuyển nợ qua Chị Châu | 9:15600 | 18:0 | 2:0 | '),
(72, 7, 7755, '2016-06-05 23:39:53', 'Chuyển nợ qua Chị Châu | 9:7755 | 18:0 | 2:0 | '),
(73, 10, 7300, '2016-06-05 23:41:49', 'Chuyển nợ qua Chị Châu | 9:7300 | 18:0 | 2:0 | '),
(74, 4, -265, '2016-06-05 23:42:02', 'Chuyển nợ qua Chị Châu | 9:-265 | 18:0 | 2:0 | '),
(75, 5, -360, '2016-06-05 23:42:15', 'Chuyển nợ qua Chị Châu | 9:-360 | 18:0 | 2:0 | '),
(76, 2, -3075, '2016-06-05 23:42:35', 'Chuyển nợ qua Chị Châu | 9:-3075 | 18:0 | 2:0 | '),
(77, 6, 1222, '2016-06-08 19:58:45', 'Chốt hàng bảo lấy ngày 07,08-06 | 9:1222 | 18:0 | 2:0 | '),
(78, 6, -764, '2016-06-11 22:28:43', 'chốt hàng bảo chuyển về ngày 09.06 | 9:-764 | 18:0 | 2:0 | '),
(79, 6, 1108, '2016-06-14 22:33:19', 'tạm dùng cân nợ | 19:1108 | 18:0 | 2:0 | '),
(80, 9, -1640, '2016-06-14 22:33:42', 'tạm dùng TEMP cân nợ | 19:-1640 | 18:0 | 2:0 | '),
(81, 3, -2015, '2016-06-14 22:34:02', 'Tạm dùng TEMP cân nợ | 19:-2015 | 18:0 | 2:0 | '),
(82, 6, 363, '2016-06-17 22:16:10', '3091:1-3240:2 | 9:363 | 18:0 | 2:0 | '),
(83, 6, 1718, '2016-06-21 22:25:45', 'Chốt hàng lấy nhập ngày 21 | 9:1718 | 18:0 | 2:0 | '),
(84, 10, 1700, '2016-06-22 19:09:29', 'Thanh toán hóa đơn nhập 10 đôi mã 0278, 15 đôi mẫu còn lại 0279 sẽ trả lại - Thanh toán ở nhà chị Châu ngày 20.6 | 1:1700 | 18:0 | 2:0 | '),
(85, 6, -3411, '2016-06-23 21:06:38', 'Lô trả ngay22.6 | 9:-3411 | 18:0 | 2:0 | '),
(86, 11, 2475, '2016-06-27 16:29:25', 'Thanh toán luôn khi nhập hàng  | 1:2475 | 18:0 | 2:0 | '),
(87, 7, 1750, '2016-07-01 16:22:40', 'Thanh toán tiền hàng cho anh Chiến ngày 27.6 | 1:1750 | 18:0 | 2:0 | '),
(88, 6, 965, '2016-07-13 22:17:36', '8 món hàng bảo nhập ngày 07.07 trong máy bên bảo | 9:965 | 18:0 | 2:0 | '),
(89, 6, 170, '2016-07-14 09:19:34', 'Mã 3226 | 9:170 | 18:0 | 2:0 | '),
(90, 7, -1005, '2016-07-20 21:39:57', 'Chốt hàng | 21:-1005 | 18:0 | 2:0 | '),
(91, 3, -2855, '2016-07-20 21:40:29', 'Chốt hàng | 21:-2855 | 18:0 | 2:0 | '),
(92, 9, -3170, '2016-07-20 21:41:01', 'Chốt | 21:-3170 | 18:0 | 2:0 | '),
(93, 6, 431, '2016-07-20 21:41:43', 'Chốt hàng | 21:431 | 18:0 | 2:0 | ');

-- --------------------------------------------------------

--
-- Table structure for table `provider_paid_fund_change_histo`
--

CREATE TABLE IF NOT EXISTS `provider_paid_fund_change_histo` (
  `id` int(11) NOT NULL AUTO_INCREMENT,
  `fund_change_histo_id` int(11) NOT NULL,
  `provider_paid_id` int(11) NOT NULL,
  PRIMARY KEY (`id`),
  KEY `fk_provider_paid_fund_change_fund_change_histo1_idx` (`fund_change_histo_id`),
  KEY `fk_provider_paid_fund_change_provider_paid1_idx` (`provider_paid_id`)
) ENGINE=InnoDB  DEFAULT CHARSET=utf8 AUTO_INCREMENT=99 ;

--
-- Dumping data for table `provider_paid_fund_change_histo`
--

INSERT INTO `provider_paid_fund_change_histo` (`id`, `fund_change_histo_id`, `provider_paid_id`) VALUES
(1, 16, 1),
(2, 17, 1),
(3, 36, 2),
(4, 55, 3),
(5, 86, 4),
(6, 87, 5),
(7, 90, 6),
(8, 93, 7),
(9, 94, 7),
(10, 96, 8),
(11, 97, 9),
(12, 106, 10),
(13, 124, 11),
(14, 139, 12),
(15, 156, 13),
(16, 170, 14),
(17, 171, 15),
(18, 172, 16),
(19, 173, 17),
(20, 189, 18),
(21, 204, 19),
(22, 214, 20),
(23, 215, 20),
(24, 216, 21),
(25, 217, 22),
(26, 218, 23),
(27, 219, 24),
(28, 240, 25),
(30, 243, 27),
(31, 253, 28),
(32, 254, 28),
(33, 255, 28),
(34, 292, 29),
(35, 308, 30),
(36, 372, 31),
(37, 378, 32),
(38, 385, 33),
(39, 393, 34),
(40, 399, 35),
(41, 400, 36),
(42, 403, 37),
(43, 404, 38),
(44, 405, 39),
(45, 423, 40),
(46, 428, 41),
(47, 429, 42),
(48, 437, 43),
(49, 450, 44),
(50, 459, 45),
(51, 461, 46),
(52, 462, 47),
(53, 466, 48),
(54, 487, 49),
(55, 502, 50),
(56, 503, 51),
(57, 511, 52),
(58, 537, 53),
(60, 567, 55),
(61, 568, 56),
(62, 569, 57),
(63, 570, 58),
(64, 571, 59),
(65, 678, 60),
(66, 679, 61),
(67, 680, 62),
(68, 695, 63),
(69, 697, 64),
(70, 708, 65),
(71, 729, 66),
(72, 925, 67),
(74, 927, 69),
(75, 928, 70),
(77, 930, 72),
(78, 931, 73),
(79, 932, 74),
(80, 933, 75),
(81, 934, 76),
(82, 947, 77),
(83, 955, 78),
(84, 960, 79),
(85, 961, 80),
(86, 962, 81),
(87, 991, 82),
(88, 1000, 83),
(89, 1002, 84),
(90, 1006, 85),
(91, 1010, 86),
(92, 1019, 87),
(93, 1044, 88),
(94, 1045, 89),
(95, 1066, 90),
(96, 1067, 91),
(97, 1068, 92),
(98, 1069, 93);

-- --------------------------------------------------------

--
-- Table structure for table `role`
--

CREATE TABLE IF NOT EXISTS `role` (
  `id` int(11) NOT NULL AUTO_INCREMENT,
  `name` varchar(8) NOT NULL,
  `description` varchar(255) NOT NULL,
  PRIMARY KEY (`id`)
) ENGINE=InnoDB  DEFAULT CHARSET=utf8 AUTO_INCREMENT=4 ;

--
-- Dumping data for table `role`
--

INSERT INTO `role` (`id`, `name`, `description`) VALUES
(1, 'admin', 'Quản Trị'),
(2, 'editor', 'Nhập Liệu'),
(3, 'employee', 'Nhân Viên');

-- --------------------------------------------------------

--
-- Table structure for table `season`
--

CREATE TABLE IF NOT EXISTS `season` (
  `id` int(11) NOT NULL AUTO_INCREMENT,
  `start_time` date NOT NULL,
  `end_time` date NOT NULL,
  `name` varchar(45) NOT NULL,
  PRIMARY KEY (`id`)
) ENGINE=InnoDB  DEFAULT CHARSET=utf8 AUTO_INCREMENT=5 ;

--
-- Dumping data for table `season`
--

INSERT INTO `season` (`id`, `start_time`, `end_time`, `name`) VALUES
(1, '2014-01-01', '2014-03-31', 'SPRING'),
(2, '2014-04-01', '2014-06-30', 'SUMMER'),
(3, '2014-07-01', '2014-09-30', 'AUTUMN'),
(4, '2014-10-01', '2014-12-31', 'WINTER');

-- --------------------------------------------------------

--
-- Table structure for table `sex`
--

CREATE TABLE IF NOT EXISTS `sex` (
  `id` int(11) NOT NULL,
  `name` varchar(6) NOT NULL DEFAULT 'woman',
  PRIMARY KEY (`id`)
) ENGINE=InnoDB DEFAULT CHARSET=utf8;

--
-- Dumping data for table `sex`
--

INSERT INTO `sex` (`id`, `name`) VALUES
(1, 'WOMAN'),
(2, 'MAN');

-- --------------------------------------------------------

--
-- Table structure for table `shop`
--

CREATE TABLE IF NOT EXISTS `shop` (
  `id` int(11) NOT NULL AUTO_INCREMENT,
  `name` varchar(32) NOT NULL,
  `address` varchar(256) DEFAULT NULL,
  `date` datetime DEFAULT NULL,
  PRIMARY KEY (`id`)
) ENGINE=InnoDB  DEFAULT CHARSET=utf8 AUTO_INCREMENT=3 ;

--
-- Dumping data for table `shop`
--

INSERT INTO `shop` (`id`, `name`, `address`, `date`) VALUES
(1, 'shop1', '19 Vạn phúc Hà Đông Hà Nội', '2015-06-12 22:38:34'),
(2, 'shop2', 'Số 3 Lê Văn Lương - Vạn Phúc', '2015-06-12 22:38:34');

-- --------------------------------------------------------

--
-- Table structure for table `spend`
--

CREATE TABLE IF NOT EXISTS `spend` (
  `id` int(11) NOT NULL AUTO_INCREMENT,
  `spend_category_id` int(11) NOT NULL,
  `amount` float NOT NULL DEFAULT '0',
  `user_id` int(11) NOT NULL,
  `description` varchar(2000) DEFAULT NULL,
  `date` datetime DEFAULT NULL,
  `spend_for_id` int(11) NOT NULL,
  `spend_type_id` int(11) NOT NULL,
  PRIMARY KEY (`id`),
  KEY `fk_spend_spend_category1_idx` (`spend_category_id`),
  KEY `fk_spend_user1_idx` (`user_id`),
  KEY `fk_spend_spend_for1_idx` (`spend_for_id`),
  KEY `fk_spend_spend_type1_idx` (`spend_type_id`)
) ENGINE=InnoDB  DEFAULT CHARSET=utf8 AUTO_INCREMENT=387 ;

--
-- Dumping data for table `spend`
--

INSERT INTO `spend` (`id`, `spend_category_id`, `amount`, `user_id`, `description`, `date`, `spend_for_id`, `spend_type_id`) VALUES
(1, 1, 2160, 1, 'Mua thanh ray, thanh đỡ kính (Anh Minh   Anh Duệ)', '2015-10-01 00:29:00', 2, 2),
(2, 1, 34, 1, 'Mua đồ thắp hương', '2015-10-02 00:29:00', 2, 1),
(3, 1, 50, 2, 'Mua thêm 2 thanh ray', '2015-10-02 00:17:10', 2, 1),
(4, 1, 60, 1, 'Tiền ốc vít', '2015-10-01 02:21:35', 2, 1),
(5, 1, 4000, 1, 'laptop dell', '2015-10-03 11:15:04', 2, 1),
(6, 1, 2000, 1, 'Mua 100m led lắp cửa hàng', '2015-10-04 13:46:21', 2, 1),
(7, 1, 480, 2, 'Mua ghế', '2015-10-05 15:57:00', 2, 1),
(8, 1, 180, 2, 'Sớ đi phủ tây hồ', '2015-10-06 15:31:58', 2, 1),
(9, 1, 500, 2, 'Đưa bảo', '2015-10-06 15:31:58', 2, 1),
(10, 1, 220, 2, 'Mua lễ đi phủ', '2015-10-06 15:31:58', 2, 1),
(11, 1, 30, 2, 'Mua hoa', '2015-10-06 15:31:58', 2, 1),
(12, 1, 100, 2, 'Tiền lẻ đi lễ', '2015-10-06 15:31:58', 2, 1),
(13, 1, 500, 2, 'Đưa bảo', '2015-10-07 15:39:25', 2, 1),
(14, 1, 105, 2, 'Mua máy tính, sổ bút', '2015-10-07 15:39:25', 2, 1),
(15, 1, 200, 2, 'Tiền 2 nhân viên', '2015-10-07 15:39:25', 2, 1),
(16, 1, 25, 1, 'Bình nước', '2015-10-07 15:41:41', 2, 1),
(17, 1, 350, 1, 'Đi chợ sáng mua gà. ... khai trương', '2015-10-08 02:52:32', 2, 1),
(18, 1, 550, 2, 'Châu đi mua lễ thắp hương (hoa quả, bánh, hương vàng túi đựng tiền)', '2015-10-08 15:54:47', 2, 1),
(19, 1, 200, 2, 'Đưa bảo trả lại cho khách hôm khai trương', '2015-10-08 15:54:47', 2, 1),
(20, 1, 60, 2, 'Tiền lẻ thắp hương', '2015-10-08 15:54:47', 2, 1),
(21, 1, 600, 2, 'Tiền phong bao lì xì', '2015-10-08 15:54:47', 2, 1),
(22, 1, 1300, 1, 'Chi mua đồ điện: Quạt trần, 3 bóng đôi, các phụ kiện điện', '2015-10-09 16:17:14', 2, 1),
(23, 1, 5000, 1, 'Ứng trước 5m tiền gương kính', '2015-10-09 16:17:14', 2, 1),
(24, 1, 120, 4, 'Mua chuột cho bảo', '2015-10-10 21:57:06', 2, 1),
(25, 1, 160, 4, 'Mua 2 súng bắn giá cho bảo', '2015-10-10 21:57:06', 2, 1),
(26, 1, 220, 4, 'Mua access point lắp wifi', '2015-10-11 23:56:04', 2, 1),
(27, 1, 157, 1, 'Lot thuong truoc 5x3.5, lot thuong sau 20x3.5, silicon 10x 7.0', '2015-10-13 23:43:41', 2, 1),
(28, 1, 700, 3, 'Mua thảm', '2015-10-13 18:50:01', 2, 1),
(29, 1, 71, 3, 'đồ thắp hương', '2015-10-13 18:50:01', 2, 1),
(30, 1, 25, 3, 'SHIP FEE', '2015-10-11 18:55:25', 2, 1),
(31, 1, 5445, 4, 'Lắp camera', '2015-10-14 22:18:24', 2, 1),
(32, 1, 70, 3, 'tiền lì xì mở hàng', '2015-10-08 22:57:02', 2, 1),
(33, 1, 25, 3, 'phí ship hàng cho Thu   Huyền', '2015-10-16 12:55:15', 2, 1),
(35, 1, 20, 3, 'mua hoa thắp hương', '2015-10-17 23:19:26', 2, 1),
(36, 1, 1650, 3, 'mua bàn quầy', '2015-10-17 23:21:13', 2, 1),
(37, 1, 1890, 1, 'In túi bóng và mua giấy cuộn', '2015-10-18 22:25:34', 2, 1),
(38, 1, 50, 3, 'Mua bánh thắp hương, muaỉ toỉ để cửa hàng, mua nước', '2015-10-19 16:14:03', 2, 1),
(39, 1, 25, 3, 'phí ship hàng cho Vũ', '2015-10-20 00:18:08', 2, 1),
(40, 1, 60, 3, 'mua choi lau', '2015-10-21 22:55:00', 2, 1),
(41, 1, 20, 3, 'mua banh va hoa thap huong', '2015-10-22 22:35:28', 2, 1),
(43, 1, 10, 3, 'Mua lựu thắp hương', '2015-10-26 15:52:53', 2, 1),
(44, 1, 540, 4, 'tiền quảng cáo facebook (HSBC của A Duệ)', '2015-10-31 09:06:14', 2, 1),
(45, 1, 42, 3, 'bánh, tiền vàng, hoa thắp hương rằm', '2015-10-27 11:07:18', 2, 1),
(46, 1, 17, 3, 'mua hoa ly', '2015-10-29 11:07:54', 2, 1),
(47, 1, 16, 3, 'mua táo', '2015-10-30 11:08:16', 2, 1),
(48, 1, 12, 1, 'mua táo', '2015-11-01 11:08:36', 2, 1),
(49, 1, 32, 3, 'phí ship hàng cho chị Đỗ Thuần Phương lần 1', '2015-11-01 11:21:35', 2, 1),
(50, 1, 43, 3, 'Phí ship hàng cho Chị Đỗ THuần Phương lần 2', '2015-11-01 11:25:32', 2, 1),
(51, 1, 45, 3, 'Phí ship hàng cho em Nguyễn Thị Bích Thảo', '2015-11-01 11:30:33', 2, 1),
(52, 1, 39, 3, 'đổi nước, mua bánh gạo thắp hương', '2015-11-02 15:04:30', 2, 1),
(53, 1, 200, 3, 'tăng like   comment  share fb', '2015-11-03 22:34:39', 2, 1),
(54, 1, 165, 4, 'Quảng cáo facebook (thẻ HSBC anh Duệ)', '2015-11-03 23:28:06', 2, 1),
(55, 1, 35, 3, 'Phí ship hàng đi Bắc Ninh cho em Trần Thị Minh Thương', '2015-11-05 18:37:40', 2, 1),
(56, 1, 53, 3, 'Phí ship hàng lần 3 cho chị Đỗ Thuần Phương', '2015-11-05 18:44:43', 2, 1),
(59, 1, 20, 3, 'Mua giấy gói hàng', '2015-11-06 13:41:39', 2, 1),
(60, 1, 430, 3, 'thanh toán tiền điện, nước, nét tháng 10.2015', '2015-11-05 13:42:41', 2, 1),
(61, 1, 35, 3, 'mua táo, hoa ', '2015-11-05 13:43:54', 2, 1),
(62, 1, 43, 3, 'Phí ship hàng cho chị Đinh Thị Loan', '2015-11-07 14:39:01', 2, 1),
(63, 1, 18, 3, 'Phí ship hàng cho Quỳnh Maruko ', '2015-11-07 14:39:27', 2, 1),
(64, 1, 18, 3, 'phí ship hàng cho chị Đỗ Thuần Phương', '2015-11-07 14:39:50', 2, 1),
(65, 1, 20, 3, 'mua bánh gạo thắp hương', '2015-11-08 10:27:10', 2, 1),
(66, 1, 100, 3, 'nạp thẻ', '2015-11-08 10:27:36', 2, 1),
(67, 1, 12, 3, 'mua táo', '2015-11-10 10:54:04', 2, 1),
(68, 1, 495, 3, 'Tiền bảo lấy hàng bên chị châu còn nợ. anh Duệ chốt trả hết nợ này để quản lý khi bảo có lấy hàng bên chị châu ship online và nhận tiền bên bảo', '2015-11-10 22:12:00', 1, 1),
(69, 1, 6050, 1, 'Thanh toán tiền biển quảng cáo cho hưởng', '2015-11-10 22:21:11', 2, 1),
(71, 1, 34, 3, 'Phí chip chuyển hoàn hàng của Chị Đỗ Thuần Phương', '2015-11-11 12:13:57', 2, 1),
(72, 1, 20, 3, 'Mua hoa ly thắp hương', '2015-11-11 12:14:38', 2, 1),
(73, 1, 10000, 2, 'Chị châu thanh toán tiền Kính gương 10M', '2015-11-11 22:43:07', 2, 1),
(74, 1, 57, 3, 'Mua đồ thắp hương mùng 1', '2015-11-12 10:38:15', 2, 1),
(75, 1, 100, 3, 'mua giấy xi măng gói hàng', '2015-11-12 23:11:03', 2, 1),
(76, 1, 23, 3, 'Mua bánh gạp thắp hương', '2015-11-14 23:04:42', 2, 1),
(77, 1, 20, 3, 'Mua chuối', '2015-11-16 20:48:07', 2, 1),
(78, 1, 450, 3, 'Thanh toán 50% phí tăng 10k like fanpage', '2015-11-16 20:49:00', 2, 1),
(79, 1, 530, 3, 'Chốt chí chạy ads fanpage đến 19h ngày 14.11', '2015-11-16 20:51:32', 2, 1),
(80, 1, 460, 3, 'Thanh toán 50% chi phí tăng 10 nghìn like fanpage', '2015-11-16 20:52:54', 2, 1),
(81, 1, 30, 3, 'mua hoa ly thắp hương', '2015-11-17 11:18:53', 2, 1),
(82, 1, 20, 3, 'Mua chuối thắp hương', '2015-11-18 10:51:19', 2, 1),
(83, 1, 20, 3, 'Mua hoa ly thắp hương', '2015-11-21 12:27:33', 2, 1),
(84, 1, 25, 3, 'mua bánh thắp hương', '2015-11-23 23:25:50', 2, 1),
(85, 1, 220, 2, 'Chị Châu thanh toán tiền cáp anh Minh', '2015-11-23 15:42:31', 1, 1),
(86, 1, 25, 3, 'Phí ship hàng cho Linh Giang bạn Bảo', '2015-11-24 10:55:43', 2, 1),
(87, 1, 50, 3, 'phí ship hàng chyển hoàn đôi giầy lỗi của chị Đỗ Thuần Phương', '2015-11-25 14:41:25', 2, 1),
(88, 1, 100, 3, 'mua xôi giò, bánh gạo, hoa,, tiền vàng, thuốc lá thắp hương rằm', '2015-11-26 10:48:00', 2, 1),
(89, 1, 95, 3, 'Mua bánh đồng tiền, chè, trầu cau, nến bay ban thờ ', '2015-11-28 18:25:22', 2, 1),
(90, 1, 450, 3, 'Thanh toán nốt tiền chạy 10k like fanpage', '2015-11-28 18:31:12', 2, 1),
(91, 1, 20, 3, 'Phí ship hàng cho c Hoài bạn Bảo ', '2015-11-29 15:58:21', 2, 1),
(92, 1, 30, 3, 'Anh Minh rút ', '2015-11-29 20:15:55', 2, 1),
(93, 1, 35, 3, 'Mua bánh thăp hương ', '2015-11-30 15:58:35', 2, 1),
(94, 1, 20, 3, 'Mua hoa, chè thắp hương ', '2015-12-01 12:56:04', 2, 1),
(95, 1, 275, 3, 'Mua sách cho ch ', '2015-12-02 12:53:14', 2, 1),
(96, 1, 25, 3, 'Mua bánh thắp hương ', '2015-12-02 12:53:32', 2, 1),
(97, 1, 25, 3, 'Mua đủ đủ và bánh thắp hương', '2015-12-03 22:52:25', 2, 1),
(98, 1, 15, 3, 'mua bánh thắp hương', '2015-12-04 22:52:51', 2, 1),
(99, 1, 15, 3, 'Mua bánh chưng thắp hương', '2015-12-05 10:57:18', 2, 1),
(100, 1, 20, 3, 'phí chuyển hàng cho Thùy Linh bạn Bảo', '2015-12-05 17:52:22', 2, 1),
(101, 1, 1765, 3, 'Đóng tiền điện , nước, net tháng 11.2015. Tháng trước chị chủ nhà xem nhầm công tơ nên ít, tháng này nộp bù', '2015-12-05 22:19:19', 2, 1),
(102, 1, 45, 3, 'Mua bánh thắp hương và đồ lặt vặt', '2015-12-07 14:26:35', 2, 1),
(103, 1, 7700, 1, 'Mua tủ lạnh và máy giặt ', '2015-12-07 14:31:54', 1, 1),
(104, 1, 40, 3, 'mua hoa, xoài thắp hương', '2015-12-08 13:43:29', 2, 1),
(105, 1, 3000, 1, 'Mua tủ lạnh và máy giặt (rút từ chị Châu)', '2015-12-07 22:27:41', 1, 1),
(106, 1, 240, 3, 'Mua đồ trang trí noel ', '2015-12-09 23:59:54', 2, 1),
(107, 1, 15, 3, 'mua bánh chưng thắp hương', '2015-12-09 00:06:22', 2, 1),
(108, 1, 35, 3, 'mua đồ thắp hương', '2015-12-10 00:33:40', 2, 1),
(109, 1, 1193, 4, 'Thuê host và domain 2nine.vn', '2015-12-11 22:21:54', 2, 1),
(110, 1, 15, 3, 'mua bánh thắp hương', '2015-12-12 15:51:45', 2, 1),
(111, 1, 65, 1, 'Mua bánh thắp hương và giấy vệ sinh', '2015-12-13 23:22:36', 2, 1),
(112, 1, 450, 1, 'Chị Châu thanh toán tiền quảng cáo face. chốt đến ngày 11.12.2015', '2015-12-13 23:27:39', 2, 1),
(113, 1, 300, 3, 'Ứng trước lương cho Thương', '2015-12-14 22:53:22', 2, 1),
(114, 1, 70, 1, 'Mua hoa ly và bánh thắp hương', '2015-12-14 22:55:35', 2, 1),
(115, 1, 50, 3, 'Mua đồ thắp hương', '2015-12-15 23:14:40', 2, 1),
(116, 1, 4000, 3, 'Thanh toán lương cho Em Thương NV _ Chốt 14.12', '2015-12-15 16:21:11', 2, 1),
(117, 1, 20, 3, 'Mua bánh thắp hương', '2015-12-16 14:49:41', 2, 1),
(118, 1, 50, 3, 'Nạp thẻ', '2015-12-16 00:41:26', 2, 1),
(119, 1, 485, 3, 'Mua giá và móc quần áo', '2015-12-17 14:49:16', 2, 1),
(120, 1, 60, 3, 'mua bánh thắp hương và đồ lặt vặt', '2015-12-17 14:07:17', 2, 1),
(121, 1, 85, 3, 'Mua 20 móc áo ', '2015-12-18 14:07:35', 2, 1),
(122, 1, 400, 3, 'Mua giá quần áo', '2015-12-19 12:54:09', 2, 1),
(123, 1, 50, 3, 'Mua đồ thắp hương', '2015-12-19 12:54:31', 2, 1),
(124, 1, 20, 3, 'Mua bán thắp hương', '2015-12-19 12:55:04', 2, 1),
(125, 1, 20, 3, 'mua bánh thắp hương', '2015-12-20 21:15:36', 2, 1),
(126, 1, 10000, 4, 'Mua 2 laptop cho anh minh', '2015-12-21 11:54:24', 1, 1),
(127, 1, 264, 3, 'Mua đồ dùng cho của hàng và gia đình ', '2015-12-21 17:01:10', 2, 1),
(129, 8, 356, 1, 'Hóa đơn số 20151212_012 A Minh lấy ( )', '2015-12-12 15:28:24', 1, 1),
(130, 1, 20, 3, 'Phí chuyển hàng cho chị Hằng ', '2015-12-22 16:12:00', 2, 1),
(131, 1, 35, 3, 'Mua bánh thắp hương', '2015-12-22 16:12:16', 2, 1),
(132, 1, 20, 3, 'Phí chuyển tiền của chị Hằng ', '2015-12-15 16:13:51', 2, 1),
(134, 8, 335, 1, 'Hóa đơn số 20151222_004 Bảo lấy ( )', '2015-12-22 16:27:49', 1, 1),
(135, 1, 28, 3, 'Phí chuyển hàng cho Chị Đỗ Thuần Phương khách onl của Bảo ', '2015-12-22 16:35:40', 2, 1),
(136, 1, 15, 3, 'Mua bánh thắp hương', '2015-12-23 11:51:08', 2, 1),
(137, 1, 80, 3, 'Mua đồ thắp hương và đồ dùng vặt ', '2015-12-24 12:29:20', 2, 1),
(138, 1, 105, 3, 'Mua đồ thắp hương rằm', '2015-12-25 21:31:54', 2, 1),
(139, 1, 50, 3, 'nạp thẻ', '2015-12-25 21:32:08', 2, 1),
(140, 1, 45, 1, 'Mua đồ thắp hương', '2015-12-26 13:39:09', 2, 1),
(142, 1, 363, 2, 'Lấy 110 lót giầy chị châu', '2015-12-26 21:23:08', 2, 1),
(143, 1, 3225, 1, 'Mua canh nam nữ và móc ', '2015-12-27 13:25:55', 2, 1),
(144, 1, 500, 1, 'Đi đám cưới nhà cô cầm đồ ', '2015-12-30 13:27:00', 1, 1),
(145, 1, 20, 3, 'Mua bánh gạo thắp hương', '2015-12-29 13:27:43', 2, 1),
(146, 1, 30, 3, 'Mua bánh thắp hương', '2015-12-31 13:27:57', 2, 1),
(147, 1, 15, 3, 'Mua bánh chưng thắp hương', '2015-12-31 20:04:51', 2, 1),
(148, 1, 155, 3, 'Mua đồ thắp hương Tết Dương lịch ', '2016-01-01 12:59:26', 2, 1),
(149, 1, 200, 3, 'Thưởng Tết dương lịch cho Thương', '2016-01-01 13:21:42', 2, 1),
(150, 1, 14000, 3, 'Thanh toán tiền nhà 3 tháng ', '2016-01-04 20:58:23', 2, 1),
(151, 1, 10000, 3, 'Thanh toán tiền nhà 3 tháng ', '2016-01-04 20:58:44', 2, 1),
(152, 1, 1255, 3, 'Thanh toán tiền điện nước nét tháng 12.2015', '2016-01-04 20:59:12', 2, 1),
(153, 1, 30, 3, 'Mua bánh thắp hương', '2016-01-04 20:59:27', 2, 1),
(154, 1, 30, 3, 'Mua cam thắp hương', '2016-01-06 12:53:14', 2, 1),
(155, 1, 18, 3, 'Phí ship hàng cho chị Đỗ Thuần Phương ', '2016-01-06 16:08:30', 2, 1),
(156, 1, 15, 3, 'Mua bánh thắp hương ', '2016-01-08 18:49:00', 2, 1),
(157, 1, 27, 3, 'Mua hương ', '2016-01-08 18:49:23', 2, 1),
(158, 1, 95, 3, 'Mua bình hoa và hoa hồng ', '2016-01-08 18:50:10', 2, 1),
(159, 1, 34, 3, 'Mua cam thắp hương ', '2016-01-09 18:50:29', 2, 1),
(160, 1, 25, 3, 'Mua hoa ly thắp hương ', '2016-01-09 18:50:46', 2, 1),
(161, 1, 25, 3, 'Phí ship Cod cho chị Nguyễn Thị Hồi ', '2016-01-09 10:43:49', 2, 1),
(162, 1, 170, 3, 'Mua tiền vàng, rượu thuốc chè, hoa, bánh, xôi giò...thắp hương mùng 1 ', '2016-01-10 10:45:43', 2, 1),
(163, 1, 90, 3, 'Mua hoa ly và bánh thắp hương ', '2016-01-17 12:14:00', 2, 1),
(164, 1, 4400, 3, 'Trả lương và thưởng tháng thứ 2 cho Thương ', '2016-01-17 20:40:06', 2, 1),
(165, 1, 1000, 3, 'Thanh toán tiền điện nước phí sh ', '2016-01-17 00:53:54', 1, 1),
(166, 1, 45, 3, 'Mua quýt và bánh thắp hương', '2016-01-18 23:07:17', 2, 1),
(167, 1, 53, 3, 'Mua quýt và bánh thắp hương ', '2016-01-19 17:07:57', 2, 1),
(168, 1, 180, 3, 'Mua hương chùa ', '2016-01-19 17:08:19', 2, 1),
(169, 1, 46, 3, 'Mua bánh chưng và bánh gạo Nhật thắp hương ', '2016-01-20 20:50:22', 2, 1),
(170, 1, 150, 3, 'Thẻ ĐT cho Bảo và Thương ', '2016-01-20 20:50:46', 2, 1),
(171, 1, 200, 3, 'Thanh toán tiền tăng like fb cá nhân cho Tùng ', '2016-01-20 20:51:09', 2, 1),
(172, 1, 130, 3, 'Cho em Thương NV vay ', '2016-01-21 17:30:38', 2, 1),
(173, 1, 550, 3, 'Mua lễ và tiền chẵn tiền lẻ đi lễ tạ Phủ Tây Hồ ', '2016-01-21 19:23:35', 2, 1),
(174, 1, 44, 3, 'Mua bánh gạo, bánh chưng và sửa áo ship khách ', '2016-01-22 13:56:30', 2, 1),
(175, 1, 200, 3, 'Cho Toàn hàng xóm vay ', '2016-01-22 13:56:55', 2, 1),
(176, 1, 100, 3, 'Nạp thẻ DDT cho Thương ', '2015-12-16 12:55:10', 2, 1),
(177, 1, 250, 3, 'Thanh toán phí tăng like FB Bảo ', '2015-12-14 12:55:42', 2, 1),
(178, 1, 100, 3, 'Nạp thẻ ĐT cho Thương ', '2015-12-16 12:59:03', 2, 1),
(179, 1, 45, 3, 'Mua táo và bánh chưng thắp hương ', '2016-01-23 13:01:55', 2, 1),
(180, 1, 140, 3, 'Đổi nước, mua chổi, khăn, nước rửa ... cho shop ', '2015-12-02 23:33:45', 2, 1),
(181, 1, 150, 3, 'Mua đồ thắp hương rằm ', '2016-01-24 12:48:06', 2, 1),
(182, 1, 15, 3, 'Mua bánh chưng thắp hương ', '2016-01-25 16:42:18', 2, 1),
(183, 1, 90, 3, 'Mua bánh, bánh chưng, nến, cà phê thắp hương....', '2016-01-26 12:45:05', 2, 1),
(184, 1, 97, 3, 'Mua bánh chưng, quýt, dao, đổi nước ', '2016-01-27 12:45:52', 2, 1),
(185, 1, 50, 3, 'Mua thẻ', '2016-01-11 12:46:15', 2, 1),
(186, 1, 97, 3, 'Mua bánh chưng, quýt, mua dao, đổi nước ', '2016-01-27 12:47:29', 2, 1),
(187, 1, 4800, 3, 'Mua đồ tết và đồ lặt vặt cho gia đình ', '2016-01-28 16:05:59', 1, 1),
(188, 1, 40, 3, 'Mua hoa ly và bánh chưng thắp hương ', '2016-01-27 16:06:29', 2, 1),
(190, 1, 460, 3, 'Đi lễ Bia Bà ', '2016-01-29 19:49:04', 2, 1),
(191, 1, 280, 3, 'Cho Thương vay ', '2016-01-30 12:48:46', 2, 1),
(192, 1, 98, 3, 'Phí chuyển hàng cho chị Lê Thị Quý và chị Đỗ Thuần Phương ', '2016-01-30 12:54:07', 2, 1),
(193, 1, 181, 3, 'Mua quà gửi cho Thương ', '2016-01-29 13:00:48', 2, 1),
(194, 1, 20, 3, 'Mua bánh thắp hương ', '2016-01-30 13:20:36', 2, 1),
(195, 1, 126, 1, 'Quảng cáo fb: https://www.facebook.com/ads/manager/campaign/adsets/?act', '2016-02-01 02:51:29', 1, 1),
(196, 1, 126, 1, 'Quảng cáo fb: Quảng cáo fb: https://www.facebook.com/ads/manager/campaign/?ids', '2016-02-01 02:53:33', 1, 1),
(197, 1, 45, 3, 'Mua quýt thắp hương ', '2016-02-01 14:02:20', 2, 1),
(198, 1, 100, 3, 'Nạp thẻ ', '2016-01-31 14:02:39', 2, 1),
(199, 8, 495, 3, 'Hóa đơn số 20160201_007 Bảo lấy ( Hàng lỗi khách đổi lại Bảo lấy mặc )', '2016-02-01 19:21:08', 1, 1),
(200, 8, 266, 3, 'Hóa đơn số 20160201_008 Bảo lấy ( )', '2016-02-01 19:22:01', 1, 1),
(201, 1, 1890, 3, 'Chốt chi phí chạy quảng cáo facebook đến hết ngày 14.12', '2015-12-14 13:23:22', 2, 1),
(202, 1, 1233, 3, 'Chốt chi phí chạy ADS hết ngày 14.1 ', '2016-01-14 13:25:27', 2, 1),
(203, 1, 80, 3, 'Mua hoa ly ', '2016-02-02 13:31:55', 2, 1),
(204, 1, 600, 3, 'Gas ', '2016-02-01 13:32:58', 2, 1),
(205, 8, 288, 3, 'Hóa đơn số 20160202_012 Bảo lấy ( )', '2016-02-02 17:33:35', 1, 1),
(206, 8, 626, 3, 'Hóa đơn số 20160202_017 Bảo lấy ( )', '2016-02-02 19:52:42', 1, 1),
(207, 1, 589, 3, 'Mua đồ làm lễ rút chân hương và dọn bàn thờ Thần tài Thổ địa ', '2016-02-03 13:41:38', 2, 1),
(208, 1, 1255, 3, 'Thanh toán tiền điện nước nét tháng 1/2016', '2016-02-04 12:43:14', 2, 1),
(209, 1, 4600, 3, 'Thanh toán tiền lương và thưởng cho Thương ', '2016-02-04 12:48:43', 2, 1),
(210, 1, 180, 3, 'Mua đồ bày bàn thần tài Tết ', '2016-02-04 18:02:31', 2, 1),
(211, 1, 200, 3, 'Mua quà tết biếu bác và chị Sửu ', '2016-02-04 18:05:36', 2, 1),
(212, 1, 125, 3, 'Mua đồ thắp hương rằm tháng giêng ', '2016-02-22 16:52:20', 2, 1),
(213, 1, 23, 3, 'Mua ổi thắp hương ', '2016-02-24 16:52:55', 2, 1),
(214, 1, 150, 1, 'Mua bạt che ', '2016-02-04 16:56:44', 2, 1),
(215, 1, 2370, 1, 'Thanh toán các hoa đơn tiền điện nước phí dịch vụ và các hóa đơn mua hàng khác ', '2016-02-25 14:41:13', 1, 1),
(216, 1, 27, 3, 'Mua cam thắp hương ', '2016-02-28 14:45:52', 2, 1),
(217, 1, 120, 3, 'Mua bánh kẹo hoa quả thắp hương nhận Ấn đền Trần ', '2016-02-29 17:13:07', 2, 1),
(218, 1, 200, 3, 'Chuyển khoản thanh toán phí tăng like ', '2016-02-25 17:15:44', 2, 1),
(219, 1, 30, 3, 'Phí ship hàng cho em Đỗ Mai Quyên ', '2016-02-29 17:20:52', 2, 1),
(220, 1, 480, 3, 'Mua bánh kẹo hoa quả tiền vàng đi lễ Phủ ', '2016-03-02 16:56:00', 2, 1),
(221, 1, 420, 3, 'Tiền lẻ và xin sớ lễ Phủ ', '2016-03-02 16:57:02', 2, 1),
(222, 1, 90, 3, 'nạp thẻ', '2016-02-29 10:47:23', 2, 1),
(223, 1, 37, 3, 'Mua kẹo thắp hương ', '2016-03-04 14:01:27', 2, 1),
(224, 1, 730, 3, 'Thanh toán tiền điện nước nét tháng 2.2016', '2016-03-04 19:47:23', 2, 1),
(225, 1, 730, 3, 'Thanh toán tiền điện nước nét tháng 2.2016', '2016-03-04 19:49:49', 2, 1),
(226, 1, 105, 3, 'Mua hoa ly và quýt thắp hương ', '2016-03-05 11:13:57', 2, 1),
(227, 1, 78, 3, 'Mua cà phê hộp thắp hương ngày và giấy vs', '2016-03-05 11:14:44', 2, 1),
(228, 1, 385, 3, ' Mua bánh kẹo hoa quả tiền vàng đi lễ bia bà ', '2016-03-06 13:11:36', 2, 1),
(229, 1, 270, 3, 'Tiền lẻ đi lễ bia bà', '2016-03-06 13:11:56', 2, 1),
(230, 1, 35, 3, 'Mua bánh chưng và phật thủ thắp hương ở shop ', '2016-03-06 13:12:31', 2, 1),
(231, 1, 115, 3, 'Mua bánh kẹo hoa quả tiền vàng chè rượu thuốc xôi giò thắp hương rằm ', '2016-03-09 10:46:53', 2, 1),
(232, 1, 4500, 3, 'Thanh toán tiền nhà 3 tháng cho cô Hảo ', '2016-03-10 10:49:10', 1, 1),
(233, 1, 6000, 3, 'Thanh toán tiền nhà 3 tháng cho cô Hảo ', '2016-03-10 10:49:10', 1, 1),
(234, 1, 4500, 3, 'Thanh toán tiền nhà 3 tháng cho cô Hảo ', '2016-03-10 10:50:15', 1, 1),
(235, 1, 75, 3, 'Mua bánh kẹo thắp hương ', '2016-03-12 13:35:27', 2, 1),
(236, 1, 23, 3, 'Mua lê thắp hương ', '2016-03-13 16:38:50', 2, 1),
(237, 1, 15, 3, 'Mua bánh chưng thắp hương ', '2016-03-14 21:10:29', 2, 1),
(238, 1, 24, 3, 'Mua bánh gạp thắp hương ', '2016-03-15 21:10:47', 2, 1),
(239, 1, 30, 3, 'Mua xoài thắp hương', '2016-03-16 13:59:54', 2, 1),
(240, 1, 27, 3, 'Mua bánh thắp hương ', '2016-03-17 11:53:41', 2, 1),
(241, 1, 20, 3, 'Mua bánh gạo thắp hương ', '2016-03-18 11:38:20', 2, 1),
(242, 1, 74, 3, 'Mua hoa quả và bánh chưng thắp hương ', '2016-03-21 19:03:05', 2, 1),
(243, 1, 113, 3, 'Mua hoa và bình hoa mới ', '2016-03-22 16:43:07', 2, 1),
(244, 1, 35, 3, 'Mua bánh thắp hương ', '2016-03-22 16:43:21', 2, 1),
(245, 1, 180, 3, 'Mua đồ thắp hương rằm', '2016-03-23 19:41:27', 2, 1),
(246, 1, 415, 3, 'Mua đồ gia dụng ', '2016-03-23 19:41:54', 1, 1),
(247, 1, 480, 3, 'Đóng tiền nước và phí sinh hoạt ', '2016-03-23 19:42:19', 1, 1),
(248, 1, 480, 3, 'Đóng tiền nước và phí sinh hoạt ', '2016-03-23 19:43:03', 1, 1),
(249, 1, 415, 3, 'Mua đồ gia dụng ', '2016-03-23 19:44:03', 1, 1),
(250, 1, 390, 3, 'Nộp tiền điện tháng 3.2016', '2016-03-25 19:38:44', 1, 1),
(251, 1, 100, 3, 'Mua móc ', '2016-03-26 17:37:57', 2, 1),
(252, 1, 65, 3, 'Mua hoa cho cửa hàng ', '2016-03-26 17:38:52', 2, 1),
(253, 1, 23, 3, 'Mua táo thắp hương ', '2016-03-28 17:39:19', 2, 1),
(254, 1, 55, 3, 'Mua bánh chưng và bánh thắp hương', '2016-03-27 17:40:04', 2, 1),
(255, 1, 27, 3, 'Mua bánh thắp hương ', '2016-03-24 17:40:47', 2, 1),
(257, 1, 24000, 3, 'Thanh toán tiền thuê cửa hàng 3 tháng cho chị Sửu ', '2016-03-30 11:21:13', 2, 1),
(258, 1, 1100, 3, 'Thanh toán lương nửa tháng cho em Huyền chốt 15 ngày đến 29.3', '2016-03-30 21:16:38', 2, 1),
(259, 1, 85, 3, 'Mua hoa thắp hương và cắm ở shop', '2016-04-01 19:00:20', 2, 1),
(260, 1, 37, 3, 'Mua bánh thắp hương ', '2016-04-01 19:00:32', 2, 1),
(261, 1, 25, 3, 'Mua lê thắp hương ', '2016-04-03 16:38:28', 1, 1),
(262, 1, 80, 3, 'Sửa giày ', '2016-04-03 16:38:46', 2, 1),
(264, 1, 118, 3, 'Mua bánh chưng hoa quả tiền vàng chè rượu thuốc thắp hương mùng 1 bù ', '2016-04-10 20:00:54', 2, 1),
(265, 1, 2200, 3, 'Thanh toán lương cho em Lương ', '2016-04-10 20:03:11', 2, 1),
(266, 1, 23, 3, 'Mua bánh bông lan thắp hương ', '2016-04-11 20:03:56', 2, 1),
(267, 1, 60, 3, 'Mua xoài thắp hương', '2016-04-12 20:04:27', 2, 1),
(268, 1, 50, 3, 'Mua hoa ly và bánh chưng thắp hương ', '2016-04-13 20:04:50', 2, 1),
(269, 1, 75, 3, 'Phí chuyển giày cho chị Đỗ Thuần Phương và chị Mai Thị Thanh Mai ', '2016-04-13 20:05:39', 2, 1),
(270, 1, 200, 3, 'Mua ấm siêu tốc và móc cửa ', '2016-04-12 20:06:46', 1, 1),
(271, 1, 20, 3, 'In giấy dán cửa', '2016-04-13 20:08:06', 2, 1),
(272, 1, 20, 3, 'Đổi nước ', '2016-04-12 20:08:27', 2, 1),
(273, 1, 1105, 3, 'Thanh toán tiền điện nước nét tháng 3.2016', '2016-04-13 20:11:01', 2, 1),
(274, 1, 200, 3, 'Thanh toán tiền chạy like từ 15.3 đến 15.4', '2016-03-15 13:57:49', 2, 1),
(275, 1, 36, 3, 'Mua xoài thắp hương ', '2016-04-14 13:58:27', 2, 1),
(276, 1, 75, 3, 'Mua ngũ cốc thắp hương ', '2016-04-15 13:58:42', 2, 1),
(277, 1, 70, 3, 'Mua hoa quả bánh thắp hương ', '2016-04-17 18:38:32', 2, 1),
(278, 1, 40, 3, 'mua bánh thắp hương', '2016-04-16 18:38:50', 2, 1),
(279, 1, 180, 3, 'Mua đồ thắp hương rằm', '2016-04-21 17:39:07', 2, 1),
(280, 1, 60, 3, 'Lấy giày', '2016-04-22 17:39:25', 2, 1),
(282, 1, 515, 3, 'Tiền nước và phí dịch vụ ', '2016-04-22 17:41:32', 1, 1),
(283, 1, 28, 3, 'Mua bánh thắp hương ', '2016-04-20 17:42:04', 2, 1),
(286, 1, 33, 3, 'mua lê thắp hương ', '2016-04-23 12:08:38', 2, 1),
(287, 1, 15, 3, 'mua dưa bở thắp hương ', '2016-04-25 12:09:01', 2, 1),
(289, 1, 1000, 3, 'chi cho quản lý thị trường', '2016-04-25 21:38:31', 2, 1),
(290, 1, 405, 3, 'Tiền điện ', '2016-04-25 21:39:39', 1, 1),
(291, 1, 30, 3, 'mua lê thắp hương', '2016-04-19 21:40:47', 2, 1),
(292, 1, 15, 3, 'mua bánh chưng thắp hương ', '2016-04-18 21:42:39', 2, 1),
(293, 1, 95, 3, 'Mua hoa ly bánh quả thắp hương', '2016-04-28 21:07:40', 2, 1),
(294, 1, 45, 3, 'Mua hoa quả bánh thắp hương ', '2016-04-29 21:07:32', 2, 1),
(295, 1, 60, 3, 'Mua đồ thắp hương ', '2016-04-30 21:08:33', 2, 1),
(296, 1, 60, 3, 'Mua dép đi ở shop', '2016-04-30 21:08:48', 2, 1),
(297, 1, 230, 3, 'Mua rèm thử đồ cho khách ', '2016-04-26 21:09:23', 2, 1),
(298, 1, 45, 3, 'Mua đồ thắp hương', '2016-04-27 21:09:50', 2, 1),
(299, 1, 35, 3, 'Mua bánh thắp hương ', '2016-04-26 21:10:20', 2, 1),
(300, 1, 2300, 3, 'Thanh toán lương cho em Huyển ', '2016-04-30 21:10:41', 2, 1),
(301, 1, 28, 3, 'Mua nước lau kính', '2016-04-30 21:11:02', 2, 1),
(302, 1, 2800, 3, 'Thanh toán tiền làm kệ ', '2016-05-05 00:50:58', 2, 1),
(303, 1, 34, 3, 'Mua bánh thắp hương', '2016-05-07 00:51:39', 2, 1),
(304, 1, 70, 3, 'Mua hoa và hoa quả thắp hương', '2016-05-06 00:52:21', 2, 1),
(305, 1, 40, 3, 'Mua bánh thắp hương', '2016-05-05 00:52:51', 2, 1),
(306, 1, 30, 3, 'Mua đồ thắp hương ', '2016-05-04 00:54:27', 2, 1),
(307, 1, 15, 3, 'Mua bánh chưng thắp hương ', '2016-05-01 00:56:31', 2, 1),
(308, 1, 37, 3, 'Mua hoa thắp hương ', '2016-05-02 00:57:04', 2, 1),
(309, 1, 49, 3, 'Phí ship hàng cho chị Nguyễn Thị Ngọc Dung ', '2016-05-07 13:42:30', 2, 1),
(310, 1, 390, 3, 'Mua lễ và tiền lẻ đi lễ Bia Bà', '2016-05-07 13:43:51', 2, 1),
(311, 1, 74, 3, 'Mua đồ thắp hương mùng 1 ở shop', '2016-05-07 13:44:42', 2, 1),
(312, 8, 279, 1, 'Hóa đơn số 20160507_007 Bảo lấy ( )', '2016-05-07 18:48:47', 1, 1),
(313, 1, 1135, 3, 'Thanh toán tiền điện nước nét tháng 4.2016', '2016-05-09 17:43:29', 2, 1),
(314, 1, 35, 3, 'Mua hoa ly thắp hương ', '2016-05-11 17:50:24', 2, 1),
(315, 1, 44, 3, 'Mua bánh và dứa thắp hương ', '2016-05-10 17:50:48', 2, 1),
(316, 1, 25, 3, 'phí ship hàng cho chị Nguyễn Thị Hồi ', '2016-05-13 18:05:41', 2, 1),
(317, 1, 20, 3, 'Phí ship hàng cho Hòa bạn Bảo ', '2016-05-13 21:31:25', 2, 1),
(318, 1, 2200, 3, 'Thanh toán lương for e Lương ', '2016-05-15 13:40:32', 2, 1),
(319, 1, 185, 3, 'Lê Phật Đản', '2016-05-14 13:40:59', 2, 1),
(320, 1, 34, 3, 'bánh và dứa thắp hương ', '2016-05-14 13:41:27', 2, 1),
(321, 1, 650, 1, '100x4 móc áo  50x5 móc quần', '2016-05-16 23:55:59', 2, 1),
(322, 1, 120, 1, 'Kìm bấm giầy', '2016-05-16 23:55:51', 2, 1),
(323, 1, 50, 3, 'ua hoa ly bánh thắp hương ', '2016-05-16 23:59:31', 2, 1),
(324, 8, 270, 1, 'Hóa đơn số 20160519_004 Bảo lấy ( )', '2016-05-19 19:06:37', 1, 1),
(325, 1, 410, 3, 'Tiền phí quản lý chung cư', '2016-05-20 21:07:29', 1, 1),
(326, 1, 125, 3, 'thắp hương rằm', '2016-05-21 19:58:36', 2, 1),
(327, 1, 480, 3, 'điên   nước dương nội ', '2016-05-23 19:59:14', 1, 1),
(328, 1, 1000, 3, 'Phí làm thuế', '2016-05-24 15:37:41', 2, 1),
(329, 1, 15, 3, 'mua hoa ', '2016-05-27 11:51:56', 2, 1),
(330, 1, 120, 3, 'mua bia, hưong, banhs, hoa quar thap huoưng', '2016-05-26 11:53:28', 2, 1),
(331, 1, 25, 3, 'mua banh thap huong', '2016-05-25 11:54:02', 2, 1),
(332, 1, 33, 3, 'Phí ship hàng cho chị Thủy ', '2016-05-30 16:36:31', 2, 1),
(333, 1, 25, 3, 'mua ổi thắp hương ', '2016-05-30 16:36:50', 2, 1),
(334, 1, 45, 3, 'mua bánh gạo vs dưa lê thắp hương ', '2016-05-28 16:37:55', 2, 1),
(335, 1, 140, 3, 'mua túi', '2016-05-30 16:43:57', 2, 1),
(336, 1, 1200, 3, 'Thanh toán nốt lương cho e Lương nghỉ ', '2016-05-30 16:44:36', 2, 1),
(337, 1, 50, 3, 'Mua hoa thắp hương ', '2016-05-31 15:13:54', 2, 1),
(338, 1, 17, 3, 'Mua bánh thắp hương ', '2016-06-01 14:21:11', 2, 1),
(339, 1, 2300, 3, 'Thanh toán lương cho Huyền ', '2016-05-31 15:30:24', 2, 1),
(340, 1, 30, 3, 'Mua đào thắp hương ', '2016-06-02 17:07:26', 2, 1),
(341, 1, 155, 3, 'Mua đồ thắp hương mùng 1', '2016-06-05 10:07:38', 2, 1),
(342, 1, 380, 3, 'Mua lễ và tiền lẻ đi Bia Bà mùng 1', '2016-06-05 10:08:11', 2, 1),
(343, 1, 47, 3, 'mua giấy vs', '2016-06-06 16:26:01', 2, 1),
(344, 1, 40, 3, 'mua vải thắp hương ', '2016-06-07 16:29:21', 2, 1),
(345, 1, 100, 3, 'thẻ', '2016-06-04 16:29:35', 2, 1),
(346, 1, 25, 3, 'Phí ship hàng cho chị Vu Thị Quý ', '2016-06-07 16:31:47', 2, 1),
(347, 1, 12, 3, 'Phí ship hàng cho chị Nguyên Thị Hồi ', '2016-06-07 16:32:26', 2, 1),
(348, 1, 9, 3, 'Phí ship hàng cho chị Phí Thủy', '2016-06-07 16:33:29', 2, 1),
(349, 1, 25, 3, 'Phí ship hàng cho Thùy Linh', '2016-06-07 16:35:15', 2, 1),
(350, 1, 30, 3, 'Phí ship hàng cho chị Lê Thị Thu Trinh', '2016-06-07 16:35:47', 2, 1),
(351, 1, 10500, 3, 'Thanh toán tiền thuê nhà cho cô hảo ', '2016-06-10 15:24:51', 1, 1),
(352, 1, 50, 3, 'Mua hương, nến, dứa thắp hương', '2016-06-11 15:27:27', 2, 1),
(353, 1, 26, 3, 'Mua bánh gạo thắp hương', '2016-06-10 15:28:02', 2, 1),
(354, 1, 65, 3, 'Mua đồ thắp hương mùng 5', '2016-06-09 15:29:22', 2, 1),
(355, 1, 1285, 3, 'Thanh toán tiền điện nước nét tháng 5.2016', '2016-06-14 15:53:09', 2, 1),
(356, 1, 25, 3, 'mua chuối thắp hương ', '2016-06-13 16:01:34', 2, 1),
(357, 1, 42, 3, 'Phí ship hàng cho Minh Thu và Ánh ', '2016-06-15 16:03:29', 2, 1),
(358, 1, 25, 3, 'bánh gạo thắp hương ', '2016-06-16 16:23:52', 2, 1),
(359, 1, 75, 3, 'Mua vài và hoa thắp hương ', '2016-06-17 15:16:09', 2, 1),
(360, 8, 234, 1, 'Hóa đơn số 20160619_003 Bảo lấy ( )', '2016-06-19 18:48:35', 1, 1),
(361, 1, 100, 3, 'Mua đồ thắp hương rằm ', '2016-06-19 18:51:07', 2, 1),
(362, 1, 400, 3, 'Đóng tiền phí quản lý Nam Cường tháng 6', '2016-06-21 19:10:41', 2, 1),
(363, 1, 25, 3, 'Ship hàng cho em Hường ', '2016-06-21 19:11:57', 2, 1),
(364, 1, 89, 3, 'Mua hoa ly và quả thắp hương ', '2016-06-22 19:12:19', 2, 1),
(365, 1, 420, 3, 'Tiền điện Dương Nội ', '2016-06-27 16:04:45', 1, 1),
(366, 1, 110, 3, 'Tiền ap Dương Nội ', '2016-06-27 16:04:59', 1, 1),
(367, 1, 120, 3, 'Tiền nước Dương Nội ', '2016-06-27 16:05:33', 1, 1),
(368, 1, 35, 3, 'mua chuối thắp hương ', '2016-06-27 16:33:26', 2, 1),
(369, 1, 45, 3, 'hoa quả thắp hương ', '2016-06-29 19:28:21', 2, 1),
(370, 1, 1000, 3, 'Thanh toán lương cho em Huyền trước 1 triệu ', '2016-06-30 16:22:34', 2, 1),
(371, 1, 600, 3, 'Nộp thuế môn bài cả năm và thuế tháng 6 ', '2016-06-29 16:32:08', 2, 1),
(372, 1, 25, 3, 'mua bánh thắp hương ', '2016-06-30 16:56:06', 2, 1),
(373, 1, 15, 3, 'Mua bánh thắp hương ', '2016-07-01 17:19:11', 2, 1),
(374, 1, 280, 3, 'Đi lê Bia Bà mùng 1', '2016-07-04 14:17:34', 2, 1),
(375, 1, 135, 3, 'Thắp hương thần tài mùng 1', '2016-07-04 14:18:16', 2, 1),
(376, 1, 1150, 3, 'Thanh toán nốt tiền lương cho em Huyền ', '2016-07-07 16:05:03', 2, 1),
(377, 1, 24000, 3, 'Thanh toán tiền nhà 3 tháng cho chị Sửu', '2016-07-07 17:39:13', 2, 1),
(378, 1, 30, 3, 'Mua hương và nước lau kính', '2016-07-08 17:40:50', 2, 1),
(379, 1, 20, 3, 'Mua quả thắp hương ', '2016-07-08 17:41:14', 2, 1),
(380, 1, 20, 3, 'Phí gửi hàng về cho mẹ đứa em Hạnh ', '2016-07-09 20:12:04', 2, 1),
(381, 1, 1270, 3, 'Thanh toán tiền điện nước nét tháng 6 cho chị Sửu ', '2016-07-13 17:58:20', 2, 1),
(382, 1, 1400, 3, 'Thanh toán lương cho em Huyền nghỉ ', '2016-07-14 17:58:39', 2, 1),
(383, 1, 120, 3, 'mua đồ thắp hương rằm ', '2016-07-18 14:26:50', 2, 1),
(384, 1, 20, 3, 'Phí gửi giầy về cho chị Nguyễn Thị Hiền và  em Hương Tete', '2016-07-18 18:29:52', 2, 1),
(385, 1, 250, 3, 'Làm biển sale', '2016-07-19 15:11:41', 2, 1),
(386, 1, 553, 3, 'Đóng phí quản lý và bảo hiểm chảy nổ Dương Nội ', '2016-07-20 20:04:35', 2, 1);

-- --------------------------------------------------------

--
-- Table structure for table `spend_category`
--

CREATE TABLE IF NOT EXISTS `spend_category` (
  `id` int(11) NOT NULL AUTO_INCREMENT,
  `name` varchar(45) NOT NULL,
  PRIMARY KEY (`id`)
) ENGINE=InnoDB  DEFAULT CHARSET=utf8 AUTO_INCREMENT=9 ;

--
-- Dumping data for table `spend_category`
--

INSERT INTO `spend_category` (`id`, `name`) VALUES
(1, 'Chi tiêu hàng ngày'),
(2, 'Giao thông'),
(3, 'Y tế'),
(4, 'Giáo dục'),
(5, 'Ngoại giao'),
(6, 'Viễn thông'),
(7, 'Khác'),
(8, 'Lấy quần áo');

-- --------------------------------------------------------

--
-- Table structure for table `spend_for`
--

CREATE TABLE IF NOT EXISTS `spend_for` (
  `id` int(11) NOT NULL AUTO_INCREMENT,
  `name` varchar(45) NOT NULL,
  PRIMARY KEY (`id`)
) ENGINE=InnoDB  DEFAULT CHARSET=utf8 AUTO_INCREMENT=3 ;

--
-- Dumping data for table `spend_for`
--

INSERT INTO `spend_for` (`id`, `name`) VALUES
(1, 'Gia đình'),
(2, 'Cửa hàng');

-- --------------------------------------------------------

--
-- Table structure for table `spend_type`
--

CREATE TABLE IF NOT EXISTS `spend_type` (
  `id` int(11) NOT NULL AUTO_INCREMENT,
  `name` varchar(45) NOT NULL,
  PRIMARY KEY (`id`)
) ENGINE=InnoDB  DEFAULT CHARSET=utf8 AUTO_INCREMENT=4 ;

--
-- Dumping data for table `spend_type`
--

INSERT INTO `spend_type` (`id`, `name`) VALUES
(1, 'Khấu hao ngay'),
(2, 'Khấu hao dần'),
(3, 'Không khấu hao');

-- --------------------------------------------------------

--
-- Table structure for table `user`
--

CREATE TABLE IF NOT EXISTS `user` (
  `id` int(11) NOT NULL AUTO_INCREMENT,
  `shop_id` int(11) NOT NULL,
  `name` varchar(128) NOT NULL,
  `email` varchar(64) DEFAULT NULL,
  `phone_number` varchar(16) DEFAULT NULL,
  `username` varchar(16) NOT NULL,
  `password` varchar(32) NOT NULL,
  `confirmcode` varchar(32) DEFAULT 'y',
  `status` varchar(1) NOT NULL DEFAULT 'Y',
  `start_date` datetime NOT NULL DEFAULT '2014-01-01 08:00:00',
  `end_date` datetime DEFAULT '2020-12-31 22:00:00',
  `description` varchar(500) DEFAULT NULL,
  PRIMARY KEY (`id`),
  KEY `fk_user_shop_idx` (`shop_id`)
) ENGINE=InnoDB  DEFAULT CHARSET=utf8 COMMENT='Employees Information' AUTO_INCREMENT=5 ;

--
-- Dumping data for table `user`
--

INSERT INTO `user` (`id`, `shop_id`, `name`, `email`, `phone_number`, `username`, `password`, `confirmcode`, `status`, `start_date`, `end_date`, `description`) VALUES
(1, 1, 'Anh Minh', 'trantridue@gmail.com', '0918888398', 'admin', '4eae18cf9e54a0f62b44176d074cbe2f', 'y', 'y', '2013-01-01 09:07:18', '2015-08-19 20:19:40', 'nothing'),
(2, 1, 'Chị Châu', 'zabuza.vn@gmail.com', '0966807709', 'chau ', 'e10adc3949ba59abbe56e057f20f883e', 'y', 'y', '2015-06-15 09:08:37', '2015-09-04 08:00:41', 'nothing'),
(3, 1, 'Bảo', 'baobao@gmail.com', '01649785255', 'bao', 'e10adc3949ba59abbe56e057f20f883e', 'y', 'y', '2013-06-01 20:47:12', '2015-09-21 20:34:22', 'nothing'),
(4, 1, 'Anh Duệ', 'trantridue@gmail.com', '0979355285', 'due', 'e10adc3949ba59abbe56e057f20f883e', 'y', 'y', '2015-10-10 06:40:54', '2020-12-31 22:00:00', 'Due');

-- --------------------------------------------------------

--
-- Table structure for table `user_role`
--

CREATE TABLE IF NOT EXISTS `user_role` (
  `id` int(11) NOT NULL AUTO_INCREMENT,
  `role_id` int(11) NOT NULL,
  `description` varchar(255) DEFAULT NULL,
  `user_id` int(11) NOT NULL,
  PRIMARY KEY (`id`,`user_id`),
  KEY `fk_user_role_role_idx` (`role_id`),
  KEY `fk_user_role_user1_idx` (`user_id`)
) ENGINE=InnoDB  DEFAULT CHARSET=utf8 AUTO_INCREMENT=2 ;

--
-- Dumping data for table `user_role`
--

INSERT INTO `user_role` (`id`, `role_id`, `description`, `user_id`) VALUES
(1, 1, NULL, 1);

--
-- Constraints for dumped tables
--

--
-- Constraints for table `customer_reservation_histo`
--
ALTER TABLE `customer_reservation_histo`
  ADD CONSTRAINT `fk_customer_reservation_histo_customer1` FOREIGN KEY (`customer_id`) REFERENCES `customer` (`id`) ON DELETE NO ACTION ON UPDATE NO ACTION;

--
-- Constraints for table `export_facture`
--
ALTER TABLE `export_facture`
  ADD CONSTRAINT `fk_export_facture_customer1` FOREIGN KEY (`customer_id`) REFERENCES `customer` (`id`) ON DELETE NO ACTION ON UPDATE NO ACTION,
  ADD CONSTRAINT `fk_export_facture_shop1` FOREIGN KEY (`shop_id`) REFERENCES `shop` (`id`) ON DELETE NO ACTION ON UPDATE NO ACTION,
  ADD CONSTRAINT `fk_export_facture_user1` FOREIGN KEY (`user_id`) REFERENCES `user` (`id`) ON DELETE NO ACTION ON UPDATE NO ACTION;

--
-- Constraints for table `export_facture_product`
--
ALTER TABLE `export_facture_product`
  ADD CONSTRAINT `fk_export_facture_product_export_facture1` FOREIGN KEY (`export_facture_code`) REFERENCES `export_facture` (`code`) ON DELETE NO ACTION ON UPDATE NO ACTION,
  ADD CONSTRAINT `fk_export_facture_product_product1` FOREIGN KEY (`product_code`) REFERENCES `product` (`code`) ON DELETE NO ACTION ON UPDATE NO ACTION;

--
-- Constraints for table `export_facture_trace`
--
ALTER TABLE `export_facture_trace`
  ADD CONSTRAINT `fk_export_facture_trace_customer1` FOREIGN KEY (`customer_id`) REFERENCES `customer` (`id`) ON DELETE NO ACTION ON UPDATE NO ACTION,
  ADD CONSTRAINT `fk_export_facture_trace_export_facture1` FOREIGN KEY (`export_facture_code`) REFERENCES `export_facture` (`code`) ON DELETE NO ACTION ON UPDATE NO ACTION,
  ADD CONSTRAINT `fk_export_facture_trace_shop1` FOREIGN KEY (`shop_id`) REFERENCES `shop` (`id`) ON DELETE NO ACTION ON UPDATE NO ACTION;

--
-- Constraints for table `fund_change_histo`
--
ALTER TABLE `fund_change_histo`
  ADD CONSTRAINT `fk_fund_change_histo_fund1` FOREIGN KEY (`fund_id`) REFERENCES `fund` (`id`) ON DELETE NO ACTION ON UPDATE NO ACTION,
  ADD CONSTRAINT `fk_fund_change_histo_user1` FOREIGN KEY (`user_id`) REFERENCES `user` (`id`) ON DELETE NO ACTION ON UPDATE NO ACTION;

--
-- Constraints for table `import_facture`
--
ALTER TABLE `import_facture`
  ADD CONSTRAINT `fk_import_facture_provider1` FOREIGN KEY (`provider_id`) REFERENCES `provider` (`id`) ON DELETE NO ACTION ON UPDATE NO ACTION;

--
-- Constraints for table `money_inout`
--
ALTER TABLE `money_inout`
  ADD CONSTRAINT `fk_money_inout_shop1` FOREIGN KEY (`shop_id`) REFERENCES `shop` (`id`) ON DELETE NO ACTION ON UPDATE NO ACTION,
  ADD CONSTRAINT `fk_money_inout_user1` FOREIGN KEY (`user_id`) REFERENCES `user` (`id`) ON DELETE NO ACTION ON UPDATE NO ACTION;

--
-- Constraints for table `news`
--
ALTER TABLE `news`
  ADD CONSTRAINT `fk_news_shop1` FOREIGN KEY (`shop_id`) REFERENCES `shop` (`id`) ON DELETE NO ACTION ON UPDATE NO ACTION,
  ADD CONSTRAINT `fk_news_user1` FOREIGN KEY (`user_id`) REFERENCES `user` (`id`) ON DELETE NO ACTION ON UPDATE NO ACTION;

--
-- Constraints for table `product`
--
ALTER TABLE `product`
  ADD CONSTRAINT `fk_product_brand1` FOREIGN KEY (`brand_id`) REFERENCES `brand` (`id`) ON DELETE NO ACTION ON UPDATE NO ACTION,
  ADD CONSTRAINT `fk_product_category1` FOREIGN KEY (`category_id`) REFERENCES `category` (`id`) ON DELETE NO ACTION ON UPDATE NO ACTION,
  ADD CONSTRAINT `fk_product_season1` FOREIGN KEY (`season_id`) REFERENCES `season` (`id`) ON DELETE NO ACTION ON UPDATE NO ACTION,
  ADD CONSTRAINT `fk_product_sex1` FOREIGN KEY (`sex_id`) REFERENCES `sex` (`id`) ON DELETE NO ACTION ON UPDATE NO ACTION;

--
-- Constraints for table `product_deviation`
--
ALTER TABLE `product_deviation`
  ADD CONSTRAINT `fk_product_deviation_product1` FOREIGN KEY (`product_code`) REFERENCES `product` (`code`) ON DELETE NO ACTION ON UPDATE NO ACTION;

--
-- Constraints for table `product_import`
--
ALTER TABLE `product_import`
  ADD CONSTRAINT `fk_product_import_import_facture1` FOREIGN KEY (`import_facture_code`) REFERENCES `import_facture` (`code`) ON DELETE NO ACTION ON UPDATE NO ACTION,
  ADD CONSTRAINT `fk_product_import_product1` FOREIGN KEY (`product_code`) REFERENCES `product` (`code`) ON DELETE NO ACTION ON UPDATE NO ACTION;

--
-- Constraints for table `product_return`
--
ALTER TABLE `product_return`
  ADD CONSTRAINT `fk_product_return_provider1` FOREIGN KEY (`provider_id`) REFERENCES `provider` (`id`) ON DELETE NO ACTION ON UPDATE NO ACTION;

--
-- Constraints for table `provider_paid`
--
ALTER TABLE `provider_paid`
  ADD CONSTRAINT `fk_provider_paid_provider1` FOREIGN KEY (`provider_id`) REFERENCES `provider` (`id`) ON DELETE NO ACTION ON UPDATE NO ACTION;

--
-- Constraints for table `provider_paid_fund_change_histo`
--
ALTER TABLE `provider_paid_fund_change_histo`
  ADD CONSTRAINT `fk_provider_paid_fund_change_fund_change_histo1` FOREIGN KEY (`fund_change_histo_id`) REFERENCES `fund_change_histo` (`id`) ON DELETE CASCADE ON UPDATE NO ACTION,
  ADD CONSTRAINT `fk_provider_paid_fund_change_provider_paid1` FOREIGN KEY (`provider_paid_id`) REFERENCES `provider_paid` (`id`) ON DELETE CASCADE ON UPDATE NO ACTION;

--
-- Constraints for table `spend`
--
ALTER TABLE `spend`
  ADD CONSTRAINT `fk_spend_spend_category1` FOREIGN KEY (`spend_category_id`) REFERENCES `spend_category` (`id`) ON DELETE NO ACTION ON UPDATE NO ACTION,
  ADD CONSTRAINT `fk_spend_spend_for1` FOREIGN KEY (`spend_for_id`) REFERENCES `spend_for` (`id`) ON DELETE NO ACTION ON UPDATE NO ACTION,
  ADD CONSTRAINT `fk_spend_spend_type1` FOREIGN KEY (`spend_type_id`) REFERENCES `spend_type` (`id`) ON DELETE NO ACTION ON UPDATE NO ACTION,
  ADD CONSTRAINT `fk_spend_user1` FOREIGN KEY (`user_id`) REFERENCES `user` (`id`) ON DELETE NO ACTION ON UPDATE NO ACTION;

--
-- Constraints for table `user`
--
ALTER TABLE `user`
  ADD CONSTRAINT `fk_user_shop` FOREIGN KEY (`shop_id`) REFERENCES `shop` (`id`) ON DELETE NO ACTION ON UPDATE NO ACTION;

--
-- Constraints for table `user_role`
--
ALTER TABLE `user_role`
  ADD CONSTRAINT `fk_user_role_role` FOREIGN KEY (`role_id`) REFERENCES `role` (`id`) ON DELETE NO ACTION ON UPDATE NO ACTION,
  ADD CONSTRAINT `fk_user_role_user1` FOREIGN KEY (`user_id`) REFERENCES `user` (`id`) ON DELETE NO ACTION ON UPDATE NO ACTION;

/*!40101 SET CHARACTER_SET_CLIENT=@OLD_CHARACTER_SET_CLIENT */;
/*!40101 SET CHARACTER_SET_RESULTS=@OLD_CHARACTER_SET_RESULTS */;
/*!40101 SET COLLATION_CONNECTION=@OLD_COLLATION_CONNECTION */;
