-- MySQL dump 10.13  Distrib 5.7.17, for Linux (x86_64)
--
-- Host: localhost    Database: bookingroom
-- ------------------------------------------------------
-- Server version	5.7.17

/*!40101 SET @OLD_CHARACTER_SET_CLIENT=@@CHARACTER_SET_CLIENT */;
/*!40101 SET @OLD_CHARACTER_SET_RESULTS=@@CHARACTER_SET_RESULTS */;
/*!40101 SET @OLD_COLLATION_CONNECTION=@@COLLATION_CONNECTION */;
/*!40101 SET NAMES utf8 */;
/*!40103 SET @OLD_TIME_ZONE=@@TIME_ZONE */;
/*!40103 SET TIME_ZONE='+00:00' */;
/*!40014 SET @OLD_UNIQUE_CHECKS=@@UNIQUE_CHECKS, UNIQUE_CHECKS=0 */;
/*!40014 SET @OLD_FOREIGN_KEY_CHECKS=@@FOREIGN_KEY_CHECKS, FOREIGN_KEY_CHECKS=0 */;
/*!40101 SET @OLD_SQL_MODE=@@SQL_MODE, SQL_MODE='NO_AUTO_VALUE_ON_ZERO' */;
/*!40111 SET @OLD_SQL_NOTES=@@SQL_NOTES, SQL_NOTES=0 */;

--
-- Table structure for table `area`
--

DROP TABLE IF EXISTS `area`;
/*!40101 SET @saved_cs_client     = @@character_set_client */;
/*!40101 SET character_set_client = utf8 */;
CREATE TABLE `area` (
  `id` int(11) NOT NULL AUTO_INCREMENT,
  `name` varchar(45) NOT NULL COMMENT 'BAI A, BAI B, BAI C, BAI D, UNKNOWN',
  `image` varchar(255) DEFAULT NULL,
  PRIMARY KEY (`id`)
) ENGINE=InnoDB AUTO_INCREMENT=8 DEFAULT CHARSET=utf8;
/*!40101 SET character_set_client = @saved_cs_client */;

--
-- Dumping data for table `area`
--

LOCK TABLES `area` WRITE;
/*!40000 ALTER TABLE `area` DISABLE KEYS */;
INSERT INTO `area` VALUES (1,'Bãi A','bai-a.jpg'),(2,'Bãi B','bai-b.jpg'),(3,'Bãi C','bai-c.jpg'),(4,'Bãi D','bai-d.gif'),(5,'FLC','bai-flc.jpg'),(6,'VẠN CHÀI','bai-vanchai.jpg'),(7,'NHÀ HÀNG',NULL);
/*!40000 ALTER TABLE `area` ENABLE KEYS */;
UNLOCK TABLES;

--
-- Table structure for table `billing`
--

DROP TABLE IF EXISTS `billing`;
/*!40101 SET @saved_cs_client     = @@character_set_client */;
/*!40101 SET character_set_client = utf8 */;
CREATE TABLE `billing` (
  `id` int(11) NOT NULL,
  `code` varchar(45) NOT NULL,
  `create_date` datetime NOT NULL,
  `processed_date` varchar(45) DEFAULT NULL,
  `status` enum('OPEN','ACCEPTED','CANCELLED') NOT NULL DEFAULT 'OPEN',
  `reason` varchar(255) DEFAULT NULL,
  `amount` varchar(45) DEFAULT NULL,
  `type` enum('DEBIT','CREDIT') DEFAULT NULL,
  `user_id` int(11) NOT NULL,
  PRIMARY KEY (`id`),
  KEY `fk_billing_user1_idx` (`user_id`),
  CONSTRAINT `fk_billing_user1` FOREIGN KEY (`user_id`) REFERENCES `user` (`id`) ON DELETE NO ACTION ON UPDATE NO ACTION
) ENGINE=InnoDB DEFAULT CHARSET=utf8;
/*!40101 SET character_set_client = @saved_cs_client */;

--
-- Dumping data for table `billing`
--

LOCK TABLES `billing` WRITE;
/*!40000 ALTER TABLE `billing` DISABLE KEYS */;
/*!40000 ALTER TABLE `billing` ENABLE KEYS */;
UNLOCK TABLES;

--
-- Table structure for table `client`
--

DROP TABLE IF EXISTS `client`;
/*!40101 SET @saved_cs_client     = @@character_set_client */;
/*!40101 SET character_set_client = utf8 */;
CREATE TABLE `client` (
  `id` int(11) NOT NULL AUTO_INCREMENT,
  `name` varchar(45) NOT NULL,
  `email` varchar(255) DEFAULT NULL,
  `phone` varchar(45) NOT NULL,
  PRIMARY KEY (`id`)
) ENGINE=InnoDB AUTO_INCREMENT=23 DEFAULT CHARSET=utf8;
/*!40101 SET character_set_client = @saved_cs_client */;

--
-- Dumping data for table `client`
--

LOCK TABLES `client` WRITE;
/*!40000 ALTER TABLE `client` DISABLE KEYS */;
INSERT INTO `client` VALUES (1,'Nguyen Client',NULL,'1234'),(2,'xxxx',NULL,'xxxxx'),(3,'1111',NULL,'1111111'),(4,'Nguyen Van Test',NULL,'0903258221'),(5,'Tuan Nhu',NULL,'123456789'),(6,'xxx',NULL,'xxx'),(7,'Abc',NULL,'0988776655'),(8,'Trần Văn Tới','dtrantri.fr@gmail.com','0988744323'),(9,'Nguyễn văn tuyển',NULL,'0123884112'),(10,'Nguyễn Văn Cường','cuonggtth06@gmail.com','0915228339'),(11,'Phan Mậu Yên','phanyenst@gmail.com','094509949'),(12,'Trần Thị Hằng','tranhang@gmail.com','012346783'),(13,'Due',NULL,'7777788'),(14,'Yyyyyu',NULL,'999999'),(15,'Khách hàng',NULL,'0933221883'),(16,'ABC',NULL,'123123123'),(17,'Nguyễn Văn Cường','lebinhpvl@gmail.com','0988092233'),(18,'Abbcc',NULL,'123456789'),(19,'Nguyen van a',NULL,'0988448844'),(20,'Nguyen Thi Hoa',NULL,'0916974838'),(21,'Nguyễn Thị Lụa','dtrantri.fr@gmail.com','0163567734'),(22,'Nguyễn Trà My',NULL,'0977882112');
/*!40000 ALTER TABLE `client` ENABLE KEYS */;
UNLOCK TABLES;

--
-- Table structure for table `hotel`
--

DROP TABLE IF EXISTS `hotel`;
/*!40101 SET @saved_cs_client     = @@character_set_client */;
/*!40101 SET character_set_client = utf8 */;
CREATE TABLE `hotel` (
  `id` int(11) NOT NULL AUTO_INCREMENT,
  `name` varchar(255) NOT NULL,
  `address` varchar(255) NOT NULL,
  `boss_id` int(11) NOT NULL,
  `hotel_type_id` int(11) NOT NULL,
  `create_date` datetime NOT NULL,
  `update_date` datetime DEFAULT NULL,
  `is_active` int(11) NOT NULL DEFAULT '1',
  `reception_id` int(11) DEFAULT NULL,
  `area_id` int(11) NOT NULL,
  `total_room` int(11) NOT NULL,
  `see_distance` int(11) DEFAULT '0' COMMENT 'Cách biển bao nhiêu mét',
  `price` float DEFAULT NULL,
  `discount_price` float DEFAULT NULL,
  `check_in_hour` time DEFAULT NULL,
  `check_out_hour` time DEFAULT NULL,
  `description` text,
  `short_description` text,
  `default_img_url` varchar(1000) DEFAULT NULL,
  `folder_photo` varchar(255) DEFAULT NULL,
  PRIMARY KEY (`id`),
  KEY `fk_hotel_user1_idx` (`boss_id`),
  KEY `fk_hotel_hotel_type1_idx` (`hotel_type_id`),
  KEY `fk_hotel_area1_idx` (`area_id`),
  CONSTRAINT `fk_hotel_area1` FOREIGN KEY (`area_id`) REFERENCES `area` (`id`) ON DELETE NO ACTION ON UPDATE NO ACTION,
  CONSTRAINT `fk_hotel_hotel_type1` FOREIGN KEY (`hotel_type_id`) REFERENCES `hotel_type` (`id`) ON DELETE NO ACTION ON UPDATE NO ACTION,
  CONSTRAINT `fk_hotel_user1` FOREIGN KEY (`boss_id`) REFERENCES `user` (`id`) ON DELETE NO ACTION ON UPDATE NO ACTION
) ENGINE=InnoDB AUTO_INCREMENT=63 DEFAULT CHARSET=utf8;
/*!40101 SET character_set_client = @saved_cs_client */;

--
-- Dumping data for table `hotel`
--

LOCK TABLES `hotel` WRITE;
/*!40000 ALTER TABLE `hotel` DISABLE KEYS */;
INSERT INTO `hotel` VALUES (22,'Khách Sạn Việt Hưng','07-09 Đường lê lợi- P.Trường sơn.Tx Sầm sơn',145,4,'2017-03-30 14:15:09','2017-03-31 07:42:04',1,20,1,67,30,600000,NULL,'13:00:00','23:59:00','<p style=\"text-align: justify; font-family: &quot;Open Sans&quot;, sans-serif; font-size: 13px; color: rgb(51, 51, 51);\"><span style=\"font-weight: 700;\">Khách Sạn Việt Hưng</span>&nbsp;tọa lạc tại 07-09 Đường Lê Lợi, Phường Trường Sơn Sầm Sơn, Thanh Hóa. Là khu nhà cao tầng hiện đại thoáng mát, từ đây bạn có thể ngắm nhìn ra biển.</p><p style=\"text-align: justify; font-family: &quot;Open Sans&quot;, sans-serif; font-size: 13px; color: rgb(51, 51, 51);\"><span style=\"font-weight: 700;\">Khách Sạn Việt Hưng</span>&nbsp;&nbsp;bắt đầu đón khách từ mùa hè năm 2015. Khách Sạn Việt Hưng là một khách sạn 3 sao, với nội thất sang trọng, đầy đủ đồ dùng, trang trí ấm cúng, cùng với cửa sổ rộng nhìn ra bãi biển Sầm Sơn tráng lệ, xinh đẹp tạo cho Quý Khách cảm giác rộng rãi và thoáng mát.</p><p style=\"text-align: justify; font-family: &quot;Open Sans&quot;, sans-serif; font-size: 13px; color: rgb(51, 51, 51);\">Tại đây Qúy khách có thể&nbsp;thưởng thức bữa ăn sáng tự chọn hàng ngày, các loại hải sản đa dạng phong phú và được phục vụ bởi tất cả đầu bếp chuyên nghiệp and lành nghề.</p><p style=\"text-align: justify; font-family: &quot;Open Sans&quot;, sans-serif; font-size: 13px; color: rgb(51, 51, 51);\">Với dịch vụ tốt, giá cả hợp lý,&nbsp;<span style=\"font-weight: 700;\">Khách Sạn Việt Hưng</span>&nbsp;đã và đang trở thành một địa chỉ tin cậy cho cả khách du lịch và khách thương gia tại trung tâm Du lịch thị xã Sầm Sơn.</p><p style=\"text-align: justify; font-family: &quot;Open Sans&quot;, sans-serif; font-size: 13px; color: rgb(51, 51, 51);\">Bên cạnh đó, khi đặt phòng Khách Sạn Việt Hưng, khách sạn còn gợi ý cho bạn những hoạt động vui chơi giải trí bảo đảm bạn luôn thấy hứng thú trong suốt kì nghỉ. Dù bạn&nbsp;thư giãn hay làm gì, Khách Sạn Việt Hưng luôn is sự lựa chọn hoàn hảo cho kì nghỉ của bạn ở Thanh Hóa.</p><p style=\"text-align: justify; font-family: &quot;Open Sans&quot;, sans-serif; font-size: 13px; color: rgb(51, 51, 51);\">Khí đặt phòng khách sạn hoặc đặt tour du lịch qua hệ thống đặt phòng trực tuyến <a href=\"ofhttp://datphongsamson.info\">http://datphongsamson.info</a>&nbsp;,http://datphong.online/ &nbsp;&nbsp;<a href=\"http://datphongkhachsansamson.vn\">http://datphongkhachsansamson.vn</a> /bạn sẽ có cơ hội sở hữu phòng nghỉ tại khách sạn giá rẻ hay cao cấp. Dùng dịch vụ của &nbsp;để có cơ hội đặt những phòng khách sạn giá rẻ nhất &nbsp;với chất lượng tuyệt vời bạn nhé.</p>','Khách Sạn Việt Hưng tọa lạc tại 07-09 Đường Lê Lợi, Phường Trường Sơn Sầm Sơn, Thanh Hóa. Là khu nhà cao tầng hiện đại thoáng mát, từ đây bạn có thể ngắm nhìn ra biển.\r\n\r\nKhách Sạn Việt Hưng  bắt đầu đón khách từ mùa hè năm 2015. Khách Sạn Việt Hưng là một khách sạn 3 sao, với nội thất sang trọng, đầy đủ đồ dùng, trang trí ấm cúng, cùng với cửa sổ rộng nhìn ra bãi biển Sầm Sơn tráng lệ, xinh đẹp tạo cho Quý Khách cảm giác rộng rãi và thoáng mát.\r\n\r\nTại đây Qúy khách có thể thưởng thức bữa ăn sáng tự chọn hàng ngày, các loại hải sản đa dạng phong phú và được phục vụ bởi tất cả đầu bếp chuyên nghiệp and lành nghề.\r\n\r\nVới dịch vụ tốt, giá cả hợp lý, Khách Sạn Việt Hưng đã và đang trở thành một địa chỉ tin cậy cho cả khách du lịch và khách thương gia tại trung tâm Du lịch thị xã Sầm Sơn.\r\n\r\nBên cạnh đó, khi đặt phòng Khách Sạn Việt Hưng, khách sạn còn gợi ý cho bạn những hoạt động vui chơi giải trí bảo đảm bạn luôn thấy hứng thú trong suốt kì nghỉ. Dù bạn thư giãn hay làm gì, Khách Sạn Việt Hưng luôn is sự lựa chọn hoàn hảo cho kì nghỉ của bạn ở Thanh Hóa.\r\n\r\nKhí đặt phòng khách sạn hoặc đặt tour du lịch qua hệ thống đặt phòng trực tuyến http://datphongsamson.info ,http://datphong.online/   http://datphongkhachsansamson.vn /bạn sẽ có cơ hội sở hữu phòng nghỉ tại khách sạn giá rẻ hay cao cấp. Dùng dịch vụ của  để có cơ hội đặt những phòng khách sạn giá rẻ nhất với  chất lượng tuyệt vời bạn nhé.','viet-hung-1.jpg','admin_58dcadcd1c8e3'),(23,'Khách Sạn Kim Xuyến','Bãi Tắm D- Đường Hồ Xuân Hương',139,2,'2017-03-30 14:51:34','2017-03-30 14:52:39',1,NULL,4,68,10,500000,NULL,'13:00:00','23:59:00','<p class=\"MsoNormal\" align=\"center\" style=\"margin-bottom:0cm;margin-bottom:.0001pt;\r\ntext-align:center;line-height:normal;background:#F5F4F0\"><span style=\"font-size:9.0pt;font-family:&quot;Arial&quot;,&quot;sans-serif&quot;;mso-fareast-font-family:\r\n&quot;Times New Roman&quot;;color:#4E4E4E\">Đạt tiêu chuẩn 2 sao, được đưa vào sử dụng từ\r\nngày 28/4/2015. Khách sạn nằm ngay mặt biển, tọa lạc trên đường đẹp nhất thị xã\r\nSầm Sơn. Có vị trí thuận lợi nằm ngay khu ẩm thực lớn nhất thị xã Sầm Sơn, gần\r\nquần thể du lịch cao cấp FLC Sầm Sơn.<o:p></o:p></span></p><p>\r\n\r\n</p><p class=\"MsoNormal\"><span style=\"font-size:9.0pt;line-height:115%;font-family:\r\n&quot;Arial&quot;,&quot;sans-serif&quot;;mso-fareast-font-family:&quot;Times New Roman&quot;;color:#4E4E4E\"><br>\r\n<span style=\"background:#F5F4F0\">Khách Sạn được xây dựng theo kiến trúc hiện\r\nđại, sang trọng, thiết kế 7 tầng với 68 phòng đạt tiêu chuẩn, diện tích mỗi\r\nphòng là 26m2, có 4 phòng vip diện tích mỗi phòng được thiết kế đẹp, nội thất\r\nsang trọng, lịch sự, phòng hội nghị trên tầng 7 có sức chứa 150 người, sân bãi\r\nđỗ xe miễn phí ngay tại khách sạn lên tới gần 100 ô tô con</span><br>\r\n<span style=\"background:#F5F4F0\">Khách Sạn Kim Xuyến với vị trí thuận lợi,\r\nkhông gian sang trọng , lịch sự, đội ngũ nhân viên trẻ, đẹp, vui vẻ, phong cách\r\nphục vụ chuyên nghiệp sẽ mang tới cho bạn những phút giây thoải mái cùng gia\r\nđình và người thân trong kì nghỉ du lịch biển Sầm Sơn.</span><br>\r\n<span style=\"background:#F5F4F0\">&nbsp;</span><br>\r\n<span style=\"background:#F5F4F0\">Nhà Hàng Kim Xuyến với hệ thống nhà hàng hướng\r\nbiển và trong Khách Sạn:</span><br>\r\n<span style=\"background:#F5F4F0\">-&nbsp;&nbsp;&nbsp;&nbsp;&nbsp;&nbsp;&nbsp;&nbsp;&nbsp;Nhà\r\năn trong Khách Sạn phục vụ cùng lúc 300 khách</span><br>\r\n<span style=\"background:#F5F4F0\">-&nbsp;&nbsp;&nbsp;&nbsp;&nbsp;&nbsp;&nbsp;&nbsp;&nbsp;Có\r\nnhà hàng độc lập 2 tầng có phòng ăn lạnh và ngoài trời phục vụ cho 350 người và\r\ngala dinne&nbsp; cho các tour lớn</span><br>\r\n<span style=\"background:#F5F4F0\">Có đội ngũ đầu bếp chuyên nghiệp chế biến các\r\nmón ăn á- âu , đặc sản hợp khẩu vị và giá cả hợp lí….</span></span><o:p></o:p></p>','Đạt tiêu chuẩn 2 sao, được đưa vào sử dụng từ ngày 28/4/2015. Khách sạn nằm ngay mặt biển, tọa lạc trên đường đẹp nhất thị xã Sầm Sơn. Có vị trí thuận lợi nằm ngay khu ẩm thực lớn nhất thị xã Sầm Sơn, gần quần thể du lịch cao cấp FLC Sầm Sơn.\r\n\r\nKhách Sạn được xây dựng theo kiến trúc hiện đại, sang trọng, thiết kế 7 tầng với 68 phòng đạt tiêu chuẩn, diện tích mỗi phòng là 26m2, có 4 phòng vip diện tích mỗi phòng được thiết kế đẹp, nội thất sang trọng, lịch sự, phòng hội nghị trên tầng 7 có sức chứa 150 người, sân bãi đỗ xe miễn phí ngay tại khách sạn lên tới gần 100 ô tô con\r\nKhách Sạn Kim Xuyến với vị trí thuận lợi, không gian sang trọng , lịch sự, đội ngũ nhân viên trẻ, đẹp, vui vẻ, phong cách phục vụ chuyên nghiệp sẽ mang tới cho bạn những phút giây thoải mái cùng gia đình và người thân trong kì nghỉ du lịch biển Sầm Sơn.\r\n \r\nNhà Hàng Kim Xuyến với hệ thống nhà hàng hướng biển và trong Khách Sạn:\r\n-         Nhà ăn trong Khách Sạn phục vụ cùng lúc 300 khách\r\n-         Có nhà hàng độc lập 2 tầng có phòng ăn lạnh và ngoài trời phục vụ cho 350 người và gala dinne  cho các tour lớn\r\nCó đội ngũ đầu bếp chuyên nghiệp chế biến các món ăn á- âu , đặc sản hợp khẩu vị và giá cả hợp lí….','kim-xuyen-1.png','admin_58dcb851379b7'),(24,'Biệt Thự Ngọc Trai 26','Khu nghỉ dưỡng FLC sầm sơn - Đường Xuân Hương, Quảng Cư, Sầm Sơn',15,6,'2017-03-31 15:28:50','2017-03-31 16:09:59',1,20,5,5,30,2000000,1500000,'13:00:00','23:59:00','<p><span style=\"color: rgb(78, 78, 78); font-family: Arial, Helvetica, sans-serif; font-size: 12px; text-align: justify; background-color: rgb(245, 244, 240);\">&nbsp; &nbsp;Chỉ cách Hà Nội chưa đến 3 giờ lái xe, khu du lịch biển Sầm Sơn không chỉ thu hút khách du lịch trong nước và du khách quốc tế. Khu du lịch nghỉ dưỡng sinh thái FLC Sầm Sơn với đẳng cấp hoàn toàn mới, trở thành điểm đến lý tưởng theo tiêu chuẩn quốc tế 5* đầu tiên khu vực Miền Bắc và Bắc Trung Bộ dành cho du lịch gia đình, du lịch thăm quan, nghỉ dưỡng, tổ chức hội họp của doanh nghiệp hoặc tổ chức sự kiện.</span><br style=\"margin: 0px; padding: 0px; color: rgb(78, 78, 78); font-family: Arial, Helvetica, sans-serif; font-size: 12px; text-align: justify; background-color: rgb(245, 244, 240);\"><span style=\"color: rgb(78, 78, 78); font-family: Arial, Helvetica, sans-serif; font-size: 12px; text-align: justify; background-color: rgb(245, 244, 240);\">Biệt thự Ngọc trai nằm trong khu quần thể nghỉ dưỡng Flc gồm 2 mặt tiền hướng biển và hướng khu vực golf</span><br style=\"margin: 0px; padding: 0px; color: rgb(78, 78, 78); font-family: Arial, Helvetica, sans-serif; font-size: 12px; text-align: justify; background-color: rgb(245, 244, 240);\"><br style=\"margin: 0px; padding: 0px; color: rgb(78, 78, 78); font-family: Arial, Helvetica, sans-serif; font-size: 12px; text-align: justify; background-color: rgb(245, 244, 240);\"><span style=\"color: rgb(78, 78, 78); font-family: Arial, Helvetica, sans-serif; font-size: 12px; text-align: justify; background-color: rgb(245, 244, 240);\">&nbsp;&nbsp; Nội thất biệt thự được thiết kế hiện đại , tiện nghi và sang trọng . Biệt thự có tới 5 phòng ngủ cùng không gian sinh hoạt chung sẽ mang lại cho bạn cùng những người thân yêu trong gia đình nhữung giây phút ấm cúng, không gian riêng tư và linh hoạt &nbsp;. Đứng ở trên tầng 3 bạn có thể chiêm ngưỡng trọn vẹn khung cảnh của biển, và sân golf .</span><br></p>','SChỉ cách Hà Nội chưa đến 3 giờ lái xe, khu du lịch biển Sầm Sơn không chỉ thu hút khách du lịch trong nước và du khách quốc tế. Khu du lịch nghỉ dưỡng sinh thái FLC Sầm Sơn với đẳng cấp hoàn toàn mới, trở thành điểm đến lý tưởng theo tiêu chuẩn quốc tế 5* đầu tiên khu vực Miền Bắc và Bắc Trung Bộ dành cho du lịch gia đình, du lịch thăm quan, nghỉ dưỡng, tổ chức hội họp của doanh nghiệp hoặc tổ chức sự kiện.\r\nBiệt thự Ngọc trai nằm trong khu quần thể nghỉ dưỡng Flc gồm 2 mặt tiền hướng biển và hướng khu vực golf\r\n\r\n   Nội thất biệt thự được thiết kế hiện đại , tiện nghi và sang trọng . Biệt thự có tới 5 phòng ngủ cùng không gian sinh hoạt chung sẽ mang lại cho bạn cùng những người thân yêu trong gia đình nhữung giây phút ấm cúng, không gian riêng tư và linh hoạt  . Đứng ở trên tầng 3 bạn có thể chiêm ngưỡng trọn vẹn khung cảnh của biển, và sân golf .','ngoc-trai-26-5.jpg','admin_58de12ab4bf67'),(25,'Khách sạn Biển Đợi','số nhà 45 Đường Hồ Xuân Hương, Bãi tắm B Sầm Sơn',61,2,'2017-03-31 15:39:18','2017-03-31 15:40:28',1,20,2,100,50,600000,499000,'13:00:00','23:59:00','<p class=\"MsoNormal\"><span style=\"font-size:9.0pt;line-height:115%;font-family:\r\n&quot;Arial&quot;,&quot;sans-serif&quot;;color:#363636;background:whitesmoke\">Khách sạn tọa lạc tại\r\nTrung tâm Du Lịch Biển Sầm Sơn, khách sạn được thiết kế với 09 tầng trong đó có\r\n03 phòng ViP và 160 Phòng Thường được trang bị đầy đủ như: tivi, điều hòa, bình\r\nnóng lạnh, đặc biệt khách sạn có trang bị 100% tủ lạnh cá nhân.<o:p></o:p></span></p><p align=\"center\" style=\"margin: 0cm 0cm 0.0001pt; text-align: center; background-image: initial; background-position: initial; background-size: initial; background-repeat: initial; background-attachment: initial; background-origin: initial; background-clip: initial; vertical-align: baseline;\"><span style=\"font-size:10.5pt;\r\nfont-family:&quot;Arial&quot;,&quot;sans-serif&quot;;color:#FF6600;border:none windowtext 1.0pt;\r\nmso-border-alt:none windowtext 0cm;padding:0cm\">KHÁCH SẠN BIỂN ĐỢI SẦM SƠN</span><span style=\"font-size: 10.5pt; font-family: Arial, sans-serif;\"><o:p></o:p></span></p><p align=\"center\" style=\"margin: 0cm 0cm 0.0001pt; text-align: center; background-image: initial; background-position: initial; background-size: initial; background-repeat: initial; background-attachment: initial; background-origin: initial; background-clip: initial; vertical-align: baseline;\"><span style=\"font-size:10.5pt;\r\nfont-family:&quot;Arial&quot;,&quot;sans-serif&quot;;color:#FF6600;border:none windowtext 1.0pt;\r\nmso-border-alt:none windowtext 0cm;padding:0cm\">(-</span><span class=\"apple-converted-space\"><b><span style=\"font-size: 8.5pt; font-family: Arial, sans-serif; background: rgb(242, 250, 253);\">&nbsp;</span></b></span><span style=\"font-size: 8.5pt; font-family: Arial, sans-serif; background: rgb(242, 250, 253);\">Khách\r\nsạn tọa lạc tại Trung tâm Du Lịch Biển Sầm Sơn, khách sạn&nbsp; được thiết kế\r\nvới&nbsp; 11 tầng trong đó có&nbsp;10 phòng ViP và tổng160 Phòng được trang bị\r\nđầy đủ như: tivi, điều hòa, bình nóng lạnh, đặc biệt khách sạn có trang bị 100%\r\ntủ lạnh cá nhân.</span><span style=\"font-size: 8.5pt; font-family: Arial, sans-serif;\"><br>\r\n<br>\r\n<span style=\"background:#F2FAFD\">Ngoài ra khách sạn còn có Truyền hình cáp, Cầu\r\nthang máy, điện thoại nội bộ,</span></span><span class=\"apple-converted-space\"><span style=\"font-size: 10.5pt; font-family: Arial, sans-serif; background: rgb(242, 250, 253);\">&nbsp;</span></span><span style=\"font-size: 8.5pt; font-family: Arial, sans-serif;\"><br>\r\n<span style=\"background:#F2FAFD\">Phòng ăn khách sạn có sức chứa 600 chỗ ngồi tạo\r\nmột không gian thoáng mát cho bữa tiệc hải sản cùng gia đình bạn bè.</span></span><span style=\"font-size: 10.5pt; font-family: Arial, sans-serif;\"><o:p></o:p></span></p><p>\r\n\r\n\r\n\r\n\r\n\r\n</p><p align=\"center\" style=\"margin: 0cm 0cm 0.0001pt; text-align: center; background-image: initial; background-position: initial; background-size: initial; background-repeat: initial; background-attachment: initial; background-origin: initial; background-clip: initial; vertical-align: baseline;\"><span style=\"font-size: 10.5pt; font-family: Arial, sans-serif;\">&nbsp;<o:p></o:p></span></p>','Khách sạn tọa lạc tại Trung tâm Du Lịch Biển Sầm Sơn, khách sạn được thiết kế với 09 tầng trong đó có 03 phòng ViP và 160 Phòng Thường được trang bị đầy đủ như: tivi, điều hòa, bình nóng lạnh, đặc biệt khách sạn có trang bị 100% tủ lạnh cá nhân.\r\nKHÁCH SẠN BIỂN ĐỢI SẦM SƠN\r\n(- Khách sạn tọa lạc tại Trung tâm Du Lịch Biển Sầm Sơn, khách sạn  được thiết kế với  11 tầng trong đó có 10 phòng ViP và tổng160 Phòng được trang bị đầy đủ như: tivi, điều hòa, bình nóng lạnh, đặc biệt khách sạn có trang bị 100% tủ lạnh cá nhân.\r\n\r\nNgoài ra khách sạn còn có Truyền hình cáp, Cầu thang máy, điện thoại nội bộ, \r\nPhòng ăn khách sạn có sức chứa 600 chỗ ngồi tạo một không gian thoáng mát cho bữa tiệc hải sản cùng gia đình bạn bè.','khach-san-bien-doi-sam-son.jpg','admin_58de14f96e521'),(26,'Khách Sạn Mai Trang','Đường Hồ Xuân Hương, bãi tắm C, TP Sầm Sơn, Thanh Hóa',123,1,'2017-03-31 15:48:37','2017-03-31 16:25:14',1,NULL,3,68,50,500000,400000,'13:00:00','23:59:00','<p style=\"margin: 7.5pt 0cm; background-image: initial; background-position: initial; background-size: initial; background-repeat: initial; background-attachment: initial; background-origin: initial; background-clip: initial;\"><span style=\"font-size:10.0pt;font-family:&quot;Tahoma&quot;,&quot;sans-serif&quot;;\r\ncolor:#2B2B2B\">Khách sạn Mai Trang Sầm Sơn, Thanh Hóa nằm ngay trên đường Hồ\r\nXuân Hương, mặt tiền rộng hướng ra biển cực đẹp, là một trong những khách sạn\r\ncó vị trí đẹp và thuận lợi nhất cho khách tham quan du lịch nghỉ mát tại bãi\r\nbiển Sầm Sơn.<o:p></o:p></span></p><p style=\"margin: 7.5pt 0cm; background-image: initial; background-position: initial; background-size: initial; background-repeat: initial; background-attachment: initial; background-origin: initial; background-clip: initial;\"><span style=\"font-size:10.0pt;font-family:&quot;Tahoma&quot;,&quot;sans-serif&quot;;\r\ncolor:#2B2B2B\">Khách sạn được đầu tư xây dựng với 68 phòng nghỉ tiện nghi, tòa\r\nnhà 5 tầng tọa lạc tại bãi tắm C Sầm Sơn, khi du khách đến với khách sạn chúng\r\ntôi chắc chắn sẽ làm hài lòng du khách.&nbsp;<o:p></o:p></span></p><p style=\"margin: 7.5pt 0cm; background-image: initial; background-position: initial; background-size: initial; background-repeat: initial; background-attachment: initial; background-origin: initial; background-clip: initial;\"><span style=\"font-size:10.0pt;font-family:&quot;Tahoma&quot;,&quot;sans-serif&quot;;\r\ncolor:#2B2B2B\">Khách sạn được đầu tư trang thiết bị đồng bộ, 100% tủ lạnh,\r\ntivi, điều hòa, bình nóng lạnh. Mỗi phòng nghỉ bao gồm 02 giường đảm bảo chất\r\nlượng cho giấc ngủ của du khách<o:p></o:p></span></p><p class=\"MsoNormal\"><o:p>&nbsp;</o:p></p><p class=\"MsoNormal\"><o:p>&nbsp;</o:p></p><p class=\"MsoNormal\"><o:p>&nbsp;</o:p></p><p align=\"center\" style=\"margin: 0cm 0cm 0.0001pt; text-align: center; background-image: initial; background-position: initial; background-size: initial; background-repeat: initial; background-attachment: initial; background-origin: initial; background-clip: initial;\"><span style=\"font-size:10.0pt;font-family:&quot;Tahoma&quot;,&quot;sans-serif&quot;;\r\ncolor:#2B2B2B\">Phòng ăn của khách sạn đáp ứng cùng lúc tới 250 ghế, rộng và\r\nthoáng mát. Du khách vừa ăn có thể ngắm biển và hưởng luồng gió trong lành từ\r\nphía biển thổi vào.<o:p></o:p></span></p><p>\r\n\r\n\r\n\r\n\r\n\r\n\r\n\r\n\r\n\r\n\r\n\r\n\r\n\r\n</p><p style=\"margin: 7.5pt 0cm; background-image: initial; background-position: initial; background-size: initial; background-repeat: initial; background-attachment: initial; background-origin: initial; background-clip: initial;\"><span style=\"font-size:10.0pt;font-family:&quot;Tahoma&quot;,&quot;sans-serif&quot;;\r\ncolor:#2B2B2B\">Ngoài ra, Khách sạn Mai Trang có khuôn viên rộng và an toàn là\r\nđiều kiện để du khách có thể yên tâm đối với trẻ nhỏ, cũng như phương tiện cá\r\nnhân của quý vị.<o:p></o:p></span></p>','Khách sạn Mai Trang Sầm Sơn, Thanh Hóa nằm ngay trên đường Hồ Xuân Hương, mặt tiền rộng hướng ra biển cực đẹp, là một trong những khách sạn có vị trí đẹp và thuận lợi nhất cho khách tham quan du lịch nghỉ mát tại bãi biển Sầm Sơn.\r\nKhách sạn được đầu tư xây dựng với 68 phòng nghỉ tiện nghi, tòa nhà 5 tầng tọa lạc tại bãi tắm C Sầm Sơn, khi du khách đến với khách sạn chúng tôi chắc chắn sẽ làm hài lòng du khách. \r\nKhách sạn được đầu tư trang thiết bị đồng bộ, 100% tủ lạnh, tivi, điều hòa, bình nóng lạnh. Mỗi phòng nghỉ bao gồm 02 giường đảm bảo chất lượng cho giấc ngủ của du khách\r\n\r\n\r\n\r\nPhòng ăn của khách sạn đáp ứng cùng lúc tới 250 ghế, rộng và thoáng mát. Du khách vừa ăn có thể ngắm biển và hưởng luồng gió trong lành từ phía biển thổi vào.\r\nNgoài ra, Khách sạn Mai Trang có khuôn viên rộng và an toàn là điều kiện để du khách có thể yên tâm đối với trẻ nhỏ, cũng như phương tiện cá nhân của quý vị.','mai-trang-1.jpg','admin_58de171abd876'),(27,'Biệt Thự Sao Biển FLC','Khu nghỉ dưỡng FLC Sầm Sơn - Đường Hồ Xuân Hương,Quảng Cư, Sầm Sơn',53,6,'2017-03-31 16:04:03','2017-03-31 16:14:24',1,NULL,5,7,50,2000000,1500000,NULL,NULL,'<p><span style=\"text-align: justify; font-family: utm-avo, sans-serif; font-size: 16px;\">&nbsp;</span><span style=\"text-align: justify; font-family: utm-avo, sans-serif; font-size: 16px;\">Nằm ở vị trí địa lý đẹp bậc nhất với thế “ỷ sơn, hướng hải” (sau lưng là núi, trước mặt là sông biển), đây không chỉ là nơi hội tụ những cảnh quan thiên nhiên độc đáo, mà còn là vùng đất an lành, mang đến nhiều may mắn lâu bền. Các căn biệt thự thuộc Quần thể du lịch nghỉ dưỡng sinh thái FLC Sầm Sơn được xây dựng với ý niệm phong thủy về một vận hội tốt đẹp cho chủ nhân. &nbsp;Với &nbsp;đ</span><span style=\"text-align: justify; font-family: utm-avo, sans-serif; font-size: 16px;\">iều kiện giao thông thuận tiện, vị trí độc đáo kết hợp với quy mô đầu tư lớn và các dịch vụ, tiện ích đẳng cấp 5 sao tạo ra lợi thế vượt trội cho Quần thể du lịch nghỉ dưỡng sinh thái FLC Sầm Sơn. An cư tại FLC Residences Samson là sự lựa chọn thông minh của những con người luôn muốn đề cao và tận hưởng những giá trị sống đẳng cấp, văn minh , với không gian thoáng đãng mát mẻ , trang thiết bị tiện nghi hiện đại .</span><span style=\"text-align: justify; color: rgb(51, 51, 51); font-family: Arial, Helvetica, sans-serif;\">&nbsp;&nbsp;</span><br></p>','Nằm ở vị trí địa lý đẹp bậc nhất với thế “ỷ sơn, hướng hải” (sau lưng là núi, trước mặt là sông biển), đây không chỉ là nơi hội tụ những cảnh quan thiên nhiên độc đáo, mà còn là vùng đất an lành, mang đến nhiều may mắn lâu bền. Các căn biệt thự thuộc Quần thể du lịch nghỉ dưỡng sinh thái FLC Sầm Sơn được xây dựng với ý niệm phong thủy về một vận hội tốt đẹp cho chủ nhân.  Với  điều kiện giao thông thuận tiện, vị trí độc đáo kết hợp với quy mô đầu tư lớn và các dịch vụ, tiện ích đẳng cấp 5 sao tạo ra lợi thế vượt trội cho Quần thể du lịch nghỉ dưỡng sinh thái FLC Sầm Sơn. An cư tại FLC Residences Samson là sự lựa chọn thông minh của những con người luôn muốn đề cao và tận hưởng những giá trị sống đẳng cấp, văn minh , với không gian thoáng đãng mát mẻ , trang thiết bị tiện nghi hiện đại .','img-4752.jpg','admin_58de1a727f12a'),(28,'Khách sạn Phương Đông','Số 7 đường Thanh Niên, Phường Trường Sơn, Thị xã Sầm Sơn, Tỉnh Thanh Hóa',175,4,'2017-03-31 16:31:35','2017-04-03 07:50:39',1,20,1,79,20,500000,499000,'05:00:00','23:59:00','<p class=\"MsoNormal\" style=\"margin-bottom:0cm;margin-bottom:.0001pt;text-align:\r\njustify;line-height:normal;background:#F5F4F0\"><span style=\"font-size:9.0pt;\r\nfont-family:&quot;Arial&quot;,&quot;sans-serif&quot;;mso-fareast-font-family:&quot;Times New Roman&quot;;\r\ncolor:#4E4E4E\">Chào mừng quý khách đến với&nbsp;<b>Phương Đông Hotel</b>!<br>\r\n<br>\r\nPhương Đông Hotel&nbsp;là một trong những khách sạn đi đầu về phong cách phục\r\nvụ hiện đại và chuyên nghiệp. Nằm ngay dưới chân núi Trường Lệ – là một địa\r\ndanh nổi tiếng của Sầm Sơn với nhiều phong cảnh thiên nhiên đẹp mà tạo hóa đã\r\nban tặng. Với diện tích 4000m2, có sân vườn, một không gian yên tĩnh hòa quyện\r\ncùng với khung cảnh thiên nhiên chắc chắn sẽ làm cho Qúy khách cảm thấy thực sự\r\nthoải mái và có những giây phút thư giãn sau những ngày làm việc mệt mỏi,. Khi\r\nđến với Phương Đông hotel, Quý khách sẽ có một cảm nhận về sự lựa chọn đúng đắn\r\ncủa mình. Phương Đông hotel luôn mang đến cho bạn dịch vụ tốt nhất.<o:p></o:p></span></p><p class=\"MsoNormal\" style=\"margin-bottom:0cm;margin-bottom:.0001pt;text-align:\r\njustify;line-height:normal;background:#F5F4F0\"><span style=\"font-size:9.0pt;\r\nfont-family:&quot;Arial&quot;,&quot;sans-serif&quot;;mso-fareast-font-family:&quot;Times New Roman&quot;;\r\ncolor:#4E4E4E\"><br>\r\nPhương Đông hotel nằm ngay trên trục đường Thanh Niên ở đầu bãi tắm A với 79\r\nphòng nghỉ, có view nhìn ra khung cảnh thiên nhiên, rất đẹp và lãng mạn.<br>\r\n<br>\r\nPhòng nghỉ của khách sạn có 3 loại:<o:p></o:p></span></p><p class=\"MsoNormal\" style=\"margin:0cm;margin-bottom:.0001pt;text-align:justify;\r\ntext-indent:-18.0pt;line-height:normal;mso-list:l0 level1 lfo1;tab-stops:list 36.0pt;\r\nbackground:#F5F4F0\"><!--[if !supportLists]--><span style=\"font-size:10.0pt;\r\nmso-bidi-font-size:9.0pt;font-family:Wingdings;mso-fareast-font-family:Wingdings;\r\nmso-bidi-font-family:Wingdings;color:#4E4E4E\">§<span style=\"font-variant-numeric: normal; font-stretch: normal; font-size: 7pt; line-height: normal; font-family: &quot;Times New Roman&quot;;\">&nbsp; </span></span><!--[endif]--><span style=\"font-size:9.0pt;font-family:&quot;Arial&quot;,&quot;sans-serif&quot;;mso-fareast-font-family:\r\n&quot;Times New Roman&quot;;color:#4E4E4E\">&nbsp; &nbsp;&nbsp;<b>Phòng thường.</b><o:p></o:p></span></p><p class=\"MsoNormal\" style=\"margin:0cm;margin-bottom:.0001pt;text-align:justify;\r\ntext-indent:-18.0pt;line-height:normal;mso-list:l0 level1 lfo1;tab-stops:list 36.0pt;\r\nbackground:#F5F4F0\"><!--[if !supportLists]--><span style=\"font-size:10.0pt;\r\nmso-bidi-font-size:9.0pt;font-family:Wingdings;mso-fareast-font-family:Wingdings;\r\nmso-bidi-font-family:Wingdings;color:#4E4E4E\">§<span style=\"font-variant-numeric: normal; font-stretch: normal; font-size: 7pt; line-height: normal; font-family: &quot;Times New Roman&quot;;\">&nbsp; </span></span><!--[endif]--><b><span style=\"font-size:9.0pt;font-family:&quot;Arial&quot;,&quot;sans-serif&quot;;mso-fareast-font-family:\r\n&quot;Times New Roman&quot;;color:#4E4E4E\">&nbsp; &nbsp; Phòng rộng.</span></b><span style=\"font-size:9.0pt;font-family:&quot;Arial&quot;,&quot;sans-serif&quot;;mso-fareast-font-family:\r\n&quot;Times New Roman&quot;;color:#4E4E4E\"><o:p></o:p></span></p><p class=\"MsoNormal\" style=\"margin:0cm;margin-bottom:.0001pt;text-align:justify;\r\ntext-indent:-18.0pt;line-height:normal;mso-list:l0 level1 lfo1;tab-stops:list 36.0pt;\r\nbackground:#F5F4F0\"><!--[if !supportLists]--><span style=\"font-size:10.0pt;\r\nmso-bidi-font-size:9.0pt;font-family:Wingdings;mso-fareast-font-family:Wingdings;\r\nmso-bidi-font-family:Wingdings;color:#4E4E4E\">§<span style=\"font-variant-numeric: normal; font-stretch: normal; font-size: 7pt; line-height: normal; font-family: &quot;Times New Roman&quot;;\">&nbsp; </span></span><!--[endif]--><b><span style=\"font-size:9.0pt;font-family:&quot;Arial&quot;,&quot;sans-serif&quot;;mso-fareast-font-family:\r\n&quot;Times New Roman&quot;;color:#4E4E4E\">&nbsp; &nbsp; Phòng VIP.</span></b><span style=\"font-size:9.0pt;font-family:&quot;Arial&quot;,&quot;sans-serif&quot;;mso-fareast-font-family:\r\n&quot;Times New Roman&quot;;color:#4E4E4E\"><o:p></o:p></span></p><p class=\"MsoNormal\" style=\"margin-bottom:0cm;margin-bottom:.0001pt;text-align:\r\njustify;line-height:normal;background:#F5F4F0\"><span style=\"font-size:9.0pt;\r\nfont-family:&quot;Arial&quot;,&quot;sans-serif&quot;;mso-fareast-font-family:&quot;Times New Roman&quot;;\r\ncolor:#4E4E4E\"><br>\r\nNhà ăn lớn chứa tới 500 khách và khu coffee bar hiện đại và phong cách đáp ứng\r\ncho du khách cá nhân, đoàn thể có nhu cầu tổ chức sự kiện, hội họp ngay trong\r\nnhững ngày đi nghỉ tại biển Sầm Sơn. Với vị trí này quý khách cũng chỉ mất 10\r\nphút xe điện là đến tham quan được khu nghỉ dưỡng cao cấp FLC. Khách sạn có\r\ndịch vụ xe điện phục vụ du khách 24/24.&nbsp;</span></p><p class=\"MsoNormal\" style=\"margin-bottom:0cm;margin-bottom:.0001pt;text-align:\r\njustify;line-height:normal;background:#F5F4F0\"><span style=\"font-size:9.0pt;\r\nfont-family:&quot;Arial&quot;,&quot;sans-serif&quot;;mso-fareast-font-family:&quot;Times New Roman&quot;;\r\ncolor:#4E4E4E\"><br>\r\n<br>\r\nVới đội ngũ nhân viên trẻ, đẹp được đào tạo theo phong cách chuyên nghiệp, hiện\r\nđại, Phương Đông Hotel trân trọng kính mời và rất hân hạnh được đón tiếp, phục\r\nvụ Qúy khách!<br>\r\n<br>\r\nHãy lựa chọn và đến với Phương Đông Hotel chúng tôi , chắc chắn các các bạn sẽ\r\nhài lòng với quyết định của chính mình !!!<br>\r\n<br>\r\nRất hân hạnh được đón tiếp và phục vụ quý khách!<o:p></o:p></span></p><p>\r\n\r\n\r\n\r\n\r\n\r\n\r\n\r\n\r\n\r\n\r\n\r\n</p><p class=\"MsoNormal\"><o:p>&nbsp;</o:p></p>','Chào mừng quý khách đến với Phương Đông Hotel!\r\n\r\nPhương Đông Hotel là một trong những khách sạn đi đầu về phong cách phục vụ hiện đại và chuyên nghiệp. Nằm ngay dưới chân núi Trường Lệ – là một địa danh nổi tiếng của Sầm Sơn với nhiều phong cảnh thiên nhiên đẹp mà tạo hóa đã ban tặng. Với diện tích 4000m2, có sân vườn, một không gian yên tĩnh hòa quyện cùng với khung cảnh thiên nhiên chắc chắn sẽ làm cho Qúy khách cảm thấy thực sự thoải mái và có những giây phút thư giãn sau những ngày làm việc mệt mỏi,. Khi đến với Phương Đông hotel, Quý khách sẽ có một cảm nhận về sự lựa chọn đúng đắn của mình. Phương Đông hotel luôn mang đến cho bạn dịch vụ tốt nhất.\r\n\r\nPhương Đông hotel nằm ngay trên trục đường Thanh Niên ở đầu bãi tắm A với 79 phòng nghỉ, có view nhìn ra khung cảnh thiên nhiên, rất đẹp và lãng mạn.\r\n\r\nPhòng nghỉ của khách sạn có 3 loại:\r\n	    Phòng thường.\r\n	    Phòng rộng.\r\n	    Phòng VIP.\r\n\r\nNhà ăn lớn chứa tới 500 khách và khu coffee bar hiện đại và phong cách đáp ứng cho du khách cá nhân, đoàn thể có nhu cầu tổ chức sự kiện, hội họp ngay trong những ngày đi nghỉ tại biển Sầm Sơn. Với vị trí này quý khách cũng chỉ mất 10 phút xe điện là đến tham quan được khu nghỉ dưỡng cao cấp FLC. Khách sạn có dịch vụ xe điện phục vụ du khách 24/24.\r\n\r\nNgoài những địa điểm du lịch gần khách sạn, Phương Đông Hotel còn có các tua du lịch đi thăm quan tới những danh lam thắng cảnh đẹp và nổi tiếng của Xứ Thanh như Thành Nhà Hồ – Di tích Lam Kinh – Suối Cá Thần Cẩm Thủy – Cầu Hàm Rồng – Dòng sông Mã anh hùng ….\r\n\r\nVới đội ngũ nhân viên trẻ, đẹp được đào tạo theo phong cách chuyên nghiệp, hiện đại, Phương Đông Hotel trân trọng kính mời và rất hân hạnh được đón tiếp, phục vụ Qúy khách!\r\n\r\nHãy lựa chọn và đến với Phương Đông Hotel chúng tôi , chắc chắn các các bạn sẽ hài lòng với quyết định của chính mình !!!\r\n\r\nRất hân hạnh được đón tiếp và phục vụ quý khách!','phuong-dong-12.png','admin_58de202a5c382'),(29,'Khách Sạn Ngọc Hiền','Số 59 - Bãi Tắm C - Đường Hồ Xuân Hương - Sầm Sơn',110,2,'2017-03-31 20:14:03','2017-03-31 20:14:11',1,20,2,45,30,500000,399000,'05:00:00','23:59:00','<p><span style=\"color: rgb(78, 78, 78); font-family: Arial, Helvetica, sans-serif; font-size: 12px; text-align: justify; background-color: rgb(245, 244, 240);\">Chào mừng quý khách đến với khách sạn</span><strong style=\"margin: 0px; padding: 0px; color: rgb(78, 78, 78); font-family: Arial, Helvetica, sans-serif; font-size: 12px; text-align: justify; background-color: rgb(245, 244, 240);\">&nbsp;Ngọc Hiền Sầm Sơn Thanh Hóa!</strong><br style=\"margin: 0px; padding: 0px; color: rgb(78, 78, 78); font-family: Arial, Helvetica, sans-serif; font-size: 12px; text-align: justify; background-color: rgb(245, 244, 240);\"><br style=\"margin: 0px; padding: 0px; color: rgb(78, 78, 78); font-family: Arial, Helvetica, sans-serif; font-size: 12px; text-align: justify; background-color: rgb(245, 244, 240);\"><span style=\"color: rgb(78, 78, 78); font-family: Arial, Helvetica, sans-serif; font-size: 12px; text-align: justify; background-color: rgb(245, 244, 240);\">Nằm trên ngã ba Đường Hồ Xuân Hương đẹp nhất Sầm Sơn giao với trục đường Bà Triệu nơi tập trung các khách sạn lớn gần các trung tâm, danh thắng lịch sử.</span><br style=\"margin: 0px; padding: 0px; color: rgb(78, 78, 78); font-family: Arial, Helvetica, sans-serif; font-size: 12px; text-align: justify; background-color: rgb(245, 244, 240);\"><br style=\"margin: 0px; padding: 0px; color: rgb(78, 78, 78); font-family: Arial, Helvetica, sans-serif; font-size: 12px; text-align: justify; background-color: rgb(245, 244, 240);\"><span style=\"color: rgb(78, 78, 78); font-family: Arial, Helvetica, sans-serif; font-size: 12px; text-align: justify; background-color: rgb(245, 244, 240);\">Với tiêu chuẩn xếp hạng 2 sao khách sạn Ngọc Hiền thật sự là nơi nghỉ ngơi lý tưởng của du khách mỗi lần tham quan du lịch tắm biển sầm sơn.</span><br style=\"margin: 0px; padding: 0px; color: rgb(78, 78, 78); font-family: Arial, Helvetica, sans-serif; font-size: 12px; text-align: justify; background-color: rgb(245, 244, 240);\"><br style=\"margin: 0px; padding: 0px; color: rgb(78, 78, 78); font-family: Arial, Helvetica, sans-serif; font-size: 12px; text-align: justify; background-color: rgb(245, 244, 240);\"><span style=\"color: rgb(78, 78, 78); font-family: Arial, Helvetica, sans-serif; font-size: 12px; text-align: justify; background-color: rgb(245, 244, 240);\">Đến với khách sạn Ngọc Hiền chúng tôi quý khách sẽ thật sự hài lòng bởi hệ thống khách sạn gồm 45 phòng nghỉ, đầy đủ tiện nghi với các mức linh hoạt, phù hợp với mọi đối tượng du khách, trong đó 100% phòng đạt tiêu chuẩn đón khách du lịch cùng với sự đón tiếp nồng hậu của đội ngũ nhân viên nhiệt tình chuyên nghiệp. Nhà hàng ăn lạnh sang trọng với sức chứa lên đến 300 người, phục vụ các món ăn đặc sản âu á được chế biến bởi các đầu bếp nổi tiếng , có sân khấu để quý khách giao lưu, đội ngũ nhân viên có kinh nghiệm phục vụ chu đáo ,hiệu quả, tin cậy,chắc chắn sẽ đem lại cho du khách cảm giác nghỉ ngơi thư giãn, thoãi mái, hạnh phúc cho kỳ nghỉ tại Sầm Sơn..</span><br style=\"margin: 0px; padding: 0px; color: rgb(78, 78, 78); font-family: Arial, Helvetica, sans-serif; font-size: 12px; text-align: justify; background-color: rgb(245, 244, 240);\"><br style=\"margin: 0px; padding: 0px; color: rgb(78, 78, 78); font-family: Arial, Helvetica, sans-serif; font-size: 12px; text-align: justify; background-color: rgb(245, 244, 240);\"><span style=\"color: rgb(78, 78, 78); font-family: Arial, Helvetica, sans-serif; font-size: 12px; text-align: justify; background-color: rgb(245, 244, 240);\">Bên cạnh đó dịch vụ bổ sung hoàn hảo của khách sạn nhằm mang lại sự hài lòng cho quý khách .</span><br style=\"margin: 0px; padding: 0px; color: rgb(78, 78, 78); font-family: Arial, Helvetica, sans-serif; font-size: 12px; text-align: justify; background-color: rgb(245, 244, 240);\"><br style=\"margin: 0px; padding: 0px; color: rgb(78, 78, 78); font-family: Arial, Helvetica, sans-serif; font-size: 12px; text-align: justify; background-color: rgb(245, 244, 240);\"><span style=\"color: rgb(78, 78, 78); font-family: Arial, Helvetica, sans-serif; font-size: 12px; text-align: justify; background-color: rgb(245, 244, 240);\">Vui lòng liên hệ cho khách sạn để được báo giá cho kỳ nghỉ tốt nhất !!!</span><br></p>','Chào mừng quý khách đến với khách sạn Ngọc Hiền Sầm Sơn Thanh Hóa!\r\n\r\nNằm trên ngã ba Đường Hồ Xuân Hương đẹp nhất Sầm Sơn giao với trục đường Bà Triệu nơi tập trung các khách sạn lớn gần các trung tâm, danh thắng lịch sử.\r\n\r\nVới tiêu chuẩn xếp hạng 2 sao khách sạn Ngọc Hiền thật sự là nơi nghỉ ngơi lý tưởng của du khách mỗi lần tham quan du lịch tắm biển sầm sơn.\r\n\r\nĐến với khách sạn Ngọc Hiền chúng tôi quý khách sẽ thật sự hài lòng bởi hệ thống khách sạn gồm 45 phòng nghỉ, đầy đủ tiện nghi với các mức linh hoạt, phù hợp với mọi đối tượng du khách, trong đó 100% phòng đạt tiêu chuẩn đón khách du lịch cùng với sự đón tiếp nồng hậu của đội ngũ nhân viên nhiệt tình chuyên nghiệp. Nhà hàng ăn lạnh sang trọng với sức chứa lên đến 300 người, phục vụ các món ăn đặc sản âu á được chế biến bởi các đầu bếp nổi tiếng , có sân khấu để quý khách giao lưu, đội ngũ nhân viên có kinh nghiệm phục vụ chu đáo ,hiệu quả, tin cậy,chắc chắn sẽ đem lại cho du khách cảm giác nghỉ ngơi thư giãn, thoãi mái, hạnh phúc cho kỳ nghỉ tại Sầm Sơn..\r\n\r\nBên cạnh đó dịch vụ bổ sung hoàn hảo của khách sạn nhằm mang lại sự hài lòng cho quý khách .\r\n\r\nVui lòng liên hệ cho khách sạn để được báo giá cho kỳ nghỉ tốt nhất !!!','img-0463.jpg','admin_58de4bf91c654'),(30,'Khách Sạn Vũ Sơn','Đường Hồ Xuân Hương - Quảng Cư - Sầm Sơn',126,1,'2017-03-31 20:30:14','2017-04-02 19:39:55',1,NULL,4,30,10,500000,400000,'05:00:00','23:00:00','<p><span style=\"color: rgb(78, 78, 78); font-family: Arial, Helvetica, sans-serif; font-size: 12px; text-align: justify; background-color: rgb(245, 244, 240);\">Khách sạn Vũ Sơn gồm 30 phòng với 2 loại phòng: Phòng VIP và phòng thường. Phòng nghỉ rộng rãi, thoáng mát, mỗi phòng có diện tích khoảng 25 m2. Tất cả các phòng được trang bị đầy đủ tiện nghi: Điều hòa, tủ lạnh, bình nóng lạnh, truyền hình cáp, Internet wifi , tủ đựng quần áo, ghế ngồi uống nước ….</span><br style=\"margin: 0px; padding: 0px; color: rgb(78, 78, 78); font-family: Arial, Helvetica, sans-serif; font-size: 12px; text-align: justify; background-color: rgb(245, 244, 240);\"><br style=\"margin: 0px; padding: 0px; color: rgb(78, 78, 78); font-family: Arial, Helvetica, sans-serif; font-size: 12px; text-align: justify; background-color: rgb(245, 244, 240);\"><span style=\"color: rgb(78, 78, 78); font-family: Arial, Helvetica, sans-serif; font-size: 12px; text-align: justify; background-color: rgb(245, 244, 240);\">Đến với&nbsp; Vũ Sơn quý khách sẽ được tận hưởng sự đón tiếp nồng hậu của đội ngũ nhân viên nhiệt tình, chuyên nghiệp . Khách sạn sẽ là nơi nghỉ ngơi lý tưởng, tuyệt vời nhất của quý khách khi đến với Sầm Sơn xinh đẹp.</span><br style=\"margin: 0px; padding: 0px; color: rgb(78, 78, 78); font-family: Arial, Helvetica, sans-serif; font-size: 12px; text-align: justify; background-color: rgb(245, 244, 240);\"><span style=\"color: rgb(78, 78, 78); font-family: Arial, Helvetica, sans-serif; font-size: 12px; text-align: justify; background-color: rgb(245, 244, 240);\">Các phòng nghỉ của Khách sạn &nbsp;đều có tầm nhìn đẹp, hướng ra biển sẽ làm cho du khách rất thích thú khi ngắm cảnh biển.</span><br style=\"margin: 0px; padding: 0px; color: rgb(78, 78, 78); font-family: Arial, Helvetica, sans-serif; font-size: 12px; text-align: justify; background-color: rgb(245, 244, 240);\"><br style=\"margin: 0px; padding: 0px; color: rgb(78, 78, 78); font-family: Arial, Helvetica, sans-serif; font-size: 12px; text-align: justify; background-color: rgb(245, 244, 240);\"><span style=\"color: rgb(78, 78, 78); font-family: Arial, Helvetica, sans-serif; font-size: 12px; text-align: justify; background-color: rgb(245, 244, 240);\">Ngoài ra khách sạn mới xây thêm nhà hàng sang trọng đưa vào hoạt động 2016 với kiến trúc sang trọng hiện đại , rộng rãi sức chứa hơn 400 người đồng thời những đầu bếp&nbsp; hàng đầu&nbsp; sẽ mang lại những món ngon làm vừa lòng quý khách nhất</span><br style=\"margin: 0px; padding: 0px; color: rgb(78, 78, 78); font-family: Arial, Helvetica, sans-serif; font-size: 12px; text-align: justify; background-color: rgb(245, 244, 240);\"><br style=\"margin: 0px; padding: 0px; color: rgb(78, 78, 78); font-family: Arial, Helvetica, sans-serif; font-size: 12px; text-align: justify; background-color: rgb(245, 244, 240);\"><br style=\"margin: 0px; padding: 0px; color: rgb(78, 78, 78); font-family: Arial, Helvetica, sans-serif; font-size: 12px; text-align: justify; background-color: rgb(245, 244, 240);\"><span style=\"color: rgb(78, 78, 78); font-family: Arial, Helvetica, sans-serif; font-size: 12px; text-align: justify; background-color: rgb(245, 244, 240);\">Đội ngũ cán bộ, nhân viên có kinh nghiệm phục vụ nhiệt tình, chu đáo, hiệu quả và tin cậy. Chắc chắn sẽ đem lại cho du khách cảm giác nghỉ ngơi thoải mái, hạnh phúc cho kỳ nghỉ mát tắm biển tại Sầm Sơn.</span><br style=\"margin: 0px; padding: 0px; color: rgb(78, 78, 78); font-family: Arial, Helvetica, sans-serif; font-size: 12px; text-align: justify; background-color: rgb(245, 244, 240);\"><br style=\"margin: 0px; padding: 0px; color: rgb(78, 78, 78); font-family: Arial, Helvetica, sans-serif; font-size: 12px; text-align: justify; background-color: rgb(245, 244, 240);\"><span style=\"color: rgb(78, 78, 78); font-family: Arial, Helvetica, sans-serif; font-size: 12px; text-align: justify; background-color: rgb(245, 244, 240);\">Vũ &nbsp;Sơn mang đến cho quý khách sự lựa chọn cho mọi kỳ nghỉ tới Sầm Sơn. Chúng tôi đáp ứng phòng cho các đoàn lớn và những gia đình muốn tìm cảm giác ấm cúng</span><br></p>','Khách sạn Vũ Sơn gồm 30 phòng với 2 loại phòng: Phòng VIP và phòng thường. Phòng nghỉ rộng rãi, thoáng mát, mỗi phòng có diện tích khoảng 25 m2. Tất cả các phòng được trang bị đầy đủ tiện nghi: Điều hòa, tủ lạnh, bình nóng lạnh, truyền hình cáp, Internet wifi , tủ đựng quần áo, ghế ngồi uống nước ….\r\n\r\nĐến với  Vũ Sơn quý khách sẽ được tận hưởng sự đón tiếp nồng hậu của đội ngũ nhân viên nhiệt tình, chuyên nghiệp . Khách sạn sẽ là nơi nghỉ ngơi lý tưởng, tuyệt vời nhất của quý khách khi đến với Sầm Sơn xinh đẹp.\r\nCác phòng nghỉ của Khách sạn  đều có tầm nhìn đẹp, hướng ra biển sẽ làm cho du khách rất thích thú khi ngắm cảnh biển.\r\n\r\nNgoài ra khách sạn mới xây thêm nhà hàng sang trọng đưa vào hoạt động 2016 với kiến trúc sang trọng hiện đại , rộng rãi sức chứa hơn 400 người đồng thời những đầu bếp  hàng đầu  sẽ mang lại những món ngon làm vừa lòng quý khách nhất\r\n\r\n\r\nĐội ngũ cán bộ, nhân viên có kinh nghiệm phục vụ nhiệt tình, chu đáo, hiệu quả và tin cậy. Chắc chắn sẽ đem lại cho du khách cảm giác nghỉ ngơi thoải mái, hạnh phúc cho kỳ nghỉ mát tắm biển tại Sầm Sơn.\r\n\r\nVũ  Sơn mang đến cho quý khách sự lựa chọn cho mọi kỳ nghỉ tới Sầm Sơn. Chúng tôi đáp ứng phòng cho các đoàn lớn và những gia đình muốn tìm cảm giác ấm cúng','khvusonsamson1.jpg','admin_58de596d9e1bb'),(31,'Khách Sạn Thế Anh','Đường Hồ Xuân Hương - Bãi Tắm C Sầm Sơn',21,2,'2017-03-31 20:37:29','2017-03-31 20:38:52',1,20,3,79,30,500000,400000,'05:00:00','23:00:00','<p><span style=\"margin: 0px; padding: 0px; font-size: 12px; text-align: justify; background-color: rgb(245, 244, 240); font-family: arial, verdana, sans-serif;\">Khách sạn Thế Anh 2 đi vào hoạt động năm 2016&nbsp;nằm trên mặt đường Hồ Xuân Hương ( Mặt biển) bãi tắm C Sầm Sơn. Khách sạn bao gồm 10&nbsp;tầng với 79 phòng khép kín với trang thiết bị hiện đại, giá phòng&nbsp;hợp lí. 100% các phòng đều trang bị tivi, điều hoà bình nóng lạnh, tủ lạnh wifi... Khách sạn có 10 phòng nghỉ VIP sang trọng, lịch sự,<br style=\"margin: 0px; padding: 0px;\"><br style=\"margin: 0px; padding: 0px;\">Khách sạn Thế Anh 2 có&nbsp;cầu thang máy&nbsp;phòng hát karaoke, cafe tầng 10&nbsp;phục vụ các đoàn khách giao lưu...&nbsp;<br style=\"margin: 0px; padding: 0px;\"><br style=\"margin: 0px; padding: 0px;\">Nhà ăn của khách sạn rất mát mẻ, trang bị máy lạnh hiện đại, sức chứa hơn 300 khách ăn cùng 1 lúc, rất phù hợp cho các đoàn khách lớn.</span><br style=\"margin: 0px; padding: 0px; color: rgb(78, 78, 78); font-family: Arial, Helvetica, sans-serif; font-size: 12px; text-align: justify; background-color: rgb(245, 244, 240);\"><br style=\"margin: 0px; padding: 0px; color: rgb(78, 78, 78); font-family: Arial, Helvetica, sans-serif; font-size: 12px; text-align: justify; background-color: rgb(245, 244, 240);\"><span style=\"color: rgb(78, 78, 78); font-family: Arial, Helvetica, sans-serif; font-size: 12px; text-align: justify; background-color: rgb(245, 244, 240);\">Với đội ngũ nhân viên trẻ, đẹp được đào tạo theo phong cách chuyên nghiệp, hiện đại, khách sạn Thế Anh 2 trân trọng kính mời và rất hân hạnh được đón tiếp, phục vụ quý khách!</span><br style=\"margin: 0px; padding: 0px; color: rgb(78, 78, 78); font-family: Arial, Helvetica, sans-serif; font-size: 12px; text-align: justify; background-color: rgb(245, 244, 240);\"><br style=\"margin: 0px; padding: 0px; color: rgb(78, 78, 78); font-family: Arial, Helvetica, sans-serif; font-size: 12px; text-align: justify; background-color: rgb(245, 244, 240);\"><span style=\"color: rgb(78, 78, 78); font-family: Arial, Helvetica, sans-serif; font-size: 12px; text-align: justify; background-color: rgb(245, 244, 240);\">Hãy lựa chọn và đến với khách sạn Thế Anh 2 chúng tôi , chắc chắn các các bạn sẽ hài lòng với quyết định của chính mình !!!</span><br style=\"margin: 0px; padding: 0px; color: rgb(78, 78, 78); font-family: Arial, Helvetica, sans-serif; font-size: 12px; text-align: justify; background-color: rgb(245, 244, 240);\"><br style=\"margin: 0px; padding: 0px; color: rgb(78, 78, 78); font-family: Arial, Helvetica, sans-serif; font-size: 12px; text-align: justify; background-color: rgb(245, 244, 240);\"><span style=\"color: rgb(78, 78, 78); font-family: Arial, Helvetica, sans-serif; font-size: 12px; text-align: justify; background-color: rgb(245, 244, 240);\">Rất hân hạnh được đón tiếp và phục vụ quý khách!</span><br></p>','Khách sạn Thế Anh 2 đi vào hoạt động năm 2016 nằm trên mặt đường Hồ Xuân Hương ( Mặt biển) bãi tắm C Sầm Sơn. Khách sạn bao gồm 10 tầng với 79 phòng khép kín với trang thiết bị hiện đại, giá phòng hợp lí. 100% các phòng đều trang bị tivi, điều hoà bình nóng lạnh, tủ lạnh wifi... Khách sạn có 10 phòng nghỉ VIP sang trọng, lịch sự,\r\n\r\nKhách sạn Thế Anh 2 có cầu thang máy phòng hát karaoke, cafe tầng 10 phục vụ các đoàn khách giao lưu... \r\n\r\nNhà ăn của khách sạn rất mát mẻ, trang bị máy lạnh hiện đại, sức chứa hơn 300 khách ăn cùng 1 lúc, rất phù hợp cho các đoàn khách lớn.\r\n\r\nVới đội ngũ nhân viên trẻ, đẹp được đào tạo theo phong cách chuyên nghiệp, hiện đại, khách sạn Thế Anh 2 trân trọng kính mời và rất hân hạnh được đón tiếp, phục vụ quý khách!\r\n\r\nHãy lựa chọn và đến với khách sạn Thế Anh 2 chúng tôi , chắc chắn các các bạn sẽ hài lòng với quyết định của chính mình !!!\r\n\r\nRất hân hạnh được đón tiếp và phục vụ quý khách!',NULL,'admin_58de5ae9a8294'),(32,'Nhà Hàng Tuấn Vũ','Đường Hồ Xuân Hương khu du lịch làng chài, thị xã Sầm Sơn',177,10,'2017-03-31 21:15:44','2017-03-31 21:55:04',1,NULL,7,1,0,NULL,NULL,'05:00:00','23:00:00','<p><span style=\"font-family: Arial; font-size: 12px;\">Tổng đại lí và nhà hàng hải sản Tuấn Vũ</span><br style=\"font-family: Arial; font-size: 12px;\"><span style=\"font-family: Arial; font-size: 12px;\">- Tuấn Vũ là một tổng đại lí hải sản, nhà hàng, khách sạn nổi tiếng tại Sầm Sơn chuyên về kinh doanh, và chế biến hải sản tươi sống, nghỉ dưỡng. Tuấn Vũ có hệ thống nhà sàn lớn nằm ngay trên bờ biển, rộng rãi, thoáng mát, có chỗ để xe ô tô, có hệ thống nhà sàn phục vụ 24/24h nằm ngay sát mặt biển. Không gian nhà sàn và khách sạn Tuấn Vũ&nbsp; rộng trên 4000m2 có thể&nbsp; tổ chức cắm trại, đóng sân khấu, tổ chức giao lưu, vui chơi, ngoài trời. Tuấn Vũ có đội ngũ nhân viên&nbsp; phục vụ nhiệt tình, chu đáo.&nbsp;&nbsp;&nbsp;</span><br style=\"font-family: Arial; font-size: 12px;\"><br></p>','Tổng đại lí và nhà hàng hải sản Tuấn Vũ\r\n- Tuấn Vũ là một tổng đại lí hải sản, nhà hàng, khách sạn nổi tiếng tại Sầm Sơn chuyên về kinh doanh, và chế biến hải sản tươi sống, nghỉ dưỡng. Tuấn Vũ có hệ thống nhà sàn lớn nằm ngay trên bờ biển, rộng rãi, thoáng mát, có chỗ để xe ô tô, có hệ thống nhà sàn phục vụ 24/24h nằm ngay sát mặt biển. Không gian nhà sàn và khách sạn Tuấn Vũ  rộng trên 4000m2 có thể  tổ chức cắm trại, đóng sân khấu, tổ chức giao lưu, vui chơi, ngoài trời. Tuấn Vũ có đội ngũ nhân viên  phục vụ nhiệt tình, chu đáo.   \r\n                                                 Một số hình ảnh nhà sàn  Tuấn Vũ','haisansamson1.jpg','admin_58de63cf9929d'),(34,'Khách Sạn Minh Hạnh','Đường Hồ Xuân Hương , Quảng Cư, Sầm Sơn',176,2,'2017-04-01 09:03:25','2017-04-01 09:11:22',1,4,4,150,30,600000,500000,NULL,NULL,'<p style=\"background-image: initial; background-position: initial; background-size: initial; background-repeat: initial; background-attachment: initial; background-origin: initial; background-clip: initial;\"><span style=\"font-size: 15pt; background-image: initial; background-position: initial; background-size: initial; background-repeat: initial; background-attachment: initial; background-origin: initial; background-clip: initial;\">Khách sạn Minh Hạnh Sầm Sơn </span><span style=\"font-size: 15pt;\">là một khách sạn bao gồm có 2 tòa khách sạn được xây mới\r\nhoàn toàn và đưa vào sử dụng năm 2015 và 2016. <o:p></o:p></span></p><p class=\"MsoNormal\"><span style=\"font-size: 15pt; line-height: 115%; background-image: initial; background-position: initial; background-size: initial; background-repeat: initial; background-attachment: initial; background-origin: initial; background-clip: initial;\">Với vị trí mặt biển tất cả các\r\nphòng đều hướng ra mặt biển, tất cả các phòng trang bị nội thất sang trọng mới\r\n100% . Phong cách phục vụ chuyên nghiệp, ân cần, niềm nở, nhiệt tình Minh Hạnh\r\nSầm Sơn là điểm đến lý tưởng của du khách .</span><span style=\"font-size: 15pt; line-height: 115%;\">Khách sạn\r\nMinh Hạnh Sầm Sơn, Thanh Hóa tọa lạc tại trung tâm bãi tắm </span><span style=\"font-size: 15pt; line-height: 115%;\">D </span><span style=\"font-size: 15pt; line-height: 115%; background-image: initial; background-position: initial; background-size: initial; background-repeat: initial; background-attachment: initial; background-origin: initial; background-clip: initial;\">cách biển 30m với 8 tầng, cầu thang máy, mỗi\r\nphòng được trang bị đầy đủ như: tivi, tủ lạnh, điều hòa, bình nóng lạnh...\r\ntrang thiết bị hoàn toàn mới.<o:p></o:p></span></p><p>\r\n\r\n\r\n\r\n</p><p align=\"center\" style=\"text-align: center; background-image: initial; background-position: initial; background-size: initial; background-repeat: initial; background-attachment: initial; background-origin: initial; background-clip: initial;\"><span style=\"font-size: 15pt; background-image: initial; background-position: initial; background-size: initial; background-repeat: initial; background-attachment: initial; background-origin: initial; background-clip: initial;\">Ngoài ra khách sạn Minh\r\nHạnh còn phục vụ nhà hàng hải sản với các món hải sản tươi sống của vùng biển\r\nxứ Thanh.</span><span style=\"font-size:15.0pt\"><o:p></o:p></span></p>','Khách sạn Minh Hạnh Sầm Sơn là một khách sạn bao gồm có 2 tòa khách sạn được xây mới hoàn toàn và đưa vào sử dụng năm 2015 và 2016. \r\nVới vị trí mặt biển tất cả các phòng đều hướng ra mặt biển, tất cả các phòng trang bị nội thất sang trọng mới 100% . Phong cách phục vụ chuyên nghiệp, ân cần, niềm nở, nhiệt tình Minh Hạnh Sầm Sơn là điểm đến lý tưởng của du khách .Khách sạn Minh Hạnh Sầm Sơn, Thanh Hóa tọa lạc tại trung tâm bãi tắm D cách biển 30m với 8 tầng, cầu thang máy, mỗi phòng được trang bị đầy đủ như: tivi, tủ lạnh, điều hòa, bình nóng lạnh... trang thiết bị hoàn toàn mới.\r\nNgoài ra khách sạn Minh Hạnh còn phục vụ nhà hàng hải sản với các món hải sản tươi sống của vùng biển xứ Thanh.','mh3.jpg','admin_58df091fc537f'),(35,'Khách sạn Vũ Phong','Đường Hồ Xuân Hương, Quảng Cư, Sầm Sơn',23,4,'2017-04-01 09:16:46','2017-04-01 09:17:48',1,4,4,240,30,800000,600000,NULL,NULL,'<p style=\"margin:0cm;margin-bottom:.0001pt;text-align:justify;line-height:18.0pt;\r\nbackground:whitesmoke;vertical-align:baseline\"><strong><span style=\"font-size:\r\n9.0pt;font-family:&quot;Arial&quot;,&quot;sans-serif&quot;;color:#363636\">Khách sạn Vũ Phong Sầm\r\nSơn đạt tiêu chuẩn 3&nbsp;sao tổng diên tích khuôn viên lển tới 5000 m2 trong\r\nđó khách sạn dành riêng 4000 m2 sân chơi, vườn cổ tích cho trẻ nhỏ, hệ thống\r\nnhà hàng hải sản,&nbsp;bãi đậu xe (miễn phí)&nbsp;</span></strong><span style=\"font-size:9.0pt;font-family:&quot;Arial&quot;,&quot;sans-serif&quot;;color:#363636\"><o:p></o:p></span></p><p style=\"margin:0cm;margin-bottom:.0001pt;text-align:justify;line-height:18.0pt;\r\nbackground:whitesmoke;vertical-align:baseline\"><strong><span style=\"font-size:\r\n9.0pt;font-family:&quot;Arial&quot;,&quot;sans-serif&quot;;color:#363636;border:none windowtext 1.0pt;\r\nmso-border-alt:none windowtext 0cm;padding:0cm;font-weight:normal\">&nbsp;\r\n&nbsp; &nbsp; &nbsp;Khách sạn được đầu tư và đưa vào sử dụng từ tháng\r\n3/2016&nbsp;&nbsp;Với quy môt xây dựng 10&nbsp;tầng tổng số &nbsp;340\r\nphòng&nbsp; nghỉ, trong đó giai đoạn 1 đi vào hoạt động 100 &nbsp;phòng &nbsp;\r\ngiai đoạn 2 đi vào hoạt động 240 &nbsp;phòng sẽ trang bị&nbsp;phòng xông hơi,\r\nbể tắm nước nóng, vườn cổ tích &nbsp;phục vụ khách nghỉ. &nbsp;Khách sạn được\r\nthiết kế&nbsp;phong cách hiện đại, nội thất tiện nghi và đẳng cấp hoàn toàn\r\nkhác&nbsp;biệt.Với trang thiết bị mới&nbsp;100% như: điều hòa, tủ lạnh, nóng\r\nlạnh, tivi siêu mỏng, bồn tắm nằm, tủ&nbsp;đựng&nbsp;đồ,\r\nbàn&nbsp;trang&nbsp;điểm, bàn trà,&nbsp;cầu thang máy tốc độ cao, …...</span></strong><span style=\"font-size:9.0pt;font-family:&quot;Arial&quot;,&quot;sans-serif&quot;;color:#363636\"><o:p></o:p></span></p><p style=\"margin:0cm;margin-bottom:.0001pt;text-align:justify;line-height:18.0pt;\r\nbackground:whitesmoke;vertical-align:baseline\"><strong><span style=\"font-size:\r\n9.0pt;font-family:&quot;Arial&quot;,&quot;sans-serif&quot;;color:#363636;border:none windowtext 1.0pt;\r\nmso-border-alt:none windowtext 0cm;padding:0cm;font-weight:normal\">&nbsp;\r\n&nbsp; &nbsp; &nbsp;Hệ thống nhà hàng tầng 1&nbsp;với sức chứa 650 khách, phòng\r\năn lạnh tầng 1 và 2, có hệ thống nhà hàng hải sản phục vụ đặc sản\r\nbiển,&nbsp;tầng 3 - 9 là phòng nghỉ; tầng 10 bố trí phọng hội nghị ( 300 người)\r\nvà khu vực coffe, các phòng karaoke</span></strong><span style=\"font-size:9.0pt;\r\nfont-family:&quot;Arial&quot;,&quot;sans-serif&quot;;color:#363636\"><o:p></o:p></span></p><p>\r\n\r\n\r\n\r\n\r\n\r\n</p><p style=\"margin:0cm;margin-bottom:.0001pt;text-align:justify;line-height:18.0pt;\r\nbackground:whitesmoke;vertical-align:baseline\"><strong><span style=\"font-size:\r\n9.0pt;font-family:&quot;Arial&quot;,&quot;sans-serif&quot;;color:#363636;border:none windowtext 1.0pt;\r\nmso-border-alt:none windowtext 0cm;padding:0cm;font-weight:normal\">&nbsp;\r\n&nbsp; &nbsp; &nbsp;Chúng tôi cam kết sẽ nỗ lực hết mình để đem lại những giây\r\nphút nghỉ ngơi, thư giãn hoàn toàn thoải mái nhất&nbsp;cho du&nbsp;khách.</span></strong><span style=\"font-size:9.0pt;font-family:&quot;Arial&quot;,&quot;sans-serif&quot;;color:#363636\"><o:p></o:p></span></p>','Khách sạn Vũ Phong Sầm Sơn đạt tiêu chuẩn 3 sao tổng diên tích khuôn viên lển tới 5000 m2 trong đó khách sạn dành riêng 4000 m2 sân chơi, vườn cổ tích cho trẻ nhỏ, hệ thống nhà hàng hải sản, bãi đậu xe (miễn phí) \r\n       Khách sạn được đầu tư và đưa vào sử dụng từ tháng 3/2016  Với quy môt xây dựng 10 tầng tổng số  340 phòng  nghỉ, trong đó giai đoạn 1 đi vào hoạt động 100  phòng   giai đoạn 2 đi vào hoạt động 240  phòng sẽ trang bị phòng xông hơi, bể tắm nước nóng, vườn cổ tích  phục vụ khách nghỉ.  Khách sạn được thiết kế phong cách hiện đại, nội thất tiện nghi và đẳng cấp hoàn toàn khác biệt.Với trang thiết bị mới 100% như: điều hòa, tủ lạnh, nóng lạnh, tivi siêu mỏng, bồn tắm nằm, tủ đựng đồ, bàn trang điểm, bàn trà, cầu thang máy tốc độ cao, …...\r\n       Hệ thống nhà hàng tầng 1 với sức chứa 650 khách, phòng ăn lạnh tầng 1 và 2, có hệ thống nhà hàng hải sản phục vụ đặc sản biển, tầng 3 - 9 là phòng nghỉ; tầng 10 bố trí phọng hội nghị ( 300 người) và khu vực coffe, các phòng karaoke\r\n       Chúng tôi cam kết sẽ nỗ lực hết mình để đem lại những giây phút nghỉ ngơi, thư giãn hoàn toàn thoải mái nhất cho du khách.','picture-437.jpg','admin_58df0c67270ac'),(36,'Khách sạn Thanh Bình Gold','Đường Hồ Xuân Hương, Trung Sơn, Sầm Sơn',178,4,'2017-04-01 09:29:42',NULL,1,3,3,170,20,800000,680000,NULL,NULL,'<p class=\"MsoNormal\"><span style=\"font-size:16.0pt;line-height:115%;mso-bidi-font-family:\r\n&quot;Times New Roman&quot;;color:#333333\">Khách sạn Thanh Bình Gold &nbsp;là một trong những khách sạn có tầm ngắm biển\r\nđẹp nhất tại khu nghỉ mát Sầm Sơn Thanh Hóa.</span><span style=\"font-size: 16pt; line-height: 115%; background-image: initial; background-position: initial; background-size: initial; background-repeat: initial; background-attachment: initial; background-origin: initial; background-clip: initial;\">THANH BÌNH GOLD HOTEL tọa lạc tại Bãi D – Đường Hồ Xuân Hương – Thành Phố\r\nSầm Sơn – Tỉnh Thanh Hoá. Với quy mô gần 200 phòng nghỉ sang trọng thoáng mát,\r\ncùng các dịch vụ tiện ích như: Nhà hàng, Karaoke, Phòng ăn VIP, Phòng Họp...\r\nThanh Bình Hotel là một trong những khách sạn lớn nhất Sầm Sơn đạt tiêu chuẩn dịch\r\nvụ 3 SAO, đảm bảo mang đến cho quý khách một kỳ nghỉ thật thú vị và đẳng cấp. </span><span style=\"font-size:16.0pt;line-height:115%;mso-bidi-font-family:&quot;Times New Roman&quot;;\r\ncolor:#333333\">Khách sạn Thanh Bình Gold &nbsp;lần đầu tiên ra mắt thị trường du lịch Sầm Sơn\r\nvới tiêu chí chất lượng dịch vụ đặt lên hàng đầu.Nội thất khách sạn thuộc hàng\r\ncao cấp và mới 100% ra mắt thương hiệu THANH BÌNH GOLD mùa hè năm 2017.</span><span style=\"font-size:16.0pt;line-height:115%;mso-bidi-font-family:&quot;Times New Roman&quot;\"><o:p></o:p></span></p>','Khách sạn Thanh Bình Gold  là một trong những khách sạn có tầm ngắm biển đẹp nhất tại khu nghỉ mát Sầm Sơn Thanh Hóa.THANH BÌNH GOLD HOTEL tọa lạc tại Bãi D – Đường Hồ Xuân Hương – Thành Phố Sầm Sơn – Tỉnh Thanh Hoá. Với quy mô gần 200 phòng nghỉ sang trọng thoáng mát, cùng các dịch vụ tiện ích như: Nhà hàng, Karaoke, Phòng ăn VIP, Phòng Họp... Thanh Bình Hotel là một trong những khách sạn lớn nhất Sầm Sơn đạt tiêu chuẩn dịch vụ 3 SAO, đảm bảo mang đến cho quý khách một kỳ nghỉ thật thú vị và đẳng cấp. Khách sạn Thanh Bình Gold  lần đầu tiên ra mắt thị trường du lịch Sầm Sơn với tiêu chí chất lượng dịch vụ đặt lên hàng đầu.Nội thất khách sạn thuộc hàng cao cấp và mới 100% ra mắt thương hiệu THANH BÌNH GOLD mùa hè năm 2017.','2017-03-25.jpg','admin_58df0fd6549d8'),(37,'Khách Sạn GOLD','Số 2 Tây Sơn, Bắc Sơn, Sầm Sơn, Thanh Hóa',113,4,'2017-04-01 09:56:48','2017-04-01 10:00:03',1,3,2,67,20,1000000,900000,NULL,NULL,'<p class=\"MsoNormal\"><strong><span style=\"font-size: 15pt; line-height: 115%; background: rgb(223, 242, 254);\">Khách sạn GOLD Sầm Sơn\r\nThanh Hóa</span></strong><span style=\"font-size: 15pt; line-height: 115%; background: rgb(223, 242, 254);\">&nbsp;là khách sạn\r\n3 sao tiêu chuẩn quốc tế mới nhất trong thị xã. GOLD HOTEL tọa lạc ngay<span class=\"apple-converted-space\">&nbsp;</span><strong>bãi tắm B</strong>,<span class=\"apple-converted-space\">&nbsp;</span><strong>cách biển 20 mét</strong><span class=\"apple-converted-space\">&nbsp;trên trung tâm “con đường vàng” Tây Sơn (số 3 đường\r\nTây Sơn) trước mặt là sân khấu Trung tâm<span class=\"apple-converted-space\">&nbsp;</span></span></span><span style=\"font-size: 15pt; line-height: 115%;\"><a href=\"https://samson.org.vn/\" target=\"_blank\"><strong><i><span style=\"color: black; background: rgb(223, 242, 254);\">thành phố Sầm Sơn</span></i></strong></a><span style=\"background:#DFF2FE\">. Khách sạn vừa được khánh thành và đi vào hoạt động đón\r\nkhách cuối tháng 5 Hè 2016. </span></span><span style=\"font-size: 15pt; line-height: 115%;\">GOLD HOTEL gồm 76 phòng\r\nnghỉ rộng 25-30m<sup>2</sup>. Tất cả các phòng đều được thiết kế đẹp, đầy đủ\r\ntiện nghi, đủ đáp ứng những tiêu chuẩn cao nhất của khách du lịch theo mùa. Các\r\nphòng VIP đều có tầm nhìn hướng biển tiện cho quý khách chiêm ngưỡng vẻ đẹp\r\ntoàn cảnh của Sầm Sơn mỗi sáng bình minh khoe sắc cùng vẻ đẹp hoàng hôn buông\r\nxuống khi chiều về.</span><span style=\"font-size: 15pt; line-height: 115%; background: rgb(223, 242, 254);\"><o:p></o:p></span></p><p>\r\n\r\n</p><p class=\"MsoNormal\"><span style=\"font-size: 15pt; line-height: 115%;\">Được bình chọn là một trong các&nbsp;<a href=\"https://samson.org.vn/khach-san-sam-son/\"><b><i><span style=\"color: black;\">khách sạn ở Sầm\r\nSơn</span></i></b></a>&nbsp;có vị trí đẹp, nằm ngay trung tâm bãi tắm B, rất\r\ngần với biển</span><span style=\"font-size: 15pt; line-height: 115%; background: rgb(223, 242, 254);\">. </span><span style=\"font-size: 15pt; line-height: 115%;\">Có\r\nphòng họp và phòng hội nghị rộng 600m đầy đủ âm thanh, ánh sáng,có thể phục vụ\r\n300 người, đáp ứng yêu cầu tổ chức Hội nghị, Hội thảo, sinh nhật, kỷ niệm của\r\nQuý khách.</span><span style=\"font-size: 15pt; line-height: 115%; background: rgb(223, 242, 254);\">&nbsp; </span><span style=\"font-size: 15pt; line-height: 115%;\">Khách sạn có phòng Karaoke\r\ntiêu chuẩn dành tặng khách tập thể và gia đình những giây phút thư giãn thú vị.</span><span style=\"font-size: 15pt; line-height: 115%; background: rgb(223, 242, 254);\"> </span><span style=\"font-size: 15pt; line-height: 115%;\">Lắp\r\nđặt thang máy đôi ở các tầng giúp Quý khách di chuyển giữa các tầng thuận tiện.\r\nThang máy đôi hiện đại, bảo dưỡng thường xuyên</span><span style=\"font-size: 15pt; line-height: 115%; background: rgb(223, 242, 254);\">. </span><span style=\"font-size: 15pt; line-height: 115%;\">Bãi đỗ xe ô tô rộng 2000m,\r\nthuận tiện cho du khách khi đến với Sầm Sơn bằng xe ô tô gia đình, công ty…, có\r\nnhân viên bảo vệ trông giữ cẩn thận 24/24h</span><span style=\"font-size: 15pt; line-height: 115%; background: rgb(223, 242, 254);\">. </span><span style=\"font-size: 15pt; line-height: 115%;\">Có tivi màn hình phẳng, truyền hình cáp sẵn\r\nsàng giúp du khách không bỏ lỡ bất kỳ chương trình ca nhạc, thể thao, giải\r\ntrí,… Cùng với đó là các dịch vụ máy fax, máy tính, hệ thống đường truyền\r\nInternet, wifi phục vụ cho quý khách có nhu cầu.</span><span style=\"font-size: 15pt; line-height: 115%; background: rgb(223, 242, 254);\"><o:p></o:p></span></p>','Khách sạn GOLD Sầm Sơn Thanh Hóa là khách sạn 3 sao tiêu chuẩn quốc tế mới nhất trong thị xã. GOLD HOTEL tọa lạc ngay bãi tắm B, cách biển 20 mét trên trung tâm “con đường vàng” Tây Sơn (số 3 đường Tây Sơn) trước mặt là sân khấu Trung tâm thành phố Sầm Sơn. Khách sạn vừa được khánh thành và đi vào hoạt động đón khách cuối tháng 5 Hè 2016. GOLD HOTEL gồm 76 phòng nghỉ rộng 25-30m2. Tất cả các phòng đều được thiết kế đẹp, đầy đủ tiện nghi, đủ đáp ứng những tiêu chuẩn cao nhất của khách du lịch theo mùa. Các phòng VIP đều có tầm nhìn hướng biển tiện cho quý khách chiêm ngưỡng vẻ đẹp toàn cảnh của Sầm Sơn mỗi sáng bình minh khoe sắc cùng vẻ đẹp hoàng hôn buông xuống khi chiều về.\r\nĐược bình chọn là một trong các khách sạn ở Sầm Sơn có vị trí đẹp, nằm ngay trung tâm bãi tắm B, rất gần với biển. Có phòng họp và phòng hội nghị rộng 600m đầy đủ âm thanh, ánh sáng,có thể phục vụ 300 người, đáp ứng yêu cầu tổ chức Hội nghị, Hội thảo, sinh nhật, kỷ niệm của Quý khách.  Khách sạn có phòng Karaoke tiêu chuẩn dành tặng khách tập thể và gia đình những giây phút thư giãn thú vị. Lắp đặt thang máy đôi ở các tầng giúp Quý khách di chuyển giữa các tầng thuận tiện. Thang máy đôi hiện đại, bảo dưỡng thường xuyên. Bãi đỗ xe ô tô rộng 2000m, thuận tiện cho du khách khi đến với Sầm Sơn bằng xe ô tô gia đình, công ty…, có nhân viên bảo vệ trông giữ cẩn thận 24/24h. Có tivi màn hình phẳng, truyền hình cáp sẵn sàng giúp du khách không bỏ lỡ bất kỳ chương trình ca nhạc, thể thao, giải trí,… Cùng với đó là các dịch vụ máy fax, máy tính, hệ thống đường truyền Internet, wifi phục vụ cho quý khách có nhu cầu.','13164431-1716099298644716-6111866776656189845-n.jpg','admin_58df13c3327a6'),(38,'Khách sạn Thái Bình Dương','Số 10 Lê Lai, Bắc Sơn , Sầm Sơn',78,2,'2017-04-01 10:19:39',NULL,1,4,2,85,60,700000,500000,NULL,NULL,'<p class=\"MsoNormal\" style=\"margin-bottom: 0.0001pt; line-height: normal; background-image: initial; background-position: initial; background-size: initial; background-repeat: initial; background-attachment: initial; background-origin: initial; background-clip: initial;\"><i><span style=\"color: rgb(204, 0, 0); background-color: rgb(0, 0, 0);\">Khách sạn Thái Bình Dương</span></i><span style=\"mso-bidi-font-size:\r\n14.0pt;mso-fareast-font-family:&quot;Times New Roman&quot;;mso-bidi-font-family:&quot;Times New Roman&quot;;\r\ncolor:#260A00\">&nbsp;tọa lạc tại số 10 đường Lê Lai , phường Bắc Sơn , thị xã\r\nSầm Sơn Thanh Hóa, là địa điểm hoàn hảo để cảm nhận khung cảnh đầy thơ mộng của\r\nbiển vào lúc sáng sớm hay lúc chiều tà cùng với sự nhộn nhịp, hối hã trên các\r\ncon đường.</span><span style=\"mso-bidi-font-size:14.0pt;font-family:&quot;Arial&quot;,&quot;sans-serif&quot;;\r\nmso-fareast-font-family:&quot;Times New Roman&quot;;color:#260A00\"><o:p></o:p></span></p><p>\r\n\r\n</p><p class=\"MsoNormal\"><span style=\"line-height: 115%; color: rgb(38, 10, 0); background-image: initial; background-position: initial; background-size: initial; background-repeat: initial; background-attachment: initial; background-origin: initial; background-clip: initial;\">Tiện nghi của khách sạn đa dạng có thể đáp ứng\r\nđược mọi nhu cầu nghỉ ngơi, thư giãn của quý khách. Khách sạn đạt tiêu chuẩn Quốc\r\ntế 3 sao tại Biển Sầm Sơn, với quy mô 9 tầng, có thang máy, khách sạn gồm 85\r\nphòng các loại, trong đó có 7 phòng VIP, phòng hội nghị ở tầng 8 được thiết kế\r\ntheo kiến trúc hiện đại, sang trọng, ấm cúng, các phòng trang bị đầy đủ tiện\r\nnghi hiện đại như: tivi màn hình phẳng, bàn ghế, tủ lạnh, máy điều hòa, hệ thống\r\nbình nóng lạnh, wifi miễn phí, truyền hình cáp, nội thất cao cấp, phục vụ ăn\r\nsáng, trà đặt phòng, có cầu thang máy,… để nhằm thỏa mãn cả những vị khách khó\r\ntính nhất.</span><b><i><span style=\"line-height: 115%; color: rgb(204, 0, 0); background-image: initial; background-position: initial; background-size: initial; background-repeat: initial; background-attachment: initial; background-origin: initial; background-clip: initial;\">Khách sạn Thái Bình Dương</span></i></b><span style=\"line-height: 115%; color: rgb(38, 10, 0); background-image: initial; background-position: initial; background-size: initial; background-repeat: initial; background-attachment: initial; background-origin: initial; background-clip: initial;\">&nbsp;là nơi giúp bạn có kỳ nghỉ vui vẻ và đẳng cấp nhất. Là một trong\r\nnhững khách sạn duy nhất tại Sầm Sơn sở hữu 2 bể bơi ở tầng 9 hướng ra đại\r\ndương mênh mông.</span><span style=\"mso-bidi-font-size:14.0pt;line-height:115%\"><o:p></o:p></span></p>','Khách sạn Thái Bình Dương tọa lạc tại số 10 đường Lê Lai , phường Bắc Sơn , thị xã Sầm Sơn Thanh Hóa, là địa điểm hoàn hảo để cảm nhận khung cảnh đầy thơ mộng của biển vào lúc sáng sớm hay lúc chiều tà cùng với sự nhộn nhịp, hối hã trên các con đường.\r\nTiện nghi của khách sạn đa dạng có thể đáp ứng được mọi nhu cầu nghỉ ngơi, thư giãn của quý khách. Khách sạn đạt tiêu chuẩn Quốc tế 3 sao tại Biển Sầm Sơn, với quy mô 9 tầng, có thang máy, khách sạn gồm 85 phòng các loại, trong đó có 7 phòng VIP, phòng hội nghị ở tầng 8 được thiết kế theo kiến trúc hiện đại, sang trọng, ấm cúng, các phòng trang bị đầy đủ tiện nghi hiện đại như: tivi màn hình phẳng, bàn ghế, tủ lạnh, máy điều hòa, hệ thống bình nóng lạnh, wifi miễn phí, truyền hình cáp, nội thất cao cấp, phục vụ ăn sáng, trà đặt phòng, có cầu thang máy,… để nhằm thỏa mãn cả những vị khách khó tính nhất.Khách sạn Thái Bình Dương là nơi giúp bạn có kỳ nghỉ vui vẻ và đẳng cấp nhất. Là một trong những khách sạn duy nhất tại Sầm Sơn sở hữu 2 bể bơi ở tầng 9 hướng ra đại dương mênh mông.','khach-san-dep-sam-son-th-1.jpg','admin_58df1b151fa5e'),(39,'Khách sạn Nhân Đức','Đường Hồ Xuân Hương , Trung Sơn, Sầm Sơn',146,4,'2017-04-01 10:30:02',NULL,1,4,3,100,20,800000,600000,NULL,NULL,'<p class=\"MsoNormal\"><span style=\"font-size:10.5pt;line-height:115%;font-family:\r\n&quot;Arial&quot;,&quot;sans-serif&quot;;color:#444444;background:#F8F8F8\">Nằm ở vị trí trung tâm\r\ntuyến đường Hồ Xuân Hương, thị xã Sầm Sơn, tỉnh Thanh Hóa – con đường đẹp nhất\r\nthị xã. Nhân Đức Hotel được thiết kế hiện đại, thân thiện, theo tiêu chuẩn 3\r\nsao, bao gồm 15 tầng với hơn 100 phòng, trong đó có 20 phòng Đặc biệt\r\n&nbsp;nhìn ra thẳng ra biển &nbsp;– niềm tự hào của người dân Sầm Sơn.&nbsp; Hệ\r\nthống internet tốc độ cao và wifi miễn phí được trang bị trong mỗi phòng và\r\ntoàn bộ khách sạn giúp khách hàng có thể làm việc và giải trí ở bất cứ\r\nđâu.&nbsp; Hệ thống Nhà hàng của khách sạn mang đến cho Quý khách những bữa cơm\r\nngon miệng.&nbsp;Từ khách sạn quý khách có thể ngắm cảnh biển Sầm Sơn với làn\r\nnước trong xanh đến tận chân trời.&nbsp;Cũng từ khách sạn chỉ mất 05 phút xe điện\r\ntừ khách sạn là quý khách đã có thể đền và chiêm ngưỡng khu đô thị mới\r\nFLC.&nbsp;Quý khách sẽ hài lòng về chất lượng phục vụ và có kỳ nghỉ mát vui khỏe,\r\nấn tượng</span><o:p></o:p></p>','Nằm ở vị trí trung tâm tuyến đường Hồ Xuân Hương, thị xã Sầm Sơn, tỉnh Thanh Hóa – con đường đẹp nhất thị xã. Nhân Đức Hotel được thiết kế hiện đại, thân thiện, theo tiêu chuẩn 3 sao, bao gồm 15 tầng với hơn 100 phòng, trong đó có 20 phòng Đặc biệt  nhìn ra thẳng ra biển  – niềm tự hào của người dân Sầm Sơn.  Hệ thống internet tốc độ cao và wifi miễn phí được trang bị trong mỗi phòng và toàn bộ khách sạn giúp khách hàng có thể làm việc và giải trí ở bất cứ đâu.  Hệ thống Nhà hàng của khách sạn mang đến cho Quý khách những bữa cơm ngon miệng. Từ khách sạn quý khách có thể ngắm cảnh biển Sầm Sơn với làn nước trong xanh đến tận chân trời. Cũng từ khách sạn chỉ mất 05 phút xe điện từ khách sạn là quý khách đã có thể đền và chiêm ngưỡng khu đô thị mới FLC. Quý khách sẽ hài lòng về chất lượng phục vụ và có kỳ nghỉ mát vui khỏe, ấn tượng','13680633-1149822951723355-8265064056414837603-n.jpg','admin_58df1cd14065d'),(40,'Khách sạn Crown','Đường Lê Văn Hưu , Bắc Sơn, Sầm Sơn',132,4,'2017-04-01 10:41:17','2017-04-02 20:00:51',1,5,1,40,70,600000,500000,'05:00:00','23:55:00','<p class=\"MsoNormal\" style=\"margin-bottom:7.5pt;line-height:normal\"><b><span style=\"font-size: 15pt;\">Crown hotel</span></b><span style=\"font-size: 15pt;\">&nbsp;là một trong những khách sạn đạt tiêu chuẩn 3 sao mới và\r\nhiện đại bậc nhất trong khu Sầm Sơn , với vị trí cách biển 70m , khách sạn\r\nCrown gồm 40 phòng với nội thất tiện nghi, trong đó có 10 phòng VIP và 30 phòng\r\ntiêu chuẩn .&nbsp;Được đầu tư và đưa vào sử dụng từ tháng 4 /2015&nbsp;&nbsp;Với\r\nquy môt xây dựng 7 tầng tổng số&nbsp; 40 phòng&nbsp; nghỉ, xây dựng theo phong\r\ncách hiện đại, nội thất tiện nghi và đẳng cấp hoàn toàn khác&nbsp;biệt.Với\r\ntrang thiết bị mới&nbsp;100% như : điều hòa, tủ lạnh, nóng lạnh, tivi siêu\r\nmỏng, bồn tắm nằm, tủ&nbsp;đựng&nbsp;đồ, bàn trang&nbsp;điểm, bàn trà,&nbsp;cầu\r\nthang máy, …...<o:p></o:p></span></p><p class=\"MsoNormal\" style=\"line-height:normal\"><span style=\"font-size: 15pt;\">Ngoài ra&nbsp;<b>khách sạn Crown</b>&nbsp;&nbsp;Sầm Sơn&nbsp; còn\r\ncó bãi đỗ xe miễn phí ngay trong khuôn viên của khách sạn, nên quý khách hoàn\r\ntoàn yên tâm&nbsp;chỗ để xe mà ko lo ngại bất kỳ gì về vấn đề an ninh.<o:p></o:p></span></p><p class=\"MsoNormal\" style=\"background-image: initial; background-position: initial; background-size: initial; background-repeat: initial; background-attachment: initial; background-origin: initial; background-clip: initial;\">\r\n\r\n\r\n\r\n</p><p class=\"MsoNormal\" style=\"margin-bottom:7.5pt;line-height:normal\"><span style=\"font-size: 10.5pt; font-family: Helvetica, sans-serif;\">&nbsp;<o:p></o:p></span></p>','Crown hotel là một trong những khách sạn đạt tiêu chuẩn 3 sao mới và hiện đại bậc nhất trong khu Sầm Sơn , với vị trí cách biển 70m , khách sạn Crown gồm 40 phòng với nội thất tiện nghi, trong đó có 10 phòng VIP và 30 phòng tiêu chuẩn . Được đầu tư và đưa vào sử dụng từ tháng 4 /2015  Với quy môt xây dựng 7 tầng tổng số  40 phòng  nghỉ, xây dựng theo phong cách hiện đại, nội thất tiện nghi và đẳng cấp hoàn toàn khác biệt.Với trang thiết bị mới 100% như : điều hòa, tủ lạnh, nóng lạnh, tivi siêu mỏng, bồn tắm nằm, tủ đựng đồ, bàn trang điểm, bàn trà, cầu thang máy, …...\r\nNgoài ra khách sạn Crown  Sầm Sơn  còn có bãi đỗ xe miễn phí ngay trong khuôn viên của khách sạn, nên quý khách hoàn toàn yên tâm chỗ để xe mà ko lo ngại bất kỳ gì về vấn đề an ninh.','khach-san-sam-son-crown1.jpg','admin_58df1ef57afee'),(42,'Khách sạn Hoàng Kim','Đường Tống Duy Tân, Bắc Sơn, Sầm Sơn',179,2,'2017-04-01 14:42:15','2017-04-04 08:50:54',1,4,3,50,50,600000,450000,NULL,NULL,'<p class=\"MsoNormal\" style=\"margin-bottom: 0.0001pt; line-height: normal; background-image: initial; background-position: initial; background-size: initial; background-repeat: initial; background-attachment: initial; background-origin: initial; background-clip: initial;\"><span style=\"font-size: 15pt;\">Khách sạn Hoàng Kim có&nbsp;50 phòng nghỉ với đầy đủ các tiện nghi cao cấp&nbsp;như điều hòa,\r\ntủ lạnh, nóng lạnh, truyền hình cáp, wifi …&nbsp;Trang thiết bị hoàn toàn mới 100%, vừa mới được đầu tư lắp đặt và\r\nbắt đầu đưa vào sử dụng từ tháng 4/2016.<o:p></o:p></span></p><p class=\"MsoNormal\" style=\"margin-bottom: 0.0001pt; line-height: normal; background-image: initial; background-position: initial; background-size: initial; background-repeat: initial; background-attachment: initial; background-origin: initial; background-clip: initial;\"><span style=\"font-size: 15pt;\">Nhà hàng phục vụ tất cả các món đặc sản của vùng đất nơi\r\nđây, được chế biến bởi những đầu bếp chuyên nghiệp, giá cả rất hợp lý, đảm bảo\r\nchất lượng. Đặc biệt, Khách sạn Hoàng Kim Sầm Sơn là khách sạn duy nhất tại Sầm\r\nSơn sử dụng bàn ăn mặt kính dài 1,6m chứ không phải dài 1,4m như thông dụng.\r\nĐiều này giúp Quý khách có thể ngồi thoải mái khi ăn uống thậm chí là kê thêm\r\nghế ngồi cho bé ăn cùng.<o:p></o:p></span></p><p class=\"MsoNormal\" style=\"margin-bottom: 0.0001pt; line-height: normal; background-image: initial; background-position: initial; background-size: initial; background-repeat: initial; background-attachment: initial; background-origin: initial; background-clip: initial;\"><span style=\"font-size: 15pt;\"><o:p>&nbsp;</o:p></span></p><p>\r\n\r\n\r\n\r\n\r\n\r\n</p><p class=\"MsoNormal\" style=\"margin-bottom: 0.0001pt; line-height: normal; background-image: initial; background-position: initial; background-size: initial; background-repeat: initial; background-attachment: initial; background-origin: initial; background-clip: initial;\"><span style=\"font-size: 15pt;\">Sảnh tầng 1 được bố trí làm nơi tiếp đón khách. Đồng thời\r\ncũng được trang bị hệ thống âm thanh, ánh sáng quanh tường nhằm phục vụ cho\r\nnhững bữa tiệc giao lưu, Gala dinner của khách đoàn.Thang máy tải trọng lớn, lắp đặt an toàn giúp cho Quý khách đi lại\r\nnhanh chóng, thuận tiện và an toàn.Khách sạn Hoàng Kim cũng đi đầu trong xu thế\r\nđảm bảo an ninh an toàn cho du khách khi lắp đặt&nbsp;hệ thống camera giám sát ở mỗi tầng. Quý khách có thể hoàn toàn\r\nyên tâm khi nghỉ ngơi tại khách sạn.<o:p></o:p></span></p>','Khách sạn Hoàng Kim có 50 phòng nghỉ với đầy đủ các tiện nghi cao cấp như điều hòa, tủ lạnh, nóng lạnh, truyền hình cáp, wifi … Trang thiết bị hoàn toàn mới 100%, vừa mới được đầu tư lắp đặt và bắt đầu đưa vào sử dụng từ tháng 4/2016.\r\nNhà hàng phục vụ tất cả các món đặc sản của vùng đất nơi đây, được chế biến bởi những đầu bếp chuyên nghiệp, giá cả rất hợp lý, đảm bảo chất lượng. Đặc biệt, Khách sạn Hoàng Kim Sầm Sơn là khách sạn duy nhất tại Sầm Sơn sử dụng bàn ăn mặt kính dài 1,6m chứ không phải dài 1,4m như thông dụng. Điều này giúp Quý khách có thể ngồi thoải mái khi ăn uống thậm chí là kê thêm ghế ngồi cho bé ăn cùng.\r\n\r\nSảnh tầng 1 được bố trí làm nơi tiếp đón khách. Đồng thời cũng được trang bị hệ thống âm thanh, ánh sáng quanh tường nhằm phục vụ cho những bữa tiệc giao lưu, Gala dinner của khách đoàn.Thang máy tải trọng lớn, lắp đặt an toàn giúp cho Quý khách đi lại nhanh chóng, thuận tiện và an toàn.Khách sạn Hoàng Kim cũng đi đầu trong xu thế đảm bảo an ninh an toàn cho du khách khi lắp đặt hệ thống camera giám sát ở mỗi tầng. Quý khách có thể hoàn toàn yên tâm khi nghỉ ngơi tại khách sạn.','dsc-0015.jpg','admin_58df595c3ed10'),(43,'Vạn chài','Quảng Cư, Sầm Sơn , Thanh Hoá, Thanh Hóa',8,5,'2017-04-03 08:37:28','2017-04-03 08:49:26',1,20,6,70,10,1600000,1599000,'05:00:00','23:59:00','<p style=\"color: rgb(1, 84, 126); font-family: Arial; font-size: 12px;\">Khu nghỉ bao gồm 70 phòng rộng rãi gồm cả phòng suite và family suite (42 phòng là loại phòng villa). Các phòng được thiết kế bằng tường gạch đỏ, nội thất bằng tre và đất nung, giường ngủ rộng rãi tạo cảm giác tận hưởng, trang trí bằng đồ thủ công mỹ nghệ, vòi tắm gương sen ngoài trời.</p><p style=\"color: rgb(1, 84, 126); font-family: Arial; font-size: 12px;\">Tất cả các phòng đều có ban công nhìn ra hướng biển cùng đầy đủ tiện nghi phục vụ công tác và giải trí. Tiện nghi của khách sạn bao gồm bể bơi lớn, sân tennis, phòng họp với sức chứa 250 chỗ, một nhà hàng và bar cùng các dịch vụ spa và du ngoạn.</p>','Khu nghỉ bao gồm 70 phòng rộng rãi gồm cả phòng suite và family suite (42 phòng là loại phòng villa). Các phòng được thiết kế bằng tường gạch đỏ, nội thất bằng tre và đất nung, giường ngủ rộng rãi tạo cảm giác tận hưởng, trang trí bằng đồ thủ công mỹ nghệ, vòi tắm gương sen ngoài trời.\r\n\r\nTất cả các phòng đều có ban công nhìn ra hướng biển cùng đầy đủ tiện nghi phục vụ công tác và giải trí. Tiện nghi của khách sạn bao gồm bể bơi lớn, sân tennis, phòng họp với sức chứa 250 chỗ, một nhà hàng và bar cùng các dịch vụ spa và du ngoạn.','vanchai4.jpg','admin_58e1a6c4983ea'),(44,'Ngọc trai 08','flc sầm sơn',80,8,'2017-04-03 09:00:24','2017-04-03 13:36:37',1,20,5,6,30,1500000,1490000,'05:00:00','23:00:00','<p style=\"margin-bottom: 6px; font-family: Helvetica, Arial, sans-serif; color: rgb(29, 33, 41);\">Đi du lịch Sầm Sơn tại sao lại không chọn nghỉ ngơi tại BIỆT THỰ NGỌC TRAI trong khu nghỉ dưỡng của FLC nhỉ?&nbsp;<br>&nbsp;Biệt thự cao cấp 5 sao, sang trọng, tiện nghi.<br>&nbsp;Ăn uống tự do, thoải mái.<br>Không gian thoáng mát, lịch sự.<br>&nbsp;Dịch vụ chu đáo, tận tình</p><div class=\"text_exposed_show\" style=\"display: inline;\"><p style=\"color: rgb(29, 33, 41); font-family: inherit; margin-bottom: 6px;\">&nbsp;Giá phòng:<br>+ Đầu tuần: 1.500.000đ/phòng.<br>+ Cuối tuần: 2.000.000đ - 2.500.000đ/phòng.</p><p style=\"color: rgb(29, 33, 41); font-family: inherit; margin-top: 6px; margin-bottom: 6px;\">&nbsp;Còn chần chừ gì nữa, liên hệ ngay với chúng tôi để tận hưởng kì nghỉ thú vị và hoàn hảo nhất.</p><p style=\"margin-top: 6px; margin-bottom: 6px;\"><br></p></div>','Đi du lịch Sầm Sơn tại sao lại không chọn nghỉ ngơi tại BIỆT THỰ NGỌC TRAI trong khu nghỉ dưỡng của FLC nhỉ? \r\n Biệt thự cao cấp 5 sao, sang trọng, tiện nghi.\r\n Ăn uống tự do, thoải mái.\r\nKhông gian thoáng mát, lịch sự.\r\n Dịch vụ chu đáo, tận tình\r\n Giá phòng:\r\n+ Đầu tuần: 1.500.000đ/phòng.\r\n+ Cuối tuần: 2.000.000đ - 2.500.000đ/phòng.\r\n Còn chần chừ gì nữa, liên hệ ngay với chúng tôi để tận hưởng kì nghỉ thú vị và hoàn hảo nhất.','ngoc-trai-083.jpg','admin_58e1ac1e8e39d'),(45,'Khách Sạn Châu bình','Số 09, Đường Hồ Xuân Hương, Phường Trường Sơn, Thị xã Sầm Sơn',167,1,'2017-04-03 14:24:23','2017-04-03 22:50:47',1,NULL,1,31,50,400000,399000,'05:00:00','23:00:00','<p class=\"MsoNormal\" style=\"margin-bottom:0cm;margin-bottom:.0001pt;text-align:\r\njustify;line-height:normal;background:#F5F4F0\"><span style=\"font-size:9.0pt;\r\nfont-family:&quot;Arial&quot;,&quot;sans-serif&quot;;mso-fareast-font-family:&quot;Times New Roman&quot;;\r\ncolor:#4E4E4E\">&nbsp;<o:p></o:p></span></p><p>\r\n\r\n</p><p class=\"MsoNormal\"><span style=\"font-size:9.0pt;line-height:115%;font-family:\r\n&quot;Arial&quot;,&quot;sans-serif&quot;;mso-fareast-font-family:&quot;Times New Roman&quot;;color:#4E4E4E;\r\nbackground:#F5F4F0\">+ Khách sạn&nbsp;Châu&nbsp;Bình&nbsp;có 5 tầng với 31 phòng\r\nkhép kín rộng rãi, thoáng mát hướng ra biển</span><span style=\"font-size:9.0pt;\r\nline-height:115%;font-family:&quot;Arial&quot;,&quot;sans-serif&quot;;mso-fareast-font-family:&quot;Times New Roman&quot;;\r\ncolor:#4E4E4E\"><br>\r\n<span style=\"background:#F5F4F0\">+&nbsp;Diện tích Phòng ăn lớn, có sức chứa lên\r\nđến 350 người với mức ăn tối thiểu là 120.000đ/suất và đặt theo nhu cầu của\r\nkhách.</span><br>\r\n<span style=\"background:#F5F4F0\">+&nbsp;Châu Bình Hotel có thể đáp ứng\r\ncho&nbsp;120 khách du lịch cả nhu cầu ngủ nghỉ lẫn ăn uống với mức giá hợp\r\nlý&nbsp;</span><br>\r\n<span style=\"background:#F5F4F0\">+&nbsp;Tự tin&nbsp;với địa thế đẹp Khách sạn\r\nChâu Bình Sầm Sơn chắc chắn sẽ mang đến cho quý khách cảm giác thoải mái. Khách\r\nsạn Châu Bình Sầm +&nbsp;Sơn tự hào sẽ là&nbsp;một trong những điểm dừng chân\r\nlý tưởng của bạn khi đến du lịch Sầm Sơn.</span><br>\r\n<span style=\"background:#F5F4F0\">+&nbsp;Đội ngũ nhân viên thân thiện làm hài\r\nlòng mọi khách du lịch khó tính nhất</span><br>\r\n<span style=\"background:#F5F4F0\">+&nbsp;Phòng nhỏ với diện tích 18m2, phòng lớn\r\nvới diện tích hơn&nbsp;20m2 cho quý khách một không gian thoáng rộng, và rất\r\nsạch sẽ</span><br>\r\n<span style=\"background:#F5F4F0\">+&nbsp;Bên trong mỗi phòng đều được trang bị\r\nđầy đủ các tiện nghi như: Tủ lạnh, điều hòa, truyền hình cáp, bình nóng lạnh…</span><br>\r\n<span style=\"background:#F5F4F0\">+&nbsp;Hệ thống Wifi mạng FPT cáp quang 2 râu\r\nhiện đại</span><br>\r\n<span style=\"background:#F5F4F0\">+&nbsp;Dịch vụ Karaoke, giao lưu văn nghệ\r\nngoài trời</span><br>\r\n<span style=\"background:#F5F4F0\">+&nbsp;Phòng ốc được xây dựng mới 100%, đảm\r\nbảo an toàn tuyệt đối</span><br>\r\n<span style=\"background:#F5F4F0\">+&nbsp;Có tivi màn hình phẳng, truyền hình cáp\r\nsẵn sàng giúp du khách không bỏ lỡ bất kỳ chương trình ca nhạc, thể thao, giải\r\ntrí,…</span><br>\r\n<span style=\"background:#F5F4F0\">+&nbsp;Nhà vệ sinh có đầy đủ bình nóng lạnh,\r\nvòi hoa sen, bồn tắm sạch sẽ, thoáng mát</span><br>\r\n<span style=\"background:#F5F4F0\">+&nbsp;Ban công các phòng có thể nhìn thấy\r\ncảnh biển&nbsp;</span></span><o:p></o:p></p>','+ Khách sạn Châu Bình có 5 tầng với 31 phòng khép kín rộng rãi, thoáng mát hướng ra biển\r\n+ Diện tích Phòng ăn lớn, có sức chứa lên đến 350 người với mức ăn tối thiểu là 120.000đ/suất và đặt theo nhu cầu của khách.\r\n+ Châu Bình Hotel có thể đáp ứng cho 120 khách du lịch cả nhu cầu ngủ nghỉ lẫn ăn uống với mức giá hợp lý \r\n+ Tự tin với địa thế đẹp Khách sạn Châu Bình Sầm Sơn chắc chắn sẽ mang đến cho quý khách cảm giác thoải mái. Khách sạn Châu Bình Sầm + Sơn tự hào sẽ là một trong những điểm dừng chân lý tưởng của bạn khi đến du lịch Sầm Sơn.\r\n+ Đội ngũ nhân viên thân thiện làm hài lòng mọi khách du lịch khó tính nhất\r\n+ Phòng nhỏ với diện tích 18m2, phòng lớn với diện tích hơn 20m2 cho quý khách một không gian thoáng rộng, và rất sạch sẽ\r\n+ Bên trong mỗi phòng đều được trang bị đầy đủ các tiện nghi như: Tủ lạnh, điều hòa, truyền hình cáp, bình nóng lạnh…\r\n+ Hệ thống Wifi mạng FPT cáp quang 2 râu hiện đại\r\n+ Dịch vụ Karaoke, giao lưu văn nghệ ngoài trời\r\n+ Phòng ốc được xây dựng mới 100%, đảm bảo an toàn tuyệt đối\r\n+ Có tivi màn hình phẳng, truyền hình cáp sẵn sàng giúp du khách không bỏ lỡ bất kỳ chương trình ca nhạc, thể thao, giải trí,…\r\n+ Nhà vệ sinh có đầy đủ bình nóng lạnh, vòi hoa sen, bồn tắm sạch sẽ, thoáng mát\r\n+ Ban công các phòng có thể nhìn thấy cảnh biển','timthumb.png','admin_58e1f7cfce82f'),(46,'Khách Sạn Đức Thuận','Số 24 – Đường Thanh Niên – Phường Trường Sơn – TX. Sầm Sơn Giám đốc: Trương Bá Thắng',8,4,'2017-04-03 14:31:33','2017-04-03 14:33:25',1,20,1,45,50,400000,399000,'05:00:00','23:00:00','<p class=\"MsoNormal\" style=\"margin-bottom:0cm;margin-bottom:.0001pt;text-align:\r\njustify;line-height:normal;background:#F5F4F0\"><b><span style=\"font-size:10.5pt;\r\nfont-family:&quot;Arial&quot;,&quot;sans-serif&quot;;mso-fareast-font-family:&quot;Times New Roman&quot;;\r\ncolor:red\">Khách sạn Đức Thuận tọa lạc ngay tại vị trí trung tâm Sầm Sơn với</span></b><span style=\"font-size:9.0pt;font-family:&quot;Arial&quot;,&quot;sans-serif&quot;;mso-fareast-font-family:\r\n&quot;Times New Roman&quot;;color:#4E4E4E\"><o:p></o:p></span></p><p class=\"MsoNormal\" style=\"margin-bottom:0cm;margin-bottom:.0001pt;text-align:\r\njustify;line-height:normal;background:#F5F4F0\"><span style=\"font-size:9.0pt;\r\nfont-family:&quot;Arial&quot;,&quot;sans-serif&quot;;mso-fareast-font-family:&quot;Times New Roman&quot;;\r\ncolor:#4E4E4E\">&nbsp;<o:p></o:p></span></p><p class=\"MsoNormal\" style=\"margin-bottom:0cm;margin-bottom:.0001pt;text-align:\r\njustify;line-height:normal;background:#F5F4F0\"><span style=\"font-size:9.0pt;\r\nfont-family:&quot;Arial&quot;,&quot;sans-serif&quot;;mso-fareast-font-family:&quot;Times New Roman&quot;;\r\ncolor:#4E4E4E\">&nbsp;<o:p></o:p></span></p><p class=\"MsoNormal\" style=\"margin-bottom:0cm;margin-bottom:.0001pt;text-align:\r\njustify;line-height:normal;background:#F5F4F0\"><span style=\"font-size:9.0pt;\r\nfont-family:&quot;Arial&quot;,&quot;sans-serif&quot;;mso-fareast-font-family:&quot;Times New Roman&quot;;\r\ncolor:#4E4E4E\">- 45 phòng, diện tích từ 25 đến 30m 2 , (cho từ 4-6 khách hoặc\r\nnhiều hơn theo yêu cầu của<o:p></o:p></span></p><p class=\"MsoNormal\" style=\"margin-bottom:0cm;margin-bottom:.0001pt;text-align:\r\njustify;line-height:normal;background:#F5F4F0\"><span style=\"font-size:9.0pt;\r\nfont-family:&quot;Arial&quot;,&quot;sans-serif&quot;;mso-fareast-font-family:&quot;Times New Roman&quot;;\r\ncolor:#4E4E4E\">&nbsp;<o:p></o:p></span></p><p class=\"MsoNormal\" style=\"margin-bottom:0cm;margin-bottom:.0001pt;text-align:\r\njustify;line-height:normal;background:#F5F4F0\"><span style=\"font-size:9.0pt;\r\nfont-family:&quot;Arial&quot;,&quot;sans-serif&quot;;mso-fareast-font-family:&quot;Times New Roman&quot;;\r\ncolor:#4E4E4E\">khách) được đầu tư xây mới năm 2016 theo tiêu chuẩn 3 sao, với\r\ntrang thiết bị hiện đại,<o:p></o:p></span></p><p class=\"MsoNormal\" style=\"margin-bottom:0cm;margin-bottom:.0001pt;text-align:\r\njustify;line-height:normal;background:#F5F4F0\"><span style=\"font-size:9.0pt;\r\nfont-family:&quot;Arial&quot;,&quot;sans-serif&quot;;mso-fareast-font-family:&quot;Times New Roman&quot;;\r\ncolor:#4E4E4E\">&nbsp;<o:p></o:p></span></p><p class=\"MsoNormal\" style=\"margin-bottom:0cm;margin-bottom:.0001pt;text-align:\r\njustify;line-height:normal;background:#F5F4F0\"><span style=\"font-size:9.0pt;\r\nfont-family:&quot;Arial&quot;,&quot;sans-serif&quot;;mso-fareast-font-family:&quot;Times New Roman&quot;;\r\ncolor:#4E4E4E\">các phòng nghỉ có hướng nhìn ra biển tạo nên sự thích thú lãng\r\nmạn tới du khách;<o:p></o:p></span></p><p class=\"MsoNormal\" style=\"margin-bottom:0cm;margin-bottom:.0001pt;text-align:\r\njustify;line-height:normal;background:#F5F4F0\"><span style=\"font-size:9.0pt;\r\nfont-family:&quot;Arial&quot;,&quot;sans-serif&quot;;mso-fareast-font-family:&quot;Times New Roman&quot;;\r\ncolor:#4E4E4E\">&nbsp;<o:p></o:p></span></p><p class=\"MsoNormal\" style=\"margin-bottom:0cm;margin-bottom:.0001pt;text-align:\r\njustify;line-height:normal;background:#F5F4F0\"><span style=\"font-size:9.0pt;\r\nfont-family:&quot;Arial&quot;,&quot;sans-serif&quot;;mso-fareast-font-family:&quot;Times New Roman&quot;;\r\ncolor:#4E4E4E\">- Cầu thang máy 6 tầng với tải trọng 750kg cho phép 12 người di\r\nchuyển 1 lần.<o:p></o:p></span></p><p class=\"MsoNormal\" style=\"margin-bottom:0cm;margin-bottom:.0001pt;text-align:\r\njustify;line-height:normal;background:#F5F4F0\"><span style=\"font-size:9.0pt;\r\nfont-family:&quot;Arial&quot;,&quot;sans-serif&quot;;mso-fareast-font-family:&quot;Times New Roman&quot;;\r\ncolor:#4E4E4E\">&nbsp;<o:p></o:p></span></p><p class=\"MsoNormal\" style=\"margin-bottom:0cm;margin-bottom:.0001pt;text-align:\r\njustify;line-height:normal;background:#F5F4F0\"><span style=\"font-size:9.0pt;\r\nfont-family:&quot;Arial&quot;,&quot;sans-serif&quot;;mso-fareast-font-family:&quot;Times New Roman&quot;;\r\ncolor:#4E4E4E\">- Wifi cáp quang tốc độ cao được trang bị cho từng tầng riêng\r\nbiệt.<o:p></o:p></span></p><p class=\"MsoNormal\" style=\"margin-bottom:0cm;margin-bottom:.0001pt;text-align:\r\njustify;line-height:normal;background:#F5F4F0\"><span style=\"font-size:9.0pt;\r\nfont-family:&quot;Arial&quot;,&quot;sans-serif&quot;;mso-fareast-font-family:&quot;Times New Roman&quot;;\r\ncolor:#4E4E4E\">&nbsp;<o:p></o:p></span></p><p class=\"MsoNormal\" style=\"margin-bottom:0cm;margin-bottom:.0001pt;text-align:\r\njustify;line-height:normal;background:#F5F4F0\"><span style=\"font-size:9.0pt;\r\nfont-family:&quot;Arial&quot;,&quot;sans-serif&quot;;mso-fareast-font-family:&quot;Times New Roman&quot;;\r\ncolor:#4E4E4E\">- Nhà hàng được trang bị phòng ăn lạnh, với dàn điều hòa công\r\nsuất 200 000 BTU đảm<o:p></o:p></span></p><p class=\"MsoNormal\" style=\"margin-bottom:0cm;margin-bottom:.0001pt;text-align:\r\njustify;line-height:normal;background:#F5F4F0\"><span style=\"font-size:9.0pt;\r\nfont-family:&quot;Arial&quot;,&quot;sans-serif&quot;;mso-fareast-font-family:&quot;Times New Roman&quot;;\r\ncolor:#4E4E4E\">&nbsp;<o:p></o:p></span></p><p class=\"MsoNormal\" style=\"margin-bottom:0cm;margin-bottom:.0001pt;text-align:\r\njustify;line-height:normal;background:#F5F4F0\"><span style=\"font-size:9.0pt;\r\nfont-family:&quot;Arial&quot;,&quot;sans-serif&quot;;mso-fareast-font-family:&quot;Times New Roman&quot;;\r\ncolor:#4E4E4E\">bảo cho bữa cơm của khách hàng luôn mát lạnh trong thời tiết oi\r\nbức của mùa hè. Nhà<o:p></o:p></span></p><p class=\"MsoNormal\" style=\"margin-bottom:0cm;margin-bottom:.0001pt;text-align:\r\njustify;line-height:normal;background:#F5F4F0\"><span style=\"font-size:9.0pt;\r\nfont-family:&quot;Arial&quot;,&quot;sans-serif&quot;;mso-fareast-font-family:&quot;Times New Roman&quot;;\r\ncolor:#4E4E4E\">&nbsp;<o:p></o:p></span></p><p class=\"MsoNormal\" style=\"margin-bottom:0cm;margin-bottom:.0001pt;text-align:\r\njustify;line-height:normal;background:#F5F4F0\"><span style=\"font-size:9.0pt;\r\nfont-family:&quot;Arial&quot;,&quot;sans-serif&quot;;mso-fareast-font-family:&quot;Times New Roman&quot;;\r\ncolor:#4E4E4E\">hàng luôn phục vụ những món hải sản tươi sống như: Tôm hùm\r\n(Lobster), tôm, cua,<o:p></o:p></span></p><p class=\"MsoNormal\" style=\"margin-bottom:0cm;margin-bottom:.0001pt;text-align:\r\njustify;line-height:normal;background:#F5F4F0\"><span style=\"font-size:9.0pt;\r\nfont-family:&quot;Arial&quot;,&quot;sans-serif&quot;;mso-fareast-font-family:&quot;Times New Roman&quot;;\r\ncolor:#4E4E4E\">&nbsp;<o:p></o:p></span></p><p class=\"MsoNormal\" style=\"margin-bottom:0cm;margin-bottom:.0001pt;text-align:\r\njustify;line-height:normal;background:#F5F4F0\"><span style=\"font-size:9.0pt;\r\nfont-family:&quot;Arial&quot;,&quot;sans-serif&quot;;mso-fareast-font-family:&quot;Times New Roman&quot;;\r\ncolor:#4E4E4E\">ghẹ, cá, mực tươi được đánh bắt ngay từ biển lên để phục vụ Quý\r\nkhách hàng.<o:p></o:p></span></p><p class=\"MsoNormal\" style=\"margin-bottom:0cm;margin-bottom:.0001pt;text-align:\r\njustify;line-height:normal;background:#F5F4F0\"><span style=\"font-size:9.0pt;\r\nfont-family:&quot;Arial&quot;,&quot;sans-serif&quot;;mso-fareast-font-family:&quot;Times New Roman&quot;;\r\ncolor:#4E4E4E\">&nbsp;<o:p></o:p></span></p><p class=\"MsoNormal\" style=\"margin-bottom:0cm;margin-bottom:.0001pt;text-align:\r\njustify;line-height:normal;background:#F5F4F0\"><span style=\"font-size:9.0pt;\r\nfont-family:&quot;Arial&quot;,&quot;sans-serif&quot;;mso-fareast-font-family:&quot;Times New Roman&quot;;\r\ncolor:#4E4E4E\">Đặc biệt Khách sạn Đức Thuận sở hữu hệ thống khách sạn liên kết\r\nlên tới 1500 phòng, đảm<o:p></o:p></span></p><p class=\"MsoNormal\" style=\"margin-bottom:0cm;margin-bottom:.0001pt;text-align:\r\njustify;line-height:normal;background:#F5F4F0\"><span style=\"font-size:9.0pt;\r\nfont-family:&quot;Arial&quot;,&quot;sans-serif&quot;;mso-fareast-font-family:&quot;Times New Roman&quot;;\r\ncolor:#4E4E4E\">&nbsp;<o:p></o:p></span></p><p class=\"MsoNormal\" style=\"margin-bottom:0cm;margin-bottom:.0001pt;text-align:\r\njustify;line-height:normal;background:#F5F4F0\"><span style=\"font-size:9.0pt;\r\nfont-family:&quot;Arial&quot;,&quot;sans-serif&quot;;mso-fareast-font-family:&quot;Times New Roman&quot;;\r\ncolor:#4E4E4E\">bảo cho quý khách hàng không bị nhỡ phòng vào các dịp cao điểm\r\nnhư các ngày nghỉ cuối tuần, các<o:p></o:p></span></p><p class=\"MsoNormal\" style=\"margin-bottom:0cm;margin-bottom:.0001pt;text-align:\r\njustify;line-height:normal;background:#F5F4F0\"><span style=\"font-size:9.0pt;\r\nfont-family:&quot;Arial&quot;,&quot;sans-serif&quot;;mso-fareast-font-family:&quot;Times New Roman&quot;;\r\ncolor:#4E4E4E\">&nbsp;<o:p></o:p></span></p><p class=\"MsoNormal\" style=\"margin-bottom:0cm;margin-bottom:.0001pt;text-align:\r\njustify;line-height:normal;background:#F5F4F0\"><span style=\"font-size:9.0pt;\r\nfont-family:&quot;Arial&quot;,&quot;sans-serif&quot;;mso-fareast-font-family:&quot;Times New Roman&quot;;\r\ncolor:#4E4E4E\">ngày nghỉ lễ.<o:p></o:p></span></p><p class=\"MsoNormal\" style=\"margin-bottom:0cm;margin-bottom:.0001pt;text-align:\r\njustify;line-height:normal;background:#F5F4F0\"><span style=\"font-size:9.0pt;\r\nfont-family:&quot;Arial&quot;,&quot;sans-serif&quot;;mso-fareast-font-family:&quot;Times New Roman&quot;;\r\ncolor:#4E4E4E\">&nbsp;<o:p></o:p></span></p><p>\r\n\r\n\r\n\r\n\r\n\r\n\r\n\r\n\r\n\r\n\r\n\r\n\r\n\r\n\r\n\r\n\r\n\r\n\r\n\r\n\r\n\r\n\r\n\r\n\r\n\r\n\r\n\r\n\r\n\r\n\r\n\r\n\r\n\r\n\r\n\r\n\r\n\r\n\r\n\r\n\r\n\r\n\r\n\r\n\r\n\r\n\r\n\r\n\r\n\r\n\r\n\r\n\r\n\r\n</p><p class=\"MsoNormal\" style=\"margin-bottom:0cm;margin-bottom:.0001pt;text-align:\r\njustify;line-height:normal;background:#F5F4F0\"><span style=\"font-size:9.0pt;\r\nfont-family:&quot;Arial&quot;,&quot;sans-serif&quot;;mso-fareast-font-family:&quot;Times New Roman&quot;;\r\ncolor:#4E4E4E\">Khách sạn có xe ô tô điện đưa đón khách đi tắm biển miễn phí<o:p></o:p></span></p>','Khách sạn Đức Thuận tọa lạc ngay tại vị trí trung tâm Sầm Sơn với\r\n \r\n \r\n- 45 phòng, diện tích từ 25 đến 30m 2 , (cho từ 4-6 khách hoặc nhiều hơn theo yêu cầu của\r\n \r\nkhách) được đầu tư xây mới năm 2016 theo tiêu chuẩn 3 sao, với trang thiết bị hiện đại,\r\n \r\ncác phòng nghỉ có hướng nhìn ra biển tạo nên sự thích thú lãng mạn tới du khách;\r\n \r\n- Cầu thang máy 6 tầng với tải trọng 750kg cho phép 12 người di chuyển 1 lần.\r\n \r\n- Wifi cáp quang tốc độ cao được trang bị cho từng tầng riêng biệt.\r\n \r\n- Nhà hàng được trang bị phòng ăn lạnh, với dàn điều hòa công suất 200 000 BTU đảm\r\n \r\nbảo cho bữa cơm của khách hàng luôn mát lạnh trong thời tiết oi bức của mùa hè. Nhà\r\n \r\nhàng luôn phục vụ những món hải sản tươi sống như: Tôm hùm (Lobster), tôm, cua,\r\n \r\nghẹ, cá, mực tươi được đánh bắt ngay từ biển lên để phục vụ Quý khách hàng.\r\n \r\nĐặc biệt Khách sạn Đức Thuận sở hữu hệ thống khách sạn liên kết lên tới 1500 phòng, đảm\r\n \r\nbảo cho quý khách hàng không bị nhỡ phòng vào các dịp cao điểm như các ngày nghỉ cuối tuần, các\r\n \r\nngày nghỉ lễ.\r\n \r\nKhách sạn có xe ô tô điện đưa đón khách đi tắm biển miễn phí',NULL,'admin_58e1f9d2b5edc'),(47,'KS Mai Hà','Số 30 - Đường Thanh Niên - P. Trường Sơn - TP Sầm Sơn - Thanh Hóa',8,2,'2017-04-03 20:49:05','2017-04-03 22:44:10',1,20,1,42,10,400000,399000,'05:00:00','23:59:00','<p style=\"font-family: Roboto, sans-serif; font-size: 13px;\"><span style=\"font-size: 18px;\">Khách sạn Mai Hà Sầm Sơn nằm trên đường Thanh Niên thuộc bãi tắm A, được xây dựng với quy mô 7 tầng gồm 42 phòng nghỉ khép kín. Mỗi phòng đều được trang bị đầy đủ tiện nghi: giường đôi, bàn ghế uống nước, tủ đựng quần áo, tivi, điều hòa, truyền kình cáp,…</span></p><p style=\"font-family: Roboto, sans-serif; font-size: 13px;\"><span style=\"font-size: 18px;\">Phòng ăn của khách sạn rộng rãi, thoáng mát có thể phục vụ cùng lúc 200 khách với giá cả hợp lý, phục vụ tận tình và chu đáo</span></p><p style=\"font-family: Roboto, sans-serif; font-size: 13px;\"><span style=\"font-size: 18px;\">Khách sạn có thang máy phục vụ quý khách đi lại</span></p><p style=\"font-family: Roboto, sans-serif; font-size: 13px;\"><span style=\"font-size: 18px;\">Đến với Khách sạn Mai Hà Sầm Sơn, quý khách hoàn toàn có thể yên tâm về giá cả cũng như chất lượng dịch vụ. Hãy đến với chúng tôi để có một kỳ nghỉ lý tưởng cho gia đình bạn</span></p>','Khách sạn Mai Hà Sầm Sơn nằm trên đường Thanh Niên thuộc bãi tắm A, được xây dựng với quy mô 7 tầng gồm 42 phòng nghỉ khép kín. Mỗi phòng đều được trang bị đầy đủ tiện nghi: giường đôi, bàn ghế uống nước, tủ đựng quần áo, tivi, điều hòa, truyền kình cáp,…\r\n\r\nPhòng ăn của khách sạn rộng rãi, thoáng mát có thể phục vụ cùng lúc 200 khách với giá cả hợp lý, phục vụ tận tình và chu đáo\r\n\r\nKhách sạn có thang máy phục vụ quý khách đi lại\r\n\r\nĐến với Khách sạn Mai Hà Sầm Sơn, quý khách hoàn toàn có thể yên tâm về giá cả cũng như chất lượng dịch vụ. Hãy đến với chúng tôi để có một kỳ nghỉ lý tưởng cho gia đình bạn','efk1429091080-khach-san-ha-mai1.jpg','admin_58e24e55e3649'),(48,'KS Thanh Hà','Số 40 – Đường Tống Duy Tân – Phường Bắc Sơn – Thị xã Sầm Sơn – Tỉnh Thanh Hóa',8,2,'2017-04-03 21:23:35','2017-04-03 22:45:47',1,NULL,2,25,20,500000,499000,'05:00:00','23:59:00','<ul style=\"padding-left: 20px; color: rgb(68, 68, 68); font-family: Arial, Helvetica, sans-serif; font-size: 13px;\"><li>Khách sạn Thanh Hà được thiết kế với lối kiến trúc với, có 6 tầng với hơn 25 phòng nghỉ rộng rãi, thoáng mát đảm bảo vệ sinh khi Quý khách nghỉ dưỡng tại đây</li><li>Các phòng nghỉ tại đây được trang bị đầy đủ tiện nghi như: tủ đồ ăn uống nhẹ, tủ lạnh, điều hòa, ti vi màn hình phẳng 24 inch, bình tắm nóng lạnh, tủ đựng quần áo, giường, chăn, ga, gối đệm,..</li><li>Phòng ăn tập thể ngay tại sảnh tầng 1 có thể phục vụ lên tới 200 khách du lịch, đảm bảo những món ăn hải sản biển tươi sống và được chế biến bởi những đầu bếp hàng đầu tại Sầm Sơn</li><li>Có chỗ để xe rộng dành cho các loại xe từ 4 đến 16 chỗ, ngoài ra nếu xe lớn khách sạn hoàn toàn bố trí nơi gửi xe an toàn tuyệt đối cho khách nghỉ dưỡng của chúng tôi</li><li>Xe điện đưa đón Du khách đi hóng mát, du lịch quanh thị xã, mua quà lưu niệm và quà là những món ăn hải sản ngon nhất</li></ul>','Khách sạn Thanh Hà được thiết kế với lối kiến trúc với, có 6 tầng với hơn 25 phòng nghỉ rộng rãi, thoáng mát đảm bảo vệ sinh khi Quý khách nghỉ dưỡng tại đây\r\nCác phòng nghỉ tại đây được trang bị đầy đủ tiện nghi như: tủ đồ ăn uống nhẹ, tủ lạnh, điều hòa, ti vi màn hình phẳng 24 inch, bình tắm nóng lạnh, tủ đựng quần áo, giường, chăn, ga, gối đệm,..\r\nPhòng ăn tập thể ngay tại sảnh tầng 1 có thể phục vụ lên tới 200 khách du lịch, đảm bảo những món ăn hải sản biển tươi sống và được chế biến bởi những đầu bếp hàng đầu tại Sầm Sơn\r\nCó chỗ để xe rộng dành cho các loại xe từ 4 đến 16 chỗ, ngoài ra nếu xe lớn khách sạn hoàn toàn bố trí nơi gửi xe an toàn tuyệt đối cho khách nghỉ dưỡng của chúng tôi\r\nXe điện đưa đón Du khách đi hóng mát, du lịch quanh thị xã, mua quà lưu niệm và quà là những món ăn hải sản ngon nhất',NULL,'admin_58e253b446b35'),(49,'Khách sạn Dragon Sea','Số 43 Đ. Hồ Xuân Hương, P. Trường Sơn, TX. Sầm Sơn',23,5,'2017-04-04 07:36:16','2017-04-04 09:33:28',1,4,1,100,20,1500000,1200000,NULL,NULL,'<p>Dragon Sea là một trong những khách sạn tiêu chuẩn 4 sao có tiếng tại Sầm Sơn. Từ ngoài nhìn vào trong, du khách sẽ thấy được sự đồng nhất trong lối thiết kế, đơn giản, hiện đại, sang trọng mà vẫn đậm đà màu sắc truyền thống.Với mong muốn mang đến sự thoải mái và thư giãn cho du khách, Dragon Sea rất chú trọng trong việc lựa chọn từng chi tiết trong mỗi căn phòng, đặc biệt là độ êm của giường và sự trong lành tỏa ra từ không khí miền biển sẽ tạo nên những dấu ấn khó quên trong lòng mỗi du khách.</p><p><br></p><p>Đặc biệt, từ mỗi căn phòng, bạn đều có thể dễ dàng quan sát toàn cảnh không gian xung quanh qua khung cửa kính trong suốt. Chỉ với một thao tác kéo rèm, cả thế giới miền biển rộng lớn đều hiện ra trước mắt bạn.</p><p>Dragon Sea không chỉ thu hút du khách bởi lối kiến trúc đẹp mắt, những tiện nghi hiện đại mà còn bởi sự nhiệt tình, chu đáo, chuyên nghiệp của đội ngũ nhân viên. Thấu hiểu nhu cầu của du khách khi đến Sầm Sơn, khách sạn Dragon Sea luôn cố gắng sát sao nhất trong khâu tiếp đón và phục vụ.</p>','Dragon Sea là một trong những khách sạn tiêu chuẩn 4 sao có tiếng tại Sầm Sơn. Từ ngoài nhìn vào trong, du khách sẽ thấy được sự đồng nhất trong lối thiết kế, đơn giản, hiện đại, sang trọng mà vẫn đậm đà màu sắc truyền thống.Với mong muốn mang đến sự thoải mái và thư giãn cho du khách, Dragon Sea rất chú trọng trong việc lựa chọn từng chi tiết trong mỗi căn phòng, đặc biệt là độ êm của giường và sự trong lành tỏa ra từ không khí miền biển sẽ tạo nên những dấu ấn khó quên trong lòng mỗi du khách.\r\n\r\nĐặc biệt, từ mỗi căn phòng, bạn đều có thể dễ dàng quan sát toàn cảnh không gian xung quanh qua khung cửa kính trong suốt. Chỉ với một thao tác kéo rèm, cả thế giới miền biển rộng lớn đều hiện ra trước mắt bạn.\r\nDragon Sea không chỉ thu hút du khách bởi lối kiến trúc đẹp mắt, những tiện nghi hiện đại mà còn bởi sự nhiệt tình, chu đáo, chuyên nghiệp của đội ngũ nhân viên. Thấu hiểu nhu cầu của du khách khi đến Sầm Sơn, khách sạn Dragon Sea luôn cố gắng sát sao nhất trong khâu tiếp đón và phục vụ.','khach-san-dragon-sea-sam-son.jpg','admin_58e2e94d3b8f2'),(50,'KS Thanh Long','Đường Hồ Xuân Hương - P.Trung Sơn - TP Sầm Sơn - Thanh Hóa',8,4,'2017-04-04 07:38:45','2017-04-04 07:39:10',1,20,3,62,20,750000,749000,'05:00:00','23:59:00','<ul style=\"padding-left: 20px; color: rgb(68, 68, 68); font-family: Arial, Helvetica, sans-serif; font-size: 13px;\"><li style=\"text-align: justify;\">Quy mô khách sạn khá rộng lớn, bao gồm 7 tầng với 62 phòng nghỉ và 2 thang máy phục vụ việc đi lại thuận lợi. Trong đó có hai loại phòng là phòng thường và Vip. Mỗi phòng đều có diện tích rộng, từ 25 – 30m2 và được trang bị nội thất tiện nghi đầy đủ, hiện đại như điều hòa 2 chiều 12.000BTU, bình nóng lạnh, tivi màn hình phẳng 42 inch, tủ lạnh, bàn ghế uống nước, bàn làm việc, wifi và truyền hình cáp tốc độ cao, đặc biệt các phòng đều có ban công lớn…</li><li style=\"text-align: justify;\">Ngoài cung cấp phòng nghỉ, khách sạn Thanh Lan còn cung cấp dịch vụ nhà hàng với 2 tầng ăn thoáng đãng, mát lạnh hướng ra mặt biển. 2 tầng ăn có sức chứa lên đến 300 người và có sân khấu giao lưu, rất phù hợp cho các đoàn du lịch. Với đội ngũ đầu bếp tay nghề cao, tất cả các món ăn đều đảm bảo tươi ngon, hấp dẫn, nhất là hải sản.</li><li style=\"text-align: justify;\">Chỗ đễ xe rộng lớn và an toàn, có thể chứa nhiều xe khách trọng tải lớn</li><li style=\"text-align: justify;\">Đội ngũ nhân viên của khách sạn Thanh Long đều là những người đã được đào tạo bài bản về nghiệp vụ du lịch&nbsp;<a href=\"https://samson.org.vn/khach-san-sam-son/\" target=\"_blank\" style=\"color: rgb(255, 160, 58);\"><em><strong>khách sạn ở Sầm Sơn</strong></em></a>&nbsp;nên có tác phong làm việc rất chuyên nghiệp, nhanh nhẹn và nhiệt tình.</li></ul>','Quy mô khách sạn khá rộng lớn, bao gồm 7 tầng với 62 phòng nghỉ và 2 thang máy phục vụ việc đi lại thuận lợi. Trong đó có hai loại phòng là phòng thường và Vip. Mỗi phòng đều có diện tích rộng, từ 25 – 30m2 và được trang bị nội thất tiện nghi đầy đủ, hiện đại như điều hòa 2 chiều 12.000BTU, bình nóng lạnh, tivi màn hình phẳng 42 inch, tủ lạnh, bàn ghế uống nước, bàn làm việc, wifi và truyền hình cáp tốc độ cao, đặc biệt các phòng đều có ban công lớn…\r\nNgoài cung cấp phòng nghỉ, khách sạn Thanh Lan còn cung cấp dịch vụ nhà hàng với 2 tầng ăn thoáng đãng, mát lạnh hướng ra mặt biển. 2 tầng ăn có sức chứa lên đến 300 người và có sân khấu giao lưu, rất phù hợp cho các đoàn du lịch. Với đội ngũ đầu bếp tay nghề cao, tất cả các món ăn đều đảm bảo tươi ngon, hấp dẫn, nhất là hải sản.\r\nChỗ đễ xe rộng lớn và an toàn, có thể chứa nhiều xe khách trọng tải lớn\r\nĐội ngũ nhân viên của khách sạn Thanh Long đều là những người đã được đào tạo bài bản về nghiệp vụ du lịch khách sạn ở Sầm Sơn nên có tác phong làm việc rất chuyên nghiệp, nhanh nhẹn và nhiệt tình.',NULL,'admin_58e2ea096d223'),(51,'KS Royal','44, Thanh Niên, Sầm Sơn, Thanh Hóa',22,2,'2017-04-04 07:46:39','2017-04-04 07:47:01',1,20,3,36,200,750000,749000,'05:00:00','23:59:00','<div style=\"color: rgb(85, 85, 87); font-family: Arial; font-size: 12px;\">Các dịch vụ của khách sạn: Phòng nghỉ, phòng họp, hội trường, ăn uống.</div><div style=\"color: rgb(85, 85, 87); font-family: Arial; font-size: 12px;\">Tổng số phòng: 36 phòng nghỉ với đầy đủ trang thiết bị hiện đại tiêu chuẩn<strong><a target=\"_blank\" href=\"http://www.hotelbooking.com.vn/khach-san/Khach-san-Sam-Son/2-sao/\" style=\"color: rgb(15, 93, 158);\">&nbsp;2 sao</a></strong>: tivi, điều hòa, nóng lạnh….</div><div style=\"color: rgb(85, 85, 87); font-family: Arial; font-size: 12px;\">Hội trường có sức chứa tối đa 150 người với đầy đủ âm thanh ánh sáng, sân khấu biểu diễn ca nhạc.</div><div style=\"color: rgb(85, 85, 87); font-family: Arial; font-size: 12px;\">Phòng ăn của khách sạn có sức chứa 150 người, với thực đơn hấp dẫn phong phú, thường xuyên đổi mới, đơn vị đã được cấp phép vệ sinh an toàn thực phẩm.</div><p><span style=\"color: rgb(85, 85, 87); font-family: Arial; font-size: 12px; background-color: rgb(241, 246, 249);\">Cán bộ nhân viên của Trung tâm đã qua đào tạo, tốt nghiệp các trường Đại học, Cao Đẳng, trung cấp chuyên ngành phục vụ.&nbsp;</span><br></p>','Các dịch vụ của khách sạn: Phòng nghỉ, phòng họp, hội trường, ăn uống.\r\nTổng số phòng: 36 phòng nghỉ với đầy đủ trang thiết bị hiện đại tiêu chuẩn 2 sao: tivi, điều hòa, nóng lạnh….\r\nHội trường có sức chứa tối đa 150 người với đầy đủ âm thanh ánh sáng, sân khấu biểu diễn ca nhạc.\r\nPhòng ăn của khách sạn có sức chứa 150 người, với thực đơn hấp dẫn phong phú, thường xuyên đổi mới, đơn vị đã được cấp phép vệ sinh an toàn thực phẩm.\r\nCán bộ nhân viên của Trung tâm đã qua đào tạo, tốt nghiệp các trường Đại học, Cao Đẳng, trung cấp chuyên ngành phục vụ.',NULL,'admin_58e2eb99d5b7c'),(52,'KS Đức Thành','57, Hồ Xuân Hương, P. Bắc Sơn, Tx. Sầm Sơn, T. Thanh Hóa',8,4,'2017-04-04 07:54:44','2017-04-04 07:55:08',1,20,3,105,10,800000,799000,'05:00:00','23:59:00','<p><span style=\"font-family: Arial; font-size: medium;\">Tòa nhà cao 11 tầng, đạt tiêu chuẩn 3 sao, 105 phòng gồm 4 phòng Vip, 56 phòng đặc biệt, 45 phòng loại I. Tiện nghi trong phòng hiện đại.&nbsp;</span><br style=\"font-family: Arial; font-size: medium;\"><span style=\"font-family: Arial; font-size: medium;\">Diện tích trong phòng từ 20 - 28m2, riêng phòng VIP diện tích 45m2. Hầu hết các phòng đều hướng ra mặt biển, mỗi phòng đều có ban công rộng đẹp.</span><br style=\"font-family: Arial; font-size: medium;\"><span style=\"font-family: Arial; font-size: medium;\">Phòng họp, hội thảo có sức chứa lên đến 200 chỗ.&nbsp;</span><br style=\"font-family: Arial; font-size: medium;\"><span style=\"font-family: Arial; font-size: medium;\">Khu vực sảnh, quầy Bar được thiết kế rộng rãi thoáng mát và hiện đại.</span><br style=\"font-family: Arial; font-size: medium;\"><span style=\"font-family: Arial; font-size: medium;\">Phong cách phục vụ tận tình, chu đáo, luôn đặt chất lượng lên hàng đầu và có chính sách khuyến mại cho khách hàng truyền thống</span><br></p>','Tòa nhà cao 11 tầng, đạt tiêu chuẩn 3 sao, 105 phòng gồm 4 phòng Vip, 56 phòng đặc biệt, 45 phòng loại I. Tiện nghi trong phòng hiện đại. \r\nDiện tích trong phòng từ 20 - 28m2, riêng phòng VIP diện tích 45m2. Hầu hết các phòng đều hướng ra mặt biển, mỗi phòng đều có ban công rộng đẹp.\r\nPhòng họp, hội thảo có sức chứa lên đến 200 chỗ. \r\nKhu vực sảnh, quầy Bar được thiết kế rộng rãi thoáng mát và hiện đại.\r\nPhong cách phục vụ tận tình, chu đáo, luôn đặt chất lượng lên hàng đầu và có chính sách khuyến mại cho khách hàng truyền thống',NULL,'admin_58e2ed2747740'),(53,'Khách sạn Tân Trường Sơn','Số 02 Đường Nguyễn Thị Lợi , Bắc Sơn , Sầm Sơn',130,2,'2017-04-04 07:57:19','2017-04-04 09:36:10',1,3,3,60,20,700000,550000,NULL,NULL,'<div style=\"margin: 10px; padding: 0px; font-family: Arial, Helvetica, sans-serif; font-size: 12px;\"><p style=\"margin-bottom: 0px; padding: 0px;\">Khách Sạn Tân Trường Sơn&nbsp;gồm 60 phòng với 2 loại phòng: Phòng VIP và phòng thường. Phòng nghỉ rộng rãi, thoáng mát, mỗi phòng có diện tích khoảng 25 m2. Tất cả các phòng được trang bị đầy đủ tiện nghi: Điều hòa, tủ lạnh, bình nóng lạnh, truyền hình cáp, Internet wifi , tủ đựng quần áo, ghế ngồi uống nước ….<br style=\"margin: 0px; padding: 0px;\"><br style=\"margin: 0px; padding: 0px;\">Đến với&nbsp;Tân Trường Sơn&nbsp;quý khách sẽ được tận hưởng sự đón tiếp nồng hậu của đội ngũ nhân viên nhiệt tình, chuyên nghiệp . Khách sạn Tân Trường Sơn sẽ là nơi nghỉ ngơi lý tưởng, tuyệt vời nhất của quý khách khi đến với Sầm Sơn xinh đẹp.<br style=\"margin: 0px; padding: 0px;\"><br style=\"margin: 0px; padding: 0px;\">Phòng ăn của khách sạn có sức chưa lên tới 300 người cùng 1 lúc đảm bảo cho nhu cầu ăn uống của các đoàn khách lớn, có sân khấu để quý khách giao lưu. Ngoài ra khách sạn có phòng ăn VIP chứa được 30 khách giành cho các đoàn khách nhỏ và phòng ăn VIP chứa được 60 khách dành cho các đoàn khách trung.<br style=\"margin: 0px; padding: 0px;\"><br style=\"margin: 0px; padding: 0px;\">Bên cạnh đó Tân Trường Sơn còn có phòng karaoke rộng rãi, hiện đại, dàn âm thanh sống động sẽ kết nối vòng tay bạn bè và gia đình trong thời gian ở tại khách sạn. Khách sạn có quầy bar, phòng chờ, cafe,...<br style=\"margin: 0px; padding: 0px;\"><br style=\"margin: 0px; padding: 0px;\">Các phòng nghỉ của Khách sạn Tân Trường Sơn đều có tầm nhìn đẹp, hướng ra biển sẽ làm cho du khách rất thích thú khi ngắm cảnh biển.<br style=\"margin: 0px; padding: 0px;\"><br style=\"margin: 0px; padding: 0px;\">Đội ngũ cán bộ, nhân viên có kinh nghiệm phục vụ nhiệt tình, chu đáo, hiệu quả và tin cậy. Chắc chắn sẽ đem lại cho du khách cảm giác nghỉ ngơi thoải mái, hạnh phúc cho kỳ nghỉ mát tắm biển tại Sầm Sơn.<br style=\"margin: 0px; padding: 0px;\"><br style=\"margin: 0px; padding: 0px;\">Tân Trường Sơn mang đến cho quý khách sự lựa chọn cho mọi kỳ nghỉ tới Sầm Sơn. Chúng tôi đáp ứng phòng cho các đoàn lớn và những gia đình muốn tìm cảm giác ấm cúng. Bên cạnh dịch vụ phòng nghỉ, khách sạn tân Trường Sơn còn cung cấp các dịch vụ khác nhằm mang lại sự hài lòng cho quý khách.<br style=\"margin: 0px; padding: 0px;\"><br style=\"margin: 0px; padding: 0px;\">Với phương châm “<span style=\"margin: 0px; padding: 0px; color: rgb(255, 0, 0);\"><em style=\"margin: 0px; padding: 0px;\"><strong style=\"margin: 0px; padding: 0px;\">Cung cấp dịch vụ và sự hài lòng cho quý khách</strong></em></span>”, Khách sạn Tân Trường Sơn luôn sẵn sàng lắng nghe những ý kiến đóng góp 1 cách tận tình nhất. Khách sạn Tân Trường Sơn luôn trân trọng đón nhận và đánh giá cao mọi sự liên hệ từ quý khách.</p></div><div style=\"margin: 0px; padding: 20px; font-family: Arial, Helvetica, sans-serif; font-size: 12px; text-align: right;\"></div>','Khách Sạn Tân Trường Sơn gồm 60 phòng với 2 loại phòng: Phòng VIP và phòng thường. Phòng nghỉ rộng rãi, thoáng mát, mỗi phòng có diện tích khoảng 25 m2. Tất cả các phòng được trang bị đầy đủ tiện nghi: Điều hòa, tủ lạnh, bình nóng lạnh, truyền hình cáp, Internet wifi , tủ đựng quần áo, ghế ngồi uống nước ….\r\n\r\nĐến với Tân Trường Sơn quý khách sẽ được tận hưởng sự đón tiếp nồng hậu của đội ngũ nhân viên nhiệt tình, chuyên nghiệp . Khách sạn Tân Trường Sơn sẽ là nơi nghỉ ngơi lý tưởng, tuyệt vời nhất của quý khách khi đến với Sầm Sơn xinh đẹp.\r\n\r\nPhòng ăn của khách sạn có sức chưa lên tới 300 người cùng 1 lúc đảm bảo cho nhu cầu ăn uống của các đoàn khách lớn, có sân khấu để quý khách giao lưu. Ngoài ra khách sạn có phòng ăn VIP chứa được 30 khách giành cho các đoàn khách nhỏ và phòng ăn VIP chứa được 60 khách dành cho các đoàn khách trung.\r\n\r\nBên cạnh đó Tân Trường Sơn còn có phòng karaoke rộng rãi, hiện đại, dàn âm thanh sống động sẽ kết nối vòng tay bạn bè và gia đình trong thời gian ở tại khách sạn. Khách sạn có quầy bar, phòng chờ, cafe,...\r\n\r\nCác phòng nghỉ của Khách sạn Tân Trường Sơn đều có tầm nhìn đẹp, hướng ra biển sẽ làm cho du khách rất thích thú khi ngắm cảnh biển.\r\n\r\nĐội ngũ cán bộ, nhân viên có kinh nghiệm phục vụ nhiệt tình, chu đáo, hiệu quả và tin cậy. Chắc chắn sẽ đem lại cho du khách cảm giác nghỉ ngơi thoải mái, hạnh phúc cho kỳ nghỉ mát tắm biển tại Sầm Sơn.\r\n\r\nTân Trường Sơn mang đến cho quý khách sự lựa chọn cho mọi kỳ nghỉ tới Sầm Sơn. Chúng tôi đáp ứng phòng cho các đoàn lớn và những gia đình muốn tìm cảm giác ấm cúng. Bên cạnh dịch vụ phòng nghỉ, khách sạn tân Trường Sơn còn cung cấp các dịch vụ khác nhằm mang lại sự hài lòng cho quý khách.\r\n\r\nVới phương châm “Cung cấp dịch vụ và sự hài lòng cho quý khách”, Khách sạn Tân Trường Sơn luôn sẵn sàng lắng nghe những ý kiến đóng góp 1 cách tận tình nhất. Khách sạn Tân Trường Sơn luôn trân trọng đón nhận và đánh giá cao mọi sự liên hệ từ quý khách.','khach-san-tan-truong-son-sam-son-2017-2-560x420-1.jpg','admin_58e2eb966f066'),(54,'KS Hương Biển','Số 37 – Đường Hồ Xuân Hương – Phường Trường Sơn – Thị xã Sầm Sơn',8,4,'2017-04-04 08:04:10','2017-04-04 08:25:30',1,20,1,100,10,600000,490000,'05:00:00','23:59:00','<p><span style=\"color: rgb(51, 51, 51); font-family: Tahoma, Geneva, sans-serif; font-size: 12px; text-align: center;\">Khách sạn Hương Biển Sầm Sơn Thanh Hóa&nbsp; Nằm ở vị trí Trung tâm bãi tắm A, Khách sạn Hương Biển, tự hào là một trong những khách sạn có kiến trúc đẹp và vị trí thuận tiện nhất cho du khách nghỉ ngơi, vui chơi và tắm biển.&nbsp;</span><br style=\"color: rgb(51, 51, 51); font-family: Tahoma, Geneva, sans-serif; font-size: 12px; text-align: center;\"><br style=\"color: rgb(51, 51, 51); font-family: Tahoma, Geneva, sans-serif; font-size: 12px; text-align: center;\"><span style=\"color: rgb(51, 51, 51); font-family: Tahoma, Geneva, sans-serif; font-size: 12px; text-align: center;\">Khách sạn Hương Biển Sầm Sơn Thanh Hóa&nbsp; Với đội ngũ nhân viên, đầu bếp chuyên nghiệp, có kinh nghiệm, phục vụ lâu năm trong ngành khách sạn sẽ mang đến cho quý khách những kỳ nghỉ cực kỳ thú vị và ý nghĩa. Đặc biệt, ngay trong khách sạn, quý khách sẽ được cung cấp dịch vụ chuyển tiền qua hệ thống ngân hàng Agribank Chi nhánh Sầm Sơn và ATM.&nbsp;</span><br style=\"color: rgb(51, 51, 51); font-family: Tahoma, Geneva, sans-serif; font-size: 12px; text-align: center;\"></p>','Khách sạn Hương Biển Sầm Sơn Thanh Hóa  Nằm ở vị trí Trung tâm bãi tắm A, Khách sạn Hương Biển, tự hào là một trong những khách sạn có kiến trúc đẹp và vị trí thuận tiện nhất cho du khách nghỉ ngơi, vui chơi và tắm biển. \r\n\r\nKhách sạn Hương Biển Sầm Sơn Thanh Hóa  Với đội ngũ nhân viên, đầu bếp chuyên nghiệp, có kinh nghiệm, phục vụ lâu năm trong ngành khách sạn sẽ mang đến cho quý khách những kỳ nghỉ cực kỳ thú vị và ý nghĩa. Đặc biệt, ngay trong khách sạn, quý khách sẽ được cung cấp dịch vụ chuyển tiền qua hệ thống ngân hàng Agribank Chi nhánh Sầm Sơn và ATM.','ks-huong-bien.jpg','admin_58e2ef0d59393'),(55,'KS Hải Yến','07 đường Bà Triệu phườnng Bắc Sơn TX Sầm Sơn',22,4,'2017-04-04 08:12:34','2017-04-04 08:13:36',1,20,2,66,20,750000,749000,'05:00:00','23:59:00','<p style=\"font-family: Arial; font-size: 12px;\"><font size=\"4\">Khách sạn Hải Yến bao gồm&nbsp;<font color=\"#000099\"><b>7 tầng có thang máy – với tổng số 66 phòng</b></font>&nbsp;rộng rãi khang trang thoáng mát, trang thiết bị trong phòng&nbsp;<font face=\"Times New Roman\"><font face=\"Times New Roman\">được đầu tư đồng bộ bao gồm: Tivi, Điều h</font></font>òa, Bình nóng lạnh.&nbsp;<font color=\"#000099\"><b>Khách sạn có 100% số phòng có tủ lạnh. Mỗi phòng có 02 giường đôi 1,4m</b></font><font face=\"Times New Roman\"><font face=\"Times New Roman\"><span lang=\"VI\">.</span></font></font></font></p><p><font size=\"4\" style=\"font-family: Arial;\"></font></p><p style=\"font-family: Arial; font-size: 12px;\"><font size=\"4\" face=\"Times New Roman\"><font face=\"Times New Roman\">Riêng ph</font></font><font size=\"4\"><span lang=\"EN\">òng&nbsp;</span><font face=\"Times New Roman\"><font face=\"Times New Roman\">ăn tập thể có sức chứa 300</font></font><font face=\"Times New Roman\"><font face=\"Times New Roman\"><span lang=\"EN\">&nbsp;chỗ ngồi đảm bảo thoáng mát cho du khách.</span></font></font></font></p><ul style=\"padding-left: 20px; color: rgb(68, 68, 68); font-family: Arial, Helvetica, sans-serif; font-size: 13px;\"><li style=\"text-align: justify;\">Và đặc biệt là khách sạn còn có 1 phòng karaoke và 2 sân khấu để quý khách có thể giao lưu văn nghệ</li></ul>','Khách sạn Hải Yến bao gồm 7 tầng có thang máy – với tổng số 66 phòng rộng rãi khang trang thoáng mát, trang thiết bị trong phòng được đầu tư đồng bộ bao gồm: Tivi, Điều hòa, Bình nóng lạnh. Khách sạn có 100% số phòng có tủ lạnh. Mỗi phòng có 02 giường đôi 1,4m.\r\n\r\nRiêng phòng ăn tập thể có sức chứa 300 chỗ ngồi đảm bảo thoáng mát cho du khách.',NULL,'admin_58e2f2546a025'),(56,'Khách sạn Sơn Trang 2','Đường Hồ Xuân Hương , Trung Sơn, Sầm Sơn',10,2,'2017-04-04 08:20:03','2017-04-04 09:35:51',1,4,3,100,30,60000,450000,NULL,NULL,'<p><font color=\"#000000\" style=\"border: 0px; outline: 0px; vertical-align: baseline; background: rgb(245, 245, 245); font-stretch: normal; font-size: 12px; line-height: normal; font-family: arial, verdana, sans-serif; margin: 0px; padding: 0px; text-align: justify;\"><span style=\"font-weight: bold; font-size: 12pt; margin: 0px; padding: 0px;\"><font style=\"border: 0px; outline: 0px; vertical-align: baseline; background: transparent; font-weight: 500; font-stretch: normal; font-size: 14px; line-height: normal; margin: 0px; padding: 0px;\">Khách sạn Sơn Trang Sầm Sơn bao gồm 2 tòa nhà&nbsp;được thiết kế theo phong cách hiện đại,&nbsp;nằm&nbsp;đối diện &nbsp;bãi biển.Khách sạn&nbsp;</font></span>có vị trí địa lí đẹp nhất tại bãi biển Sầm Sơn. Không gian thoáng mát, tất cả các phòng đều hướng ra&nbsp;mặt biển. Tại đây quý khách vừa nghỉ ngơi vừa ngắm hoàng hôn trên biển. Sơn&nbsp;Trang bao gồm 7 tầng&nbsp;100 phòng khép&nbsp;kín khang trang hiện đại trong&nbsp;đó có hai loại phòng: phòng vip và phòng thường, 100% phòng&nbsp;đều có hai giường&nbsp;đôi dài 2m rộng 1.5m. Mỗi phòng rộng từ 30m2 - 40m2. Tất cả các phòng đều được trang bị &nbsp;điều hòa, tủ lạnh,...&nbsp;Sơn Trang&nbsp;có</font><span style=\"font-family: arial, verdana, sans-serif; font-size: 12px; text-align: justify; background-color: rgb(245, 245, 245);\">&nbsp;</span><font color=\"#000000\" style=\"border: 0px; outline: 0px; vertical-align: baseline; background: rgb(245, 245, 245); font-stretch: normal; font-size: 12px; line-height: normal; font-family: arial, verdana, sans-serif; margin: 0px; padding: 0px; text-align: justify;\"><font style=\"border: 0px; outline: 0px; vertical-align: baseline; background: transparent; font-stretch: normal; line-height: normal; margin: 0px; padding: 0px;\">đội ngũ nhân viên trẻ&nbsp;đẹp,&nbsp;phục vụ nhệt tình chu&nbsp;đáo&nbsp;và&nbsp;đầu bếp&nbsp;rất chuyên nghiệp. Khách sạn&nbsp;chúng tôi&nbsp;là nơi dừng chân lí tưởng của du khách tại Sầm Sơn.&nbsp;</font></font><br></p>','Khách sạn Sơn Trang Sầm Sơn bao gồm 2 tòa nhà được thiết kế theo phong cách hiện đại, nằm đối diện  bãi biển.Khách sạn có vị trí địa lí đẹp nhất tại bãi biển Sầm Sơn. Không gian thoáng mát, tất cả các phòng đều hướng ra mặt biển. Tại đây quý khách vừa nghỉ ngơi vừa ngắm hoàng hôn trên biển. Sơn Trang bao gồm 7 tầng 100 phòng khép kín khang trang hiện đại trong đó có hai loại phòng: phòng vip và phòng thường, 100% phòng đều có hai giường đôi dài 2m rộng 1.5m. Mỗi phòng rộng từ 30m2 - 40m2. Tất cả các phòng đều được trang bị  điều hòa, tủ lạnh,... Sơn Trang có đội ngũ nhân viên trẻ đẹp, phục vụ nhệt tình chu đáo và đầu bếp rất chuyên nghiệp. Khách sạn chúng tôi là nơi dừng chân lí tưởng của du khách tại Sầm Sơn.','khach-san-son-trang-sam-son-1-560x420.jpg','admin_58e2f3a009e2a'),(57,'Khách sạn Hương Trầm','Số 03 đường Lê Văn Hưu - Bãi tắm C - P. Bắc Sơn',109,2,'2017-04-04 08:27:35','2017-04-04 09:35:33',1,5,3,75,40,650000,500000,NULL,NULL,'<p style=\"border: 0px; outline: 0px; vertical-align: baseline; background: rgb(245, 245, 245); font-stretch: normal; font-size: 12px; line-height: 1.5em; font-family: arial, verdana, sans-serif; margin-bottom: 0px; padding: 0px; color: rgb(54, 54, 54); text-align: justify;\">&nbsp;&nbsp;Khách sạn Hương Trầm -Sầm Sơn chính thức đưa vào hoạt&nbsp;đồng từ ngày 19&nbsp;tháng 5&nbsp;năm 2016, khách sạn toạ lạc ngay trung tâm bãi tắm C bãi biển Sầm Sơn một&nbsp;trong những bải biển đẹp nhất Việt Nam. Khách sạn có tổng số 75 phòng nghỉ với&nbsp;tầm nhìn hướng ra biển và ra phố, không gian sang trọng, nội thất ấm cúng đầy đủ&nbsp;các thiết bị tiện nghi, hiện đại thiết kế theo tiêu chuẩn 3 sao. Wi-fi miễn phí trong&nbsp;tất cả các phòng và khu vực công cộng, quầy lễ tân 24/24 giờ.</p><p style=\"border: 0px; outline: 0px; vertical-align: baseline; background: rgb(245, 245, 245); font-stretch: normal; font-size: 12px; line-height: 1.5em; font-family: arial, verdana, sans-serif; margin-bottom: 0px; padding: 0px; color: rgb(54, 54, 54); text-align: justify;\">&nbsp; Khách sạn Hương Trầm -Sầm Sơn là điểm đến ấn tượng, mang lại cho du</p><p style=\"border: 0px; outline: 0px; vertical-align: baseline; background: rgb(245, 245, 245); font-stretch: normal; font-size: 12px; line-height: 1.5em; font-family: arial, verdana, sans-serif; margin-bottom: 0px; padding: 0px; color: rgb(54, 54, 54); text-align: justify;\">khách những trải nghiệm mới mẻ khi đến Sầm Sơn</p>','Khách sạn Hương Trầm -Sầm Sơn chính thức đưa vào hoạt đồng từ ngày 19 tháng 5 năm 2016, khách sạn toạ lạc ngay trung tâm bãi tắm C bãi biển Sầm Sơn một trong những bải biển đẹp nhất Việt Nam. Khách sạn có tổng số 75 phòng nghỉ với tầm nhìn hướng ra biển và ra phố, không gian sang trọng, nội thất ấm cúng đầy đủ các thiết bị tiện nghi, hiện đại thiết kế theo tiêu chuẩn 3 sao. Wi-fi miễn phí trong tất cả các phòng và khu vực công cộng, quầy lễ tân 24/24 giờ.\r\n  Khách sạn Hương Trầm -Sầm Sơn là điểm đến ấn tượng, mang lại cho du khách những trải nghiệm mới mẻ khi đến Sầm Sơn','picture-520.jpg','admin_58e2f4c34a887'),(58,'KS Tuyền Châu','143-145 Hồ Xuân Hương, TX Sầm Sơn, Thanh Hóa',8,2,'2017-04-04 08:51:36','2017-04-04 08:52:29',1,20,3,70,20,350000,340000,'05:00:00','23:59:00','<ul style=\"padding-left: 20px; color: rgb(68, 68, 68); font-family: Arial, Helvetica, sans-serif; font-size: 13px;\"><li><p style=\"text-align: justify;\">Với lối thiết kế hiện đại và phóng khoáng, có cầu thang máy di chuyển lên các tầng, Khách sạn Tuyền Châu có 6 tầng gồm 70 phòng nghỉ được chia thành 2 loại : 8 phòng Deluxe và 62 phòng Double được trang bị đầy đủ tiện nghi và rất hiện đại. Mỗi phòng sẽ có 2 chiếc giường 1,4m. Tivi, tủ lạnh, truyền hình cáp, wifi miễn phí, điều hòa nhiệt độ, tủ cá nhân, bàn ghế uống nước và có thêm điện thoại nội bộ để du khách dễ dàng liên hệ với nhân viên phục vụ phòng. Phòng tắm rộng rãi, sạch sẽ, có bình nóng lạnh, vòi hoa sen, bồn rửa mặt rất hiện đại.</p></li><li style=\"text-align: justify;\"><p>Khu vực phòng ăn cũng được khách sạn chú trọng, vì vậy khách sạn có thể phục vụ chu đáo với 450 du khách mỗi ngày.</p></li><li style=\"text-align: justify;\"><p>Đội ngũ nhân viên được khách sạn đào tạo chuyên nghiệp và tuyển chọn đầu bếp với gần 20 năm kinh nghiệm sẽ mang đến cho quý khách một bữa ăn ngon miệng và sạch sẽ, những món ăn hải sản tươi ngon và hấp dẫn.</p></li><li><p style=\"text-align: justify;\">Để du khách luôn nhớ đến mình, Khách sạn Tuyền Châu đã có những khu giải trí rất đặc biệt ngay trên tầng 6 gồm có : Karaoke, Bi-a và máy chiếu phim màn ảnh rộng phục vụ du khách hoàn toàn miễn phí, với Vew đẹp nhìn toàn cảnh&nbsp;<em><strong><a href=\"https://samson.org.vn/\" target=\"_blank\" style=\"color: rgb(255, 160, 58);\">biển Sầm Sơn</a></strong></em>&nbsp;vào ban ngày lẫn ban đêm giúp du khách tận hưởng được kì nghỉ mát tuyệt vời.</p></li></ul>','Với lối thiết kế hiện đại và phóng khoáng, có cầu thang máy di chuyển lên các tầng, Khách sạn Tuyền Châu có 6 tầng gồm 70 phòng nghỉ được chia thành 2 loại : 8 phòng Deluxe và 62 phòng Double được trang bị đầy đủ tiện nghi và rất hiện đại. Mỗi phòng sẽ có 2 chiếc giường 1,4m. Tivi, tủ lạnh, truyền hình cáp, wifi miễn phí, điều hòa nhiệt độ, tủ cá nhân, bàn ghế uống nước và có thêm điện thoại nội bộ để du khách dễ dàng liên hệ với nhân viên phục vụ phòng. Phòng tắm rộng rãi, sạch sẽ, có bình nóng lạnh, vòi hoa sen, bồn rửa mặt rất hiện đại.\r\n\r\nKhu vực phòng ăn cũng được khách sạn chú trọng, vì vậy khách sạn có thể phục vụ chu đáo với 450 du khách mỗi ngày.\r\n\r\nĐội ngũ nhân viên được khách sạn đào tạo chuyên nghiệp và tuyển chọn đầu bếp với gần 20 năm kinh nghiệm sẽ mang đến cho quý khách một bữa ăn ngon miệng và sạch sẽ, những món ăn hải sản tươi ngon và hấp dẫn.\r\n\r\nĐể du khách luôn nhớ đến mình, Khách sạn Tuyền Châu đã có những khu giải trí rất đặc biệt ngay trên tầng 6 gồm có : Karaoke, Bi-a và máy chiếu phim màn ảnh rộng phục vụ du khách hoàn toàn miễn phí, với Vew đẹp nhìn toàn cảnh biển Sầm Sơn vào ban ngày lẫn ban đêm giúp du khách tận hưởng được kì nghỉ mát tuyệt vời.',NULL,'admin_58e2f3bf1e090'),(59,'Khách Sạn Hương Thủy','Đường Hồ Xuân Hương - Sầm Sơn - Thanh Hóa',135,2,'2017-04-04 08:58:05','2017-04-04 09:34:05',1,6,3,46,30,600000,500000,NULL,NULL,'<p style=\"color: rgb(51, 51, 51); font-family: Tahoma, Geneva, sans-serif; font-size: 12px; text-align: center;\">Khách sạn Hương thủy Sầm Sơn bãi tắm C, được xây dựng hoàn toàn mới với 100% trang thiết bị tiện nghi đạt chất lượng hiện đại. khách sạn 5 tầng có 46 phòng khép kín gồm có&nbsp; Cầu thang máy, tivi siêu mỏng, tủ lạnh, điều hòa hai chiều, bình nóng lạnh , Internet, mỗi phòng có 02 giường 1.6m, phòng rộng từ 30m2 - 35m2 đảm bảo thoải mái cho giấc ngủ và sinh hoạt của quý khách. Khách sạn có nhà ăn sang trọng, phục vụ lên tới 300khách, đội ngũ nhân viên phục vụ chuyên nghiệp,thái độ phục vụ ân cần, niềm nở. &nbsp; Thực phẩm đặc sản hải sản Sầm Sơn đảm bảo 100% tươi sống với chất lượng phục vụ thực khách hàng đầu. Chắc chắn sẽ làm du khách hài lòng với những buổi liên hoan và thưởng thức tại đây. Hãy đến và cảm nhận những tiện ích nơi đây .</p><div><br></div><p><br></p>',NULL,'khach-san-huong-thuy-sam-son-2017-1-560x420.jpg','admin_58e2fc37ae0c3'),(60,'KS Hoa Hồng 1','Số 35 Bãi tắm A – Đường Hồ Xuân Hương – TX. Sầm Sơn',8,2,'2017-04-04 09:16:49','2017-04-04 09:17:27',1,20,1,105,20,400000,390000,'05:00:00','23:59:00','<ul style=\"padding-left: 20px; color: rgb(68, 68, 68); font-family: Arial, Helvetica, sans-serif; font-size: 13px;\"><li>Khách sạn có chất lượng phục vụ uy tin đảm bảo với hệ thống cơ sở hạ tầng hiện đại được trang bị đồng bộ</li><li>Đội ngũ nhân viên của&nbsp;<strong>khách sạn Hoa Hồng 1 Sầm Sơn</strong>&nbsp;đều được đào tạo chuyên nghiệp qua các lớp học về nhà hàng &nbsp;ở&nbsp;<a href=\"https://samson.org.vn/\" target=\"_blank\" style=\"color: rgb(255, 160, 58);\"><em><strong>Sầm Sơn</strong></em></a></li><li>Khách sạn mang lợi nhiều thoải mái ở chất lượng phục vụ, không gian nghỉ ngơi thư giãn đa dạng với các phòng chức năng : karaoke, matsa, phòng tăm xông hơi…</li><li>Trong mỗi phòng nghỉ của<strong>&nbsp;khách sạn Hoa Hồng 1 Sầm Sơn</strong>&nbsp;đều được lắp đặt tivi, các thiết bị tiện nghi giải trí, đặc biệt cả khách sạn được phủ sóng wifi miễn phí.</li><li>Phòng ăn lớn với đầu bếp giỏi&nbsp;có phục vụ các món ăn Hải Sản tươi sống với hương vị tuyệt ngon.</li></ul>','Khách sạn có chất lượng phục vụ uy tin đảm bảo với hệ thống cơ sở hạ tầng hiện đại được trang bị đồng bộ\r\nĐội ngũ nhân viên của khách sạn Hoa Hồng 1 Sầm Sơn đều được đào tạo chuyên nghiệp qua các lớp học về nhà hàng  ở Sầm Sơn\r\nKhách sạn mang lợi nhiều thoải mái ở chất lượng phục vụ, không gian nghỉ ngơi thư giãn đa dạng với các phòng chức năng : karaoke, matsa, phòng tăm xông hơi…\r\nTrong mỗi phòng nghỉ của khách sạn Hoa Hồng 1 Sầm Sơn đều được lắp đặt tivi, các thiết bị tiện nghi giải trí, đặc biệt cả khách sạn được phủ sóng wifi miễn phí.\r\nPhòng ăn lớn với đầu bếp giỏi có phục vụ các món ăn Hải Sản tươi sống với hương vị tuyệt ngon.',NULL,'admin_58e2fdbad497c'),(61,'Khách Sạn Biển Nhớ','Hồ Xuân Hương, Sầm Sơn, Thanh Hoá',23,2,'2017-04-04 09:30:45','2017-04-04 09:33:47',1,5,1,100,40,800000,600000,NULL,NULL,'<p><span style=\"text-align: justify;\">Nằm trên bờ biển duyên hải xinh đẹp của miền Trung Việt Nam,&nbsp;</span><span style=\"text-align: justify;\">Khách sạn Biển Nhớ và Khu vui chơi giải trí Huyền thoại Thần Độc Cước&nbsp;</span><span style=\"text-align: justify;\">được biết đến như một thiên đường của miền nhiệt đới.&nbsp;</span><br style=\"text-align: justify;\"><br style=\"text-align: justify;\"><span style=\"text-align: justify;\">Các phòng nghỉ của Khách sạn Biển Nhớ là sự kết hợp hài hoà của kiến trúc truyền thống và hiện đại. Thiết kế mới lạ của khách sạn tạo mọi góc nhìn đẹp của biển Sầm Sơn từ gần 100 phòng nghỉ tiện nghi và sang trọng. Ngoài ra, Khách sạn Biển Nhớ còn cung cấp những trang thiết bị hiện đại và dịch vụ hoàn hảo phục vụ cho các buổi tiệc, hội nghị và hội thảo, các dịch vụ giải trí như câu lạc bộ sức khoẻ, bể bơi ngoài trời, karaoke, massage, jacuzzi, sauna...&nbsp;</span><span style=\"text-align: justify;\">Cũng tại nơi đây, Quý khách sẽ lạc vào \"Huyền thoại cung\" với hàng trăm loài cá nước mặn, các loài sinh vật biển hiếm có. Ngoài ra, Quý khách có thể tham gia các hoạt động vui chơi giải trí vui nhộn như đấu bò tót, nhảy đàn hồi...&nbsp;</span><br style=\"font-family: Arial, Helvetica, sans-serif; font-size: 12px; text-align: justify; background-color: rgb(183, 176, 131);\"></p>','Nằm trên bờ biển duyên hải xinh đẹp của miền Trung Việt Nam, Khách sạn Biển Nhớ và Khu vui chơi giải trí Huyền thoại Thần Độc Cước được biết đến như một thiên đường của miền nhiệt đới. \r\n\r\nCác phòng nghỉ của Khách sạn Biển Nhớ là sự kết hợp hài hoà của kiến trúc truyền thống và hiện đại. Thiết kế mới lạ của khách sạn tạo mọi góc nhìn đẹp của biển Sầm Sơn từ gần 100 phòng nghỉ tiện nghi và sang trọng. Ngoài ra, Khách sạn Biển Nhớ còn cung cấp những trang thiết bị hiện đại và dịch vụ hoàn hảo phục vụ cho các buổi tiệc, hội nghị và hội thảo, các dịch vụ giải trí như câu lạc bộ sức khoẻ, bể bơi ngoài trời, karaoke, massage, jacuzzi, sauna... \r\nCũng tại nơi đây, Quý khách sẽ lạc vào \"Huyền thoại cung\" với hàng trăm loài cá nước mặn, các loài sinh vật biển hiếm có. Ngoài ra, Quý khách có thể tham gia các hoạt động vui chơi giải trí vui nhộn như đấu bò tót, nhảy đàn hồi...','khach-san-bien-nho-sam-son-2017-6.jpg','admin_58e30383ba89b'),(62,'KS Hùng Thảo','số 27 - Đường Tô Hiến Thành - Phường Trường Sơn - TX. Sầm Sơn - Tỉnh Thanh Hóa',8,2,'2017-04-04 09:35:47','2017-04-04 09:36:16',1,20,1,35,40,400000,390000,'05:00:00','23:59:00','<p style=\"font-family: arial; font-size: 12px; text-align: justify; margin: 0cm 0cm 0.0001pt; text-indent: 36pt; line-height: 18px; background-image: initial; background-attachment: initial; background-size: initial; background-origin: initial; background-clip: initial; background-position: initial; background-repeat: initial;\"><span style=\"font-size: 14pt; line-height: 28px; font-family: Arial; color: rgb(51, 51, 51);\">. khách sạn Hùng Thảo có 3 tầng, 35 phòng nghỉ, được đầu tư đồng bộ trang thiết bị cao cấp như: Tivi, tủ lạnh, điều hòa, bình nóng lạnh....&nbsp;<o:p></o:p></span></p><p style=\"font-family: arial; font-size: 12px; text-align: justify; margin: 0cm 0cm 0.0001pt; text-indent: 36pt; line-height: 18px; background-image: initial; background-attachment: initial; background-size: initial; background-origin: initial; background-clip: initial; background-position: initial; background-repeat: initial;\"><span style=\"font-size: 14pt; line-height: 28px; font-family: Arial; color: rgb(51, 51, 51);\">Không gian trong phòng được bố trí 02 giường hợp lý, mỗi phòng 2 giường đôi, sạch sẽ, thoáng mát, tạo nên một cảm giác giải trí thư giãn ngay tại phòng nghỉ.<o:p></o:p></span></p><p style=\"font-family: arial; font-size: 12px; text-align: justify; margin: 0cm 0cm 0.0001pt; line-height: 18px; background-image: initial; background-attachment: initial; background-size: initial; background-origin: initial; background-clip: initial; background-position: initial; background-repeat: initial;\"><span style=\"font-size: 14pt; line-height: 28px; font-family: Arial; color: rgb(51, 51, 51);\">&nbsp;&nbsp;&nbsp;&nbsp;&nbsp;&nbsp;&nbsp;&nbsp;&nbsp; Đội ngũ nhân viên phục vụ khách sạn chuyên nghiệp, chu đáo. Đầu bếp có tay nghề chuyên nấu các món ăn rừng - biển hứa hẹn sẽ đem lại cho quý khách những bữa ăn ngon miệng và là 1 điểm đến thú vị cho du khách.</span></p>','. khách sạn Hùng Thảo có 3 tầng, 35 phòng nghỉ, được đầu tư đồng bộ trang thiết bị cao cấp như: Tivi, tủ lạnh, điều hòa, bình nóng lạnh.... \r\nKhông gian trong phòng được bố trí 02 giường hợp lý, mỗi phòng 2 giường đôi, sạch sẽ, thoáng mát, tạo nên một cảm giác giải trí thư giãn ngay tại phòng nghỉ.\r\n          Đội ngũ nhân viên phục vụ khách sạn chuyên nghiệp, chu đáo. Đầu bếp có tay nghề chuyên nấu các món ăn rừng - biển hứa hẹn sẽ đem lại cho quý khách những bữa ăn ngon miệng và là 1 điểm đến thú vị cho du khách.',NULL,'admin_58e3040fd30a6');
/*!40000 ALTER TABLE `hotel` ENABLE KEYS */;
UNLOCK TABLES;

--
-- Table structure for table `hotel_and_option`
--

DROP TABLE IF EXISTS `hotel_and_option`;
/*!40101 SET @saved_cs_client     = @@character_set_client */;
/*!40101 SET character_set_client = utf8 */;
CREATE TABLE `hotel_and_option` (
  `hotel_option_id` int(11) NOT NULL,
  `hotel_id` int(11) NOT NULL,
  PRIMARY KEY (`hotel_option_id`,`hotel_id`),
  KEY `fk_hotel_and_option_hotel_option1_idx` (`hotel_option_id`),
  KEY `fk_hotel_and_option_hotel1_idx` (`hotel_id`),
  CONSTRAINT `fk_hotel_and_option_hotel1` FOREIGN KEY (`hotel_id`) REFERENCES `hotel` (`id`) ON DELETE NO ACTION ON UPDATE NO ACTION,
  CONSTRAINT `fk_hotel_and_option_hotel_option1` FOREIGN KEY (`hotel_option_id`) REFERENCES `hotel_option` (`id`) ON DELETE NO ACTION ON UPDATE NO ACTION
) ENGINE=InnoDB DEFAULT CHARSET=utf8;
/*!40101 SET character_set_client = @saved_cs_client */;

--
-- Dumping data for table `hotel_and_option`
--

LOCK TABLES `hotel_and_option` WRITE;
/*!40000 ALTER TABLE `hotel_and_option` DISABLE KEYS */;
INSERT INTO `hotel_and_option` VALUES (1,22),(1,23),(1,24),(1,25),(1,26),(1,27),(1,28),(1,29),(1,30),(1,31),(1,32),(1,34),(1,35),(1,36),(1,37),(1,38),(1,39),(1,40),(1,42),(1,43),(1,44),(1,45),(1,46),(1,47),(1,48),(1,49),(1,50),(1,51),(1,52),(1,53),(1,54),(1,55),(1,56),(1,57),(1,58),(1,59),(1,60),(1,61),(1,62),(4,38),(4,43),(5,22),(5,23),(5,24),(5,25),(5,26),(5,27),(5,28),(5,29),(5,30),(5,31),(5,32),(5,34),(5,35),(5,36),(5,37),(5,38),(5,39),(5,40),(5,42),(5,43),(5,46),(5,47),(5,48),(5,49),(5,50),(5,51),(5,52),(5,53),(5,54),(5,55),(5,56),(5,57),(5,58),(5,59),(5,60),(5,61),(5,62),(6,22),(6,23),(6,25),(6,28),(6,35),(6,36),(6,37),(6,38),(6,39),(6,43),(6,49),(6,50),(6,51),(6,52),(6,54),(6,55),(6,60),(7,49),(8,22),(8,23),(8,25),(8,26),(8,28),(8,29),(8,31),(8,34),(8,35),(8,36),(8,37),(8,38),(8,39),(8,40),(8,42),(8,45),(8,46),(8,47),(8,48),(8,49),(8,50),(8,51),(8,52),(8,53),(8,54),(8,55),(8,56),(8,57),(8,58),(8,59),(8,60),(8,61),(9,22),(9,23),(9,24),(9,25),(9,26),(9,28),(9,29),(9,30),(9,31),(9,34),(9,35),(9,36),(9,37),(9,39),(9,40),(9,42),(9,43),(9,44),(9,45),(9,46),(9,47),(9,48),(9,49),(9,50),(9,51),(9,52),(9,53),(9,54),(9,55),(9,56),(9,57),(9,58),(9,59),(9,60),(9,61),(9,62),(10,22),(10,43),(10,49),(11,22),(11,23),(11,25),(11,26),(11,28),(11,29),(11,30),(11,31),(11,34),(11,35),(11,36),(11,37),(11,38),(11,39),(11,40),(11,42),(11,43),(11,45),(11,47),(11,48),(11,49),(11,50),(11,51),(11,52),(11,53),(11,54),(11,55),(11,56),(11,57),(11,58),(11,59),(11,60),(11,61),(11,62),(12,22),(12,23),(12,25),(12,26),(12,28),(12,29),(12,30),(12,31),(12,36),(12,37),(12,43),(12,45),(12,47),(12,48),(12,49),(12,50),(12,51),(12,52),(12,54),(12,55),(12,58),(12,60),(12,62),(13,22),(13,23),(13,24),(13,25),(13,26),(13,27),(13,28),(13,29),(13,30),(13,31),(13,34),(13,35),(13,36),(13,37),(13,38),(13,39),(13,40),(13,42),(13,43),(13,45),(13,46),(13,47),(13,48),(13,49),(13,50),(13,52),(13,53),(13,54),(13,55),(13,56),(13,57),(13,58),(13,59),(13,60),(13,61),(13,62);
/*!40000 ALTER TABLE `hotel_and_option` ENABLE KEYS */;
UNLOCK TABLES;

--
-- Table structure for table `hotel_free_room`
--

DROP TABLE IF EXISTS `hotel_free_room`;
/*!40101 SET @saved_cs_client     = @@character_set_client */;
/*!40101 SET character_set_client = utf8 */;
CREATE TABLE `hotel_free_room` (
  `id` int(11) NOT NULL AUTO_INCREMENT,
  `hotel_id` int(11) NOT NULL,
  `free_room` int(11) NOT NULL,
  `create_date` datetime NOT NULL,
  `user_id` int(11) NOT NULL,
  PRIMARY KEY (`id`),
  KEY `fk_hotel_free_room_hotel1_idx` (`hotel_id`),
  KEY `fk_hotel_free_room_user1_idx` (`user_id`),
  CONSTRAINT `fk_hotel_free_room_hotel1` FOREIGN KEY (`hotel_id`) REFERENCES `hotel` (`id`) ON DELETE NO ACTION ON UPDATE NO ACTION,
  CONSTRAINT `fk_hotel_free_room_user1` FOREIGN KEY (`user_id`) REFERENCES `user` (`id`) ON DELETE NO ACTION ON UPDATE NO ACTION
) ENGINE=InnoDB AUTO_INCREMENT=39 DEFAULT CHARSET=utf8;
/*!40101 SET character_set_client = @saved_cs_client */;

--
-- Dumping data for table `hotel_free_room`
--

LOCK TABLES `hotel_free_room` WRITE;
/*!40000 ALTER TABLE `hotel_free_room` DISABLE KEYS */;
INSERT INTO `hotel_free_room` VALUES (35,22,20,'2017-03-30 19:55:37',20),(36,32,1,'2017-03-31 22:02:54',177),(37,30,15,'2017-04-02 19:42:33',126),(38,43,33,'2017-04-03 17:52:45',8);
/*!40000 ALTER TABLE `hotel_free_room` ENABLE KEYS */;
UNLOCK TABLES;

--
-- Table structure for table `hotel_option`
--

DROP TABLE IF EXISTS `hotel_option`;
/*!40101 SET @saved_cs_client     = @@character_set_client */;
/*!40101 SET character_set_client = utf8 */;
CREATE TABLE `hotel_option` (
  `id` int(11) NOT NULL AUTO_INCREMENT,
  `name` varchar(255) NOT NULL,
  `icon` varchar(255) NOT NULL,
  PRIMARY KEY (`id`)
) ENGINE=InnoDB AUTO_INCREMENT=17 DEFAULT CHARSET=utf8;
/*!40101 SET character_set_client = @saved_cs_client */;

--
-- Dumping data for table `hotel_option`
--

LOCK TABLES `hotel_option` WRITE;
/*!40000 ALTER TABLE `hotel_option` DISABLE KEYS */;
INSERT INTO `hotel_option` VALUES (1,'Wifi miễn phí','wifi'),(2,'Đưa đón sân bay','taxi'),(3,'Bữa sáng miễn phí','breakfast'),(4,'Bể bơi ngoài trời','swimming-pool'),(5,'Bãi đỗ xe','parked-car'),(6,'Phòng họp','meeting-room'),(7,'Phòng tập thể thao','gym'),(8,'Thang máy','elevator'),(9,'Thêm giường phụ','bed'),(10,'Spa','spa'),(11,'Nhà hàng','restaurant'),(12,'Giặt là','laundry'),(13,'Truyền hình cáp/vệ tinh','tv-cap'),(14,'Thuê moto','motobike'),(15,'Sân golf','golf'),(16,'Xe điện','electric-car');
/*!40000 ALTER TABLE `hotel_option` ENABLE KEYS */;
UNLOCK TABLES;

--
-- Table structure for table `hotel_type`
--

DROP TABLE IF EXISTS `hotel_type`;
/*!40101 SET @saved_cs_client     = @@character_set_client */;
/*!40101 SET character_set_client = utf8 */;
CREATE TABLE `hotel_type` (
  `id` int(11) NOT NULL AUTO_INCREMENT,
  `name` varchar(255) NOT NULL COMMENT 'Khách sạn, nhà nghỉ, nhà trọ',
  `star` int(1) DEFAULT NULL,
  PRIMARY KEY (`id`)
) ENGINE=InnoDB AUTO_INCREMENT=11 DEFAULT CHARSET=utf8;
/*!40101 SET character_set_client = @saved_cs_client */;

--
-- Dumping data for table `hotel_type`
--

LOCK TABLES `hotel_type` WRITE;
/*!40000 ALTER TABLE `hotel_type` DISABLE KEYS */;
INSERT INTO `hotel_type` VALUES (1,'Khách sạn',1),(2,'Khách sạn',2),(4,'Khách sạn',3),(5,'Khách sạn',4),(6,'Khách sạn',5),(7,'Nhà Nghỉ',NULL),(8,'Biệt Thự',NULL),(9,'Nhà Trọ',NULL),(10,'Nhà Hàng',0);
/*!40000 ALTER TABLE `hotel_type` ENABLE KEYS */;
UNLOCK TABLES;

--
-- Table structure for table `migration_versions`
--

DROP TABLE IF EXISTS `migration_versions`;
/*!40101 SET @saved_cs_client     = @@character_set_client */;
/*!40101 SET character_set_client = utf8 */;
CREATE TABLE `migration_versions` (
  `version` varchar(255) CHARACTER SET utf8 NOT NULL,
  PRIMARY KEY (`version`)
) ENGINE=InnoDB DEFAULT CHARSET=utf8 COLLATE=utf8_unicode_ci;
/*!40101 SET character_set_client = @saved_cs_client */;

--
-- Dumping data for table `migration_versions`
--

LOCK TABLES `migration_versions` WRITE;
/*!40000 ALTER TABLE `migration_versions` DISABLE KEYS */;
INSERT INTO `migration_versions` VALUES ('20170109174421');
/*!40000 ALTER TABLE `migration_versions` ENABLE KEYS */;
UNLOCK TABLES;

--
-- Table structure for table `movement`
--

DROP TABLE IF EXISTS `movement`;
/*!40101 SET @saved_cs_client     = @@character_set_client */;
/*!40101 SET character_set_client = utf8 */;
CREATE TABLE `movement` (
  `id` int(11) NOT NULL AUTO_INCREMENT,
  `user_id` int(11) NOT NULL,
  `type` enum('CREDIT','DEBIT') NOT NULL,
  `amount` float NOT NULL DEFAULT '0',
  `processed_date` datetime DEFAULT NULL,
  `create_date` datetime NOT NULL,
  `billing_code` varchar(45) DEFAULT NULL,
  `ratio` varchar(45) DEFAULT NULL,
  `orders_id` int(11) NOT NULL,
  PRIMARY KEY (`id`),
  KEY `fk_payment_user1_idx` (`user_id`),
  KEY `fk_movement_orders1_idx` (`orders_id`),
  CONSTRAINT `fk_movement_orders1` FOREIGN KEY (`orders_id`) REFERENCES `orders` (`id`) ON DELETE NO ACTION ON UPDATE NO ACTION,
  CONSTRAINT `fk_payment_user1` FOREIGN KEY (`user_id`) REFERENCES `user` (`id`) ON DELETE NO ACTION ON UPDATE NO ACTION
) ENGINE=InnoDB DEFAULT CHARSET=utf8;
/*!40101 SET character_set_client = @saved_cs_client */;

--
-- Dumping data for table `movement`
--

LOCK TABLES `movement` WRITE;
/*!40000 ALTER TABLE `movement` DISABLE KEYS */;
/*!40000 ALTER TABLE `movement` ENABLE KEYS */;
UNLOCK TABLES;

--
-- Table structure for table `order_history`
--

DROP TABLE IF EXISTS `order_history`;
/*!40101 SET @saved_cs_client     = @@character_set_client */;
/*!40101 SET character_set_client = utf8 */;
CREATE TABLE `order_history` (
  `id` int(11) NOT NULL AUTO_INCREMENT,
  `create_date` datetime NOT NULL,
  `status_before` enum('OPEN','CANCEL','IN PROGRESS','VALID') NOT NULL,
  `status_after` enum('OPEN','CANCEL','IN PROGRESS','VALID') NOT NULL,
  `description` text,
  `orders_id` int(11) NOT NULL,
  `check_in_date` date NOT NULL,
  `check_out_date` date NOT NULL,
  `price` float DEFAULT NULL,
  `quantity` int(11) NOT NULL,
  PRIMARY KEY (`id`),
  KEY `fk_order_history_orders1_idx` (`orders_id`),
  CONSTRAINT `fk_order_history_orders1` FOREIGN KEY (`orders_id`) REFERENCES `orders` (`id`) ON DELETE NO ACTION ON UPDATE NO ACTION
) ENGINE=InnoDB DEFAULT CHARSET=utf8;
/*!40101 SET character_set_client = @saved_cs_client */;

--
-- Dumping data for table `order_history`
--

LOCK TABLES `order_history` WRITE;
/*!40000 ALTER TABLE `order_history` DISABLE KEYS */;
/*!40000 ALTER TABLE `order_history` ENABLE KEYS */;
UNLOCK TABLES;

--
-- Table structure for table `order_status`
--

DROP TABLE IF EXISTS `order_status`;
/*!40101 SET @saved_cs_client     = @@character_set_client */;
/*!40101 SET character_set_client = utf8 */;
CREATE TABLE `order_status` (
  `id` int(11) NOT NULL AUTO_INCREMENT,
  `name` varchar(45) DEFAULT NULL COMMENT 'OPEN\nIN PROGRESS\nRESOLVED\nCANCEL\n',
  PRIMARY KEY (`id`)
) ENGINE=InnoDB DEFAULT CHARSET=utf8;
/*!40101 SET character_set_client = @saved_cs_client */;

--
-- Dumping data for table `order_status`
--

LOCK TABLES `order_status` WRITE;
/*!40000 ALTER TABLE `order_status` DISABLE KEYS */;
/*!40000 ALTER TABLE `order_status` ENABLE KEYS */;
UNLOCK TABLES;

--
-- Table structure for table `orders`
--

DROP TABLE IF EXISTS `orders`;
/*!40101 SET @saved_cs_client     = @@character_set_client */;
/*!40101 SET character_set_client = utf8 */;
CREATE TABLE `orders` (
  `id` int(11) NOT NULL AUTO_INCREMENT,
  `user_id` int(11) DEFAULT NULL,
  `quantity` int(11) NOT NULL,
  `create_date` datetime DEFAULT NULL,
  `update_date` datetime DEFAULT NULL,
  `price` float DEFAULT NULL,
  `hotel_id` int(11) DEFAULT NULL,
  `area_id` int(11) DEFAULT NULL,
  `status` enum('OPEN','CANCEL','IN PROGRESS','VALID') NOT NULL DEFAULT 'OPEN',
  `description` text,
  `reason` text,
  `check_in_date` date DEFAULT NULL,
  `check_out_date` date DEFAULT NULL,
  `client_id` int(11) NOT NULL,
  `commission_ratio` float DEFAULT NULL,
  `bonus_ratio` float DEFAULT NULL,
  `receipt_ratio` float DEFAULT NULL,
  `processed_date` datetime DEFAULT NULL,
  PRIMARY KEY (`id`),
  KEY `fk_order_user1_idx` (`user_id`),
  KEY `fk_order_client1_idx` (`client_id`),
  CONSTRAINT `fk_order_client1` FOREIGN KEY (`client_id`) REFERENCES `client` (`id`) ON DELETE NO ACTION ON UPDATE NO ACTION
) ENGINE=InnoDB AUTO_INCREMENT=23 DEFAULT CHARSET=utf8;
/*!40101 SET character_set_client = @saved_cs_client */;

--
-- Dumping data for table `orders`
--

LOCK TABLES `orders` WRITE;
/*!40000 ALTER TABLE `orders` DISABLE KEYS */;
INSERT INTO `orders` VALUES (1,NULL,12,NULL,NULL,NULL,NULL,NULL,'OPEN',NULL,NULL,'2017-03-07','2017-03-08',1,NULL,NULL,NULL,NULL),(2,NULL,1111,NULL,NULL,NULL,NULL,6,'OPEN',NULL,NULL,'2017-03-08','2017-03-09',2,NULL,NULL,NULL,NULL),(22,1,1,'2017-04-02 19:41:24',NULL,NULL,30,4,'OPEN',NULL,NULL,'2017-04-02','2017-04-03',22,NULL,NULL,NULL,NULL);
/*!40000 ALTER TABLE `orders` ENABLE KEYS */;
UNLOCK TABLES;

--
-- Table structure for table `page`
--

DROP TABLE IF EXISTS `page`;
/*!40101 SET @saved_cs_client     = @@character_set_client */;
/*!40101 SET character_set_client = utf8 */;
CREATE TABLE `page` (
  `id` int(11) NOT NULL AUTO_INCREMENT,
  `title` varchar(255) NOT NULL,
  `slug` varchar(255) NOT NULL,
  `content` longtext,
  `is_locked` tinyint(1) DEFAULT '0',
  PRIMARY KEY (`id`),
  UNIQUE KEY `slug_UNIQUE` (`slug`)
) ENGINE=InnoDB AUTO_INCREMENT=4 DEFAULT CHARSET=utf8;
/*!40101 SET character_set_client = @saved_cs_client */;

--
-- Dumping data for table `page`
--

LOCK TABLES `page` WRITE;
/*!40000 ALTER TABLE `page` DISABLE KEYS */;
INSERT INTO `page` VALUES (1,'Giới thiệu','gioi-thieu','<p class=\"MsoNormal\" style=\"text-align:justify;mso-outline-level:1\"><b><span style=\"font-size:13.0pt;line-height:\r\n115%;font-family:&quot;Times New Roman&quot;,&quot;serif&quot;\">GIỚI THIỆU CÔNG TY<o:p></o:p></span></b></p>\r\n\r\n<p class=\"MsoNormal\" style=\"text-align:justify\"><span style=\"font-size:13.0pt;\r\nline-height:115%;font-family:&quot;Times New Roman&quot;,&quot;serif&quot;\">CÔNG TY CỔ PHẦN ĐẦU TƯ\r\nBẤT ĐỘNG SẢN VÀ XÂY DỰNG HỒNG ĐỨC được thành lập ngày … do … cấp ngày, giấy\r\nphép kinh doanh … mã số thuế.<o:p></o:p></span></p>\r\n\r\n<p class=\"MsoNormal\" style=\"text-align:justify\"><span style=\"font-size:13.0pt;\r\nline-height:115%;font-family:&quot;Times New Roman&quot;,&quot;serif&quot;\">Công ty có trụ sở tại số\r\n299 Trần Nhân Tông, Thanh Thái, xã Quảng Cư, cách FLC Sầm Sơn 500m.<o:p></o:p></span></p>\r\n\r\n<p class=\"MsoNormal\" style=\"margin-bottom: 0.0001pt; text-align: justify; line-height: normal; background-image: initial; background-position: initial; background-size: initial; background-repeat: initial; background-attachment: initial; background-origin: initial; background-clip: initial;\"><b><span style=\"font-size:13.0pt;\r\nfont-family:&quot;Times New Roman&quot;,&quot;serif&quot;;mso-fareast-font-family:&quot;Times New Roman&quot;;\r\ncolor:#333333;border:none windowtext 1.0pt;mso-border-alt:none windowtext 0cm;\r\npadding:0cm\">Công ty Cổ phần đầu tư bất động sản và xây dựng Hồng Đức</span></b><span style=\"font-size:13.0pt;font-family:&quot;Times New Roman&quot;,&quot;serif&quot;;mso-fareast-font-family:\r\n&quot;Times New Roman&quot;;color:#333333\"> được hình thành với ý tưởng, mục tiêu phát\r\ntriển thành một công ty đa ngành nghề, đặt quyền lợi khách hàng lên trên quyền\r\nlợi của công ty.<o:p></o:p></span></p>\r\n\r\n<p class=\"MsoNormal\" style=\"margin-bottom: 0.0001pt; text-align: justify; line-height: normal; background-image: initial; background-position: initial; background-size: initial; background-repeat: initial; background-attachment: initial; background-origin: initial; background-clip: initial;\"><span style=\"font-size:13.0pt;\r\nfont-family:&quot;Times New Roman&quot;,&quot;serif&quot;;mso-fareast-font-family:&quot;Times New Roman&quot;;\r\ncolor:#333333\">&nbsp;Chúng tôi hiểu rằng giá\r\ntrị của thương hiệu được hình thành từ sự tin yêu của khách hàng. Vì vậy, sự\r\nhài lòng của khách hàng khi sử dụng các sản phẩm dịch vụ của chúng tôi luôn\r\nđược ưu tiên hàng đầu.<o:p></o:p></span></p>\r\n\r\n<p class=\"MsoNormal\" style=\"margin-bottom: 0.0001pt; text-align: justify; line-height: normal; background-image: initial; background-position: initial; background-size: initial; background-repeat: initial; background-attachment: initial; background-origin: initial; background-clip: initial;\"><span style=\"font-size:13.0pt;\r\nfont-family:&quot;Times New Roman&quot;,&quot;serif&quot;;mso-fareast-font-family:&quot;Times New Roman&quot;;\r\ncolor:#333333\">Chúng tôi mong muốn trở thành người bạn đồng hành đáng tin cậy\r\nvới quý khách hàng qua các dịch vụ:<o:p></o:p></span></p>\r\n\r\n<p class=\"MsoNormal\" style=\"margin-bottom: 0.0001pt; text-align: justify; line-height: normal; background-image: initial; background-position: initial; background-size: initial; background-repeat: initial; background-attachment: initial; background-origin: initial; background-clip: initial;\"><span style=\"font-size:13.0pt;\r\nfont-family:&quot;Times New Roman&quot;,&quot;serif&quot;;mso-fareast-font-family:&quot;Times New Roman&quot;;\r\ncolor:#333333\">- Dịch vụ đặt phòng khách sạn;<o:p></o:p></span></p>\r\n\r\n<p class=\"MsoNormal\" style=\"margin-bottom: 0.0001pt; text-align: justify; line-height: normal; background-image: initial; background-position: initial; background-size: initial; background-repeat: initial; background-attachment: initial; background-origin: initial; background-clip: initial;\"><span style=\"font-size:13.0pt;\r\nfont-family:&quot;Times New Roman&quot;,&quot;serif&quot;;mso-fareast-font-family:&quot;Times New Roman&quot;;\r\ncolor:#333333\">- Dịch vụ vé máy bay;<o:p></o:p></span></p>\r\n\r\n<p class=\"MsoNormal\" style=\"margin-bottom: 0.0001pt; text-align: justify; line-height: normal; background-image: initial; background-position: initial; background-size: initial; background-repeat: initial; background-attachment: initial; background-origin: initial; background-clip: initial;\"><span lang=\"FR\" style=\"font-size:\r\n13.0pt;font-family:&quot;Times New Roman&quot;,&quot;serif&quot;;mso-fareast-font-family:&quot;Times New Roman&quot;;\r\ncolor:#333333;mso-ansi-language:FR\">- Dịch vụ tổ chức tua du lịch;<o:p></o:p></span></p>\r\n\r\n<p class=\"MsoNormal\" style=\"text-align:justify\"><span lang=\"FR\" style=\"font-size:\r\n13.0pt;line-height:115%;font-family:&quot;Times New Roman&quot;,&quot;serif&quot;;mso-fareast-font-family:\r\n&quot;Times New Roman&quot;;color:#333333;mso-ansi-language:FR\">- Dịch vụ mua bán, thuê,\r\ncho thuê bất động sản<o:p></o:p></span></p>\r\n\r\n<p class=\"MsoNormal\" style=\"text-align:justify;mso-outline-level:1\"><b><span lang=\"FR\" style=\"font-size:13.0pt;\r\nline-height:115%;font-family:&quot;Times New Roman&quot;,&quot;serif&quot;;mso-ansi-language:FR\">TẠI\r\nSAO CHỌN CHÚNG TÔI?<o:p></o:p></span></b></p>\r\n\r\n<p class=\"MsoNormal\" style=\"margin-bottom: 0.0001pt; text-align: justify; line-height: normal; background-image: initial; background-position: initial; background-size: initial; background-repeat: initial; background-attachment: initial; background-origin: initial; background-clip: initial;\"><span lang=\"FR\" style=\"font-size:\r\n13.0pt;font-family:&quot;Times New Roman&quot;,&quot;serif&quot;;mso-fareast-font-family:&quot;Times New Roman&quot;;\r\ncolor:#333333;mso-ansi-language:FR\">Một số lý do để quý khách tin tưởng và lựa\r\nchọn dịch vụ của chúng tôi:<o:p></o:p></span></p>\r\n\r\n<p class=\"MsoNormal\" style=\"margin-bottom: 0.0001pt; text-align: justify; line-height: normal; background-image: initial; background-position: initial; background-size: initial; background-repeat: initial; background-attachment: initial; background-origin: initial; background-clip: initial;\"><span style=\"font-size:13.0pt;\r\nfont-family:&quot;Times New Roman&quot;,&quot;serif&quot;;mso-fareast-font-family:&quot;Times New Roman&quot;;\r\ncolor:#333333\">- Sự tận tâm và nhiệt huyết của đội ngũ nhân sự tạo nên một giá\r\ntrị không ngừng lớn <o:p></o:p></span></p>\r\n\r\n<p class=\"MsoNormal\" style=\"margin-bottom: 0.0001pt; text-align: justify; line-height: normal; background-image: initial; background-position: initial; background-size: initial; background-repeat: initial; background-attachment: initial; background-origin: initial; background-clip: initial;\"><span style=\"font-size:13.0pt;\r\nfont-family:&quot;Times New Roman&quot;,&quot;serif&quot;;mso-fareast-font-family:&quot;Times New Roman&quot;;\r\ncolor:#333333\">&nbsp;- Chúng tôi luôn cam kết tạo nên giá trị đồng hành giữa\r\nchất lượng và chi phí nhằm làm hài lòng khách hàng với mức giá hợp lí.<o:p></o:p></span></p>\r\n\r\n<p class=\"MsoNormal\" style=\"margin-bottom: 0.0001pt; text-align: justify; line-height: normal; background-image: initial; background-position: initial; background-size: initial; background-repeat: initial; background-attachment: initial; background-origin: initial; background-clip: initial;\"><span style=\"font-size:13.0pt;\r\nfont-family:&quot;Times New Roman&quot;,&quot;serif&quot;;mso-fareast-font-family:&quot;Times New Roman&quot;;\r\ncolor:#333333\">- Tư vấn miễn phí<o:p></o:p></span></p>\r\n\r\n<p class=\"MsoNormal\" style=\"margin-bottom: 0.0001pt; text-align: justify; line-height: normal; background-image: initial; background-position: initial; background-size: initial; background-repeat: initial; background-attachment: initial; background-origin: initial; background-clip: initial;\"><span style=\"font-size:13.0pt;\r\nfont-family:&quot;Times New Roman&quot;,&quot;serif&quot;;mso-fareast-font-family:&quot;Times New Roman&quot;;\r\ncolor:#333333\">- Hỗ trợ 24/24<o:p></o:p></span></p>\r\n\r\n<p class=\"MsoNormal\" style=\"margin-bottom: 0.0001pt; text-align: justify; line-height: normal; background-image: initial; background-position: initial; background-size: initial; background-repeat: initial; background-attachment: initial; background-origin: initial; background-clip: initial;\"><span style=\"font-size:13.0pt;\r\nfont-family:&quot;Times New Roman&quot;,&quot;serif&quot;;mso-fareast-font-family:&quot;Times New Roman&quot;;\r\ncolor:#333333\">- Đa phương thức tiếp cận&nbsp;(tư vấn qua điện thoại, website\r\nvà đặc biệt là dịch vụ tại nhà)<o:p></o:p></span></p>\r\n\r\n<p class=\"MsoNormal\" style=\"margin-bottom: 0.0001pt; text-align: justify; line-height: normal; background-image: initial; background-position: initial; background-size: initial; background-repeat: initial; background-attachment: initial; background-origin: initial; background-clip: initial;\"><span style=\"font-size:13.0pt;\r\nfont-family:&quot;Times New Roman&quot;,&quot;serif&quot;;mso-fareast-font-family:&quot;Times New Roman&quot;;\r\ncolor:#333333\">Một lần nữa, Công ty Cổ phần đầu tư bất động sản và xây dựng\r\nHồng Đức chúng tôi xin gửi đến toàn thể Quý khách lời chúc sức khỏe và lời cảm\r\nơn chân thành nhất. Chúng tôi cam kết sẽ không ngừng phát triển và hoàn thiện\r\ncác dịch vụ để phục vụ Quý khách ngày một tốt hơn.<o:p></o:p></span></p>\r\n\r\n<p class=\"MsoNormal\" style=\"text-align:justify\"><span lang=\"FR\" style=\"font-size:\r\n13.0pt;line-height:115%;font-family:&quot;Times New Roman&quot;,&quot;serif&quot;;mso-fareast-font-family:\r\n&quot;Times New Roman&quot;;color:#333333;mso-ansi-language:FR\">Trân trọng kính chào!</span><span lang=\"FR\" style=\"font-family:&quot;Times New Roman&quot;,&quot;serif&quot;;mso-ansi-language:FR\"><o:p></o:p></span></p>',1),(2,'Điều khoản dịch vụ','dieu-khoan-dich-vu','<h2 style=\"font-family: RobotoDraft, arial, sans-serif; margin: 1.236em 0px 0.618em; line-height: 1.29; font-size: 20px; color: rgb(33, 33, 33);\"><p class=\"MsoNormal\" style=\"text-align:justify;mso-outline-level:1\"><b><span style=\"font-size:15.0pt;line-height:\r\n115%;font-family:&quot;Times New Roman&quot;,&quot;serif&quot;;mso-font-kerning:18.0pt\">Điều khoản\r\ndịch vụ của trang web</span></b><o:p></o:p></p>\r\n\r\n<p class=\"MsoNormal\" style=\"text-align:justify;mso-outline-level:1\"><b><i><span style=\"font-size:13.0pt;mso-bidi-font-size:11.0pt;line-height:115%;font-family:\r\n&quot;Times New Roman&quot;,&quot;serif&quot;;mso-font-kerning:18.0pt\">Chào mừng các bạn đến với\r\nwebsite của chúng tôi<o:p></o:p></span></i></b></p>\r\n\r\n<p class=\"MsoNormal\" style=\"text-align:justify\"><span style=\"font-size:13.0pt;\r\nmso-bidi-font-size:11.0pt;line-height:115%;font-family:&quot;Times New Roman&quot;,&quot;serif&quot;;\r\nmso-font-kerning:18.0pt\">Cảm ơn các bạn đã sử dụng các sản phẩm dịch vụ của\r\nchúng tôi. Các sản phẩm dịch vụ của chung tôi được cung cấp bởi </span><b><span style=\"font-size:13.0pt;line-height:\r\n115%;font-family:&quot;Times New Roman&quot;,&quot;serif&quot;\">CÔNG TY CỔ PHẦN ĐẦU TƯ BẤT ĐỘNG SẢN\r\nVÀ XÂY DỰNG HỒNG ĐỨC</span></b><span style=\"font-size:13.0pt;mso-bidi-font-size:\r\n11.0pt;line-height:115%;font-family:&quot;Times New Roman&quot;,&quot;serif&quot;;mso-font-kerning:\r\n18.0pt\">. Các bạn có thể sử dụng dịch vụ website của chúng tôi thông qua một\r\ntrong các trang web sau:<o:p></o:p></span></p>\r\n\r\n<ul><li style=\"text-align: justify; text-indent: -18pt;\"><!--[if !supportLists]--><span style=\"font-size:13.0pt;\r\nmso-bidi-font-size:11.0pt;line-height:115%;font-family:&quot;Courier New&quot;;\r\nmso-fareast-font-family:&quot;Courier New&quot;;mso-font-kerning:18.0pt\">o<span style=\"font-variant-numeric: normal; font-stretch: normal; font-size: 7pt; line-height: normal; font-family: &quot;Times New Roman&quot;;\">&nbsp; &nbsp;</span></span><a href=\"http://www.datphongkhachsansamson.vn/\"><span style=\"font-size:13.0pt;mso-bidi-font-size:11.0pt;line-height:115%;font-family:\r\n&quot;Times New Roman&quot;,&quot;serif&quot;;mso-font-kerning:18.0pt\">http://www.datphongkhachsansamson.vn</span></a><span style=\"font-size:13.0pt;mso-bidi-font-size:11.0pt;line-height:115%;font-family:\r\n&quot;Times New Roman&quot;,&quot;serif&quot;;mso-font-kerning:18.0pt\"><o:p></o:p></span></li></ul>\r\n\r\n<ul><li style=\"text-align: justify; text-indent: -18pt;\"><!--[if !supportLists]--><span style=\"font-size:13.0pt;\r\nmso-bidi-font-size:11.0pt;line-height:115%;font-family:&quot;Courier New&quot;;\r\nmso-fareast-font-family:&quot;Courier New&quot;;mso-font-kerning:18.0pt\">o<span style=\"font-variant-numeric: normal; font-stretch: normal; font-size: 7pt; line-height: normal; font-family: &quot;Times New Roman&quot;;\">&nbsp;&nbsp;\r\n</span></span><!--[endif]--><a href=\"http://datphongsamson.info/\"><span style=\"font-size:13.0pt;mso-bidi-font-size:11.0pt;line-height:115%;font-family:\r\n&quot;Times New Roman&quot;,&quot;serif&quot;;mso-font-kerning:18.0pt\">http://datphongsamson.info</span></a><span style=\"font-size:13.0pt;mso-bidi-font-size:11.0pt;line-height:115%;font-family:\r\n&quot;Times New Roman&quot;,&quot;serif&quot;;mso-font-kerning:18.0pt\"><o:p></o:p></span></li></ul>\r\n\r\n<ul><li style=\"text-align: justify; text-indent: -18pt;\"><!--[if !supportLists]--><span style=\"font-size:13.0pt;\r\nmso-bidi-font-size:11.0pt;line-height:115%;font-family:&quot;Courier New&quot;;\r\nmso-fareast-font-family:&quot;Courier New&quot;;mso-font-kerning:18.0pt\">o<span style=\"font-variant-numeric: normal; font-stretch: normal; font-size: 7pt; line-height: normal; font-family: &quot;Times New Roman&quot;;\">&nbsp;&nbsp;\r\n</span></span><!--[endif]--><a href=\"http://datphong.online/\"><span style=\"font-size:13.0pt;mso-bidi-font-size:11.0pt;line-height:115%;font-family:\r\n&quot;Times New Roman&quot;,&quot;serif&quot;;mso-font-kerning:18.0pt\">http://datphong.online</span></a><span style=\"font-size:13.0pt;mso-bidi-font-size:11.0pt;line-height:115%;font-family:\r\n&quot;Times New Roman&quot;,&quot;serif&quot;;mso-font-kerning:18.0pt\"> <o:p></o:p></span></li></ul>\r\n\r\n<p class=\"MsoNormal\" style=\"text-align:justify\"><span style=\"font-size:13.0pt;\r\nmso-bidi-font-size:11.0pt;line-height:115%;font-family:&quot;Times New Roman&quot;,&quot;serif&quot;;\r\nmso-font-kerning:18.0pt\">Bằng việc sử dụng Dịch vụ của chúng tôi, bạn đang đồng\r\ný với các điều khoản này. Vui lòng đọc kỹ các điều khoản này.<o:p></o:p></span></p>\r\n\r\n<p class=\"MsoNormal\"><b><i><span style=\"font-size:13.0pt;\r\nmso-bidi-font-size:11.0pt;line-height:115%;font-family:&quot;Times New Roman&quot;,&quot;serif&quot;;\r\nmso-font-kerning:18.0pt\">Sử dụng Dịch vụ của chúng tôi<o:p></o:p></span></i></b></p>\r\n\r\n<p class=\"MsoNormal\" style=\"text-align:justify\"><span style=\"font-size:13.0pt;\r\nmso-bidi-font-size:11.0pt;line-height:115%;font-family:&quot;Times New Roman&quot;,&quot;serif&quot;;\r\nmso-font-kerning:18.0pt\">Bạn phải tuân thủ mọi chính sách đã cung cấp cho bạn\r\ntrong phạm vi Dịch vụ.<o:p></o:p></span></p>\r\n\r\n<p class=\"MsoNormal\" style=\"text-align:justify\"><span style=\"font-size:13.0pt;\r\nmso-bidi-font-size:11.0pt;line-height:115%;font-family:&quot;Times New Roman&quot;,&quot;serif&quot;;\r\nmso-font-kerning:18.0pt\">Không được sử dụng trái phép Dịch vụ của chúng tôi. Ví\r\ndụ: không được gây trở ngại cho Dịch vụ của chúng tôi hoặc tìm cách truy cập\r\nchúng bằng phương pháp nào đó không thông qua giao diện và hướng dẫn mà chúng\r\ntôi cung cấp. Bạn chỉ có thể sử dụng Dịch vụ của chúng tôi theo như được luật\r\npháp cho phép, bao gồm cả các luật và quy định hiện hành về quản lý xuất khẩu\r\nvà tái xuất khẩu. Chúng tôi có thể tạm ngừng hoặc ngừng cung cấp Dịch vụ của\r\nchúng tôi cho bạn nếu bạn không tuân thủ các điều khoản hoặc chính sách của\r\nchúng tôi hoặc nếu chúng tôi đang điều tra hành vi bị nghi ngờ là sai phạm.<o:p></o:p></span></p>\r\n\r\n<p class=\"MsoNormal\" style=\"text-align:justify\"><span style=\"font-size:13.0pt;\r\nmso-bidi-font-size:11.0pt;line-height:115%;font-family:&quot;Times New Roman&quot;,&quot;serif&quot;;\r\nmso-font-kerning:18.0pt\">Việc bạn sử dụng Dịch vụ của chúng tôi không có nghĩa\r\nlà bạn được sở hữu bất cứ các quyền sở hữu trí tuệ nào đối với Dịch vụ của\r\nchúng tôi hoặc nội dung mà bạn truy cập. Bạn không được sử dụng nội dung từ\r\nDịch vụ của chúng tôi trừ khi bạn được chủ sở hữu nội dung đó cho phép hoặc được\r\nluật pháp cho phép. Các điều khoản này không cấp cho bạn quyền sử dụng bất kỳ\r\nthương hiệu hoặc lôgô nào được sử dụng trong Dịch vụ của chúng tôi. Không được\r\nxóa, che khuất hoặc thay đổi bất kỳ thông báo pháp lý nào được hiển thị trong\r\nhoặc kèm theo Dịch vụ của chúng tôi.<o:p></o:p></span></p>\r\n\r\n<p class=\"MsoNormal\" style=\"text-align:justify\"><span style=\"font-size:13.0pt;\r\nmso-bidi-font-size:11.0pt;line-height:115%;font-family:&quot;Times New Roman&quot;,&quot;serif&quot;;\r\nmso-font-kerning:18.0pt\">Dịch vụ của chúng tôi hiển thị một số nội dung không\r\nphải của Google. Chỉ một mình đối tượng cung cấp sẽ chịu trách nhiệm về nội\r\ndung này. Chúng tôi có thể xem xét nội dung để xác định xem nội dung đó có bất\r\nhợp pháp hoặc vi phạm chính sách của chúng tôi hay không, và chúng tôi có thể\r\nxóa hoặc từ chối hiển thị nội dung mà chúng tôi có lý do chính đáng để tin rằng\r\nnội dung đó vi phạm chính sách của chúng tôi hoặc luật pháp. Tuy nhiên, điều đó\r\nkhông nhất thiết có nghĩa là chúng tôi sẽ xem xét nội dung, do vậy bạn đừng cho\r\nrằng chúng tôi sẽ làm như vậy.<o:p></o:p></span></p>\r\n\r\n<p class=\"MsoNormal\" style=\"text-align:justify\"><span style=\"font-size:13.0pt;\r\nmso-bidi-font-size:11.0pt;line-height:115%;font-family:&quot;Times New Roman&quot;,&quot;serif&quot;;\r\nmso-font-kerning:18.0pt\">Liên quan đến việc bạn sử dụng Dịch vụ, chúng tôi có\r\nthể gửi cho bạn các thông báo dịch vụ, thông báo quản trị và thông tin khác. Bạn\r\ncó thể chọn không nhận một số thông báo này.<o:p></o:p></span></p>\r\n\r\n<p class=\"MsoNormal\" style=\"text-align:justify\"><span style=\"font-size:13.0pt;\r\nmso-bidi-font-size:11.0pt;line-height:115%;font-family:&quot;Times New Roman&quot;,&quot;serif&quot;;\r\nmso-font-kerning:18.0pt\">Một số các Dịch vụ của chúng tôi có sẵn trên các thiết\r\nbị di động. Không sử dụng các Dịch vụ đó theo cách khiến bạn bị mất tập trung\r\nvà ngăn cản bạn tuân thủ các luật về an toàn hoặc giao thông.<o:p></o:p></span></p>\r\n\r\n<p class=\"MsoNormal\" style=\"text-align:justify\"><span style=\"font-size:13.0pt;\r\nmso-bidi-font-size:11.0pt;line-height:115%;font-family:&quot;Times New Roman&quot;,&quot;serif&quot;;\r\nmso-font-kerning:18.0pt\"><o:p>&nbsp;</o:p></span></p>\r\n\r\n<p class=\"MsoNormal\"><b><i><span style=\"font-size:13.0pt;\r\nmso-bidi-font-size:11.0pt;line-height:115%;font-family:&quot;Times New Roman&quot;,&quot;serif&quot;;\r\nmso-font-kerning:18.0pt\">Lợi ích khi sử dụng Dịch vụ của chúng tôi<o:p></o:p></span></i></b></p>\r\n\r\n<p class=\"MsoNormal\" style=\"text-align:justify\"><span style=\"font-size:13.0pt;\r\nmso-bidi-font-size:11.0pt;line-height:115%;font-family:&quot;Times New Roman&quot;,&quot;serif&quot;\">Khi\r\nsử dụng phần mềm của chúng tôi để giới thiệu khách thuê phòng, bạn sẽ nhận được\r\nkhoản tiền hoa hồng. Để được nhận hoa hồng bạn cần đăng ký tài khoản tại trang\r\nweb này, đồng thời chúng tôi sẽ xác thực tài khoản và hợp đồng với trước khi\r\ntài khoản có hiệu lực. Các bạn cần cung cấp các thông tin bắt buộc cho chúng\r\ntôi khi đăng ký tài khoản, các thông tin này được ghi rõ khi bạn đăng ký tài\r\nkhoản mới trên giao diện phần mềm. <o:p></o:p></span></p>\r\n\r\n<p class=\"MsoNormal\"><b><i><span style=\"font-size:13.0pt;\r\nmso-bidi-font-size:11.0pt;line-height:115%;font-family:&quot;Times New Roman&quot;,&quot;serif&quot;;\r\nmso-font-kerning:18.0pt\">Bảo vệ sự riêng tư và bản quyền<o:p></o:p></span></i></b></p>\r\n\r\n<p class=\"MsoNormal\" style=\"text-align:justify\"><span style=\"font-size:13.0pt;\r\nmso-bidi-font-size:11.0pt;line-height:115%;font-family:&quot;Times New Roman&quot;,&quot;serif&quot;;\r\nmso-bidi-font-family:&quot;Times New Roman&quot;;mso-bidi-theme-font:minor-bidi\">Chính\r\nsách của Chúng tôi về sự riêng tư giải thích cách chúng tôi xử lý dữ liệu cá\r\nnhân của bạn và bảo vệ sự riêng tư của bạn khi bạn sử dụng Dịch vụ của chúng\r\ntôi. Bằng việc sử dụng Dịch vụ của chúng tôi, bạn đang đồng ý rằng Chúng tôi có\r\nthể những sử dụng dữ liệu đó theo chính sách của chúng tôi về sự riêng tư.<o:p></o:p></span></p>\r\n\r\n<p class=\"MsoNormal\" style=\"text-align:justify\"><span style=\"font-size:13.0pt;\r\nmso-bidi-font-size:11.0pt;line-height:115%;font-family:&quot;Times New Roman&quot;,&quot;serif&quot;;\r\nmso-bidi-font-family:&quot;Times New Roman&quot;;mso-bidi-theme-font:minor-bidi\">Chúng\r\ntôi đảm bảo thông tin cá nhân của khách hang được bảo mật tuyệt đối trên trang\r\nweb của chúng tôi. <o:p></o:p></span></p>\r\n\r\n<p class=\"MsoNormal\"><b><i><span style=\"font-size:13.0pt;\r\nmso-bidi-font-size:11.0pt;line-height:115%;font-family:&quot;Times New Roman&quot;,&quot;serif&quot;;\r\nmso-bidi-font-family:&quot;Times New Roman&quot;;mso-bidi-theme-font:minor-bidi\">Việc sử\r\ndụng Dịch vụ của chúng tôi cho doanh nghiệp<o:p></o:p></span></i></b></p>\r\n\r\n<p class=\"MsoNormal\" style=\"text-align:justify\"><span style=\"font-size:13.0pt;\r\nmso-bidi-font-size:11.0pt;line-height:115%;font-family:&quot;Times New Roman&quot;,&quot;serif&quot;;\r\nmso-bidi-font-family:&quot;Times New Roman&quot;;mso-bidi-theme-font:minor-bidi;\r\nmso-font-kerning:18.0pt\">Nếu bạn đang sử dụng Dịch vụ của chúng tôi thay mặt\r\ncho doanh nghiệp, thì doanh nghiệp đó chấp nhận các điều khoản này. Doanh nghiệp\r\nđó sẽ bồi hoàn và giữ cho chúng tôi cũng như các công ty liên kết, cán bộ, người\r\nđại diện và nhân viên của Chúng tôi không bị tổn hại đối với bất kỳ khiếu nại,\r\nkhiếu kiện hoặc tố tụng nào nảy sinh từ hoặc có liên quan đến việc sử dụng Dịch\r\nvụ hoặc vi phạm các điều khoản này, bao gồm cả bất kỳ trách nhiệm pháp lý hoặc\r\nchi phí nào phát sinh từ các khiếu nại, tổn thất, thiệt hại, khiếu kiện, phán\r\nquyết, chi phí tố tụng và tiền phí luật sư.<o:p></o:p></span></p>\r\n\r\n<p class=\"MsoNormal\" style=\"text-align:justify;mso-outline-level:1\"><b><i><span style=\"font-size:13.0pt;mso-bidi-font-size:11.0pt;line-height:115%;font-family:\r\n&quot;Times New Roman&quot;,&quot;serif&quot;;mso-font-kerning:18.0pt\">Trách nhiệm pháp lý</span></i></b><b><i><span style=\"font-size:15.0pt;mso-bidi-font-size:11.0pt;line-height:115%;font-family:\r\n&quot;Times New Roman&quot;,&quot;serif&quot;;mso-font-kerning:18.0pt\"><o:p></o:p></span></i></b></p>\r\n\r\n<p class=\"MsoNormal\" style=\"text-align:justify\"><span style=\"font-size:13.0pt;\r\nmso-bidi-font-size:11.0pt;line-height:115%;font-family:&quot;Times New Roman&quot;,&quot;serif&quot;;\r\nmso-bidi-font-family:&quot;Times New Roman&quot;;mso-bidi-theme-font:minor-bidi;\r\nmso-font-kerning:18.0pt\">Chúng tôi không chịu trách nhiệm nếu khách hang sử dụng\r\ndịch vụ của chúng tôi với hành vi vi phạm pháp luật hiện hành của Việt Nam. <o:p></o:p></span></p>\r\n\r\n<p class=\"MsoNormal\" style=\"text-align:justify\"><span style=\"font-size:13.0pt;\r\nmso-bidi-font-size:11.0pt;line-height:115%;font-family:&quot;Times New Roman&quot;,&quot;serif&quot;;\r\nmso-bidi-font-family:&quot;Times New Roman&quot;;mso-bidi-theme-font:minor-bidi;\r\nmso-font-kerning:18.0pt\">Chúng tôi không chịu trách nhiệm trong trường hợp sự cố\r\nbất khả kháng mà chúng tôi chứng mình được nguyên nhân là khách quan và không\r\nthể khắc phục được.<o:p></o:p></span></p>\r\n\r\n<p class=\"MsoNormal\" style=\"text-align:justify\"><o:p>&nbsp;</o:p></p>\r\n\r\n<p class=\"MsoNormal\" style=\"text-align:justify\"><o:p>&nbsp;</o:p></p></h2>',1),(3,'Chính sách bảo mật','chinh-sach-bao-mat','<p class=\"MsoNormal\" style=\"text-align:justify;mso-outline-level:1\"><b><span style=\"font-size:15.0pt;line-height:\r\n115%;font-family:&quot;Times New Roman&quot;,&quot;serif&quot;;mso-font-kerning:18.0pt\">Điều khoản\r\ndịch vụ của trang web</span></b><o:p></o:p></p><p class=\"MsoNormal\" style=\"text-align:justify;mso-outline-level:1\"><b><i><span style=\"font-size:13.0pt;mso-bidi-font-size:11.0pt;line-height:115%;font-family:\r\n&quot;Times New Roman&quot;,&quot;serif&quot;;mso-font-kerning:18.0pt\">Chào mừng các bạn đến với\r\nwebsite của chúng tôi<o:p></o:p></span></i></b></p><p class=\"MsoNormal\" style=\"text-align:justify\"><span style=\"font-size:13.0pt;\r\nmso-bidi-font-size:11.0pt;line-height:115%;font-family:&quot;Times New Roman&quot;,&quot;serif&quot;;\r\nmso-font-kerning:18.0pt\">Cảm ơn các bạn đã sử dụng các sản phẩm dịch vụ của\r\nchúng tôi. Các sản phẩm dịch vụ của chung tôi được cung cấp bởi </span><b><span style=\"font-size:13.0pt;line-height:\r\n115%;font-family:&quot;Times New Roman&quot;,&quot;serif&quot;\">CÔNG TY CỔ PHẦN ĐẦU TƯ BẤT ĐỘNG SẢN\r\nVÀ XÂY DỰNG HỒNG ĐỨC</span></b><span style=\"font-size:13.0pt;mso-bidi-font-size:\r\n11.0pt;line-height:115%;font-family:&quot;Times New Roman&quot;,&quot;serif&quot;;mso-font-kerning:\r\n18.0pt\">. Các bạn có thể sử dụng dịch vụ website của chúng tôi thông qua một\r\ntrong các trang web sau:<o:p></o:p></span></p><p class=\"MsoListParagraphCxSpFirst\" style=\"text-align:justify;text-indent:-18.0pt;\r\nmso-list:l0 level1 lfo1\"><!--[if !supportLists]--><span style=\"font-size:13.0pt;\r\nmso-bidi-font-size:11.0pt;line-height:115%;font-family:&quot;Courier New&quot;;\r\nmso-fareast-font-family:&quot;Courier New&quot;;mso-font-kerning:18.0pt\">o<span style=\"font-variant-numeric: normal; font-stretch: normal; font-size: 7pt; line-height: normal; font-family: &quot;Times New Roman&quot;;\">&nbsp;&nbsp;\r\n</span></span><!--[endif]--><a href=\"http://www.datphongkhachsansamson.vn/\"><span style=\"font-size:13.0pt;mso-bidi-font-size:11.0pt;line-height:115%;font-family:\r\n&quot;Times New Roman&quot;,&quot;serif&quot;;mso-font-kerning:18.0pt\">http://www.datphongkhachsansamson.vn</span></a><span style=\"font-size:13.0pt;mso-bidi-font-size:11.0pt;line-height:115%;font-family:\r\n&quot;Times New Roman&quot;,&quot;serif&quot;;mso-font-kerning:18.0pt\"><o:p></o:p></span></p><p class=\"MsoListParagraphCxSpMiddle\" style=\"text-align:justify;text-indent:-18.0pt;\r\nmso-list:l0 level1 lfo1\"><!--[if !supportLists]--><span style=\"font-size:13.0pt;\r\nmso-bidi-font-size:11.0pt;line-height:115%;font-family:&quot;Courier New&quot;;\r\nmso-fareast-font-family:&quot;Courier New&quot;;mso-font-kerning:18.0pt\">o<span style=\"font-variant-numeric: normal; font-stretch: normal; font-size: 7pt; line-height: normal; font-family: &quot;Times New Roman&quot;;\">&nbsp;&nbsp;\r\n</span></span><!--[endif]--><a href=\"http://datphongsamson.info/\"><span style=\"font-size:13.0pt;mso-bidi-font-size:11.0pt;line-height:115%;font-family:\r\n&quot;Times New Roman&quot;,&quot;serif&quot;;mso-font-kerning:18.0pt\">http://datphongsamson.info</span></a><span style=\"font-size:13.0pt;mso-bidi-font-size:11.0pt;line-height:115%;font-family:\r\n&quot;Times New Roman&quot;,&quot;serif&quot;;mso-font-kerning:18.0pt\"><o:p></o:p></span></p><p class=\"MsoListParagraphCxSpLast\" style=\"text-align:justify;text-indent:-18.0pt;\r\nmso-list:l0 level1 lfo1\"><!--[if !supportLists]--><span style=\"font-size:13.0pt;\r\nmso-bidi-font-size:11.0pt;line-height:115%;font-family:&quot;Courier New&quot;;\r\nmso-fareast-font-family:&quot;Courier New&quot;;mso-font-kerning:18.0pt\">o<span style=\"font-variant-numeric: normal; font-stretch: normal; font-size: 7pt; line-height: normal; font-family: &quot;Times New Roman&quot;;\">&nbsp;&nbsp;\r\n</span></span><!--[endif]--><a href=\"http://datphong.online/\"><span style=\"font-size:13.0pt;mso-bidi-font-size:11.0pt;line-height:115%;font-family:\r\n&quot;Times New Roman&quot;,&quot;serif&quot;;mso-font-kerning:18.0pt\">http://datphong.online</span></a><span style=\"font-size:13.0pt;mso-bidi-font-size:11.0pt;line-height:115%;font-family:\r\n&quot;Times New Roman&quot;,&quot;serif&quot;;mso-font-kerning:18.0pt\"> <o:p></o:p></span></p><p class=\"MsoNormal\" style=\"text-align:justify\"><span style=\"font-size:13.0pt;\r\nmso-bidi-font-size:11.0pt;line-height:115%;font-family:&quot;Times New Roman&quot;,&quot;serif&quot;;\r\nmso-font-kerning:18.0pt\">Bằng việc sử dụng Dịch vụ của chúng tôi, bạn đang đồng\r\ný với các điều khoản này. Vui lòng đọc kỹ các điều khoản này.<o:p></o:p></span></p><p class=\"MsoNormal\"><b><i><span style=\"font-size:13.0pt;\r\nmso-bidi-font-size:11.0pt;line-height:115%;font-family:&quot;Times New Roman&quot;,&quot;serif&quot;;\r\nmso-font-kerning:18.0pt\">Sử dụng Dịch vụ của chúng tôi<o:p></o:p></span></i></b></p><p class=\"MsoNormal\" style=\"text-align:justify\"><span style=\"font-size:13.0pt;\r\nmso-bidi-font-size:11.0pt;line-height:115%;font-family:&quot;Times New Roman&quot;,&quot;serif&quot;;\r\nmso-font-kerning:18.0pt\">Bạn phải tuân thủ mọi chính sách đã cung cấp cho bạn\r\ntrong phạm vi Dịch vụ.<o:p></o:p></span></p><p class=\"MsoNormal\" style=\"text-align:justify\"><span style=\"font-size:13.0pt;\r\nmso-bidi-font-size:11.0pt;line-height:115%;font-family:&quot;Times New Roman&quot;,&quot;serif&quot;;\r\nmso-font-kerning:18.0pt\">Không được sử dụng trái phép Dịch vụ của chúng tôi. Ví\r\ndụ: không được gây trở ngại cho Dịch vụ của chúng tôi hoặc tìm cách truy cập\r\nchúng bằng phương pháp nào đó không thông qua giao diện và hướng dẫn mà chúng\r\ntôi cung cấp. Bạn chỉ có thể sử dụng Dịch vụ của chúng tôi theo như được luật\r\npháp cho phép, bao gồm cả các luật và quy định hiện hành về quản lý xuất khẩu\r\nvà tái xuất khẩu. Chúng tôi có thể tạm ngừng hoặc ngừng cung cấp Dịch vụ của\r\nchúng tôi cho bạn nếu bạn không tuân thủ các điều khoản hoặc chính sách của\r\nchúng tôi hoặc nếu chúng tôi đang điều tra hành vi bị nghi ngờ là sai phạm.<o:p></o:p></span></p><p class=\"MsoNormal\" style=\"text-align:justify\"><span style=\"font-size:13.0pt;\r\nmso-bidi-font-size:11.0pt;line-height:115%;font-family:&quot;Times New Roman&quot;,&quot;serif&quot;;\r\nmso-font-kerning:18.0pt\">Việc bạn sử dụng Dịch vụ của chúng tôi không có nghĩa\r\nlà bạn được sở hữu bất cứ các quyền sở hữu trí tuệ nào đối với Dịch vụ của\r\nchúng tôi hoặc nội dung mà bạn truy cập. Bạn không được sử dụng nội dung từ\r\nDịch vụ của chúng tôi trừ khi bạn được chủ sở hữu nội dung đó cho phép hoặc được\r\nluật pháp cho phép. Các điều khoản này không cấp cho bạn quyền sử dụng bất kỳ\r\nthương hiệu hoặc lôgô nào được sử dụng trong Dịch vụ của chúng tôi. Không được\r\nxóa, che khuất hoặc thay đổi bất kỳ thông báo pháp lý nào được hiển thị trong\r\nhoặc kèm theo Dịch vụ của chúng tôi.<o:p></o:p></span></p><p class=\"MsoNormal\" style=\"text-align:justify\"><span style=\"font-size:13.0pt;\r\nmso-bidi-font-size:11.0pt;line-height:115%;font-family:&quot;Times New Roman&quot;,&quot;serif&quot;;\r\nmso-font-kerning:18.0pt\">Dịch vụ của chúng tôi hiển thị một số nội dung không\r\nphải của Google. Chỉ một mình đối tượng cung cấp sẽ chịu trách nhiệm về nội\r\ndung này. Chúng tôi có thể xem xét nội dung để xác định xem nội dung đó có bất\r\nhợp pháp hoặc vi phạm chính sách của chúng tôi hay không, và chúng tôi có thể\r\nxóa hoặc từ chối hiển thị nội dung mà chúng tôi có lý do chính đáng để tin rằng\r\nnội dung đó vi phạm chính sách của chúng tôi hoặc luật pháp. Tuy nhiên, điều đó\r\nkhông nhất thiết có nghĩa là chúng tôi sẽ xem xét nội dung, do vậy bạn đừng cho\r\nrằng chúng tôi sẽ làm như vậy.<o:p></o:p></span></p><p class=\"MsoNormal\" style=\"text-align:justify\"><span style=\"font-size:13.0pt;\r\nmso-bidi-font-size:11.0pt;line-height:115%;font-family:&quot;Times New Roman&quot;,&quot;serif&quot;;\r\nmso-font-kerning:18.0pt\">Liên quan đến việc bạn sử dụng Dịch vụ, chúng tôi có\r\nthể gửi cho bạn các thông báo dịch vụ, thông báo quản trị và thông tin khác. Bạn\r\ncó thể chọn không nhận một số thông báo này.<o:p></o:p></span></p><p class=\"MsoNormal\" style=\"text-align:justify\"><span style=\"font-size:13.0pt;\r\nmso-bidi-font-size:11.0pt;line-height:115%;font-family:&quot;Times New Roman&quot;,&quot;serif&quot;;\r\nmso-font-kerning:18.0pt\">Một số các Dịch vụ của chúng tôi có sẵn trên các thiết\r\nbị di động. Không sử dụng các Dịch vụ đó theo cách khiến bạn bị mất tập trung\r\nvà ngăn cản bạn tuân thủ các luật về an toàn hoặc giao thông.<o:p></o:p></span></p><p class=\"MsoNormal\" style=\"text-align:justify\"><span style=\"font-size:13.0pt;\r\nmso-bidi-font-size:11.0pt;line-height:115%;font-family:&quot;Times New Roman&quot;,&quot;serif&quot;;\r\nmso-font-kerning:18.0pt\"><o:p>&nbsp;</o:p></span></p><p class=\"MsoNormal\"><b><i><span style=\"font-size:13.0pt;\r\nmso-bidi-font-size:11.0pt;line-height:115%;font-family:&quot;Times New Roman&quot;,&quot;serif&quot;;\r\nmso-font-kerning:18.0pt\">Lợi ích khi sử dụng Dịch vụ của chúng tôi<o:p></o:p></span></i></b></p><p class=\"MsoNormal\" style=\"text-align:justify\"><span style=\"font-size:13.0pt;\r\nmso-bidi-font-size:11.0pt;line-height:115%;font-family:&quot;Times New Roman&quot;,&quot;serif&quot;\">Khi\r\nsử dụng phần mềm của chúng tôi để giới thiệu khách thuê phòng, bạn sẽ nhận được\r\nkhoản tiền hoa hồng. Để được nhận hoa hồng bạn cần đăng ký tài khoản tại trang\r\nweb này, đồng thời chúng tôi sẽ xác thực tài khoản và hợp đồng với trước khi\r\ntài khoản có hiệu lực. Các bạn cần cung cấp các thông tin bắt buộc cho chúng\r\ntôi khi đăng ký tài khoản, các thông tin này được ghi rõ khi bạn đăng ký tài\r\nkhoản mới trên giao diện phần mềm. <o:p></o:p></span></p><p class=\"MsoNormal\"><b><i><span style=\"font-size:13.0pt;\r\nmso-bidi-font-size:11.0pt;line-height:115%;font-family:&quot;Times New Roman&quot;,&quot;serif&quot;;\r\nmso-font-kerning:18.0pt\">Bảo vệ sự riêng tư và bản quyền<o:p></o:p></span></i></b></p><p class=\"MsoNormal\" style=\"text-align:justify\"><span style=\"font-size:13.0pt;\r\nmso-bidi-font-size:11.0pt;line-height:115%;font-family:&quot;Times New Roman&quot;,&quot;serif&quot;;\r\nmso-bidi-font-family:&quot;Times New Roman&quot;;mso-bidi-theme-font:minor-bidi\">Chính\r\nsách của Chúng tôi về sự riêng tư giải thích cách chúng tôi xử lý dữ liệu cá\r\nnhân của bạn và bảo vệ sự riêng tư của bạn khi bạn sử dụng Dịch vụ của chúng\r\ntôi. Bằng việc sử dụng Dịch vụ của chúng tôi, bạn đang đồng ý rằng Chúng tôi có\r\nthể những sử dụng dữ liệu đó theo chính sách của chúng tôi về sự riêng tư.<o:p></o:p></span></p><p class=\"MsoNormal\" style=\"text-align:justify\"><span style=\"font-size:13.0pt;\r\nmso-bidi-font-size:11.0pt;line-height:115%;font-family:&quot;Times New Roman&quot;,&quot;serif&quot;;\r\nmso-bidi-font-family:&quot;Times New Roman&quot;;mso-bidi-theme-font:minor-bidi\">Chúng\r\ntôi đảm bảo thông tin cá nhân của khách hang được bảo mật tuyệt đối trên trang\r\nweb của chúng tôi. <o:p></o:p></span></p><p class=\"MsoNormal\"><b><i><span style=\"font-size:13.0pt;\r\nmso-bidi-font-size:11.0pt;line-height:115%;font-family:&quot;Times New Roman&quot;,&quot;serif&quot;;\r\nmso-bidi-font-family:&quot;Times New Roman&quot;;mso-bidi-theme-font:minor-bidi\">Việc sử\r\ndụng Dịch vụ của chúng tôi cho doanh nghiệp<o:p></o:p></span></i></b></p><p class=\"MsoNormal\" style=\"text-align:justify\"><span style=\"font-size:13.0pt;\r\nmso-bidi-font-size:11.0pt;line-height:115%;font-family:&quot;Times New Roman&quot;,&quot;serif&quot;;\r\nmso-bidi-font-family:&quot;Times New Roman&quot;;mso-bidi-theme-font:minor-bidi;\r\nmso-font-kerning:18.0pt\">Nếu bạn đang sử dụng Dịch vụ của chúng tôi thay mặt\r\ncho doanh nghiệp, thì doanh nghiệp đó chấp nhận các điều khoản này. Doanh nghiệp\r\nđó sẽ bồi hoàn và giữ cho chúng tôi cũng như các công ty liên kết, cán bộ, người\r\nđại diện và nhân viên của Chúng tôi không bị tổn hại đối với bất kỳ khiếu nại,\r\nkhiếu kiện hoặc tố tụng nào nảy sinh từ hoặc có liên quan đến việc sử dụng Dịch\r\nvụ hoặc vi phạm các điều khoản này, bao gồm cả bất kỳ trách nhiệm pháp lý hoặc\r\nchi phí nào phát sinh từ các khiếu nại, tổn thất, thiệt hại, khiếu kiện, phán\r\nquyết, chi phí tố tụng và tiền phí luật sư.<o:p></o:p></span></p><p class=\"MsoNormal\" style=\"text-align:justify;mso-outline-level:1\"><b><i><span style=\"font-size:13.0pt;mso-bidi-font-size:11.0pt;line-height:115%;font-family:\r\n&quot;Times New Roman&quot;,&quot;serif&quot;;mso-font-kerning:18.0pt\">Trách nhiệm pháp lý</span></i></b><b><i><span style=\"font-size:15.0pt;mso-bidi-font-size:11.0pt;line-height:115%;font-family:\r\n&quot;Times New Roman&quot;,&quot;serif&quot;;mso-font-kerning:18.0pt\"><o:p></o:p></span></i></b></p><p class=\"MsoNormal\" style=\"text-align:justify\"><span style=\"font-size:13.0pt;\r\nmso-bidi-font-size:11.0pt;line-height:115%;font-family:&quot;Times New Roman&quot;,&quot;serif&quot;;\r\nmso-bidi-font-family:&quot;Times New Roman&quot;;mso-bidi-theme-font:minor-bidi;\r\nmso-font-kerning:18.0pt\">Chúng tôi không chịu trách nhiệm nếu khách hang sử dụng\r\ndịch vụ của chúng tôi với hành vi vi phạm pháp luật hiện hành của Việt Nam. <o:p></o:p></span></p><p class=\"MsoNormal\" style=\"text-align:justify\"><span style=\"font-size:13.0pt;\r\nmso-bidi-font-size:11.0pt;line-height:115%;font-family:&quot;Times New Roman&quot;,&quot;serif&quot;;\r\nmso-bidi-font-family:&quot;Times New Roman&quot;;mso-bidi-theme-font:minor-bidi;\r\nmso-font-kerning:18.0pt\">Chúng tôi không chịu trách nhiệm trong trường hợp sự cố\r\nbất khả kháng mà chúng tôi chứng mình được nguyên nhân là khách quan và không\r\nthể khắc phục được.<o:p></o:p></span></p><p class=\"MsoNormal\" style=\"text-align:justify\"><o:p>&nbsp;</o:p></p><p style=\"margin-top: 10px; color: rgb(117, 117, 117); font-family: RobotoDraft, arial, sans-serif; font-size: 16px;\">\r\n\r\n\r\n\r\n\r\n\r\n\r\n\r\n\r\n\r\n\r\n\r\n\r\n\r\n\r\n\r\n\r\n\r\n\r\n\r\n\r\n\r\n\r\n\r\n\r\n\r\n\r\n\r\n\r\n\r\n\r\n\r\n\r\n\r\n\r\n\r\n\r\n\r\n\r\n\r\n\r\n\r\n\r\n\r\n\r\n\r\n\r\n\r\n\r\n\r\n\r\n\r\n</p><p class=\"MsoNormal\" style=\"text-align:justify\"><o:p>&nbsp;</o:p></p>',1);
/*!40000 ALTER TABLE `page` ENABLE KEYS */;
UNLOCK TABLES;

--
-- Table structure for table `parameter`
--

DROP TABLE IF EXISTS `parameter`;
/*!40101 SET @saved_cs_client     = @@character_set_client */;
/*!40101 SET character_set_client = utf8 */;
CREATE TABLE `parameter` (
  `id` int(11) NOT NULL AUTO_INCREMENT,
  `param_key` varchar(255) NOT NULL,
  `param_value` text,
  PRIMARY KEY (`id`)
) ENGINE=InnoDB DEFAULT CHARSET=utf8;
/*!40101 SET character_set_client = @saved_cs_client */;

--
-- Dumping data for table `parameter`
--

LOCK TABLES `parameter` WRITE;
/*!40000 ALTER TABLE `parameter` DISABLE KEYS */;
/*!40000 ALTER TABLE `parameter` ENABLE KEYS */;
UNLOCK TABLES;

--
-- Table structure for table `price_range`
--

DROP TABLE IF EXISTS `price_range`;
/*!40101 SET @saved_cs_client     = @@character_set_client */;
/*!40101 SET character_set_client = utf8 */;
CREATE TABLE `price_range` (
  `id` int(11) NOT NULL,
  `min` float DEFAULT NULL COMMENT '0-499\n500-999\n1000-1999\n2000-4999\n5000-',
  `max` float DEFAULT NULL,
  `name` varchar(45) DEFAULT NULL,
  PRIMARY KEY (`id`)
) ENGINE=InnoDB DEFAULT CHARSET=utf8;
/*!40101 SET character_set_client = @saved_cs_client */;

--
-- Dumping data for table `price_range`
--

LOCK TABLES `price_range` WRITE;
/*!40000 ALTER TABLE `price_range` DISABLE KEYS */;
/*!40000 ALTER TABLE `price_range` ENABLE KEYS */;
UNLOCK TABLES;

--
-- Table structure for table `user`
--

DROP TABLE IF EXISTS `user`;
/*!40101 SET @saved_cs_client     = @@character_set_client */;
/*!40101 SET character_set_client = utf8 */;
CREATE TABLE `user` (
  `id` int(11) NOT NULL AUTO_INCREMENT,
  `username` varchar(45) COLLATE utf8_unicode_ci NOT NULL,
  `password` varchar(100) COLLATE utf8_unicode_ci NOT NULL,
  `email` varchar(45) COLLATE utf8_unicode_ci NOT NULL,
  `fullname` varchar(255) COLLATE utf8_unicode_ci NOT NULL,
  `phone` varchar(45) COLLATE utf8_unicode_ci NOT NULL,
  `description` longtext COLLATE utf8_unicode_ci,
  `avatar` varchar(255) CHARACTER SET utf8 DEFAULT NULL,
  `bank_name` varchar(255) COLLATE utf8_unicode_ci DEFAULT NULL,
  `bank_branch` varchar(255) COLLATE utf8_unicode_ci DEFAULT NULL,
  `account_name` varchar(255) COLLATE utf8_unicode_ci DEFAULT NULL,
  `account_number` varchar(45) COLLATE utf8_unicode_ci DEFAULT NULL,
  `identification` varchar(45) COLLATE utf8_unicode_ci NOT NULL COMMENT 'Chứng minh thư',
  `commission_ratio` double NOT NULL DEFAULT '10',
  `bonus_ratio` double NOT NULL DEFAULT '5',
  `receipt_ratio` double NOT NULL DEFAULT '2',
  `reset_token` varchar(255) CHARACTER SET utf8 DEFAULT NULL,
  `reset_timeout` datetime DEFAULT NULL,
  `is_active` tinyint(1) DEFAULT NULL,
  `created_at` datetime DEFAULT NULL,
  `updated_at` datetime DEFAULT NULL,
  `roles` longtext CHARACTER SET utf8 NOT NULL COMMENT '(DC2Type:json_array)',
  PRIMARY KEY (`id`),
  UNIQUE KEY `UNIQ_8D93D649F85E0677` (`username`),
  UNIQUE KEY `UNIQ_8D93D649E7927C74` (`email`),
  UNIQUE KEY `UNIQ_8D93D64949E7720D` (`identification`),
  UNIQUE KEY `UNIQ_8D93D649444F97DD` (`phone`)
) ENGINE=InnoDB AUTO_INCREMENT=181 DEFAULT CHARSET=utf8 COLLATE=utf8_unicode_ci;
/*!40101 SET character_set_client = @saved_cs_client */;

--
-- Dumping data for table `user`
--

LOCK TABLES `user` WRITE;
/*!40000 ALTER TABLE `user` DISABLE KEYS */;
INSERT INTO `user` VALUES (1,'admin','$2y$13$XuOaVsBuUv0rt0VKMJOTJuAiNkucZ/1FL5tE2gWxFB6N2W824B7J6','trantridue@gmail.com','Administrator','0912345671','Account Admin','page-1.jpg','Vietcombank','Ha Dong','Administrator','123456789','10001',10,5,2,NULL,NULL,1,'2017-02-14 16:39:09','2017-03-22 17:24:35','[\"ROLE_ADMIN\"]'),(2,'employe','$2y$13$XuOaVsBuUv0rt0VKMJOTJuAiNkucZ/1FL5tE2gWxFB6N2W824B7J6','employe@gmail.com','Employe','0912345672','Account Employe',NULL,'Vietcombank','Ha Dong','Employe','123456789','10002',10,5,2,NULL,NULL,1,'2017-02-14 16:39:10',NULL,'[\"ROLE_EMPLOYE\"]'),(3,'receiption1','$2y$13$XuOaVsBuUv0rt0VKMJOTJuAiNkucZ/1FL5tE2gWxFB6N2W824B7J6','receiption1@gmail.com','Receiption1','0912345673','Account Receiption',NULL,'Vietcombank','Ha Dong','Receiption1','123456789','10003',10,5,2,NULL,NULL,1,'2017-02-14 16:39:09',NULL,'[\"ROLE_RECEIPTION\"]'),(4,'receiption2','$2y$13$XuOaVsBuUv0rt0VKMJOTJuAiNkucZ/1FL5tE2gWxFB6N2W824B7J6','receiption2@gmail.com','Receiption2','0912345674','Account Receiption',NULL,'Vietcombank','Ha Dong','Receiption2','123456789','10004',10,5,2,NULL,NULL,1,'2017-02-14 16:39:09',NULL,'[\"ROLE_RECEIPTION\"]'),(5,'receiption3','$2y$13$XuOaVsBuUv0rt0VKMJOTJuAiNkucZ/1FL5tE2gWxFB6N2W824B7J6','receiption3@gmail.com','Receiption3','0912345675','Account Receiption',NULL,'Vietcombank','Ha Dong','Receiption3','123456789','10005',10,5,2,NULL,NULL,1,'2017-02-14 16:39:09',NULL,'[\"ROLE_RECEIPTION\"]'),(6,'receiption4','$2y$13$XuOaVsBuUv0rt0VKMJOTJuAiNkucZ/1FL5tE2gWxFB6N2W824B7J6','receiption4@gmail.com','Receiption4','0912345676','Account Receiption',NULL,'Vietcombank','Ha Dong','Receiption4','123456789','10006',10,5,2,NULL,NULL,1,'2017-02-14 16:39:09',NULL,'[\"ROLE_RECEIPTION\"]'),(7,'receiption5','$2y$13$XuOaVsBuUv0rt0VKMJOTJuAiNkucZ/1FL5tE2gWxFB6N2W824B7J6','receiption5@gmail.com','Receiption5','0912345677','Account Receiption',NULL,'Vietcombank','Ha Dong','Receiption5','123456789','10007',10,5,2,NULL,NULL,1,'2017-02-14 16:39:09',NULL,'[\"ROLE_RECEIPTION\"]'),(8,'boss1','$2y$13$XuOaVsBuUv0rt0VKMJOTJuAiNkucZ/1FL5tE2gWxFB6N2W824B7J6','boss1@gmail.com','Boss1','0912345678','Account Boss',NULL,'Vietcombank','Ha Dong','Boss1','123456789','10008',10,5,2,NULL,NULL,1,'2017-02-14 16:39:11',NULL,'[\"ROLE_HOTEL_BOSS\"]'),(9,'boss2','$2y$13$XuOaVsBuUv0rt0VKMJOTJuAiNkucZ/1FL5tE2gWxFB6N2W824B7J6','boss2@gmail.com','Boss2','0912345679','Account Boss',NULL,'Vietcombank','Ha Dong','Boss2','123456789','10009',10,5,2,NULL,NULL,1,'2017-02-14 16:39:11',NULL,'[\"ROLE_HOTEL_BOSS\"]'),(10,'boss3','$2y$13$XuOaVsBuUv0rt0VKMJOTJuAiNkucZ/1FL5tE2gWxFB6N2W824B7J6','boss3@gmail.com','Boss3','0912345680','Account Boss',NULL,'Vietcombank','Ha Dong','Boss3','123456789','10010',10,5,2,NULL,NULL,1,'2017-02-14 16:39:11',NULL,'[\"ROLE_HOTEL_BOSS\"]'),(11,'boss4','$2y$13$XuOaVsBuUv0rt0VKMJOTJuAiNkucZ/1FL5tE2gWxFB6N2W824B7J6','boss4@gmail.com','Boss4','0912345681','Account Boss',NULL,'Vietcombank','Ha Dong','Boss4','123456789','10011',10,5,2,NULL,NULL,1,'2017-02-14 16:39:11',NULL,'[\"ROLE_HOTEL_BOSS\"]'),(12,'boss5','$2y$13$XuOaVsBuUv0rt0VKMJOTJuAiNkucZ/1FL5tE2gWxFB6N2W824B7J6','boss5@gmail.com','Boss5','0912345682','Account Boss',NULL,'Vietcombank','Ha Dong','Boss5','123456789','10012',10,5,2,NULL,NULL,1,'2017-02-14 16:39:11',NULL,'[\"ROLE_HOTEL_BOSS\"]'),(13,'bossnew1','$2y$13$pjy9DWvyIRw8Yo4c0nH7qeMGEP8c30kv9X7/Ml5qBRcCPwgxIYKxK','bossnew1@gmail.com','Chủ khách sạn mới 1','123456789',NULL,NULL,NULL,NULL,NULL,NULL,'123456789',10,5,2,NULL,NULL,1,'2017-03-13 18:49:15',NULL,'[\"ROLE_HOTEL_BOSS\"]'),(14,'boss6','$2y$13$VG2FWxqeIUpmCWg2/l1MAe5p.M8kZYyf6NLeg7D8B5o5MgY4Bij1O','boss6@gmail.com','tran van boss','0988777766',NULL,NULL,NULL,NULL,NULL,NULL,'12333331231',10,5,2,NULL,NULL,1,'2017-03-23 20:04:30','2017-03-23 20:05:15','[\"ROLE_HOTEL_BOSS\"]'),(15,'Boss7','$2y$13$zLm3FBjaokOq0jNDHeJZVu8TjndjKK.nrmskD864.qredc3bNpB0y','boss7@gmail.com','Boss7','7818288ư8w',NULL,NULL,NULL,NULL,NULL,NULL,'1234567',10,5,2,NULL,NULL,1,'2017-03-24 18:11:05','2017-03-24 18:14:53','[\"ROLE_HOTEL_BOSS\"]'),(16,'Boss8','$2y$13$w1.xi6pggJ3pRt4T/aZUf.WOHgefMssx9CJ9YWkw5BWIVbpIbVGjC','boss8@gmail.com','Boss8','1234567898',NULL,NULL,NULL,NULL,NULL,NULL,'12345678',10,5,2,NULL,NULL,1,'2017-03-24 18:33:17','2017-03-28 19:16:25','[\"ROLE_HOTEL_BOSS\"]'),(17,'Boss9','$2y$13$ATvM8w55DLre1XMmU5YVbeBSffS9E6TmuGECwcZ3v3dPntPubrAgu','boss9@gmail.com','Boss9','1234567899',NULL,NULL,NULL,NULL,NULL,NULL,'12345679',10,5,2,NULL,NULL,1,'2017-03-24 18:34:49','2017-03-25 00:36:15','[\"ROLE_HOTEL_BOSS\"]'),(18,'letan6','$2y$13$bPs3V2Nylj4u6zUR5FqJ1.f1VyRGSnvOO/.Czc9oEB/S1ZEaC/t/O','letan6@gmail.com','Lễ Tân Số 6','988092276',NULL,'hotel-avante-127-1200x800.jpg',NULL,NULL,NULL,NULL,'12323413',10,5,2,NULL,NULL,1,'2017-03-25 02:04:35','2017-03-25 07:30:56','[\"ROLE_RECEIPTION\"]'),(19,'chuks1','$2y$13$4uVN0seK4zuTNFyuvORJve8HDyLccA..hDzbSjX3dtyhLHAnZ9fw2','lebinhpvl@gmail.com','Chủ Khách Sạn Mới 01','0974433332',NULL,NULL,NULL,NULL,NULL,NULL,'1234365577',10,5,2,NULL,NULL,1,'2017-03-25 13:32:38','2017-03-25 13:34:17','[\"ROLE_HOTEL_BOSS\"]'),(20,'letanmoi1','$2y$13$4Att9SdZhDGVazEfuPCdkeBSezE8gNxvnF9PUIzZX3LKf8EVvTJhW','letan@gmail.com','Lễ Tân Mới 1','0983221122',NULL,NULL,NULL,NULL,NULL,NULL,'112233445',10,5,2,NULL,NULL,1,'2017-03-25 13:46:32','2017-03-25 13:47:01','[\"ROLE_RECEIPTION\"]'),(21,'trantay','$2y$13$sjmWjeiksieDMQn43YkU3O49yJwcX3AWfwDhiGP1X6kUy5wDFVdYC','tranthitay@gmail.com','Trần Thị Tây','0966401456',NULL,NULL,NULL,NULL,NULL,NULL,'56486156',10,5,2,NULL,NULL,1,'2017-03-27 07:31:25','2017-03-31 21:56:35','[\"ROLE_HOTEL_BOSS\"]'),(22,'123456789','$2y$13$wTgQFzWSAZmRlOzHGPU41.xjyWtyKTsIiYhC7.1z3dAto201Xvly2','utmoirk@gmail.com','Lường Thị Kim Anh','01663519125',NULL,NULL,NULL,NULL,NULL,NULL,'173727159',10,5,2,NULL,NULL,1,'2017-03-27 08:01:46','2017-03-27 08:16:15','[\"ROLE_HOTEL_BOSS\"]'),(23,'01101990','$2y$13$gUlln8Img5d11KsytpzPSeAZ2wmfv8k1WEejU5kVT4ZgZk2vVvNli','duyentran0110@gmail.com','Trần Thị Duyên','0936458958',NULL,NULL,NULL,NULL,NULL,NULL,'173090326',10,5,2,NULL,NULL,1,'2017-03-27 08:18:43','2017-03-27 08:20:01','[\"ROLE_HOTEL_BOSS\"]'),(24,'987654321','$2y$13$xSsfKSTCWzqvTml8IDtW5ekbo8WVPQhE9fb.UrCvxnsNvsObzB53G','saobien1@gmail.com','Sao Biển 1','01234567891',NULL,NULL,NULL,NULL,NULL,NULL,'172090356',10,5,2,NULL,NULL,1,'2017-03-28 13:42:50','2017-04-01 09:14:30','[\"ROLE_HOTEL_BOSS\"]'),(25,'ngoctrai01','$2y$13$Uom5n64k8PEbID9xFdoFP.Fimos.9ukHzkSSLeXBceQ3LhIR./khi','dsfdshgfdhg@gmail.com','ngoc trai 1.','12345667',NULL,NULL,NULL,NULL,NULL,NULL,'123456782',10,5,2,NULL,NULL,0,'2017-03-28 13:42:56',NULL,'[\"ROLE_RECEIPTION\"]'),(26,'ngoctrai1','$2y$13$Cp3GO/8bODVF7E9Bm3PrdeJb1oktuqT.R4fbrRxnMKubt6LaFG4eC','asfasdgfs@gmail.com','ngoc trai 01','1111111111',NULL,NULL,NULL,NULL,NULL,NULL,'1111111111',10,5,2,NULL,NULL,0,'2017-03-28 13:54:13',NULL,'[\"ROLE_RECEIPTION\"]'),(27,'trantridue','$2y$13$5TPa2ZsesccPCuxCQ3yjvegaYx1vKbWYWvQHUgSSKBrf.FNg9n8Tq','dtrantri.fr@gmail.com','Trần Trí Duệ','0988112233',NULL,'koala.jpg',NULL,NULL,NULL,NULL,'123456710',10,5,2,NULL,NULL,1,'2017-03-28 19:18:48','2017-03-30 11:47:08','[\"ROLE_ADMIN\"]'),(28,'nt1','$2y$13$krEJHWMYfi9wAybtle.jzep6KOCheHqT.wcYXEhonb7VBXJRO3uqK','sdhnjkurlrkh@gmail.com','ngoctrai1','123456677',NULL,NULL,NULL,NULL,NULL,NULL,'124135346',10,5,2,NULL,NULL,1,'2017-03-30 07:35:16','2017-03-30 07:50:51','[\"ROLE_RECEIPTION\"]'),(29,'saobien1','$2y$13$4/etjNZbKvox3Tx2CJgrL.fjpXzwgLYE38zEFXwJ/u9qgT/yjC96i','saobien1flc@gmail.com','BT Sao Bien','0987363630',NULL,NULL,NULL,NULL,NULL,NULL,'172090316',10,5,2,NULL,NULL,1,'2017-03-30 07:43:29','2017-03-30 07:46:10','[\"ROLE_HOTEL_BOSS\"]'),(30,'saobien2','$2y$13$gCin.Byw0TbfGg2.fY.7h.bEruNRofIMCu353b6/0rquiTaX4hPba','saobien2flc@gmail.com','BT Sao Bien2','0889742354',NULL,NULL,NULL,NULL,NULL,NULL,'123986542',10,5,2,NULL,NULL,1,'2017-03-30 07:49:58','2017-03-30 07:50:39','[\"ROLE_HOTEL_BOSS\"]'),(31,'saobien3','$2y$13$OH7XxMupnNsEqQ/AzEVf3OYu9IISUytvPBV5kBUsNO4hEVXPT4Rmi','saobien3flc@gmail.com','BTSao Bien3','26679963341',NULL,NULL,NULL,NULL,NULL,NULL,'123697503',10,5,2,NULL,NULL,1,'2017-03-30 07:52:52','2017-03-30 08:07:51','[\"ROLE_HOTEL_BOSS\"]'),(32,'saobien4','$2y$13$e.fpqFzZ.wqqH5ysZTbZu.GCXerJ82m0RSLdzxfxWj03m54SWaItu','saobien4flc@gmail.com','BTSao Bien4','468975321',NULL,NULL,NULL,NULL,NULL,NULL,'2689864631',10,5,2,NULL,NULL,1,'2017-03-30 07:53:54','2017-03-30 08:07:54','[\"ROLE_HOTEL_BOSS\"]'),(33,'saobien5','$2y$13$nnQPq04EeGGHBuXM8wD64uaeV50DoNgZgjxYk.MYGBoBUOatJ3.8y','saobien5flc@gmail.com','BT Saobien5','03969468813',NULL,NULL,NULL,NULL,NULL,NULL,'25698301869',10,5,2,NULL,NULL,1,'2017-03-30 07:54:52','2017-03-30 08:07:58','[\"ROLE_HOTEL_BOSS\"]'),(34,'saobien6','$2y$13$C/NLPHw.KiLtpR7EzjsNzOw4RL4We.SO2x5oa8sNrm2RAXdeFUYie','saobien6flc@gmail.com','BT Saobien6','1239875333',NULL,NULL,NULL,NULL,NULL,NULL,'236980354',10,5,2,NULL,NULL,1,'2017-03-30 07:55:49','2017-03-30 08:08:01','[\"ROLE_HOTEL_BOSS\"]'),(35,'saobien7','$2y$13$pjJ7dVIRYDAF/XVHxObRKefa/YVuAOV3PEH.CmmKgb8dosruZ0Ta6','saobien7flc@gmail.com','BT Sao Bien7','12345696989',NULL,NULL,NULL,NULL,NULL,NULL,'23995656',10,5,2,NULL,NULL,1,'2017-03-30 07:56:46','2017-03-30 08:03:14','[\"ROLE_HOTEL_BOSS\"]'),(36,'saobien8','$2y$13$ZectqfYdzsHDEDr9.k1Hn.adRzVasbJqGNazGEH0n9Z2YZjjCY5/q','saobien8flc@gmail.com','BT SaoBien7','226976463',NULL,NULL,NULL,NULL,NULL,NULL,'2299552666',10,5,2,NULL,NULL,1,'2017-03-30 07:57:55','2017-03-30 08:03:11','[\"ROLE_HOTEL_BOSS\"]'),(37,'saobien9','$2y$13$xa3WAEMetGzyHPlyYJQpUu68pZn.uoPrSL7oRE3VItsEy76aupkSG','saobien9flc@gmail.com','BT Saobien9','12369875',NULL,NULL,NULL,NULL,NULL,NULL,'2968756',10,5,2,NULL,NULL,1,'2017-03-30 07:59:58','2017-03-30 08:03:08','[\"ROLE_HOTEL_BOSS\"]'),(38,'saobien10','$2y$13$I4wooN0cdC1Q0HUT69wLPOE6JS3brAHW6oR0xIpbfPb8cTKtt78qa','saobien10flc@gmail.com','BT Sao bien10','236987569',NULL,NULL,NULL,NULL,NULL,NULL,'23968766',10,5,2,NULL,NULL,1,'2017-03-30 08:00:50','2017-03-30 08:03:05','[\"ROLE_HOTEL_BOSS\"]'),(39,'saobien11','$2y$13$5n2gJFNSSD/WxUA0yXZH3.vi/kfJQm9vaypZbb0T6h.PMEAJmebEC','saobien11@gmail.com','BT Sao Bien11','23369984569',NULL,NULL,NULL,NULL,NULL,NULL,'297636645',10,5,2,NULL,NULL,1,'2017-03-30 08:02:11','2017-03-30 08:03:02','[\"ROLE_HOTEL_BOSS\"]'),(40,'kshoahong','$2y$13$mpSm1sMQ5NEti.2ch7SMae6Sx130aj9G12clr4WkaulG/Uy3Jy1a2','hoahongb@gmail.com','kshoa hong b','0912958445',NULL,NULL,NULL,NULL,NULL,NULL,'6532567',10,5,2,NULL,NULL,1,'2017-03-30 08:14:46','2017-03-30 08:14:59','[\"ROLE_HOTEL_BOSS\"]'),(41,'kshoamai','$2y$13$6msfcMq/Pfv7wnBuVuKPBumTYAPkBgcWK28vEcXM7skWzA.wXzqGG','hoamai@gmail.com','Ks Hoa Mai','0914008399',NULL,NULL,NULL,NULL,NULL,NULL,'13254657',10,5,2,NULL,NULL,1,'2017-03-30 08:17:02','2017-03-30 08:29:20','[\"ROLE_HOTEL_BOSS\"]'),(42,'saobien12','$2y$13$s0lgErTtbTgj7EFbt9uSVuCQ9cvW5fs4mWD2iTgfSijWxVVL7GqpO','saobien12@gmail.com','BT Sao Bien 12','23689415969',NULL,NULL,NULL,NULL,NULL,NULL,'269977621',10,5,2,NULL,NULL,1,'2017-03-30 08:17:21','2017-03-30 08:29:17','[\"ROLE_HOTEL_BOSS\"]'),(43,'saobien14','$2y$13$lJ/vwJ9YXa.Feok1hIrR7OPQwEdxp62DIdnKNHsa0MzFemQXdWL6W','saobien14@gmail.com','BT Sao Bien 14','1235669987',NULL,NULL,NULL,NULL,NULL,NULL,'2699762',10,5,2,NULL,NULL,1,'2017-03-30 08:18:24','2017-03-30 08:29:14','[\"ROLE_HOTEL_BOSS\"]'),(44,'ksthailan','$2y$13$Qn0nSePp.lYb1yWEQCDHe.Cqp1JnKo6AUAgH446OD/OUBrjBsbM3e','thailan@gmail.com','Ks Thai Lan','098303678',NULL,NULL,NULL,NULL,NULL,NULL,'12435465',10,5,2,NULL,NULL,1,'2017-03-30 08:18:36','2017-03-30 08:29:11','[\"ROLE_HOTEL_BOSS\"]'),(45,'saobien15','$2y$13$k6hn92eddqF0AVrFnr4N4u6Rb.IC1ZR8sSOjYJjtAMOZb/V0gvbRW','saobien15@gmail.com','BT Sao Bien 15','123699849',NULL,NULL,NULL,NULL,NULL,NULL,'23699752',10,5,2,NULL,NULL,1,'2017-03-30 08:19:18','2017-03-30 08:29:08','[\"ROLE_HOTEL_BOSS\"]'),(46,'ksbienvang','$2y$13$DTioZL.SGUbyFeqaTZupxu8dFwz/2v20sA/T5UMv6kBZ3BADgT6U2','bienvang@gmail.com','Ks Bien Vang','4654745',NULL,NULL,NULL,NULL,NULL,NULL,'133546567',10,5,2,NULL,NULL,1,'2017-03-30 08:19:59','2017-03-30 08:28:55','[\"ROLE_HOTEL_BOSS\"]'),(47,'ksnganhoa','$2y$13$1TSd88a/TMVbPynTDWfGNuDI/IAeWRQPFBhClu63qefhXpS.l1FP.','nganhoa@gmail.com','ks Ngan Hoa','01683480788',NULL,NULL,NULL,NULL,NULL,NULL,'25457686',10,5,2,NULL,NULL,1,'2017-03-30 08:21:37','2017-03-30 08:28:52','[\"ROLE_HOTEL_BOSS\"]'),(48,'saobien16','$2y$13$AqHhuvPrk4BNsM6Qow3eweQkcFIFqH2N15IonHrHF0SZoWNAhEE8q','saobien16@gmail.com','BT Sao Bien 16','123699875',NULL,NULL,NULL,NULL,NULL,NULL,'3669516963366',10,5,2,NULL,NULL,1,'2017-03-30 08:21:56','2017-03-30 08:28:49','[\"ROLE_HOTEL_BOSS\"]'),(49,'kscatdailoi','$2y$13$UpUBQ6fFlt5jVy6FuMEiSeecwe8G0Mj99Fqeda0CKsvpZKTP/75L6','catdailoi@gmai.com','Ks Cat Dai Loi','0373821491',NULL,NULL,NULL,NULL,NULL,NULL,'54647865895',10,5,2,NULL,NULL,1,'2017-03-30 08:23:16','2017-03-30 08:28:45','[\"ROLE_HOTEL_BOSS\"]'),(50,'saobien17','$2y$13$CmXRsGuHC0AYak3.h4vip.ASFSVGi5ym//31jJFP67Cj2FxTvRUGa','saobien17@gmail.com','BT Sao Bien 17','123698530',NULL,NULL,NULL,NULL,NULL,NULL,'9696589236',10,5,2,NULL,NULL,1,'2017-03-30 08:23:22','2017-03-30 08:28:25','[\"ROLE_HOTEL_BOSS\"]'),(51,'saobien18','$2y$13$2punLXuADsJFazPctSweLOKchiqTnm/uWmyK3rBll7E8HMhdM4yva','saobien18@gmail.com','BT Sao Bien 18','12369852',NULL,NULL,NULL,NULL,NULL,NULL,'269833693',10,5,2,NULL,NULL,1,'2017-03-30 08:24:17','2017-03-30 08:28:22','[\"ROLE_HOTEL_BOSS\"]'),(52,'kshaiyenvip','$2y$13$AKL9EKI/MLWyZzBUgruxXelS1/ja4ILaeBnlKFWAJTYJ8/mwBRtGi','haiyenvip@gmail.com','Ks Hai Yen Vip','0974482737',NULL,NULL,NULL,NULL,NULL,NULL,'64634754',10,5,2,NULL,NULL,1,'2017-03-30 08:24:37','2017-03-30 08:28:42','[\"ROLE_HOTEL_BOSS\"]'),(53,'saobien19','$2y$13$KNoL1rDm8n0wVzbk9/5Hkulqxvh9GElw7JGTHhAscLjuUH4/.BzOS','saobien19@gmail.com','BT Sao Bien19','136985698',NULL,NULL,NULL,NULL,NULL,NULL,'2369856',10,5,2,NULL,NULL,1,'2017-03-30 08:25:13','2017-03-31 15:25:34','[\"ROLE_HOTEL_BOSS\"]'),(54,'ksvuson','$2y$13$n/PKxmZp6.o8nb0Xr6RZ3.pZs0Z18.4kXEn3yTktaBw97unwzgniK','vuson@gmail.com','Ks Vu Son','0979666869',NULL,NULL,NULL,NULL,NULL,NULL,'3254765865',10,5,2,NULL,NULL,1,'2017-03-30 08:25:43','2017-03-30 08:27:59','[\"ROLE_HOTEL_BOSS\"]'),(55,'saobien20','$2y$13$fikmFvNVgrrwZUkqzMVvTuydMf3vAOmu5UdchsHhmE5ccT4gcmi4S','saobien20@gmail.com','BT Sao Bien 20','1239985',NULL,NULL,NULL,NULL,NULL,NULL,'123985',10,5,2,NULL,NULL,1,'2017-03-30 08:26:08','2017-03-30 08:27:56','[\"ROLE_HOTEL_BOSS\"]'),(56,'nhanghibinhhung','$2y$13$2cZjs.ntIPkV6PHLr/t3WOeT9/iX4p8iASWm0MSra9beLBiZoiADW','nhanghibinhhung@gmail.com','Nha Nghi Binh Hung','0913099988',NULL,NULL,NULL,NULL,NULL,NULL,'2547765',10,5,2,NULL,NULL,1,'2017-03-30 08:29:22','2017-03-30 10:32:22','[\"ROLE_HOTEL_BOSS\"]'),(57,'ksngoctrai','$2y$13$lhgvy3H4BPvEEFnLqem9Mu5iGwQQZCKSlo9UFkafBKbuCN9cXaIFq','ngoctrai@gmail.com','Ks Ngoc Trai','0944326060',NULL,NULL,NULL,NULL,NULL,NULL,'2534637658',10,5,2,NULL,NULL,1,'2017-03-30 08:31:43','2017-03-30 10:32:19','[\"ROLE_HOTEL_BOSS\"]'),(58,'ksduyanh','$2y$13$8pgVfGYavuw5yJ1toDWiles1NJ1l23GKmH8M8/nsH7CW6t.l9m.oq','duyanh@gmail.com','Ks Duy Anh','01685727294',NULL,NULL,NULL,NULL,NULL,NULL,'89579585',10,5,2,NULL,NULL,1,'2017-03-30 08:32:49','2017-03-30 10:32:17','[\"ROLE_HOTEL_BOSS\"]'),(59,'ksnamphong','$2y$13$yVIRMkbfc/.2bvb/vqE7kepduttMi6ab/PO6V8toHLhksOuXVWpEe','namphong@gmail.com','Ks Nam Phong','0912372474',NULL,NULL,NULL,NULL,NULL,NULL,'3426544764',10,5,2,NULL,NULL,1,'2017-03-30 08:34:23','2017-03-30 10:32:15','[\"ROLE_HOTEL_BOSS\"]'),(60,'ksminhvan','$2y$13$/9wBmKANKCqFNMP1OvU45OiIPf.aa.8RUaY4d2jZHNFV1zTVw8DZi','minhvan@gmail.com','Ks Minh Van','0986723089',NULL,NULL,NULL,NULL,NULL,NULL,'67464353',10,5,2,NULL,NULL,1,'2017-03-30 08:35:54','2017-03-30 10:32:12','[\"ROLE_HOTEL_BOSS\"]'),(61,'ksbiendoi','$2y$13$Mgv7IGQJoaSTls18n9hJceKijEhD5JMZDlMyBWnDf9YPh1q3xLNVi','biendoi@gmail.com','Ks Bien Doi','0904520678',NULL,NULL,NULL,NULL,NULL,NULL,'86537976',10,5,2,NULL,NULL,1,'2017-03-30 08:41:56','2017-03-30 10:32:10','[\"ROLE_HOTEL_BOSS\"]'),(62,'ksnoihoa','$2y$13$8GCd/ZGp6w9H3HlzTG3oWeh.Lwn6AL6t4hD0uC00xWYfMEbmayv1u','noingoc@gmail.com','Ks Noi Hoa','0912821689',NULL,NULL,NULL,NULL,NULL,NULL,'8856848',10,5,2,NULL,NULL,1,'2017-03-30 08:43:13','2017-03-30 10:32:08','[\"ROLE_HOTEL_BOSS\"]'),(63,'kshuyhoang','$2y$13$Gy4YnGp5hmF.ok/9NHsmxOiI9lZ76LeSuOIaTXq5F/4/96SIx5ol.','huyhoang@gmai.com','Ks Huy Hoang','0943076456',NULL,NULL,NULL,NULL,NULL,NULL,'658265856',10,5,2,NULL,NULL,1,'2017-03-30 08:46:08','2017-03-30 10:32:05','[\"ROLE_HOTEL_BOSS\"]'),(64,'saobien21','$2y$13$iQMLThGGlNUzHjELWCn9beIw.JGn7nthfWHbKjDwGxncm092RD91.','saobien21@gmai.com','BT Sao Bien 21','233699874',NULL,NULL,NULL,NULL,NULL,NULL,'1236987',10,5,2,NULL,NULL,1,'2017-03-30 08:46:19','2017-03-30 10:30:08','[\"ROLE_HOTEL_BOSS\"]'),(65,'ksphuonglinh','$2y$13$5cKgICjHKt0hEVCtGWxlWOICPmfM4cF5gJwJ0ct6Nnre8LY/FHPzu','phuonglinh@gmai.com','Ks Phuong Linh','01677644558',NULL,NULL,NULL,NULL,NULL,NULL,'783658675',10,5,2,NULL,NULL,1,'2017-03-30 08:48:26','2017-03-30 10:30:05','[\"ROLE_HOTEL_BOSS\"]'),(66,'saobien22','$2y$13$/kZeNGDCGc8MZjHoxJeVHefCyUhSjQZsjIv/u/ETv9orYn7bqXrFi','saobien22@gmail.com','BT Sao Bien 22','2369914599',NULL,NULL,NULL,NULL,NULL,NULL,'236699822',10,5,2,NULL,NULL,1,'2017-03-30 08:48:51','2017-03-30 10:30:03','[\"ROLE_HOTEL_BOSS\"]'),(67,'ngoctrai2','$2y$13$wxZnf29UXM0WGk71/rjTUOn62JZlMf/JgiLbo7jtNq.saRpor76q6','ngoctrai2@gmail.com','BT Ngoc Trai2','233998566',NULL,NULL,NULL,NULL,NULL,NULL,'236985665',10,5,2,NULL,NULL,1,'2017-03-30 08:49:43','2017-03-30 10:30:00','[\"ROLE_HOTEL_BOSS\"]'),(68,'ksvinhquang','$2y$13$XtfeC7b9KODci1TM5jZ9je1KcLgrZ5YiYh16h.ljzwrrbBe7Wc7yG','vinhquang@gmail.com','Ks Vinh Quang','0979914123',NULL,NULL,NULL,NULL,NULL,NULL,'35345645656',10,5,2,NULL,NULL,1,'2017-03-30 08:49:52','2017-03-30 10:29:58','[\"ROLE_HOTEL_BOSS\"]'),(69,'ngoctrai3','$2y$13$DpbKf7SvmgjU/31opUGYB.zFLE2WXYek1L.KzsMloEai7/VSek2l2','ngoctrai3@gmail.com','BT Ngoc Trai3','123466998',NULL,NULL,NULL,NULL,NULL,NULL,'2236985566',10,5,2,NULL,NULL,1,'2017-03-30 08:50:27','2017-03-30 10:29:56','[\"ROLE_HOTEL_BOSS\"]'),(70,'kshungxuyen','$2y$13$5Mb184g0SzN8MCbHd5nRMeDuTrpdmpMBFbgWe5jk5nppQIld1ar9a','hungxuyen@gmail.com','Ks Hung Xuyen','097914123',NULL,NULL,NULL,NULL,NULL,NULL,'14551448222',10,5,2,NULL,NULL,1,'2017-03-30 08:51:03','2017-03-30 10:29:53','[\"ROLE_HOTEL_BOSS\"]'),(71,'ngoctrai4','$2y$13$8mTeuarVB94izkwKb7GwMeKz7SEdOTg1hLjx2rpen.S/AvsjcKQFO','ngoctrai4@gmail.com','BT Ngoc Trai4','16896565655',NULL,NULL,NULL,NULL,NULL,NULL,'1689895668',10,5,2,NULL,NULL,1,'2017-03-30 08:51:23','2017-03-30 10:29:51','[\"ROLE_HOTEL_BOSS\"]'),(72,'ksdongduong','$2y$13$eE8KwluDUyvIY/4p43QSd.qpYWB5Br4f2mfn5PpqZJ9uReZ/SC4GO','dongduong@gmail.com','Ks Dong Duong','098721955',NULL,NULL,NULL,NULL,NULL,NULL,'55854656685',10,5,2,NULL,NULL,1,'2017-03-30 08:51:59','2017-03-30 10:29:49','[\"ROLE_HOTEL_BOSS\"]'),(73,'ngoctrai5','$2y$13$SESY3S85FrREZO97FlIL8ehydLuB/w.Ta5sRWZ/bi95vPtqn/C3aO','ngoctrai5@gmail.com','BT Ngoc Trai5','54656525457',NULL,NULL,NULL,NULL,NULL,NULL,'455558686568',10,5,2,NULL,NULL,1,'2017-03-30 08:52:30','2017-03-30 10:29:41','[\"ROLE_HOTEL_BOSS\"]'),(74,'ksduclong','$2y$13$Wr/Y6QrGk6qNID30Go6lXu6ou3X4UrbnSvBlBOp7WfTSViFeUEVcy','duclong@gmail.com','Ks Duc Long','0948626867',NULL,NULL,NULL,NULL,NULL,NULL,'265698765',10,5,2,NULL,NULL,1,'2017-03-30 08:53:06','2017-03-30 10:29:34','[\"ROLE_HOTEL_BOSS\"]'),(75,'ngoctrai6','$2y$13$QRTEECnPJKZJ30o0wjfkEeZU6OFRlNAopGb701UuHsTGGMx/JiJZC','ngoctrai6@gmail.com','BT Ngoc Trai6','26988766',NULL,NULL,NULL,NULL,NULL,NULL,'165698978',10,5,2,NULL,NULL,1,'2017-03-30 08:53:54','2017-03-30 10:29:32','[\"ROLE_HOTEL_BOSS\"]'),(76,'ksngoisao','$2y$13$IOeG2T4HCipY..7Jh0YMruHlmiz/qF0s2SlkRFdfOc3FLuaMRcAzi','ngoisao@gmail.com','Ks Ngoi Sao','1555445555',NULL,NULL,NULL,NULL,NULL,NULL,'988765454',10,5,2,NULL,NULL,1,'2017-03-30 08:54:53','2017-03-30 10:29:29','[\"ROLE_HOTEL_BOSS\"]'),(77,'ksbinhduong2','$2y$13$mmUvUYXOt7faH4IUbbSDv.RppCDg9M4bbrZKjN1URGBXvLt.HKKvK','binhduong@gmail.com','Ks Binh Duong 2','44585278552',NULL,NULL,NULL,NULL,NULL,NULL,'6398752145',10,5,2,NULL,NULL,1,'2017-03-30 08:56:05','2017-03-30 10:29:27','[\"ROLE_HOTEL_BOSS\"]'),(78,'ksthaibinhduong','$2y$13$U2BlqDapOcbUgpYzpCTKruFkyXkzUTySygF9.dgMhQ6qdB/7L7uoC','thaibinhduong@gmail.com','Ks Thai Binh Duong','0373823888',NULL,NULL,NULL,NULL,NULL,NULL,'369852477',10,5,2,NULL,NULL,1,'2017-03-30 08:57:21','2017-03-30 10:29:24','[\"ROLE_HOTEL_BOSS\"]'),(79,'ngoctrai7','$2y$13$DYQFkxLQydOdGsH4clh2U.9S2i2HyNFXtrpEIDEYAFeKAHR19103W','ngoctrai7@gmail.com','BT Ngoc Trai7','1236899',NULL,NULL,NULL,NULL,NULL,NULL,'226998856',10,5,2,NULL,NULL,1,'2017-03-30 08:57:36','2017-03-30 10:29:22','[\"ROLE_HOTEL_BOSS\"]'),(80,'ngoctrai8','$2y$13$agsZPLRAXzztNWuE7I/K7eDmM0IKc8ugQpr7G4u.w7xUXjz6EjYTi','ngoctrai8@gmail.com','BT Ngoc Trai8','1269846698',NULL,NULL,NULL,NULL,NULL,NULL,'123699852',10,5,2,NULL,NULL,1,'2017-03-30 08:58:51','2017-03-30 10:29:18','[\"ROLE_HOTEL_BOSS\"]'),(81,'ngoctrai9','$2y$13$p8.de5fIKPzSj4cHlEi.nuZw8kAyExXz0/uVbclWUlZbVRsK5wz8a','ngoctrai9@gmail.com','BT Ngoc Trai 9','325985659898',NULL,NULL,NULL,NULL,NULL,NULL,'1599899566',10,5,2,NULL,NULL,1,'2017-03-30 08:59:47','2017-03-30 10:29:14','[\"ROLE_HOTEL_BOSS\"]'),(82,'ngoctrai10','$2y$13$tiq6/A68sWXnEgeMLdup9.0eLl9hMRg94sKZZC/0zj81oF0j9y5aK','ngoctrai10@gmail.com','BT Ngoc Trai10','12369855',NULL,NULL,NULL,NULL,NULL,NULL,'15875255',10,5,2,NULL,NULL,1,'2017-03-30 09:00:35','2017-03-30 10:29:11','[\"ROLE_HOTEL_BOSS\"]'),(83,'ksvictory','$2y$13$G8u6lTcL7dvyj07HYsHn5u4AtYHoRVF6aOMKliqsoA0J6IJ9dRnGa','victoria@gmail.com','Ks Victoria','0983010798',NULL,NULL,NULL,NULL,NULL,NULL,'955434454656',10,5,2,NULL,NULL,1,'2017-03-30 09:01:04','2017-03-30 10:29:09','[\"ROLE_HOTEL_BOSS\"]'),(84,'ksthinhvuong','$2y$13$tcZRuJ8zOOEJSqj7Wa2YKO2uLYdva3i8DmMKqCB3Y2KmuJw.t8DTO','thinhvuong@gmail.com','Ks Thinh Vuong','0912732780',NULL,NULL,NULL,NULL,NULL,NULL,'765445448',10,5,2,NULL,NULL,1,'2017-03-30 09:02:10','2017-03-30 10:27:53','[\"ROLE_HOTEL_BOSS\"]'),(85,'ngoctrai11','$2y$13$Ja9YIot.dnTdv.1cc/R6t.xEZA57oU1l0TnfCZycQKE.ahCjhPgQG','ngoctrai11@gmail.com','BT Ngoc Trai11','123698526',NULL,NULL,NULL,NULL,NULL,NULL,'16666266',10,5,2,NULL,NULL,1,'2017-03-30 09:02:33','2017-03-30 10:27:51','[\"ROLE_HOTEL_BOSS\"]'),(86,'ksviethong','$2y$13$W0Rp1HOgDAwdhRnXyd.D7.5tca0WKwCCwTtVmTR/Yo/Y48LlWy0H2','viethong@gmail.com','Ks Viet Hong','0968078686',NULL,NULL,NULL,NULL,NULL,NULL,'1236485566',10,5,2,NULL,NULL,1,'2017-03-30 09:03:21','2017-03-30 10:27:48','[\"ROLE_HOTEL_BOSS\"]'),(87,'ngoctrai12','$2y$13$OAkC0641JJcMc0wOsSVIqu.xi7ZOTUhtwOxH9sz8L4QB28IUzXN3K','ngoctrai12@gmail.com','BT Ngoc Trai 12','136982500',NULL,NULL,NULL,NULL,NULL,NULL,'12369998556',10,5,2,NULL,NULL,1,'2017-03-30 09:03:29','2017-03-30 10:27:45','[\"ROLE_HOTEL_BOSS\"]'),(88,'ngoctrai14','$2y$13$sne5CAR0V2JAMIGMNQBV2.s/BTJYF2b5PDsRzFEj0QK16QbfugEw2','ngoctrai14@gmail.com','BT Ngoc Trai 14','0022565545',NULL,NULL,NULL,NULL,NULL,NULL,'222556854',10,5,2,NULL,NULL,1,'2017-03-30 09:04:11','2017-03-30 10:27:43','[\"ROLE_HOTEL_BOSS\"]'),(89,'ksbinhminh','$2y$13$fBLjXIuzQZnUc7UfIBZt9uvLvok8exMiQvBgdmvLQA/ccIrmLcXki','binhminh@gmail.com','Ks Binh Minh','0915373816',NULL,NULL,NULL,NULL,NULL,NULL,'96583796',10,5,2,NULL,NULL,1,'2017-03-30 09:04:24','2017-03-30 10:27:39','[\"ROLE_HOTEL_BOSS\"]'),(90,'ngoctrai15','$2y$13$7M7noYKG/5R7wlFR4ssTqe8/SSHVIGmjhLeimfi9nefLW8F32cj/y','ngoctrai15@gmail.com','BT Ngoc Trai 15','23668874',NULL,NULL,NULL,NULL,NULL,NULL,'123698',10,5,2,NULL,NULL,1,'2017-03-30 09:05:18','2017-03-30 10:27:36','[\"ROLE_HOTEL_BOSS\"]'),(91,'kstrungdong','$2y$13$A1TWcUULO6tHJMv8oYEAbueZBx4iS3ePYyUjgFEyJVYN/gNnsq3Ru','trungdong@gmail.com','Ks Trung Dong','0122824111',NULL,NULL,NULL,NULL,NULL,NULL,'879564794',10,5,2,NULL,NULL,1,'2017-03-30 09:06:31','2017-03-30 10:27:31','[\"ROLE_HOTEL_BOSS\"]'),(92,'kstruonggiang','$2y$13$izz2ovlNxu88VB3n6lEOeuDUEmeUPiEfDJpASxXNBZhOCSKl5srNa','truonggiang@gmail.com','Ks Truong Giang','0915926388',NULL,NULL,NULL,NULL,NULL,NULL,'5634687678',10,5,2,NULL,NULL,1,'2017-03-30 09:07:53','2017-03-30 10:27:26','[\"ROLE_HOTEL_BOSS\"]'),(93,'ngoctrai16','$2y$13$k8g35QpZ/jthjd3Heh7DTOFpY/4hqrJtsYEBl8rdAcHx07R8tCaZK','ngoctrai16@gmail.com','BT Ngoc Trai 16','1236645899',NULL,NULL,NULL,NULL,NULL,NULL,'133698452',10,5,2,NULL,NULL,1,'2017-03-30 09:07:56','2017-03-30 10:27:22','[\"ROLE_HOTEL_BOSS\"]'),(94,'ksquynhnhiem','$2y$13$SZhCGRGy548kqYcOI6.ACOof7k44KxOPrTYMSpGXsmmYLqwGGeXta','quynhnhiem@gmail.com','Ks Quynh Nhiem','0943381978',NULL,NULL,NULL,NULL,NULL,NULL,'69568965',10,5,2,NULL,NULL,1,'2017-03-30 09:09:06','2017-03-30 10:27:10','[\"ROLE_HOTEL_BOSS\"]'),(95,'ngoctrai17','$2y$13$8V/wyYx2gRm8alueLkisWeujlOENaSnDEf2vl38VMxmLbtHd8uZeC','ngoctrai17@gmail.com','BT Ngoc Trai 17','13336998',NULL,NULL,NULL,NULL,NULL,NULL,'1239888',10,5,2,NULL,NULL,1,'2017-03-30 09:09:25','2017-03-30 10:27:04','[\"ROLE_HOTEL_BOSS\"]'),(96,'ksbonghong','$2y$13$fqbBKnscvrql9m0ljO4rXeWUkGq9BbXxEylybj/RBL3rfB27RtQcu','bonghong@gmail.com','Ks Bong Hong','0913356914',NULL,NULL,NULL,NULL,NULL,NULL,'6785685',10,5,2,NULL,NULL,1,'2017-03-30 09:10:08','2017-03-30 10:26:54','[\"ROLE_HOTEL_BOSS\"]'),(97,'ngoctrai18','$2y$13$0lGNrF3OjctASl9yDsGUe.FdjSHgzTEUGmuy8mgbtF1eBgJYTT09K','ngoctrai18@gmail.com','BT Ngoc Trai 18','123698',NULL,NULL,NULL,NULL,NULL,NULL,'1239875',10,5,2,NULL,NULL,1,'2017-03-30 09:10:11','2017-03-30 10:26:50','[\"ROLE_HOTEL_BOSS\"]'),(98,'kshoahong1','$2y$13$To8/PysHd2sZj9NN6RjN1OyBi6Xkw7gkx8DvGpTlT.zjkFqLxnVZ.','hoahong1@gmail.com','Ks Hoa Hong 1','0903493878',NULL,NULL,NULL,NULL,NULL,NULL,'693547425',10,5,2,NULL,NULL,1,'2017-03-30 09:11:26','2017-03-30 10:26:48','[\"ROLE_HOTEL_BOSS\"]'),(99,'ngoctrai19','$2y$13$3L49bCluvmeuNSGHzVKtd.mvoJZWA4LO5rt4OWMAhD2BmO3MwvgSK','ngoctrai19@gmail.com','BT Ngoc Trai 19','032659856',NULL,NULL,NULL,NULL,NULL,NULL,'266548998',10,5,2,NULL,NULL,1,'2017-03-30 09:11:28','2017-03-30 10:26:41','[\"ROLE_HOTEL_BOSS\"]'),(100,'ngoctrai20','$2y$13$fXyZRpHd4C5L3gJSbJ9Xv.MhPrUwYItz.QnYQ5beiytC3U.uUsM4O','ngoctrai20@gmail.com','BT Ngoc Trai 20','22229999',NULL,NULL,NULL,NULL,NULL,NULL,'123985666',10,5,2,NULL,NULL,1,'2017-03-30 09:12:29','2017-03-30 10:26:36','[\"ROLE_HOTEL_BOSS\"]'),(101,'ksnamhang','$2y$13$FevNWNMi80jBMXTyjaxk4evnlxVB7cb2Q/UsbDWlqk6K2OUbcUkP6','namhang@gmail.com','Ks Nam Hang','0968284206',NULL,NULL,NULL,NULL,NULL,NULL,'7546778',10,5,2,NULL,NULL,1,'2017-03-30 09:12:39','2017-03-30 10:26:32','[\"ROLE_HOTEL_BOSS\"]'),(102,'ngoctrai21','$2y$13$MX4SbmJwUgZDxeyW8e5ct.fPlrXwosidzsflO588Si4rBBuU4WAZC','ngoctrai21@gmail.com','BT Ngoc Trai 21','222266998',NULL,NULL,NULL,NULL,NULL,NULL,'1558888',10,5,2,NULL,NULL,1,'2017-03-30 09:13:29','2017-03-30 10:26:28','[\"ROLE_HOTEL_BOSS\"]'),(103,'kshanoi','$2y$13$qk9JGO6B0dl4Sxi2TW8RHeIBlUR./W2trnIeEYFijnigFPogyevVi','hanoi@gmail.com','Ks Ha Noi','0912131333',NULL,NULL,NULL,NULL,NULL,NULL,'9876453',10,5,2,NULL,NULL,1,'2017-03-30 09:13:34','2017-03-30 10:26:20','[\"ROLE_HOTEL_BOSS\"]'),(104,'ksbinhduong','$2y$13$lS52y1C2AKeiCTASa1LafeiEJc57ODRcHZux9weJrcwhsVnbP2fti','binhduong1@gmail.com','Ks Binh Duong','0919665818',NULL,NULL,NULL,NULL,NULL,NULL,'69875445',10,5,2,NULL,NULL,1,'2017-03-30 09:15:01','2017-03-30 10:26:11','[\"ROLE_HOTEL_BOSS\"]'),(105,'ngoctrai22','$2y$13$otZIRc/ge/vf8oFIgPkgmupK9kyYienoeKlIMKj5CojDAK1ekFluK','ngoctrai22@gmail.com','BT Ngoc Trai22','2229996666',NULL,NULL,NULL,NULL,NULL,NULL,'12222266665',10,5,2,NULL,NULL,1,'2017-03-30 09:15:10','2017-03-30 10:26:04','[\"ROLE_HOTEL_BOSS\"]'),(106,'ksdetlua','$2y$13$HxNJiG1rswehFzTjy9AeNOsC3Ve97SzeVt33GUSIqyfaelUILfV0O','detlua@gmail.com','Ks Det Lua','0912605397',NULL,NULL,NULL,NULL,NULL,NULL,'1223565896',10,5,2,NULL,NULL,1,'2017-03-30 09:16:18','2017-03-30 10:25:56','[\"ROLE_HOTEL_BOSS\"]'),(107,'ksking','$2y$13$BqETUGOI.lpq5bw.9gaXr.E4btltqEBXDqcWMLwmzyjQ3DNxYCGDa','king@gmail.com','Ks King','0912605398',NULL,NULL,NULL,NULL,NULL,NULL,'684848',10,5,2,NULL,NULL,1,'2017-03-30 09:17:30','2017-03-30 10:25:42','[\"ROLE_HOTEL_BOSS\"]'),(108,'kstheanh2','$2y$13$3OCBbTVji7W4ZIpeqPpNF.2vmvqSfgQ8i2hkhNEucHyinLhy/xOSi','theanh2@gmail.com','KS The Anh2','165698989',NULL,NULL,NULL,NULL,NULL,NULL,'12336655',10,5,2,NULL,NULL,1,'2017-03-30 09:17:36','2017-04-01 09:14:04','[\"ROLE_HOTEL_BOSS\"]'),(109,'kshuongtram','$2y$13$5M2D/cp1472Luc9jmIG6puXeXjC.BhdQByeiDh5e1fNT0GQjMN27y','huongtram@gmail.com','KS Huong Tram','12556969',NULL,NULL,NULL,NULL,NULL,NULL,'1233665',10,5,2,NULL,NULL,1,'2017-03-30 09:18:25','2017-03-30 10:25:38','[\"ROLE_HOTEL_BOSS\"]'),(110,'ksngochien','$2y$13$UEdVj3VCt41rbWWaYeF0q.5JiIRZtuqzx9puU35VkGYfG9UewMLae','ngochien@gmail.com','Ks Ngoc Hien','0943077977',NULL,NULL,NULL,NULL,NULL,NULL,'6967508',10,5,2,NULL,NULL,1,'2017-03-30 09:18:33','2017-03-30 10:25:36','[\"ROLE_HOTEL_BOSS\"]'),(111,'kshungthao','$2y$13$X3pR/1EoFIyvrm9KH8wFGeWByV1.hfO6c3CSVlmiaozmuefFbtpXe','hungthao@gmail.com','KS Hung Thao','0916915848',NULL,NULL,NULL,NULL,NULL,NULL,'2656655',10,5,2,NULL,NULL,1,'2017-03-30 09:19:22','2017-03-30 10:25:26','[\"ROLE_HOTEL_BOSS\"]'),(112,'ksnewstar','$2y$13$7Q2lMSOdsXqKuWTHY.uYRegOTzoRpvwYQIdVqpxodQCc7sOvVXj/q','newstar@gmail.com','KS New Star','0373827345',NULL,NULL,NULL,NULL,NULL,NULL,'1652656',10,5,2,NULL,NULL,1,'2017-03-30 09:20:28','2017-03-30 10:25:15','[\"ROLE_HOTEL_BOSS\"]'),(113,'ksgold','$2y$13$OuDync2Ffa8CiHh0u9ATn.L90CnECvfFp5jB0G.tfcj3ZokSbhCQC','gold@gmail.com','KS Gold','0943076345',NULL,NULL,NULL,NULL,NULL,NULL,'16598989',10,5,2,NULL,NULL,1,'2017-03-30 09:21:45','2017-03-30 10:25:13','[\"ROLE_HOTEL_BOSS\"]'),(114,'ksdinhvang','$2y$13$jcUcifci4Jf3/UCud1q.AeVAEAGXNKeXNo.Jtioco1WmcDdLPS2bW','dinhvang@gmail.com','KS Đinh Vang','0988203060',NULL,NULL,NULL,NULL,NULL,NULL,'166666546989',10,5,2,NULL,NULL,1,'2017-03-30 09:23:13','2017-03-30 10:20:13','[\"ROLE_HOTEL_BOSS\"]'),(115,'ksthanhcong','$2y$13$nS07gJRy9VQE9pW0qv15WOfovc67lG.h53PzYBTYetKwvQO0/7Sxi','thanhcong@gmail.com','Ks Thanh Cong','0904678408',NULL,NULL,NULL,NULL,NULL,NULL,'123456985',10,5,2,NULL,NULL,1,'2017-03-30 09:28:33','2017-03-30 10:20:10','[\"ROLE_HOTEL_BOSS\"]'),(116,'ksvietlinh','$2y$13$iZH1J4dyQGqY2pWSw2eN4uMFc7VO7kJTp3uuZoBpNRZxRpL8Mvhy2','vietlinh@gmail.com','Ks Viet Linh','0949006168',NULL,NULL,NULL,NULL,NULL,NULL,'112365478',10,5,2,NULL,NULL,1,'2017-03-30 09:29:59','2017-03-30 10:20:07','[\"ROLE_HOTEL_BOSS\"]'),(117,'ksquynhduong','$2y$13$qlqc.ryoUHwT2f1ZvffuTulQkojYlezndeo/u1hZdNR54x6pOf6Ju','quynhduong@gmail.com','Ks Quynh Duong','0982563055',NULL,NULL,NULL,NULL,NULL,NULL,'1236548444',10,5,2,NULL,NULL,1,'2017-03-30 09:32:59','2017-03-30 10:20:05','[\"ROLE_HOTEL_BOSS\"]'),(118,'ksthulinh','$2y$13$Eg7uD0VUISp7jplCKsgxZuSpA2Yl61kl6Fp8G8uNdr4HFL9crimWS','thulinh@gmail.com','Ks Thu Linh','0373822430',NULL,NULL,NULL,NULL,NULL,NULL,'485754554',10,5,2,NULL,NULL,1,'2017-03-30 09:34:31','2017-03-30 10:20:01','[\"ROLE_HOTEL_BOSS\"]'),(119,'ksdongkhanh','$2y$13$QT3UzgSR5eSijSUeC7FbOemBujgSYS1rPvsXPuw2mja.6ljJQt1vS','dongkhanh@gmail.com','KS Đồng Khánh','122669',NULL,NULL,NULL,NULL,NULL,NULL,'12542266',10,5,2,NULL,NULL,1,'2017-03-30 09:34:42','2017-03-30 10:19:58','[\"ROLE_HOTEL_BOSS\"]'),(120,'kshatung','$2y$13$YI6QSfrV6YlvS00UdjV8XOJpD15N7kYuPY71IoTBUtsOVH0Yxtb0a','hatung@gmail.com','KS Hà Tùng','122664',NULL,NULL,NULL,NULL,NULL,NULL,'16598598978',10,5,2,NULL,NULL,1,'2017-03-30 09:36:02','2017-03-30 10:19:55','[\"ROLE_HOTEL_BOSS\"]'),(121,'ksngoclan','$2y$13$LrZTh1OSYxTn0.d7Tdagtu5mlTrPFjPKOnKxwOUseXmComvUxLtla','ngoclan@gmail.com','KS Ngoc Lan','123369',NULL,NULL,NULL,NULL,NULL,NULL,'122366568',10,5,2,NULL,NULL,1,'2017-03-30 09:37:30','2017-03-30 10:19:53','[\"ROLE_HOTEL_BOSS\"]'),(122,'kshaily','$2y$13$nmYaLn8hj3uaPuxzsA7XK.r81SKHVJ5jYhNBPtqNRS9HSAztBP4wS','haily@gmail.com','Ks Hai Ly','0988677639',NULL,NULL,NULL,NULL,NULL,NULL,'12354563',10,5,2,NULL,NULL,1,'2017-03-30 09:38:17','2017-03-30 10:19:49','[\"ROLE_HOTEL_BOSS\"]'),(123,'ksmaitrang','$2y$13$OFf73PKh6CtxdMwII.NEhOFfZsYH.HDSuVRV4lyFyPI5V5Jp2Miw2','maitrang@gmail.com','Ks Mai Trang','0975887838',NULL,NULL,NULL,NULL,NULL,NULL,'126845566',10,5,2,NULL,NULL,1,'2017-03-30 09:39:25','2017-03-30 10:19:47','[\"ROLE_HOTEL_BOSS\"]'),(124,'kssontrang2','$2y$13$szoEheUs56SIn3GJpak2/uZtqliGtCpihg5sMtcqqPfZKVbnUYQhm','sonduong@gmail.com','KS Sơn Dương','1236988',NULL,NULL,NULL,NULL,NULL,NULL,'1236988',10,5,2,NULL,NULL,1,'2017-03-30 09:39:47','2017-03-30 10:17:36','[\"ROLE_HOTEL_BOSS\"]'),(125,'kssaomai','$2y$13$8bHs7R93ciF7EfkpByq8Kev0Xy2hJazijJuR2zkamo9bF6CC4AdOC','saomai@gmail.com','Ks Sao Mai','0963987356',NULL,NULL,NULL,NULL,NULL,NULL,'3652659',10,5,2,NULL,NULL,1,'2017-03-30 09:42:30','2017-03-30 10:17:34','[\"ROLE_HOTEL_BOSS\"]'),(126,'ksdainam','$2y$13$UrRWbfBmp88408hUaDk2weMLmbcn0rzhKJ9I0Mkx2hNhwHfLRbBd6','dainam@gmail.com','548545784','0971466235',NULL,NULL,NULL,NULL,NULL,NULL,'12546565',10,5,2,NULL,NULL,1,'2017-03-30 09:43:21','2017-03-30 10:17:32','[\"ROLE_HOTEL_BOSS\"]'),(127,'ksthanglong','$2y$13$61DaZ99AKCVRo2gvKDdWAuJ5vRY9Ea.b5O6Fazcg2m5garmtFvkPi','thanglong@gmail.com','KS Thang Long','23333',NULL,NULL,NULL,NULL,NULL,NULL,'123333',10,5,2,NULL,NULL,1,'2017-03-30 09:45:18','2017-03-30 10:17:26','[\"ROLE_HOTEL_BOSS\"]'),(128,'kshoaphuongdo','$2y$13$OCNqLmJfiUuvMHwe/YGJ7.8PYJ0AsdmJpADgSJboFtnOL3ZotuJhG','hoaphuongdo@gmail.com','Ks Hoa phuong Do','0932976789',NULL,NULL,NULL,NULL,NULL,NULL,'35656545',10,5,2,NULL,NULL,1,'2017-03-30 09:46:40','2017-03-30 10:17:24','[\"ROLE_HOTEL_BOSS\"]'),(129,'ksvanxuan','$2y$13$IjZ1iyyPFo4L57NhKA7rq.Of.D.52lIcnyc6U3XwnH1Bpkw6srV0C','vanxuan@gmail.com','KS Van Xuan','12345669',NULL,NULL,NULL,NULL,NULL,NULL,'222222',10,5,2,NULL,NULL,1,'2017-03-30 09:47:25','2017-03-30 10:17:22','[\"ROLE_HOTEL_BOSS\"]'),(130,'kstantruongson','$2y$13$7P69kOmR9lyPvUybWE9yre4P7O42DwxAbPdkiFb0tmsVSgPCILRSC','tantruongson@gmail.com','Ks Tan Truong Son','0913549529',NULL,NULL,NULL,NULL,NULL,NULL,'4354684',10,5,2,NULL,NULL,1,'2017-03-30 09:48:08','2017-03-30 10:17:19','[\"ROLE_HOTEL_BOSS\"]'),(131,'kshaiyen','$2y$13$J2KO80FAzHokaE5g6.T5W.bgWacKo5nY30SVFU0yjfmteGMU.NvS.','haiyen@gmail.com','KS Hải Yến','11555820245',NULL,NULL,NULL,NULL,NULL,NULL,'2222233356',10,5,2,NULL,NULL,1,'2017-03-30 09:49:22','2017-03-30 10:17:17','[\"ROLE_HOTEL_BOSS\"]'),(132,'kscrown','$2y$13$Oly1Tw0nA1KQlLZbyG0PI.Pu8wykmJiQ/KHCXuxJP9tcbLZ2wPaPe','crown@gmail.com','Ks Crown','0983344505',NULL,NULL,NULL,NULL,NULL,NULL,'3265464525',10,5,2,NULL,NULL,1,'2017-03-30 09:49:25','2017-03-30 10:17:14','[\"ROLE_HOTEL_BOSS\"]'),(133,'ksbiathanhhoa','$2y$13$Bi02gvz6DG3/TPkOmHWstuOHQy0FAd/NVMBcUiwrgWxz1xqngg4xK','biathanhhoa@gmail.com','Ks Bia Thanh Hoa','0373826688',NULL,NULL,NULL,NULL,NULL,NULL,'2354845',10,5,2,NULL,NULL,1,'2017-03-30 09:50:42','2017-03-30 10:17:12','[\"ROLE_HOTEL_BOSS\"]'),(134,'kshoanlong','$2y$13$sVVkVu/OO9W5SeEfpHfMpOBYZuqUFWtDM0vz59kmSv8.0GrXo8N0K','hoanlong@gmail.com','KS Hoan Long','0122222',NULL,NULL,NULL,NULL,NULL,NULL,'1212336',10,5,2,NULL,NULL,1,'2017-03-30 09:52:52','2017-03-30 10:17:04','[\"ROLE_HOTEL_BOSS\"]'),(135,'kshuongthuy','$2y$13$70uvZ08JF4TPZGcLsRShjOe4BUg6scBRoXognpkdfONYPK1tXlNby','huongthuy@gmail.com','Ks Huong Thuy','091883602',NULL,NULL,NULL,NULL,NULL,NULL,'45687645',10,5,2,NULL,NULL,1,'2017-03-30 10:00:02','2017-03-30 10:17:02','[\"ROLE_HOTEL_BOSS\"]'),(136,'ksducthanh','$2y$13$MUuvEBuAOFUeVv2sUvg3o.p5RbNre7.OFoty66E3H6P2Vtp/CHq/y','ducthanh@gmail.com','Ks Duc Thanh','0913387196',NULL,NULL,NULL,NULL,NULL,NULL,'254564656',10,5,2,NULL,NULL,1,'2017-03-30 10:01:59','2017-03-30 10:16:59','[\"ROLE_HOTEL_BOSS\"]'),(137,'ksthanhha','$2y$13$5JqlPOF6ScXeh5tUukeDoeceP/Ie/8XloXZwxoG0pte/nLHWz.ChW','thanhha@gmail.com','Ks Thanh Ha','0914883599',NULL,NULL,NULL,NULL,NULL,NULL,'123465425',10,5,2,NULL,NULL,1,'2017-03-30 10:04:03','2017-03-30 10:16:54','[\"ROLE_HOTEL_BOSS\"]'),(138,'ksnganha','$2y$13$Tac.bPiEvruXKbMGRd2K.eEdW/.t2r4WzU4W7a5ImBUh0qrN6kAOC','nganha@gmail.com','KS Ngân Hà','123689',NULL,NULL,NULL,NULL,NULL,NULL,'126698',10,5,2,NULL,NULL,1,'2017-03-30 10:05:06','2017-03-30 10:16:52','[\"ROLE_HOTEL_BOSS\"]'),(139,'kskimxuyen','$2y$13$bLLrIjq0xTe8aYc8eutbsOkJWKsFA6dJ8pOGFCZoV6M/13iDrEboq','kimxuyen@gmail.com','Ks Kim Xuyen','0962746666',NULL,NULL,NULL,NULL,NULL,NULL,'3244846',10,5,2,NULL,NULL,1,'2017-03-30 10:05:21','2017-03-30 10:16:47','[\"ROLE_HOTEL_BOSS\"]'),(140,'ksduchau','$2y$13$.8pZxFHyxTcr6TghM1yQ9eXRe4eNTEvWDLozh5o8pgAldAmTio/mS','ducchau@gmail.com','Ks Duc Chau','23326325656',NULL,NULL,NULL,NULL,NULL,NULL,'21352456153',10,5,2,NULL,NULL,1,'2017-03-30 10:06:29','2017-03-30 10:16:45','[\"ROLE_HOTEL_BOSS\"]'),(141,'kssongma','$2y$13$KiBBY0iGRkinYaJKNjMjquTs4NT.meHa9GMal2avbP1i4uk7jsX66','songma@gmail.com','KS Sông Mã','0373822292',NULL,NULL,NULL,NULL,NULL,NULL,'266156998',10,5,2,NULL,NULL,1,'2017-03-30 10:06:43','2017-03-30 10:16:42','[\"ROLE_HOTEL_BOSS\"]'),(142,'kshongthai','$2y$13$oXHutnYePO0W6DdRvQSem.A8wIVNOK2KDLhNbG7pnQ2AXSE29uHgS','hongthai@gmail.com','Ks Hong Thai','2354652',NULL,NULL,NULL,NULL,NULL,NULL,'54654354',10,5,2,NULL,NULL,1,'2017-03-30 10:10:04','2017-03-30 10:16:40','[\"ROLE_HOTEL_BOSS\"]'),(143,'ksf3samson','$2y$13$LbpRdZoAY2XqBaH3JorlYusJJFzWZeE9/gPl3NX2QNm7v4MT7L/we','f3samson@gmail.com','Ks F3 Sam Son','0989735071',NULL,NULL,NULL,NULL,NULL,NULL,'231351314',10,5,2,NULL,NULL,1,'2017-03-30 10:11:32','2017-03-30 12:26:26','[\"ROLE_HOTEL_BOSS\"]'),(145,'ksviethung','$2y$13$bXAHOMB0UhcQxTK7bMe1rOnCUM.9/0mWkyLNojyeTaKdIRgMh8J7u','viethung@gmail.com','KS Việt Hưng','0965058145',NULL,NULL,NULL,NULL,NULL,NULL,'126815',10,5,2,NULL,NULL,1,'2017-03-30 14:02:55','2017-03-30 14:03:13','[\"ROLE_HOTEL_BOSS\"]'),(146,'ksnhanduc','$2y$13$jv4JE6CZsppFxlw2ZbYWYOTZN.3/Drn7AR2DT/HFxV8Gs4KNSEa5i','nhanduc@gmail.com','KS Nhân Đức','222226959595',NULL,NULL,NULL,NULL,NULL,NULL,'265698989',10,5,2,NULL,NULL,1,'2017-03-30 14:06:49','2017-03-30 14:31:30','[\"ROLE_HOTEL_BOSS\"]'),(147,'ksroyal','$2y$13$5fku.1c7kFi35tozriwiVOWq03cv/J1.ybPWSKyjgPFqPtNLTqOFq','royal@gmail.com','KS Royal','1236458',NULL,NULL,NULL,NULL,NULL,NULL,'2648556',10,5,2,NULL,NULL,1,'2017-03-30 14:09:09','2017-03-30 14:31:26','[\"ROLE_HOTEL_BOSS\"]'),(148,'kshuongbien','$2y$13$wQ32F3g/fToQTzpNYvYtkekDIxyNk0ahblhpeH7v46oJZZuR9AuPK','huongbien@gmail.com','KS Hương Biển','23698526',NULL,NULL,NULL,NULL,NULL,NULL,'268742655',10,5,2,NULL,NULL,1,'2017-03-30 14:26:34','2017-03-30 14:31:24','[\"ROLE_HOTEL_BOSS\"]'),(149,'ksboxaydung','$2y$13$x7GqKSsHbJyrCxjUcU./YeqBbpSEE3dbnnAIrqHOsNyPVNo48OUJi','boxaydung@gmail.com','KS Bộ Xây Dựng','2569897569',NULL,NULL,NULL,NULL,NULL,NULL,'1298756',10,5,2,NULL,NULL,1,'2017-03-30 14:27:55','2017-03-30 14:31:22','[\"ROLE_HOTEL_BOSS\"]'),(150,'ksvuphong','$2y$13$8eDXS1.lkutypm7Wt./8feNjDE2AkT84SnprpLW/cfhSV2fZrhoui','ksvuson@gmail.com','KS Vũ Sơn','23698875',NULL,NULL,NULL,NULL,NULL,NULL,'1239875222',10,5,2,NULL,NULL,1,'2017-03-30 14:30:18','2017-03-30 14:31:20','[\"ROLE_HOTEL_BOSS\"]'),(151,'kstunghanh','$2y$13$4abPMUVadhm/JpZ22xrR6u/Gox7tQiOarPVgsTk/G40LDzfO4bAie','tunghanh@gmail.com','KS Tùng Hạnh','1656559595',NULL,NULL,NULL,NULL,NULL,NULL,'136985',10,5,2,NULL,NULL,1,'2017-03-30 14:36:01','2017-04-01 09:13:46','[\"ROLE_HOTEL_BOSS\"]'),(152,'ksdienluc','$2y$13$efyd5jtcHKoTSgX5/Ap1EeN.e/b5KCsue.jvGmetphvLueeE7eSya','dienluc@gmail.com','KS Điện Lực','1234568',NULL,NULL,NULL,NULL,NULL,NULL,'1266998',10,5,2,NULL,NULL,1,'2017-03-30 14:37:09','2017-04-01 09:13:50','[\"ROLE_HOTEL_BOSS\"]'),(153,'ksthuylinh','$2y$13$/8khRHG4aVCSs3O0m6605.RNthV49f5n87kEA7adDzT6zbazHRc5G','thuylinh@gmail.com','KS Thùy Linh','023654',NULL,NULL,NULL,NULL,NULL,NULL,'126897',10,5,2,NULL,NULL,1,'2017-03-30 14:42:00','2017-03-30 14:42:20','[\"ROLE_HOTEL_BOSS\"]'),(154,'kshoanglam','$2y$13$msNjJ1U7hm7xzuf06pwSFO5a/hd/o50gwNJt/gFWfiG3fJnRll8lW','hoanglam@gmail.com','KS Hoàng Lâm','236644',NULL,NULL,NULL,NULL,NULL,NULL,'13985662',10,5,2,NULL,NULL,1,'2017-03-30 14:43:34','2017-03-30 15:06:40','[\"ROLE_HOTEL_BOSS\"]'),(155,'ksthaovan','$2y$13$l/RD5J/Y3W5qOYWva/XoNu90/BPiWBpscV5MH5FCgRmyfiFOiozEq','thaovan@gmail.com','KS Thảo Vân','12367',NULL,NULL,NULL,NULL,NULL,NULL,'46565656',10,5,2,NULL,NULL,1,'2017-03-30 14:45:45','2017-03-30 15:06:38','[\"ROLE_HOTEL_BOSS\"]'),(156,'ksdongnam','$2y$13$3SKd8ky/BDY6Pqp20vk7UOxjmgtdPyW1SlLqoaXd.sV.ZEz7IyKcC','dongnam@gmail.com','KS Đông Nam','1225622656',NULL,NULL,NULL,NULL,NULL,NULL,'123987562',10,5,2,NULL,NULL,1,'2017-03-30 14:46:36','2017-03-30 15:06:35','[\"ROLE_HOTEL_BOSS\"]'),(157,'ksbachduong','$2y$13$cyEk5TMyMgqQeEQ7tbRfFeVXIwwHarOZdMoXXyHDrKyrK9sfyEf6C','bachduong@gmail.com','KS Bach Duong','1536899',NULL,NULL,NULL,NULL,NULL,NULL,'6699522662',10,5,2,NULL,NULL,1,'2017-03-30 14:47:52','2017-03-30 15:06:33','[\"ROLE_HOTEL_BOSS\"]'),(158,'kssaobien','$2y$13$6JqlkXkBcZlwJon3YX1h9.7ArLp/o1WM0hgzALA4Ubb/T4DrdaOOa','saobien@gmail.com','KS Sao Biển','22365459',NULL,NULL,NULL,NULL,NULL,NULL,'552672',10,5,2,NULL,NULL,1,'2017-03-30 14:49:18','2017-03-30 15:06:31','[\"ROLE_HOTEL_BOSS\"]'),(159,'kshanoixanh','$2y$13$GHdCL6jROLcHJz2JkN1xqObskBiUfe/0NV4nNY4WuFw/U6WtYrER6','hanoixanh@gmail.com','KS Hà Nội Xanh','236559',NULL,NULL,NULL,NULL,NULL,NULL,'5568492',10,5,2,NULL,NULL,1,'2017-03-30 14:50:51','2017-03-30 15:06:29','[\"ROLE_HOTEL_BOSS\"]'),(160,'ksduylinh','$2y$13$KfOvZpZ0LdPKfIZCWf/GF.SvnG6Wb5UX91Y0shG5hz7y9blvrkTge','duylinh@gmail.com','KS Duy Linh','1234565658',NULL,NULL,NULL,NULL,NULL,NULL,'136984',10,5,2,NULL,NULL,1,'2017-03-30 14:52:38','2017-03-30 15:06:26','[\"ROLE_HOTEL_BOSS\"]'),(161,'ksvanthanh','$2y$13$4euNbizdMU2hwb0qiRi6K..B00L5iB3hxPWspCXty7c9hmPQtJ5Dy','vanthanh@gmail.com','KS Vân Thành','225669585',NULL,NULL,NULL,NULL,NULL,NULL,'556897878522',10,5,2,NULL,NULL,1,'2017-03-30 14:54:31','2017-03-30 15:06:24','[\"ROLE_HOTEL_BOSS\"]'),(162,'kskhanhhung','$2y$13$cVyyOS/vuKuRcKwK7.wAw.KA1nEVChp.N2hi4BpzOmYsDo39Rf1Ta','khanhhung@gmail.com','KS Khánh Hưng','233695585',NULL,NULL,NULL,NULL,NULL,NULL,'4598989256',10,5,2,NULL,NULL,1,'2017-03-30 14:59:41','2017-03-30 15:06:21','[\"ROLE_HOTEL_BOSS\"]'),(163,'kschuthapdo','$2y$13$.BU.v0bNFeN9PnvnyCpMoeceEKHVGpwNiuxV7Qls73OR.t/2RqiTa','chuthapdo@gmail.com','KS Chữ Thập Đỏ','22456546546',NULL,NULL,NULL,NULL,NULL,NULL,'6565656546',10,5,2,NULL,NULL,1,'2017-03-30 16:17:34','2017-03-30 16:27:45','[\"ROLE_HOTEL_BOSS\"]'),(164,'ksthangloi','$2y$13$QFm.8Wh3vc4aJ0Ugl.3pTuX2BEXeuhy9OFi3dvw4pDc8vTexcxhaW','thangloi@gmail.com','KS Thắng Lợi','1584255',NULL,NULL,NULL,NULL,NULL,NULL,'49214752',10,5,2,NULL,NULL,1,'2017-03-30 16:19:09','2017-03-30 16:27:42','[\"ROLE_HOTEL_BOSS\"]'),(165,'kstrungthanh','$2y$13$SPSY30UdgkDKEq0fDStqoe7H3M7N/HG7Hvp4uxs24OXvLHSFssaUi','trungthanh@gmail.com','KS Trung Thành','154985',NULL,NULL,NULL,NULL,NULL,NULL,'12365548',10,5,2,NULL,NULL,1,'2017-03-30 16:20:25','2017-03-30 16:27:40','[\"ROLE_HOTEL_BOSS\"]'),(166,'kshoguom','$2y$13$wsNpxMIQa.YWeWT92t1p.emJ/Oi.kMVOHog6xKTmizhbJ4xaRVQl6','hoguom@gmail.com','KS Hồ Gươm','1598268',NULL,NULL,NULL,NULL,NULL,NULL,'15826842',10,5,2,NULL,NULL,1,'2017-03-30 16:22:01','2017-03-30 16:27:38','[\"ROLE_HOTEL_BOSS\"]'),(167,'kschaubinh','$2y$13$urWQnQGNYsKzW97LTRV.ZeZr3RO/sME79Zi8KN5SoX.sOzUBFtWja','chaubinh@gmail.com','KS Châu Bình','1158258',NULL,NULL,NULL,NULL,NULL,NULL,'1558256652',10,5,2,NULL,NULL,1,'2017-03-30 16:22:52','2017-03-30 16:27:35','[\"ROLE_HOTEL_BOSS\"]'),(168,'ksgiabao','$2y$13$VykKqBWdf/bDApcxUpksLOKIZbjUfmQmiy9j0AieFatKqTX5DJ9ae','giabao@gmail.com','KS Gia Bảo','25547852',NULL,NULL,NULL,NULL,NULL,NULL,'126000455',10,5,2,NULL,NULL,1,'2017-03-30 16:23:46','2017-03-30 16:27:33','[\"ROLE_HOTEL_BOSS\"]'),(169,'kshungthinh','$2y$13$puprzdjnnjnmEpo6VkkbAeLn6RTI2Q6i.7AyOyfgzBm7DxiniOpN.','hungthinh@gmail.com','KS Hưng Thịnh','26987292',NULL,NULL,NULL,NULL,NULL,NULL,'1826825',10,5,2,NULL,NULL,1,'2017-03-30 16:24:40','2017-03-30 16:27:31','[\"ROLE_HOTEL_BOSS\"]'),(170,'kshongnamhai','$2y$13$KJVe1M23h3kKZJP6gdqLBO7DRO9iV4NzqM6cgoTQQZLpgZiSbRT7a','hongnamhai@gmail.com','KS Hồng Nam Hải','125895485',NULL,NULL,NULL,NULL,NULL,NULL,'12366588',10,5,2,NULL,NULL,1,'2017-03-30 16:26:22','2017-03-31 15:24:55','[\"ROLE_HOTEL_BOSS\"]'),(171,'kstuyenchau','$2y$13$SCde8Y75.EPp2JMsrPxqc.DLk5YpT6a5mt1o0.D3F425x.oglnQs.','tuyenchau@gmail.com','KS Tuyền Châu','133221596',NULL,NULL,NULL,NULL,NULL,NULL,'16879200',10,5,2,NULL,NULL,1,'2017-03-30 16:29:18','2017-03-31 15:24:59','[\"ROLE_HOTEL_BOSS\"]'),(172,'ksleloi','$2y$13$nlfdVbsKaCRiopeT7oZyzeFgbZ1CVP.K2WKpxaGpnS/lYfOcny9AO','leloi@gmail.com','KS Lê Lợi','26592256',NULL,NULL,NULL,NULL,NULL,NULL,'18226692',10,5,2,NULL,NULL,1,'2017-03-30 16:30:12','2017-03-31 15:25:02','[\"ROLE_HOTEL_BOSS\"]'),(173,'ngoctrai26','$2y$13$u9YQkwjQ3FSh1/5OJAxxZuzaNTcSA4lxFbsTe.ZcVHtDxm8QBI.3u','ngoctrai26@gmail.com','Ngoc Trai 26','2155445874',NULL,NULL,NULL,NULL,NULL,NULL,'3265694865',10,5,2,NULL,NULL,1,'2017-03-31 15:16:46','2017-03-31 15:25:05','[\"ROLE_HOTEL_BOSS\"]'),(174,'ngoctrai260','$2y$13$EKG/WhISh01F2W2ZQxGKnOfZrNZlz9Sa5M7o6w1gAAAnqdf8mGex6','ngoctrai260@gmail.com','NT Ngoc Trai 26','69568455',NULL,NULL,NULL,NULL,NULL,NULL,'366569896',10,5,2,NULL,NULL,1,'2017-03-31 15:25:23','2017-03-31 15:25:39','[\"ROLE_RECEIPTION\"]'),(175,'ksphuongdong','$2y$13$Ii2p1W.QCcLXc/anLIQczunn7nd97smN4eQTsAQwivelIt4b6kKo2','phuongdong@gmail.com','KS Phương Đông','33456788',NULL,NULL,NULL,NULL,NULL,NULL,'467887500',10,5,2,NULL,NULL,1,'2017-03-31 16:22:33','2017-03-31 16:23:01','[\"ROLE_HOTEL_BOSS\"]'),(176,'ksminhhanh','$2y$13$iLMSF7OkeA89OkU10XcnbeguCiDslWRQeHOuUO.OhIMmve.CyMP/2','minhhanh@gmail.com','KS Minh Hạnh','4467844488',NULL,NULL,NULL,NULL,NULL,NULL,'6789033',10,5,2,NULL,NULL,1,'2017-03-31 16:32:07','2017-03-31 16:32:21','[\"ROLE_HOTEL_BOSS\"]'),(177,'admin_nhahang','$2y$13$Nc/tyxb9h/ait6PjzsUSCeA36PDUY2rMnvu56jzIJV81uxOLQvhki','nhahang@gmail.com','Trần Trí Duệ','0936.458.958 - 0966.401.456',NULL,NULL,NULL,NULL,NULL,NULL,'123456987',10,5,2,NULL,NULL,1,'2017-03-31 21:10:44','2017-04-02 09:03:05','[\"ROLE_HOTEL_BOSS\"]'),(178,'ksthanhbinhgold','$2y$13$Cp/GTZ7rRbNeKUqSa0/hgO61ij7jU0VHPG3ex7jiT8TemOw3ey.Ye','thanhbinhgold@gmail.com','KS Thanh Bình Gold','416654152',NULL,NULL,NULL,NULL,NULL,NULL,'165698721',10,5,2,NULL,NULL,1,'2017-04-01 09:25:32','2017-04-01 09:25:54','[\"ROLE_HOTEL_BOSS\"]'),(179,'kshoangkim','$2y$13$X5MeCAoAkFasEmVLlt1PyO8annqgjeDfvWr0oRNYw4t.b1RfUVhRi','hoangkim@gmail.com','KS Hoàng Kim','123665448',NULL,NULL,NULL,NULL,NULL,NULL,'126987441',10,5,2,NULL,NULL,1,'2017-04-01 14:26:21','2017-04-01 14:26:36','[\"ROLE_HOTEL_BOSS\"]'),(180,'ksthanhlong','$2y$13$6Y9D0ra9hHCYVrHRXsMh3.9KvTKCoUsLAEqAK0VROd1u94SG3QHYG','thanhlong@gmail.com','KS Thanh Long','49896465',NULL,NULL,NULL,NULL,NULL,NULL,'165656',10,5,2,NULL,NULL,0,'2017-04-03 10:32:03',NULL,'[\"ROLE_HOTEL_BOSS\"]');
/*!40000 ALTER TABLE `user` ENABLE KEYS */;
UNLOCK TABLES;
/*!40103 SET TIME_ZONE=@OLD_TIME_ZONE */;

/*!40101 SET SQL_MODE=@OLD_SQL_MODE */;
/*!40014 SET FOREIGN_KEY_CHECKS=@OLD_FOREIGN_KEY_CHECKS */;
/*!40014 SET UNIQUE_CHECKS=@OLD_UNIQUE_CHECKS */;
/*!40101 SET CHARACTER_SET_CLIENT=@OLD_CHARACTER_SET_CLIENT */;
/*!40101 SET CHARACTER_SET_RESULTS=@OLD_CHARACTER_SET_RESULTS */;
/*!40101 SET COLLATION_CONNECTION=@OLD_COLLATION_CONNECTION */;
/*!40111 SET SQL_NOTES=@OLD_SQL_NOTES */;

-- Dump completed on 2017-04-04 12:28:40
