-- MySQL dump 10.13  Distrib 5.7.17, for Linux (x86_64)
--
-- Host: localhost    Database: bookingroom
-- ------------------------------------------------------
-- Server version	5.7.17

/*!40101 SET @OLD_CHARACTER_SET_CLIENT=@@CHARACTER_SET_CLIENT */;
/*!40101 SET @OLD_CHARACTER_SET_RESULTS=@@CHARACTER_SET_RESULTS */;
/*!40101 SET @OLD_COLLATION_CONNECTION=@@COLLATION_CONNECTION */;
/*!40101 SET NAMES utf8 */;
/*!40103 SET @OLD_TIME_ZONE=@@TIME_ZONE */;
/*!40103 SET TIME_ZONE='+00:00' */;
/*!40014 SET @OLD_UNIQUE_CHECKS=@@UNIQUE_CHECKS, UNIQUE_CHECKS=0 */;
/*!40014 SET @OLD_FOREIGN_KEY_CHECKS=@@FOREIGN_KEY_CHECKS, FOREIGN_KEY_CHECKS=0 */;
/*!40101 SET @OLD_SQL_MODE=@@SQL_MODE, SQL_MODE='NO_AUTO_VALUE_ON_ZERO' */;
/*!40111 SET @OLD_SQL_NOTES=@@SQL_NOTES, SQL_NOTES=0 */;

--
-- Table structure for table `area`
--

DROP TABLE IF EXISTS `area`;
/*!40101 SET @saved_cs_client     = @@character_set_client */;
/*!40101 SET character_set_client = utf8 */;
CREATE TABLE `area` (
  `id` int(11) NOT NULL AUTO_INCREMENT,
  `name` varchar(45) NOT NULL COMMENT 'BAI A, BAI B, BAI C, BAI D, UNKNOWN',
  `image` varchar(255) DEFAULT NULL,
  PRIMARY KEY (`id`)
) ENGINE=InnoDB AUTO_INCREMENT=7 DEFAULT CHARSET=utf8;
/*!40101 SET character_set_client = @saved_cs_client */;

--
-- Dumping data for table `area`
--

LOCK TABLES `area` WRITE;
/*!40000 ALTER TABLE `area` DISABLE KEYS */;
INSERT INTO `area` VALUES (1,'Bãi A','bai-a.jpg'),(2,'Bãi B','bai-b.jpg'),(3,'Bãi C','bai-c.jpg'),(4,'Bãi D','bai-d.gif'),(5,'FLC','bai-flc.jpg'),(6,'VẠN CHÀI','bai-vanchai.jpg');
/*!40000 ALTER TABLE `area` ENABLE KEYS */;
UNLOCK TABLES;

--
-- Table structure for table `billing`
--

DROP TABLE IF EXISTS `billing`;
/*!40101 SET @saved_cs_client     = @@character_set_client */;
/*!40101 SET character_set_client = utf8 */;
CREATE TABLE `billing` (
  `id` int(11) NOT NULL,
  `code` varchar(45) NOT NULL,
  `create_date` datetime NOT NULL,
  `processed_date` varchar(45) DEFAULT NULL,
  `status` enum('OPEN','ACCEPTED','CANCELLED') NOT NULL DEFAULT 'OPEN',
  `reason` varchar(255) DEFAULT NULL,
  `amount` varchar(45) DEFAULT NULL,
  `type` enum('DEBIT','CREDIT') DEFAULT NULL,
  `user_id` int(11) NOT NULL,
  PRIMARY KEY (`id`),
  KEY `fk_billing_user1_idx` (`user_id`),
  CONSTRAINT `fk_billing_user1` FOREIGN KEY (`user_id`) REFERENCES `user` (`id`) ON DELETE NO ACTION ON UPDATE NO ACTION
) ENGINE=InnoDB DEFAULT CHARSET=utf8;
/*!40101 SET character_set_client = @saved_cs_client */;

--
-- Dumping data for table `billing`
--

LOCK TABLES `billing` WRITE;
/*!40000 ALTER TABLE `billing` DISABLE KEYS */;
/*!40000 ALTER TABLE `billing` ENABLE KEYS */;
UNLOCK TABLES;

--
-- Table structure for table `client`
--

DROP TABLE IF EXISTS `client`;
/*!40101 SET @saved_cs_client     = @@character_set_client */;
/*!40101 SET character_set_client = utf8 */;
CREATE TABLE `client` (
  `id` int(11) NOT NULL AUTO_INCREMENT,
  `name` varchar(45) NOT NULL,
  `email` varchar(255) DEFAULT NULL,
  `phone` varchar(45) NOT NULL,
  PRIMARY KEY (`id`)
) ENGINE=InnoDB AUTO_INCREMENT=22 DEFAULT CHARSET=utf8;
/*!40101 SET character_set_client = @saved_cs_client */;

--
-- Dumping data for table `client`
--

LOCK TABLES `client` WRITE;
/*!40000 ALTER TABLE `client` DISABLE KEYS */;
INSERT INTO `client` VALUES (1,'Nguyen Client',NULL,'1234'),(2,'xxxx',NULL,'xxxxx'),(3,'1111',NULL,'1111111'),(4,'Nguyen Van Test',NULL,'0903258221'),(5,'Tuan Nhu',NULL,'123456789'),(6,'xxx',NULL,'xxx'),(7,'Abc',NULL,'0988776655'),(8,'Trần Văn Tới','dtrantri.fr@gmail.com','0988744323'),(9,'Nguyễn văn tuyển',NULL,'0123884112'),(10,'Nguyễn Văn Cường','cuonggtth06@gmail.com','0915228339'),(11,'Phan Mậu Yên','phanyenst@gmail.com','094509949'),(12,'Trần Thị Hằng','tranhang@gmail.com','012346783'),(13,'Due',NULL,'7777788'),(14,'Yyyyyu',NULL,'999999'),(15,'Khách hàng',NULL,'0933221883'),(16,'ABC',NULL,'123123123'),(17,'Nguyễn Văn Cường','lebinhpvl@gmail.com','0988092233'),(18,'Abbcc',NULL,'123456789'),(19,'Nguyen van a',NULL,'0988448844'),(20,'Nguyen Thi Hoa',NULL,'0916974838'),(21,'Nguyễn Thị Lụa','dtrantri.fr@gmail.com','0163567734');
/*!40000 ALTER TABLE `client` ENABLE KEYS */;
UNLOCK TABLES;

--
-- Table structure for table `hotel`
--

DROP TABLE IF EXISTS `hotel`;
/*!40101 SET @saved_cs_client     = @@character_set_client */;
/*!40101 SET character_set_client = utf8 */;
CREATE TABLE `hotel` (
  `id` int(11) NOT NULL AUTO_INCREMENT,
  `name` varchar(255) NOT NULL,
  `address` varchar(255) NOT NULL,
  `boss_id` int(11) NOT NULL,
  `hotel_type_id` int(11) NOT NULL,
  `create_date` datetime NOT NULL,
  `update_date` datetime DEFAULT NULL,
  `is_active` int(11) NOT NULL DEFAULT '1',
  `reception_id` int(11) DEFAULT NULL,
  `area_id` int(11) NOT NULL,
  `total_room` int(11) NOT NULL,
  `see_distance` int(11) DEFAULT '0' COMMENT 'Cách biển bao nhiêu mét',
  `price` float DEFAULT NULL,
  `discount_price` float DEFAULT NULL,
  `check_in_hour` time DEFAULT NULL,
  `check_out_hour` time DEFAULT NULL,
  `description` text,
  `short_description` text,
  `default_img_url` varchar(1000) DEFAULT NULL,
  `folder_photo` varchar(255) DEFAULT NULL,
  PRIMARY KEY (`id`),
  KEY `fk_hotel_user1_idx` (`boss_id`),
  KEY `fk_hotel_hotel_type1_idx` (`hotel_type_id`),
  KEY `fk_hotel_area1_idx` (`area_id`),
  CONSTRAINT `fk_hotel_area1` FOREIGN KEY (`area_id`) REFERENCES `area` (`id`) ON DELETE NO ACTION ON UPDATE NO ACTION,
  CONSTRAINT `fk_hotel_hotel_type1` FOREIGN KEY (`hotel_type_id`) REFERENCES `hotel_type` (`id`) ON DELETE NO ACTION ON UPDATE NO ACTION,
  CONSTRAINT `fk_hotel_user1` FOREIGN KEY (`boss_id`) REFERENCES `user` (`id`) ON DELETE NO ACTION ON UPDATE NO ACTION
) ENGINE=InnoDB AUTO_INCREMENT=29 DEFAULT CHARSET=utf8;
/*!40101 SET character_set_client = @saved_cs_client */;

--
-- Dumping data for table `hotel`
--

LOCK TABLES `hotel` WRITE;
/*!40000 ALTER TABLE `hotel` DISABLE KEYS */;
INSERT INTO `hotel` VALUES (22,'Khách Sạn Việt Hưng','07-09 Đường lê lợi- P.Trường sơn.Tx Sầm sơn',145,4,'2017-03-30 14:15:09','2017-03-31 07:42:04',1,20,1,67,30,600000,NULL,'13:00:00','23:59:00','<p style=\"text-align: justify; font-family: &quot;Open Sans&quot;, sans-serif; font-size: 13px; color: rgb(51, 51, 51);\"><span style=\"font-weight: 700;\">Khách Sạn Việt Hưng</span>&nbsp;tọa lạc tại 07-09 Đường Lê Lợi, Phường Trường Sơn Sầm Sơn, Thanh Hóa. Là khu nhà cao tầng hiện đại thoáng mát, từ đây bạn có thể ngắm nhìn ra biển.</p><p style=\"text-align: justify; font-family: &quot;Open Sans&quot;, sans-serif; font-size: 13px; color: rgb(51, 51, 51);\"><span style=\"font-weight: 700;\">Khách Sạn Việt Hưng</span>&nbsp;&nbsp;bắt đầu đón khách từ mùa hè năm 2015. Khách Sạn Việt Hưng là một khách sạn 3 sao, với nội thất sang trọng, đầy đủ đồ dùng, trang trí ấm cúng, cùng với cửa sổ rộng nhìn ra bãi biển Sầm Sơn tráng lệ, xinh đẹp tạo cho Quý Khách cảm giác rộng rãi và thoáng mát.</p><p style=\"text-align: justify; font-family: &quot;Open Sans&quot;, sans-serif; font-size: 13px; color: rgb(51, 51, 51);\">Tại đây Qúy khách có thể&nbsp;thưởng thức bữa ăn sáng tự chọn hàng ngày, các loại hải sản đa dạng phong phú và được phục vụ bởi tất cả đầu bếp chuyên nghiệp and lành nghề.</p><p style=\"text-align: justify; font-family: &quot;Open Sans&quot;, sans-serif; font-size: 13px; color: rgb(51, 51, 51);\">Với dịch vụ tốt, giá cả hợp lý,&nbsp;<span style=\"font-weight: 700;\">Khách Sạn Việt Hưng</span>&nbsp;đã và đang trở thành một địa chỉ tin cậy cho cả khách du lịch và khách thương gia tại trung tâm Du lịch thị xã Sầm Sơn.</p><p style=\"text-align: justify; font-family: &quot;Open Sans&quot;, sans-serif; font-size: 13px; color: rgb(51, 51, 51);\">Bên cạnh đó, khi đặt phòng Khách Sạn Việt Hưng, khách sạn còn gợi ý cho bạn những hoạt động vui chơi giải trí bảo đảm bạn luôn thấy hứng thú trong suốt kì nghỉ. Dù bạn&nbsp;thư giãn hay làm gì, Khách Sạn Việt Hưng luôn is sự lựa chọn hoàn hảo cho kì nghỉ của bạn ở Thanh Hóa.</p><p style=\"text-align: justify; font-family: &quot;Open Sans&quot;, sans-serif; font-size: 13px; color: rgb(51, 51, 51);\">Khí đặt phòng khách sạn hoặc đặt tour du lịch qua hệ thống đặt phòng trực tuyến <a href=\"ofhttp://datphongsamson.info\">http://datphongsamson.info</a>&nbsp;,http://datphong.online/ &nbsp;&nbsp;<a href=\"http://datphongkhachsansamson.vn\">http://datphongkhachsansamson.vn</a> /bạn sẽ có cơ hội sở hữu phòng nghỉ tại khách sạn giá rẻ hay cao cấp. Dùng dịch vụ của &nbsp;để có cơ hội đặt những phòng khách sạn giá rẻ nhất &nbsp;với chất lượng tuyệt vời bạn nhé.</p>','Khách Sạn Việt Hưng tọa lạc tại 07-09 Đường Lê Lợi, Phường Trường Sơn Sầm Sơn, Thanh Hóa. Là khu nhà cao tầng hiện đại thoáng mát, từ đây bạn có thể ngắm nhìn ra biển.\r\n\r\nKhách Sạn Việt Hưng  bắt đầu đón khách từ mùa hè năm 2015. Khách Sạn Việt Hưng là một khách sạn 3 sao, với nội thất sang trọng, đầy đủ đồ dùng, trang trí ấm cúng, cùng với cửa sổ rộng nhìn ra bãi biển Sầm Sơn tráng lệ, xinh đẹp tạo cho Quý Khách cảm giác rộng rãi và thoáng mát.\r\n\r\nTại đây Qúy khách có thể thưởng thức bữa ăn sáng tự chọn hàng ngày, các loại hải sản đa dạng phong phú và được phục vụ bởi tất cả đầu bếp chuyên nghiệp and lành nghề.\r\n\r\nVới dịch vụ tốt, giá cả hợp lý, Khách Sạn Việt Hưng đã và đang trở thành một địa chỉ tin cậy cho cả khách du lịch và khách thương gia tại trung tâm Du lịch thị xã Sầm Sơn.\r\n\r\nBên cạnh đó, khi đặt phòng Khách Sạn Việt Hưng, khách sạn còn gợi ý cho bạn những hoạt động vui chơi giải trí bảo đảm bạn luôn thấy hứng thú trong suốt kì nghỉ. Dù bạn thư giãn hay làm gì, Khách Sạn Việt Hưng luôn is sự lựa chọn hoàn hảo cho kì nghỉ của bạn ở Thanh Hóa.\r\n\r\nKhí đặt phòng khách sạn hoặc đặt tour du lịch qua hệ thống đặt phòng trực tuyến http://datphongsamson.info ,http://datphong.online/   http://datphongkhachsansamson.vn /bạn sẽ có cơ hội sở hữu phòng nghỉ tại khách sạn giá rẻ hay cao cấp. Dùng dịch vụ của  để có cơ hội đặt những phòng khách sạn giá rẻ nhất với  chất lượng tuyệt vời bạn nhé.','viet-hung-1.jpg','admin_58dcadcd1c8e3'),(23,'Khách Sạn Kim Xuyến','Bãi Tắm D- Đường Hồ Xuân Hương',139,2,'2017-03-30 14:51:34','2017-03-30 14:52:39',1,NULL,4,68,10,500000,NULL,'13:00:00','23:59:00','<p class=\"MsoNormal\" align=\"center\" style=\"margin-bottom:0cm;margin-bottom:.0001pt;\r\ntext-align:center;line-height:normal;background:#F5F4F0\"><span style=\"font-size:9.0pt;font-family:&quot;Arial&quot;,&quot;sans-serif&quot;;mso-fareast-font-family:\r\n&quot;Times New Roman&quot;;color:#4E4E4E\">Đạt tiêu chuẩn 2 sao, được đưa vào sử dụng từ\r\nngày 28/4/2015. Khách sạn nằm ngay mặt biển, tọa lạc trên đường đẹp nhất thị xã\r\nSầm Sơn. Có vị trí thuận lợi nằm ngay khu ẩm thực lớn nhất thị xã Sầm Sơn, gần\r\nquần thể du lịch cao cấp FLC Sầm Sơn.<o:p></o:p></span></p><p>\r\n\r\n</p><p class=\"MsoNormal\"><span style=\"font-size:9.0pt;line-height:115%;font-family:\r\n&quot;Arial&quot;,&quot;sans-serif&quot;;mso-fareast-font-family:&quot;Times New Roman&quot;;color:#4E4E4E\"><br>\r\n<span style=\"background:#F5F4F0\">Khách Sạn được xây dựng theo kiến trúc hiện\r\nđại, sang trọng, thiết kế 7 tầng với 68 phòng đạt tiêu chuẩn, diện tích mỗi\r\nphòng là 26m2, có 4 phòng vip diện tích mỗi phòng được thiết kế đẹp, nội thất\r\nsang trọng, lịch sự, phòng hội nghị trên tầng 7 có sức chứa 150 người, sân bãi\r\nđỗ xe miễn phí ngay tại khách sạn lên tới gần 100 ô tô con</span><br>\r\n<span style=\"background:#F5F4F0\">Khách Sạn Kim Xuyến với vị trí thuận lợi,\r\nkhông gian sang trọng , lịch sự, đội ngũ nhân viên trẻ, đẹp, vui vẻ, phong cách\r\nphục vụ chuyên nghiệp sẽ mang tới cho bạn những phút giây thoải mái cùng gia\r\nđình và người thân trong kì nghỉ du lịch biển Sầm Sơn.</span><br>\r\n<span style=\"background:#F5F4F0\">&nbsp;</span><br>\r\n<span style=\"background:#F5F4F0\">Nhà Hàng Kim Xuyến với hệ thống nhà hàng hướng\r\nbiển và trong Khách Sạn:</span><br>\r\n<span style=\"background:#F5F4F0\">-&nbsp;&nbsp;&nbsp;&nbsp;&nbsp;&nbsp;&nbsp;&nbsp;&nbsp;Nhà\r\năn trong Khách Sạn phục vụ cùng lúc 300 khách</span><br>\r\n<span style=\"background:#F5F4F0\">-&nbsp;&nbsp;&nbsp;&nbsp;&nbsp;&nbsp;&nbsp;&nbsp;&nbsp;Có\r\nnhà hàng độc lập 2 tầng có phòng ăn lạnh và ngoài trời phục vụ cho 350 người và\r\ngala dinne&nbsp; cho các tour lớn</span><br>\r\n<span style=\"background:#F5F4F0\">Có đội ngũ đầu bếp chuyên nghiệp chế biến các\r\nmón ăn á- âu , đặc sản hợp khẩu vị và giá cả hợp lí….</span></span><o:p></o:p></p>','Đạt tiêu chuẩn 2 sao, được đưa vào sử dụng từ ngày 28/4/2015. Khách sạn nằm ngay mặt biển, tọa lạc trên đường đẹp nhất thị xã Sầm Sơn. Có vị trí thuận lợi nằm ngay khu ẩm thực lớn nhất thị xã Sầm Sơn, gần quần thể du lịch cao cấp FLC Sầm Sơn.\r\n\r\nKhách Sạn được xây dựng theo kiến trúc hiện đại, sang trọng, thiết kế 7 tầng với 68 phòng đạt tiêu chuẩn, diện tích mỗi phòng là 26m2, có 4 phòng vip diện tích mỗi phòng được thiết kế đẹp, nội thất sang trọng, lịch sự, phòng hội nghị trên tầng 7 có sức chứa 150 người, sân bãi đỗ xe miễn phí ngay tại khách sạn lên tới gần 100 ô tô con\r\nKhách Sạn Kim Xuyến với vị trí thuận lợi, không gian sang trọng , lịch sự, đội ngũ nhân viên trẻ, đẹp, vui vẻ, phong cách phục vụ chuyên nghiệp sẽ mang tới cho bạn những phút giây thoải mái cùng gia đình và người thân trong kì nghỉ du lịch biển Sầm Sơn.\r\n \r\nNhà Hàng Kim Xuyến với hệ thống nhà hàng hướng biển và trong Khách Sạn:\r\n-         Nhà ăn trong Khách Sạn phục vụ cùng lúc 300 khách\r\n-         Có nhà hàng độc lập 2 tầng có phòng ăn lạnh và ngoài trời phục vụ cho 350 người và gala dinne  cho các tour lớn\r\nCó đội ngũ đầu bếp chuyên nghiệp chế biến các món ăn á- âu , đặc sản hợp khẩu vị và giá cả hợp lí….','kim-xuyen-1.png','admin_58dcb851379b7'),(24,'Biệt Thự Ngọc Trai 26','Khu nghỉ dưỡng FLC sầm sơn - Đường Xuân Hương, Quảng Cư, Sầm Sơn',15,6,'2017-03-31 15:28:50','2017-03-31 16:09:59',1,20,5,5,30,2000000,1500000,'13:00:00','23:59:00','<p><span style=\"color: rgb(78, 78, 78); font-family: Arial, Helvetica, sans-serif; font-size: 12px; text-align: justify; background-color: rgb(245, 244, 240);\">&nbsp; &nbsp;Chỉ cách Hà Nội chưa đến 3 giờ lái xe, khu du lịch biển Sầm Sơn không chỉ thu hút khách du lịch trong nước và du khách quốc tế. Khu du lịch nghỉ dưỡng sinh thái FLC Sầm Sơn với đẳng cấp hoàn toàn mới, trở thành điểm đến lý tưởng theo tiêu chuẩn quốc tế 5* đầu tiên khu vực Miền Bắc và Bắc Trung Bộ dành cho du lịch gia đình, du lịch thăm quan, nghỉ dưỡng, tổ chức hội họp của doanh nghiệp hoặc tổ chức sự kiện.</span><br style=\"margin: 0px; padding: 0px; color: rgb(78, 78, 78); font-family: Arial, Helvetica, sans-serif; font-size: 12px; text-align: justify; background-color: rgb(245, 244, 240);\"><span style=\"color: rgb(78, 78, 78); font-family: Arial, Helvetica, sans-serif; font-size: 12px; text-align: justify; background-color: rgb(245, 244, 240);\">Biệt thự Ngọc trai nằm trong khu quần thể nghỉ dưỡng Flc gồm 2 mặt tiền hướng biển và hướng khu vực golf</span><br style=\"margin: 0px; padding: 0px; color: rgb(78, 78, 78); font-family: Arial, Helvetica, sans-serif; font-size: 12px; text-align: justify; background-color: rgb(245, 244, 240);\"><br style=\"margin: 0px; padding: 0px; color: rgb(78, 78, 78); font-family: Arial, Helvetica, sans-serif; font-size: 12px; text-align: justify; background-color: rgb(245, 244, 240);\"><span style=\"color: rgb(78, 78, 78); font-family: Arial, Helvetica, sans-serif; font-size: 12px; text-align: justify; background-color: rgb(245, 244, 240);\">&nbsp;&nbsp; Nội thất biệt thự được thiết kế hiện đại , tiện nghi và sang trọng . Biệt thự có tới 5 phòng ngủ cùng không gian sinh hoạt chung sẽ mang lại cho bạn cùng những người thân yêu trong gia đình nhữung giây phút ấm cúng, không gian riêng tư và linh hoạt &nbsp;. Đứng ở trên tầng 3 bạn có thể chiêm ngưỡng trọn vẹn khung cảnh của biển, và sân golf .</span><br></p>','SChỉ cách Hà Nội chưa đến 3 giờ lái xe, khu du lịch biển Sầm Sơn không chỉ thu hút khách du lịch trong nước và du khách quốc tế. Khu du lịch nghỉ dưỡng sinh thái FLC Sầm Sơn với đẳng cấp hoàn toàn mới, trở thành điểm đến lý tưởng theo tiêu chuẩn quốc tế 5* đầu tiên khu vực Miền Bắc và Bắc Trung Bộ dành cho du lịch gia đình, du lịch thăm quan, nghỉ dưỡng, tổ chức hội họp của doanh nghiệp hoặc tổ chức sự kiện.\r\nBiệt thự Ngọc trai nằm trong khu quần thể nghỉ dưỡng Flc gồm 2 mặt tiền hướng biển và hướng khu vực golf\r\n\r\n   Nội thất biệt thự được thiết kế hiện đại , tiện nghi và sang trọng . Biệt thự có tới 5 phòng ngủ cùng không gian sinh hoạt chung sẽ mang lại cho bạn cùng những người thân yêu trong gia đình nhữung giây phút ấm cúng, không gian riêng tư và linh hoạt  . Đứng ở trên tầng 3 bạn có thể chiêm ngưỡng trọn vẹn khung cảnh của biển, và sân golf .','ngoc-trai-26-5.jpg','admin_58de12ab4bf67'),(25,'Khách sạn Biển Đợi','số nhà 45 Đường Hồ Xuân Hương, Bãi tắm B Sầm Sơn',61,2,'2017-03-31 15:39:18','2017-03-31 15:40:28',1,20,2,100,50,600000,499000,'13:00:00','23:59:00','<p class=\"MsoNormal\"><span style=\"font-size:9.0pt;line-height:115%;font-family:\r\n&quot;Arial&quot;,&quot;sans-serif&quot;;color:#363636;background:whitesmoke\">Khách sạn tọa lạc tại\r\nTrung tâm Du Lịch Biển Sầm Sơn, khách sạn được thiết kế với 09 tầng trong đó có\r\n03 phòng ViP và 160 Phòng Thường được trang bị đầy đủ như: tivi, điều hòa, bình\r\nnóng lạnh, đặc biệt khách sạn có trang bị 100% tủ lạnh cá nhân.<o:p></o:p></span></p><p align=\"center\" style=\"margin: 0cm 0cm 0.0001pt; text-align: center; background-image: initial; background-position: initial; background-size: initial; background-repeat: initial; background-attachment: initial; background-origin: initial; background-clip: initial; vertical-align: baseline;\"><span style=\"font-size:10.5pt;\r\nfont-family:&quot;Arial&quot;,&quot;sans-serif&quot;;color:#FF6600;border:none windowtext 1.0pt;\r\nmso-border-alt:none windowtext 0cm;padding:0cm\">KHÁCH SẠN BIỂN ĐỢI SẦM SƠN</span><span style=\"font-size: 10.5pt; font-family: Arial, sans-serif;\"><o:p></o:p></span></p><p align=\"center\" style=\"margin: 0cm 0cm 0.0001pt; text-align: center; background-image: initial; background-position: initial; background-size: initial; background-repeat: initial; background-attachment: initial; background-origin: initial; background-clip: initial; vertical-align: baseline;\"><span style=\"font-size:10.5pt;\r\nfont-family:&quot;Arial&quot;,&quot;sans-serif&quot;;color:#FF6600;border:none windowtext 1.0pt;\r\nmso-border-alt:none windowtext 0cm;padding:0cm\">(-</span><span class=\"apple-converted-space\"><b><span style=\"font-size: 8.5pt; font-family: Arial, sans-serif; background: rgb(242, 250, 253);\">&nbsp;</span></b></span><span style=\"font-size: 8.5pt; font-family: Arial, sans-serif; background: rgb(242, 250, 253);\">Khách\r\nsạn tọa lạc tại Trung tâm Du Lịch Biển Sầm Sơn, khách sạn&nbsp; được thiết kế\r\nvới&nbsp; 11 tầng trong đó có&nbsp;10 phòng ViP và tổng160 Phòng được trang bị\r\nđầy đủ như: tivi, điều hòa, bình nóng lạnh, đặc biệt khách sạn có trang bị 100%\r\ntủ lạnh cá nhân.</span><span style=\"font-size: 8.5pt; font-family: Arial, sans-serif;\"><br>\r\n<br>\r\n<span style=\"background:#F2FAFD\">Ngoài ra khách sạn còn có Truyền hình cáp, Cầu\r\nthang máy, điện thoại nội bộ,</span></span><span class=\"apple-converted-space\"><span style=\"font-size: 10.5pt; font-family: Arial, sans-serif; background: rgb(242, 250, 253);\">&nbsp;</span></span><span style=\"font-size: 8.5pt; font-family: Arial, sans-serif;\"><br>\r\n<span style=\"background:#F2FAFD\">Phòng ăn khách sạn có sức chứa 600 chỗ ngồi tạo\r\nmột không gian thoáng mát cho bữa tiệc hải sản cùng gia đình bạn bè.</span></span><span style=\"font-size: 10.5pt; font-family: Arial, sans-serif;\"><o:p></o:p></span></p><p>\r\n\r\n\r\n\r\n\r\n\r\n</p><p align=\"center\" style=\"margin: 0cm 0cm 0.0001pt; text-align: center; background-image: initial; background-position: initial; background-size: initial; background-repeat: initial; background-attachment: initial; background-origin: initial; background-clip: initial; vertical-align: baseline;\"><span style=\"font-size: 10.5pt; font-family: Arial, sans-serif;\">&nbsp;<o:p></o:p></span></p>','Khách sạn tọa lạc tại Trung tâm Du Lịch Biển Sầm Sơn, khách sạn được thiết kế với 09 tầng trong đó có 03 phòng ViP và 160 Phòng Thường được trang bị đầy đủ như: tivi, điều hòa, bình nóng lạnh, đặc biệt khách sạn có trang bị 100% tủ lạnh cá nhân.\r\nKHÁCH SẠN BIỂN ĐỢI SẦM SƠN\r\n(- Khách sạn tọa lạc tại Trung tâm Du Lịch Biển Sầm Sơn, khách sạn  được thiết kế với  11 tầng trong đó có 10 phòng ViP và tổng160 Phòng được trang bị đầy đủ như: tivi, điều hòa, bình nóng lạnh, đặc biệt khách sạn có trang bị 100% tủ lạnh cá nhân.\r\n\r\nNgoài ra khách sạn còn có Truyền hình cáp, Cầu thang máy, điện thoại nội bộ, \r\nPhòng ăn khách sạn có sức chứa 600 chỗ ngồi tạo một không gian thoáng mát cho bữa tiệc hải sản cùng gia đình bạn bè.','khach-san-bien-doi-sam-son.jpg','admin_58de14f96e521'),(26,'Khách Sạn Mai Trang','Đường Hồ Xuân Hương, bãi tắm C, TP Sầm Sơn, Thanh Hóa',123,1,'2017-03-31 15:48:37','2017-03-31 16:25:14',1,NULL,3,68,50,500000,400000,'13:00:00','23:59:00','<p style=\"margin: 7.5pt 0cm; background-image: initial; background-position: initial; background-size: initial; background-repeat: initial; background-attachment: initial; background-origin: initial; background-clip: initial;\"><span style=\"font-size:10.0pt;font-family:&quot;Tahoma&quot;,&quot;sans-serif&quot;;\r\ncolor:#2B2B2B\">Khách sạn Mai Trang Sầm Sơn, Thanh Hóa nằm ngay trên đường Hồ\r\nXuân Hương, mặt tiền rộng hướng ra biển cực đẹp, là một trong những khách sạn\r\ncó vị trí đẹp và thuận lợi nhất cho khách tham quan du lịch nghỉ mát tại bãi\r\nbiển Sầm Sơn.<o:p></o:p></span></p><p style=\"margin: 7.5pt 0cm; background-image: initial; background-position: initial; background-size: initial; background-repeat: initial; background-attachment: initial; background-origin: initial; background-clip: initial;\"><span style=\"font-size:10.0pt;font-family:&quot;Tahoma&quot;,&quot;sans-serif&quot;;\r\ncolor:#2B2B2B\">Khách sạn được đầu tư xây dựng với 68 phòng nghỉ tiện nghi, tòa\r\nnhà 5 tầng tọa lạc tại bãi tắm C Sầm Sơn, khi du khách đến với khách sạn chúng\r\ntôi chắc chắn sẽ làm hài lòng du khách.&nbsp;<o:p></o:p></span></p><p style=\"margin: 7.5pt 0cm; background-image: initial; background-position: initial; background-size: initial; background-repeat: initial; background-attachment: initial; background-origin: initial; background-clip: initial;\"><span style=\"font-size:10.0pt;font-family:&quot;Tahoma&quot;,&quot;sans-serif&quot;;\r\ncolor:#2B2B2B\">Khách sạn được đầu tư trang thiết bị đồng bộ, 100% tủ lạnh,\r\ntivi, điều hòa, bình nóng lạnh. Mỗi phòng nghỉ bao gồm 02 giường đảm bảo chất\r\nlượng cho giấc ngủ của du khách<o:p></o:p></span></p><p class=\"MsoNormal\"><o:p>&nbsp;</o:p></p><p class=\"MsoNormal\"><o:p>&nbsp;</o:p></p><p class=\"MsoNormal\"><o:p>&nbsp;</o:p></p><p align=\"center\" style=\"margin: 0cm 0cm 0.0001pt; text-align: center; background-image: initial; background-position: initial; background-size: initial; background-repeat: initial; background-attachment: initial; background-origin: initial; background-clip: initial;\"><span style=\"font-size:10.0pt;font-family:&quot;Tahoma&quot;,&quot;sans-serif&quot;;\r\ncolor:#2B2B2B\">Phòng ăn của khách sạn đáp ứng cùng lúc tới 250 ghế, rộng và\r\nthoáng mát. Du khách vừa ăn có thể ngắm biển và hưởng luồng gió trong lành từ\r\nphía biển thổi vào.<o:p></o:p></span></p><p>\r\n\r\n\r\n\r\n\r\n\r\n\r\n\r\n\r\n\r\n\r\n\r\n\r\n\r\n</p><p style=\"margin: 7.5pt 0cm; background-image: initial; background-position: initial; background-size: initial; background-repeat: initial; background-attachment: initial; background-origin: initial; background-clip: initial;\"><span style=\"font-size:10.0pt;font-family:&quot;Tahoma&quot;,&quot;sans-serif&quot;;\r\ncolor:#2B2B2B\">Ngoài ra, Khách sạn Mai Trang có khuôn viên rộng và an toàn là\r\nđiều kiện để du khách có thể yên tâm đối với trẻ nhỏ, cũng như phương tiện cá\r\nnhân của quý vị.<o:p></o:p></span></p>','Khách sạn Mai Trang Sầm Sơn, Thanh Hóa nằm ngay trên đường Hồ Xuân Hương, mặt tiền rộng hướng ra biển cực đẹp, là một trong những khách sạn có vị trí đẹp và thuận lợi nhất cho khách tham quan du lịch nghỉ mát tại bãi biển Sầm Sơn.\r\nKhách sạn được đầu tư xây dựng với 68 phòng nghỉ tiện nghi, tòa nhà 5 tầng tọa lạc tại bãi tắm C Sầm Sơn, khi du khách đến với khách sạn chúng tôi chắc chắn sẽ làm hài lòng du khách. \r\nKhách sạn được đầu tư trang thiết bị đồng bộ, 100% tủ lạnh, tivi, điều hòa, bình nóng lạnh. Mỗi phòng nghỉ bao gồm 02 giường đảm bảo chất lượng cho giấc ngủ của du khách\r\n\r\n\r\n\r\nPhòng ăn của khách sạn đáp ứng cùng lúc tới 250 ghế, rộng và thoáng mát. Du khách vừa ăn có thể ngắm biển và hưởng luồng gió trong lành từ phía biển thổi vào.\r\nNgoài ra, Khách sạn Mai Trang có khuôn viên rộng và an toàn là điều kiện để du khách có thể yên tâm đối với trẻ nhỏ, cũng như phương tiện cá nhân của quý vị.','mai-trang-1.jpg','admin_58de171abd876'),(27,'Biệt Thự Sao Biển FLC','Khu nghỉ dưỡng FLC Sầm Sơn - Đường Hồ Xuân Hương,Quảng Cư, Sầm Sơn',53,6,'2017-03-31 16:04:03','2017-03-31 16:14:24',1,NULL,5,7,50,2000000,1500000,NULL,NULL,'<p><span style=\"text-align: justify; font-family: utm-avo, sans-serif; font-size: 16px;\">&nbsp;</span><span style=\"text-align: justify; font-family: utm-avo, sans-serif; font-size: 16px;\">Nằm ở vị trí địa lý đẹp bậc nhất với thế “ỷ sơn, hướng hải” (sau lưng là núi, trước mặt là sông biển), đây không chỉ là nơi hội tụ những cảnh quan thiên nhiên độc đáo, mà còn là vùng đất an lành, mang đến nhiều may mắn lâu bền. Các căn biệt thự thuộc Quần thể du lịch nghỉ dưỡng sinh thái FLC Sầm Sơn được xây dựng với ý niệm phong thủy về một vận hội tốt đẹp cho chủ nhân. &nbsp;Với &nbsp;đ</span><span style=\"text-align: justify; font-family: utm-avo, sans-serif; font-size: 16px;\">iều kiện giao thông thuận tiện, vị trí độc đáo kết hợp với quy mô đầu tư lớn và các dịch vụ, tiện ích đẳng cấp 5 sao tạo ra lợi thế vượt trội cho Quần thể du lịch nghỉ dưỡng sinh thái FLC Sầm Sơn. An cư tại FLC Residences Samson là sự lựa chọn thông minh của những con người luôn muốn đề cao và tận hưởng những giá trị sống đẳng cấp, văn minh , với không gian thoáng đãng mát mẻ , trang thiết bị tiện nghi hiện đại .</span><span style=\"text-align: justify; color: rgb(51, 51, 51); font-family: Arial, Helvetica, sans-serif;\">&nbsp;&nbsp;</span><br></p>','Nằm ở vị trí địa lý đẹp bậc nhất với thế “ỷ sơn, hướng hải” (sau lưng là núi, trước mặt là sông biển), đây không chỉ là nơi hội tụ những cảnh quan thiên nhiên độc đáo, mà còn là vùng đất an lành, mang đến nhiều may mắn lâu bền. Các căn biệt thự thuộc Quần thể du lịch nghỉ dưỡng sinh thái FLC Sầm Sơn được xây dựng với ý niệm phong thủy về một vận hội tốt đẹp cho chủ nhân.  Với  điều kiện giao thông thuận tiện, vị trí độc đáo kết hợp với quy mô đầu tư lớn và các dịch vụ, tiện ích đẳng cấp 5 sao tạo ra lợi thế vượt trội cho Quần thể du lịch nghỉ dưỡng sinh thái FLC Sầm Sơn. An cư tại FLC Residences Samson là sự lựa chọn thông minh của những con người luôn muốn đề cao và tận hưởng những giá trị sống đẳng cấp, văn minh , với không gian thoáng đãng mát mẻ , trang thiết bị tiện nghi hiện đại .','img-4752.jpg','admin_58de1a727f12a'),(28,'Khách sạn Phương Đông','Số 7 đường Thanh Niên, Phường Trường Sơn, Thị xã Sầm Sơn, Tỉnh Thanh Hóa',175,4,'2017-03-31 16:31:35','2017-03-31 16:31:56',1,20,1,79,20,500000,499000,'05:00:00','23:59:00','<p class=\"MsoNormal\" style=\"margin-bottom:0cm;margin-bottom:.0001pt;text-align:\r\njustify;line-height:normal;background:#F5F4F0\"><span style=\"font-size:9.0pt;\r\nfont-family:&quot;Arial&quot;,&quot;sans-serif&quot;;mso-fareast-font-family:&quot;Times New Roman&quot;;\r\ncolor:#4E4E4E\">Chào mừng quý khách đến với&nbsp;<b>Phương Đông Hotel</b>!<br>\r\n<br>\r\nPhương Đông Hotel&nbsp;là một trong những khách sạn đi đầu về phong cách phục\r\nvụ hiện đại và chuyên nghiệp. Nằm ngay dưới chân núi Trường Lệ – là một địa\r\ndanh nổi tiếng của Sầm Sơn với nhiều phong cảnh thiên nhiên đẹp mà tạo hóa đã\r\nban tặng. Với diện tích 4000m2, có sân vườn, một không gian yên tĩnh hòa quyện\r\ncùng với khung cảnh thiên nhiên chắc chắn sẽ làm cho Qúy khách cảm thấy thực sự\r\nthoải mái và có những giây phút thư giãn sau những ngày làm việc mệt mỏi,. Khi\r\nđến với Phương Đông hotel, Quý khách sẽ có một cảm nhận về sự lựa chọn đúng đắn\r\ncủa mình. Phương Đông hotel luôn mang đến cho bạn dịch vụ tốt nhất.<o:p></o:p></span></p><p class=\"MsoNormal\" style=\"margin-bottom:0cm;margin-bottom:.0001pt;text-align:\r\njustify;line-height:normal;background:#F5F4F0\"><span style=\"font-size:9.0pt;\r\nfont-family:&quot;Arial&quot;,&quot;sans-serif&quot;;mso-fareast-font-family:&quot;Times New Roman&quot;;\r\ncolor:#4E4E4E\"><br>\r\nPhương Đông hotel nằm ngay trên trục đường Thanh Niên ở đầu bãi tắm A với 79\r\nphòng nghỉ, có view nhìn ra khung cảnh thiên nhiên, rất đẹp và lãng mạn.<br>\r\n<br>\r\nPhòng nghỉ của khách sạn có 3 loại:<o:p></o:p></span></p><p class=\"MsoNormal\" style=\"margin:0cm;margin-bottom:.0001pt;text-align:justify;\r\ntext-indent:-18.0pt;line-height:normal;mso-list:l0 level1 lfo1;tab-stops:list 36.0pt;\r\nbackground:#F5F4F0\"><!--[if !supportLists]--><span style=\"font-size:10.0pt;\r\nmso-bidi-font-size:9.0pt;font-family:Wingdings;mso-fareast-font-family:Wingdings;\r\nmso-bidi-font-family:Wingdings;color:#4E4E4E\">§<span style=\"font-variant-numeric: normal; font-stretch: normal; font-size: 7pt; line-height: normal; font-family: &quot;Times New Roman&quot;;\">&nbsp; </span></span><!--[endif]--><span style=\"font-size:9.0pt;font-family:&quot;Arial&quot;,&quot;sans-serif&quot;;mso-fareast-font-family:\r\n&quot;Times New Roman&quot;;color:#4E4E4E\">&nbsp; &nbsp;&nbsp;<b>Phòng thường.</b><o:p></o:p></span></p><p class=\"MsoNormal\" style=\"margin:0cm;margin-bottom:.0001pt;text-align:justify;\r\ntext-indent:-18.0pt;line-height:normal;mso-list:l0 level1 lfo1;tab-stops:list 36.0pt;\r\nbackground:#F5F4F0\"><!--[if !supportLists]--><span style=\"font-size:10.0pt;\r\nmso-bidi-font-size:9.0pt;font-family:Wingdings;mso-fareast-font-family:Wingdings;\r\nmso-bidi-font-family:Wingdings;color:#4E4E4E\">§<span style=\"font-variant-numeric: normal; font-stretch: normal; font-size: 7pt; line-height: normal; font-family: &quot;Times New Roman&quot;;\">&nbsp; </span></span><!--[endif]--><b><span style=\"font-size:9.0pt;font-family:&quot;Arial&quot;,&quot;sans-serif&quot;;mso-fareast-font-family:\r\n&quot;Times New Roman&quot;;color:#4E4E4E\">&nbsp; &nbsp; Phòng rộng.</span></b><span style=\"font-size:9.0pt;font-family:&quot;Arial&quot;,&quot;sans-serif&quot;;mso-fareast-font-family:\r\n&quot;Times New Roman&quot;;color:#4E4E4E\"><o:p></o:p></span></p><p class=\"MsoNormal\" style=\"margin:0cm;margin-bottom:.0001pt;text-align:justify;\r\ntext-indent:-18.0pt;line-height:normal;mso-list:l0 level1 lfo1;tab-stops:list 36.0pt;\r\nbackground:#F5F4F0\"><!--[if !supportLists]--><span style=\"font-size:10.0pt;\r\nmso-bidi-font-size:9.0pt;font-family:Wingdings;mso-fareast-font-family:Wingdings;\r\nmso-bidi-font-family:Wingdings;color:#4E4E4E\">§<span style=\"font-variant-numeric: normal; font-stretch: normal; font-size: 7pt; line-height: normal; font-family: &quot;Times New Roman&quot;;\">&nbsp; </span></span><!--[endif]--><b><span style=\"font-size:9.0pt;font-family:&quot;Arial&quot;,&quot;sans-serif&quot;;mso-fareast-font-family:\r\n&quot;Times New Roman&quot;;color:#4E4E4E\">&nbsp; &nbsp; Phòng VIP.</span></b><span style=\"font-size:9.0pt;font-family:&quot;Arial&quot;,&quot;sans-serif&quot;;mso-fareast-font-family:\r\n&quot;Times New Roman&quot;;color:#4E4E4E\"><o:p></o:p></span></p><p class=\"MsoNormal\" style=\"margin-bottom:0cm;margin-bottom:.0001pt;text-align:\r\njustify;line-height:normal;background:#F5F4F0\"><span style=\"font-size:9.0pt;\r\nfont-family:&quot;Arial&quot;,&quot;sans-serif&quot;;mso-fareast-font-family:&quot;Times New Roman&quot;;\r\ncolor:#4E4E4E\"><br>\r\nNhà ăn lớn chứa tới 500 khách và khu coffee bar hiện đại và phong cách đáp ứng\r\ncho du khách cá nhân, đoàn thể có nhu cầu tổ chức sự kiện, hội họp ngay trong\r\nnhững ngày đi nghỉ tại biển Sầm Sơn. Với vị trí này quý khách cũng chỉ mất 10\r\nphút xe điện là đến tham quan được khu nghỉ dưỡng cao cấp FLC. Khách sạn có\r\ndịch vụ xe điện phục vụ du khách 24/24.&nbsp;</span></p><p class=\"MsoNormal\" style=\"margin-bottom:0cm;margin-bottom:.0001pt;text-align:\r\njustify;line-height:normal;background:#F5F4F0\"><span style=\"font-size:9.0pt;\r\nfont-family:&quot;Arial&quot;,&quot;sans-serif&quot;;mso-fareast-font-family:&quot;Times New Roman&quot;;\r\ncolor:#4E4E4E\"><br>\r\n<br>\r\nVới đội ngũ nhân viên trẻ, đẹp được đào tạo theo phong cách chuyên nghiệp, hiện\r\nđại, Phương Đông Hotel trân trọng kính mời và rất hân hạnh được đón tiếp, phục\r\nvụ Qúy khách!<br>\r\n<br>\r\nHãy lựa chọn và đến với Phương Đông Hotel chúng tôi , chắc chắn các các bạn sẽ\r\nhài lòng với quyết định của chính mình !!!<br>\r\n<br>\r\nRất hân hạnh được đón tiếp và phục vụ quý khách!<o:p></o:p></span></p><p>\r\n\r\n\r\n\r\n\r\n\r\n\r\n\r\n\r\n\r\n\r\n\r\n</p><p class=\"MsoNormal\"><o:p>&nbsp;</o:p></p>','Chào mừng quý khách đến với Phương Đông Hotel!\r\n\r\nPhương Đông Hotel là một trong những khách sạn đi đầu về phong cách phục vụ hiện đại và chuyên nghiệp. Nằm ngay dưới chân núi Trường Lệ – là một địa danh nổi tiếng của Sầm Sơn với nhiều phong cảnh thiên nhiên đẹp mà tạo hóa đã ban tặng. Với diện tích 4000m2, có sân vườn, một không gian yên tĩnh hòa quyện cùng với khung cảnh thiên nhiên chắc chắn sẽ làm cho Qúy khách cảm thấy thực sự thoải mái và có những giây phút thư giãn sau những ngày làm việc mệt mỏi,. Khi đến với Phương Đông hotel, Quý khách sẽ có một cảm nhận về sự lựa chọn đúng đắn của mình. Phương Đông hotel luôn mang đến cho bạn dịch vụ tốt nhất.\r\n\r\nPhương Đông hotel nằm ngay trên trục đường Thanh Niên ở đầu bãi tắm A với 79 phòng nghỉ, có view nhìn ra khung cảnh thiên nhiên, rất đẹp và lãng mạn.\r\n\r\nPhòng nghỉ của khách sạn có 3 loại:\r\n	    Phòng thường.\r\n	    Phòng rộng.\r\n	    Phòng VIP.\r\n\r\nNhà ăn lớn chứa tới 500 khách và khu coffee bar hiện đại và phong cách đáp ứng cho du khách cá nhân, đoàn thể có nhu cầu tổ chức sự kiện, hội họp ngay trong những ngày đi nghỉ tại biển Sầm Sơn. Với vị trí này quý khách cũng chỉ mất 10 phút xe điện là đến tham quan được khu nghỉ dưỡng cao cấp FLC. Khách sạn có dịch vụ xe điện phục vụ du khách 24/24.\r\n\r\nNgoài những địa điểm du lịch gần khách sạn, Phương Đông Hotel còn có các tua du lịch đi thăm quan tới những danh lam thắng cảnh đẹp và nổi tiếng của Xứ Thanh như Thành Nhà Hồ – Di tích Lam Kinh – Suối Cá Thần Cẩm Thủy – Cầu Hàm Rồng – Dòng sông Mã anh hùng ….\r\n\r\nVới đội ngũ nhân viên trẻ, đẹp được đào tạo theo phong cách chuyên nghiệp, hiện đại, Phương Đông Hotel trân trọng kính mời và rất hân hạnh được đón tiếp, phục vụ Qúy khách!\r\n\r\nHãy lựa chọn và đến với Phương Đông Hotel chúng tôi , chắc chắn các các bạn sẽ hài lòng với quyết định của chính mình !!!\r\n\r\nRất hân hạnh được đón tiếp và phục vụ quý khách!','phuong-dong-12.png','admin_58de202a5c382');
/*!40000 ALTER TABLE `hotel` ENABLE KEYS */;
UNLOCK TABLES;

--
-- Table structure for table `hotel_and_option`
--

DROP TABLE IF EXISTS `hotel_and_option`;
/*!40101 SET @saved_cs_client     = @@character_set_client */;
/*!40101 SET character_set_client = utf8 */;
CREATE TABLE `hotel_and_option` (
  `hotel_option_id` int(11) NOT NULL,
  `hotel_id` int(11) NOT NULL,
  PRIMARY KEY (`hotel_option_id`,`hotel_id`),
  KEY `fk_hotel_and_option_hotel_option1_idx` (`hotel_option_id`),
  KEY `fk_hotel_and_option_hotel1_idx` (`hotel_id`),
  CONSTRAINT `fk_hotel_and_option_hotel1` FOREIGN KEY (`hotel_id`) REFERENCES `hotel` (`id`) ON DELETE NO ACTION ON UPDATE NO ACTION,
  CONSTRAINT `fk_hotel_and_option_hotel_option1` FOREIGN KEY (`hotel_option_id`) REFERENCES `hotel_option` (`id`) ON DELETE NO ACTION ON UPDATE NO ACTION
) ENGINE=InnoDB DEFAULT CHARSET=utf8;
/*!40101 SET character_set_client = @saved_cs_client */;

--
-- Dumping data for table `hotel_and_option`
--

LOCK TABLES `hotel_and_option` WRITE;
/*!40000 ALTER TABLE `hotel_and_option` DISABLE KEYS */;
INSERT INTO `hotel_and_option` VALUES (1,22),(1,23),(1,24),(1,25),(1,26),(1,27),(1,28),(5,22),(5,23),(5,24),(5,25),(5,26),(5,27),(5,28),(6,22),(6,23),(6,25),(6,28),(8,22),(8,23),(8,25),(8,26),(8,28),(9,22),(9,23),(9,24),(9,25),(9,26),(9,28),(10,22),(11,22),(11,23),(11,25),(11,26),(11,28),(12,22),(12,23),(12,25),(12,26),(12,28),(13,22),(13,23),(13,24),(13,25),(13,26),(13,27),(13,28);
/*!40000 ALTER TABLE `hotel_and_option` ENABLE KEYS */;
UNLOCK TABLES;

--
-- Table structure for table `hotel_free_room`
--

DROP TABLE IF EXISTS `hotel_free_room`;
/*!40101 SET @saved_cs_client     = @@character_set_client */;
/*!40101 SET character_set_client = utf8 */;
CREATE TABLE `hotel_free_room` (
  `id` int(11) NOT NULL AUTO_INCREMENT,
  `hotel_id` int(11) NOT NULL,
  `free_room` int(11) NOT NULL,
  `create_date` datetime NOT NULL,
  `user_id` int(11) NOT NULL,
  PRIMARY KEY (`id`),
  KEY `fk_hotel_free_room_hotel1_idx` (`hotel_id`),
  KEY `fk_hotel_free_room_user1_idx` (`user_id`),
  CONSTRAINT `fk_hotel_free_room_hotel1` FOREIGN KEY (`hotel_id`) REFERENCES `hotel` (`id`) ON DELETE NO ACTION ON UPDATE NO ACTION,
  CONSTRAINT `fk_hotel_free_room_user1` FOREIGN KEY (`user_id`) REFERENCES `user` (`id`) ON DELETE NO ACTION ON UPDATE NO ACTION
) ENGINE=InnoDB AUTO_INCREMENT=36 DEFAULT CHARSET=utf8;
/*!40101 SET character_set_client = @saved_cs_client */;

--
-- Dumping data for table `hotel_free_room`
--

LOCK TABLES `hotel_free_room` WRITE;
/*!40000 ALTER TABLE `hotel_free_room` DISABLE KEYS */;
INSERT INTO `hotel_free_room` VALUES (35,22,20,'2017-03-30 19:55:37',20);
/*!40000 ALTER TABLE `hotel_free_room` ENABLE KEYS */;
UNLOCK TABLES;

--
-- Table structure for table `hotel_option`
--

DROP TABLE IF EXISTS `hotel_option`;
/*!40101 SET @saved_cs_client     = @@character_set_client */;
/*!40101 SET character_set_client = utf8 */;
CREATE TABLE `hotel_option` (
  `id` int(11) NOT NULL AUTO_INCREMENT,
  `name` varchar(255) NOT NULL,
  `icon` varchar(255) NOT NULL,
  PRIMARY KEY (`id`)
) ENGINE=InnoDB AUTO_INCREMENT=14 DEFAULT CHARSET=utf8;
/*!40101 SET character_set_client = @saved_cs_client */;

--
-- Dumping data for table `hotel_option`
--

LOCK TABLES `hotel_option` WRITE;
/*!40000 ALTER TABLE `hotel_option` DISABLE KEYS */;
INSERT INTO `hotel_option` VALUES (1,'Wifi miễn phí','wifi'),(2,'Đưa đón sân bay','taxi'),(3,'Bữa sáng miễn phí','breakfast'),(4,'Bể bơi ngoài trời','swimming-pool'),(5,'Bãi đỗ xe','parked-car'),(6,'Phòng họp','meeting-room'),(7,'Phòng tập thể thao','gym'),(8,'Thang máy','elevator'),(9,'Thêm giường phụ','bed'),(10,'Spa','spa'),(11,'Nhà hàng','restaurant'),(12,'Giặt là','laundry'),(13,'Truyền hình cáp/vệ tinh','tv-cap');
/*!40000 ALTER TABLE `hotel_option` ENABLE KEYS */;
UNLOCK TABLES;

--
-- Table structure for table `hotel_type`
--

DROP TABLE IF EXISTS `hotel_type`;
/*!40101 SET @saved_cs_client     = @@character_set_client */;
/*!40101 SET character_set_client = utf8 */;
CREATE TABLE `hotel_type` (
  `id` int(11) NOT NULL AUTO_INCREMENT,
  `name` varchar(255) NOT NULL COMMENT 'Khách sạn, nhà nghỉ, nhà trọ',
  `star` int(1) DEFAULT NULL,
  PRIMARY KEY (`id`)
) ENGINE=InnoDB AUTO_INCREMENT=10 DEFAULT CHARSET=utf8;
/*!40101 SET character_set_client = @saved_cs_client */;

--
-- Dumping data for table `hotel_type`
--

LOCK TABLES `hotel_type` WRITE;
/*!40000 ALTER TABLE `hotel_type` DISABLE KEYS */;
INSERT INTO `hotel_type` VALUES (1,'Khách sạn',1),(2,'Khách sạn',2),(4,'Khách sạn',3),(5,'Khách sạn',4),(6,'Khách sạn',5),(7,'Nhà Nghỉ',NULL),(8,'Biệt Thự',NULL),(9,'Nhà Trọ',NULL);
/*!40000 ALTER TABLE `hotel_type` ENABLE KEYS */;
UNLOCK TABLES;

--
-- Table structure for table `migration_versions`
--

DROP TABLE IF EXISTS `migration_versions`;
/*!40101 SET @saved_cs_client     = @@character_set_client */;
/*!40101 SET character_set_client = utf8 */;
CREATE TABLE `migration_versions` (
  `version` varchar(255) CHARACTER SET utf8 NOT NULL,
  PRIMARY KEY (`version`)
) ENGINE=InnoDB DEFAULT CHARSET=utf8 COLLATE=utf8_unicode_ci;
/*!40101 SET character_set_client = @saved_cs_client */;

--
-- Dumping data for table `migration_versions`
--

LOCK TABLES `migration_versions` WRITE;
/*!40000 ALTER TABLE `migration_versions` DISABLE KEYS */;
INSERT INTO `migration_versions` VALUES ('20170109174421');
/*!40000 ALTER TABLE `migration_versions` ENABLE KEYS */;
UNLOCK TABLES;

--
-- Table structure for table `movement`
--

DROP TABLE IF EXISTS `movement`;
/*!40101 SET @saved_cs_client     = @@character_set_client */;
/*!40101 SET character_set_client = utf8 */;
CREATE TABLE `movement` (
  `id` int(11) NOT NULL AUTO_INCREMENT,
  `user_id` int(11) NOT NULL,
  `type` enum('CREDIT','DEBIT') NOT NULL,
  `amount` float NOT NULL DEFAULT '0',
  `processed_date` datetime DEFAULT NULL,
  `create_date` datetime NOT NULL,
  `billing_code` varchar(45) DEFAULT NULL,
  `ratio` varchar(45) DEFAULT NULL,
  `orders_id` int(11) NOT NULL,
  PRIMARY KEY (`id`),
  KEY `fk_payment_user1_idx` (`user_id`),
  KEY `fk_movement_orders1_idx` (`orders_id`),
  CONSTRAINT `fk_movement_orders1` FOREIGN KEY (`orders_id`) REFERENCES `orders` (`id`) ON DELETE NO ACTION ON UPDATE NO ACTION,
  CONSTRAINT `fk_payment_user1` FOREIGN KEY (`user_id`) REFERENCES `user` (`id`) ON DELETE NO ACTION ON UPDATE NO ACTION
) ENGINE=InnoDB DEFAULT CHARSET=utf8;
/*!40101 SET character_set_client = @saved_cs_client */;

--
-- Dumping data for table `movement`
--

LOCK TABLES `movement` WRITE;
/*!40000 ALTER TABLE `movement` DISABLE KEYS */;
/*!40000 ALTER TABLE `movement` ENABLE KEYS */;
UNLOCK TABLES;

--
-- Table structure for table `order_history`
--

DROP TABLE IF EXISTS `order_history`;
/*!40101 SET @saved_cs_client     = @@character_set_client */;
/*!40101 SET character_set_client = utf8 */;
CREATE TABLE `order_history` (
  `id` int(11) NOT NULL AUTO_INCREMENT,
  `create_date` datetime NOT NULL,
  `status_before` enum('OPEN','CANCEL','IN PROGRESS','VALID') NOT NULL,
  `status_after` enum('OPEN','CANCEL','IN PROGRESS','VALID') NOT NULL,
  `description` text,
  `orders_id` int(11) NOT NULL,
  `check_in_date` date NOT NULL,
  `check_out_date` date NOT NULL,
  `price` float DEFAULT NULL,
  `quantity` int(11) NOT NULL,
  PRIMARY KEY (`id`),
  KEY `fk_order_history_orders1_idx` (`orders_id`),
  CONSTRAINT `fk_order_history_orders1` FOREIGN KEY (`orders_id`) REFERENCES `orders` (`id`) ON DELETE NO ACTION ON UPDATE NO ACTION
) ENGINE=InnoDB DEFAULT CHARSET=utf8;
/*!40101 SET character_set_client = @saved_cs_client */;

--
-- Dumping data for table `order_history`
--

LOCK TABLES `order_history` WRITE;
/*!40000 ALTER TABLE `order_history` DISABLE KEYS */;
/*!40000 ALTER TABLE `order_history` ENABLE KEYS */;
UNLOCK TABLES;

--
-- Table structure for table `order_status`
--

DROP TABLE IF EXISTS `order_status`;
/*!40101 SET @saved_cs_client     = @@character_set_client */;
/*!40101 SET character_set_client = utf8 */;
CREATE TABLE `order_status` (
  `id` int(11) NOT NULL AUTO_INCREMENT,
  `name` varchar(45) DEFAULT NULL COMMENT 'OPEN\nIN PROGRESS\nRESOLVED\nCANCEL\n',
  PRIMARY KEY (`id`)
) ENGINE=InnoDB DEFAULT CHARSET=utf8;
/*!40101 SET character_set_client = @saved_cs_client */;

--
-- Dumping data for table `order_status`
--

LOCK TABLES `order_status` WRITE;
/*!40000 ALTER TABLE `order_status` DISABLE KEYS */;
/*!40000 ALTER TABLE `order_status` ENABLE KEYS */;
UNLOCK TABLES;

--
-- Table structure for table `orders`
--

DROP TABLE IF EXISTS `orders`;
/*!40101 SET @saved_cs_client     = @@character_set_client */;
/*!40101 SET character_set_client = utf8 */;
CREATE TABLE `orders` (
  `id` int(11) NOT NULL AUTO_INCREMENT,
  `user_id` int(11) DEFAULT NULL,
  `quantity` int(11) NOT NULL,
  `create_date` datetime DEFAULT NULL,
  `update_date` datetime DEFAULT NULL,
  `price` float DEFAULT NULL,
  `hotel_id` int(11) DEFAULT NULL,
  `area_id` int(11) DEFAULT NULL,
  `status` enum('OPEN','CANCEL','IN PROGRESS','VALID') NOT NULL DEFAULT 'OPEN',
  `description` text,
  `reason` text,
  `check_in_date` date DEFAULT NULL,
  `check_out_date` date DEFAULT NULL,
  `client_id` int(11) NOT NULL,
  `commission_ratio` float DEFAULT NULL,
  `bonus_ratio` float DEFAULT NULL,
  `receipt_ratio` float DEFAULT NULL,
  `processed_date` datetime DEFAULT NULL,
  PRIMARY KEY (`id`),
  KEY `fk_order_user1_idx` (`user_id`),
  KEY `fk_order_client1_idx` (`client_id`),
  CONSTRAINT `fk_order_client1` FOREIGN KEY (`client_id`) REFERENCES `client` (`id`) ON DELETE NO ACTION ON UPDATE NO ACTION
) ENGINE=InnoDB AUTO_INCREMENT=22 DEFAULT CHARSET=utf8;
/*!40101 SET character_set_client = @saved_cs_client */;

--
-- Dumping data for table `orders`
--

LOCK TABLES `orders` WRITE;
/*!40000 ALTER TABLE `orders` DISABLE KEYS */;
INSERT INTO `orders` VALUES (1,NULL,12,NULL,NULL,NULL,NULL,NULL,'OPEN',NULL,NULL,'2017-03-07','2017-03-08',1,NULL,NULL,NULL,NULL),(2,NULL,1111,NULL,NULL,NULL,NULL,6,'OPEN',NULL,NULL,'2017-03-08','2017-03-09',2,NULL,NULL,NULL,NULL),(3,NULL,1111,'2017-03-08 06:15:31',NULL,NULL,NULL,NULL,'OPEN',NULL,NULL,'2017-03-08','2017-03-09',3,NULL,NULL,NULL,NULL),(4,NULL,12,'2017-03-08 07:01:15',NULL,NULL,NULL,6,'OPEN',NULL,NULL,'2017-03-08','2017-03-09',4,NULL,NULL,NULL,NULL),(5,NULL,50,'2017-03-08 07:29:13',NULL,NULL,NULL,5,'OPEN',NULL,NULL,'2017-03-08','2017-03-09',5,NULL,NULL,NULL,NULL),(6,1,1,'2017-03-22 10:20:38',NULL,NULL,NULL,NULL,'OPEN',NULL,NULL,'2017-03-22','2017-03-23',6,NULL,NULL,NULL,NULL),(7,NULL,1,'2017-03-23 12:27:07',NULL,NULL,NULL,5,'OPEN',NULL,NULL,'2017-03-23','2017-03-24',7,NULL,NULL,NULL,NULL),(8,10,4,'2017-03-23 14:27:56',NULL,NULL,NULL,2,'OPEN',NULL,NULL,'2017-03-23','2017-03-24',8,NULL,NULL,NULL,NULL),(9,8,13,'2017-03-24 06:42:07',NULL,NULL,NULL,3,'OPEN',NULL,NULL,'2017-03-24','2017-03-25',9,NULL,NULL,NULL,NULL),(10,NULL,1,'2017-03-24 20:15:14',NULL,NULL,NULL,4,'OPEN',NULL,NULL,'2017-03-24','2017-03-25',10,NULL,NULL,NULL,NULL),(11,NULL,5,'2017-03-24 20:41:18',NULL,NULL,NULL,3,'OPEN',NULL,NULL,'2017-03-24','2017-03-31',11,NULL,NULL,NULL,NULL),(12,8,1,'2017-03-25 02:03:19',NULL,NULL,NULL,4,'OPEN',NULL,NULL,'2017-03-25','2017-03-26',12,NULL,NULL,NULL,NULL),(13,NULL,1,'2017-03-25 02:27:04',NULL,NULL,12,2,'OPEN',NULL,NULL,'2017-03-25','2017-03-26',13,NULL,NULL,NULL,NULL),(14,12,1,'2017-03-25 02:28:34',NULL,NULL,5,4,'OPEN',NULL,NULL,'2017-03-25','2017-03-26',14,NULL,NULL,NULL,NULL),(15,1,1,'2017-03-25 10:10:45',NULL,NULL,3,2,'OPEN',NULL,NULL,'2017-03-25','2017-03-26',15,NULL,NULL,NULL,NULL),(16,4,3,'2017-03-25 10:29:50',NULL,NULL,1,NULL,'OPEN',NULL,NULL,'2017-03-25','2017-03-26',16,NULL,NULL,NULL,NULL),(17,1,2,'2017-03-25 13:25:57',NULL,NULL,1,1,'OPEN',NULL,NULL,'2017-03-25','2017-03-26',17,NULL,NULL,NULL,NULL),(18,20,10,'2017-03-25 13:49:39',NULL,NULL,NULL,2,'OPEN',NULL,NULL,'2017-03-25','2017-03-26',18,NULL,NULL,NULL,NULL),(19,1,1,'2017-03-25 15:20:57',NULL,NULL,12,NULL,'OPEN',NULL,NULL,'2017-03-25','2017-03-26',19,NULL,NULL,NULL,NULL),(20,NULL,12,'2017-03-25 16:38:53',NULL,NULL,NULL,1,'OPEN',NULL,NULL,'2017-03-25','2017-03-26',20,NULL,NULL,NULL,NULL),(21,1,1,'2017-03-29 23:28:29',NULL,NULL,NULL,3,'OPEN',NULL,NULL,'2017-03-29','2017-03-30',21,NULL,NULL,NULL,NULL);
/*!40000 ALTER TABLE `orders` ENABLE KEYS */;
UNLOCK TABLES;

--
-- Table structure for table `page`
--

DROP TABLE IF EXISTS `page`;
/*!40101 SET @saved_cs_client     = @@character_set_client */;
/*!40101 SET character_set_client = utf8 */;
CREATE TABLE `page` (
  `id` int(11) NOT NULL AUTO_INCREMENT,
  `title` varchar(255) NOT NULL,
  `slug` varchar(255) NOT NULL,
  `content` longtext,
  `is_locked` tinyint(1) DEFAULT '0',
  PRIMARY KEY (`id`),
  UNIQUE KEY `slug_UNIQUE` (`slug`)
) ENGINE=InnoDB AUTO_INCREMENT=4 DEFAULT CHARSET=utf8;
/*!40101 SET character_set_client = @saved_cs_client */;

--
-- Dumping data for table `page`
--

LOCK TABLES `page` WRITE;
/*!40000 ALTER TABLE `page` DISABLE KEYS */;
INSERT INTO `page` VALUES (1,'Giới thiệu','gioi-thieu','<p class=\"MsoNormal\" style=\"text-align:justify;mso-outline-level:1\"><b><span style=\"font-size:13.0pt;line-height:\r\n115%;font-family:&quot;Times New Roman&quot;,&quot;serif&quot;\">GIỚI THIỆU CÔNG TY<o:p></o:p></span></b></p>\r\n\r\n<p class=\"MsoNormal\" style=\"text-align:justify\"><span style=\"font-size:13.0pt;\r\nline-height:115%;font-family:&quot;Times New Roman&quot;,&quot;serif&quot;\">CÔNG TY CỔ PHẦN ĐẦU TƯ\r\nBẤT ĐỘNG SẢN VÀ XÂY DỰNG HỒNG ĐỨC được thành lập ngày … do … cấp ngày, giấy\r\nphép kinh doanh … mã số thuế.<o:p></o:p></span></p>\r\n\r\n<p class=\"MsoNormal\" style=\"text-align:justify\"><span style=\"font-size:13.0pt;\r\nline-height:115%;font-family:&quot;Times New Roman&quot;,&quot;serif&quot;\">Công ty có trụ sở tại số\r\n299 Trần Nhân Tông, Thanh Thái, xã Quảng Cư, cách FLC Sầm Sơn 500m.<o:p></o:p></span></p>\r\n\r\n<p class=\"MsoNormal\" style=\"margin-bottom: 0.0001pt; text-align: justify; line-height: normal; background-image: initial; background-position: initial; background-size: initial; background-repeat: initial; background-attachment: initial; background-origin: initial; background-clip: initial;\"><b><span style=\"font-size:13.0pt;\r\nfont-family:&quot;Times New Roman&quot;,&quot;serif&quot;;mso-fareast-font-family:&quot;Times New Roman&quot;;\r\ncolor:#333333;border:none windowtext 1.0pt;mso-border-alt:none windowtext 0cm;\r\npadding:0cm\">Công ty Cổ phần đầu tư bất động sản và xây dựng Hồng Đức</span></b><span style=\"font-size:13.0pt;font-family:&quot;Times New Roman&quot;,&quot;serif&quot;;mso-fareast-font-family:\r\n&quot;Times New Roman&quot;;color:#333333\"> được hình thành với ý tưởng, mục tiêu phát\r\ntriển thành một công ty đa ngành nghề, đặt quyền lợi khách hàng lên trên quyền\r\nlợi của công ty.<o:p></o:p></span></p>\r\n\r\n<p class=\"MsoNormal\" style=\"margin-bottom: 0.0001pt; text-align: justify; line-height: normal; background-image: initial; background-position: initial; background-size: initial; background-repeat: initial; background-attachment: initial; background-origin: initial; background-clip: initial;\"><span style=\"font-size:13.0pt;\r\nfont-family:&quot;Times New Roman&quot;,&quot;serif&quot;;mso-fareast-font-family:&quot;Times New Roman&quot;;\r\ncolor:#333333\">&nbsp;Chúng tôi hiểu rằng giá\r\ntrị của thương hiệu được hình thành từ sự tin yêu của khách hàng. Vì vậy, sự\r\nhài lòng của khách hàng khi sử dụng các sản phẩm dịch vụ của chúng tôi luôn\r\nđược ưu tiên hàng đầu.<o:p></o:p></span></p>\r\n\r\n<p class=\"MsoNormal\" style=\"margin-bottom: 0.0001pt; text-align: justify; line-height: normal; background-image: initial; background-position: initial; background-size: initial; background-repeat: initial; background-attachment: initial; background-origin: initial; background-clip: initial;\"><span style=\"font-size:13.0pt;\r\nfont-family:&quot;Times New Roman&quot;,&quot;serif&quot;;mso-fareast-font-family:&quot;Times New Roman&quot;;\r\ncolor:#333333\">Chúng tôi mong muốn trở thành người bạn đồng hành đáng tin cậy\r\nvới quý khách hàng qua các dịch vụ:<o:p></o:p></span></p>\r\n\r\n<p class=\"MsoNormal\" style=\"margin-bottom: 0.0001pt; text-align: justify; line-height: normal; background-image: initial; background-position: initial; background-size: initial; background-repeat: initial; background-attachment: initial; background-origin: initial; background-clip: initial;\"><span style=\"font-size:13.0pt;\r\nfont-family:&quot;Times New Roman&quot;,&quot;serif&quot;;mso-fareast-font-family:&quot;Times New Roman&quot;;\r\ncolor:#333333\">- Dịch vụ đặt phòng khách sạn;<o:p></o:p></span></p>\r\n\r\n<p class=\"MsoNormal\" style=\"margin-bottom: 0.0001pt; text-align: justify; line-height: normal; background-image: initial; background-position: initial; background-size: initial; background-repeat: initial; background-attachment: initial; background-origin: initial; background-clip: initial;\"><span style=\"font-size:13.0pt;\r\nfont-family:&quot;Times New Roman&quot;,&quot;serif&quot;;mso-fareast-font-family:&quot;Times New Roman&quot;;\r\ncolor:#333333\">- Dịch vụ vé máy bay;<o:p></o:p></span></p>\r\n\r\n<p class=\"MsoNormal\" style=\"margin-bottom: 0.0001pt; text-align: justify; line-height: normal; background-image: initial; background-position: initial; background-size: initial; background-repeat: initial; background-attachment: initial; background-origin: initial; background-clip: initial;\"><span lang=\"FR\" style=\"font-size:\r\n13.0pt;font-family:&quot;Times New Roman&quot;,&quot;serif&quot;;mso-fareast-font-family:&quot;Times New Roman&quot;;\r\ncolor:#333333;mso-ansi-language:FR\">- Dịch vụ tổ chức tua du lịch;<o:p></o:p></span></p>\r\n\r\n<p class=\"MsoNormal\" style=\"text-align:justify\"><span lang=\"FR\" style=\"font-size:\r\n13.0pt;line-height:115%;font-family:&quot;Times New Roman&quot;,&quot;serif&quot;;mso-fareast-font-family:\r\n&quot;Times New Roman&quot;;color:#333333;mso-ansi-language:FR\">- Dịch vụ mua bán, thuê,\r\ncho thuê bất động sản<o:p></o:p></span></p>\r\n\r\n<p class=\"MsoNormal\" style=\"text-align:justify;mso-outline-level:1\"><b><span lang=\"FR\" style=\"font-size:13.0pt;\r\nline-height:115%;font-family:&quot;Times New Roman&quot;,&quot;serif&quot;;mso-ansi-language:FR\">TẠI\r\nSAO CHỌN CHÚNG TÔI?<o:p></o:p></span></b></p>\r\n\r\n<p class=\"MsoNormal\" style=\"margin-bottom: 0.0001pt; text-align: justify; line-height: normal; background-image: initial; background-position: initial; background-size: initial; background-repeat: initial; background-attachment: initial; background-origin: initial; background-clip: initial;\"><span lang=\"FR\" style=\"font-size:\r\n13.0pt;font-family:&quot;Times New Roman&quot;,&quot;serif&quot;;mso-fareast-font-family:&quot;Times New Roman&quot;;\r\ncolor:#333333;mso-ansi-language:FR\">Một số lý do để quý khách tin tưởng và lựa\r\nchọn dịch vụ của chúng tôi:<o:p></o:p></span></p>\r\n\r\n<p class=\"MsoNormal\" style=\"margin-bottom: 0.0001pt; text-align: justify; line-height: normal; background-image: initial; background-position: initial; background-size: initial; background-repeat: initial; background-attachment: initial; background-origin: initial; background-clip: initial;\"><span style=\"font-size:13.0pt;\r\nfont-family:&quot;Times New Roman&quot;,&quot;serif&quot;;mso-fareast-font-family:&quot;Times New Roman&quot;;\r\ncolor:#333333\">- Sự tận tâm và nhiệt huyết của đội ngũ nhân sự tạo nên một giá\r\ntrị không ngừng lớn <o:p></o:p></span></p>\r\n\r\n<p class=\"MsoNormal\" style=\"margin-bottom: 0.0001pt; text-align: justify; line-height: normal; background-image: initial; background-position: initial; background-size: initial; background-repeat: initial; background-attachment: initial; background-origin: initial; background-clip: initial;\"><span style=\"font-size:13.0pt;\r\nfont-family:&quot;Times New Roman&quot;,&quot;serif&quot;;mso-fareast-font-family:&quot;Times New Roman&quot;;\r\ncolor:#333333\">&nbsp;- Chúng tôi luôn cam kết tạo nên giá trị đồng hành giữa\r\nchất lượng và chi phí nhằm làm hài lòng khách hàng với mức giá hợp lí.<o:p></o:p></span></p>\r\n\r\n<p class=\"MsoNormal\" style=\"margin-bottom: 0.0001pt; text-align: justify; line-height: normal; background-image: initial; background-position: initial; background-size: initial; background-repeat: initial; background-attachment: initial; background-origin: initial; background-clip: initial;\"><span style=\"font-size:13.0pt;\r\nfont-family:&quot;Times New Roman&quot;,&quot;serif&quot;;mso-fareast-font-family:&quot;Times New Roman&quot;;\r\ncolor:#333333\">- Tư vấn miễn phí<o:p></o:p></span></p>\r\n\r\n<p class=\"MsoNormal\" style=\"margin-bottom: 0.0001pt; text-align: justify; line-height: normal; background-image: initial; background-position: initial; background-size: initial; background-repeat: initial; background-attachment: initial; background-origin: initial; background-clip: initial;\"><span style=\"font-size:13.0pt;\r\nfont-family:&quot;Times New Roman&quot;,&quot;serif&quot;;mso-fareast-font-family:&quot;Times New Roman&quot;;\r\ncolor:#333333\">- Hỗ trợ 24/24<o:p></o:p></span></p>\r\n\r\n<p class=\"MsoNormal\" style=\"margin-bottom: 0.0001pt; text-align: justify; line-height: normal; background-image: initial; background-position: initial; background-size: initial; background-repeat: initial; background-attachment: initial; background-origin: initial; background-clip: initial;\"><span style=\"font-size:13.0pt;\r\nfont-family:&quot;Times New Roman&quot;,&quot;serif&quot;;mso-fareast-font-family:&quot;Times New Roman&quot;;\r\ncolor:#333333\">- Đa phương thức tiếp cận&nbsp;(tư vấn qua điện thoại, website\r\nvà đặc biệt là dịch vụ tại nhà)<o:p></o:p></span></p>\r\n\r\n<p class=\"MsoNormal\" style=\"margin-bottom: 0.0001pt; text-align: justify; line-height: normal; background-image: initial; background-position: initial; background-size: initial; background-repeat: initial; background-attachment: initial; background-origin: initial; background-clip: initial;\"><span style=\"font-size:13.0pt;\r\nfont-family:&quot;Times New Roman&quot;,&quot;serif&quot;;mso-fareast-font-family:&quot;Times New Roman&quot;;\r\ncolor:#333333\">Một lần nữa, Công ty Cổ phần đầu tư bất động sản và xây dựng\r\nHồng Đức chúng tôi xin gửi đến toàn thể Quý khách lời chúc sức khỏe và lời cảm\r\nơn chân thành nhất. Chúng tôi cam kết sẽ không ngừng phát triển và hoàn thiện\r\ncác dịch vụ để phục vụ Quý khách ngày một tốt hơn.<o:p></o:p></span></p>\r\n\r\n<p class=\"MsoNormal\" style=\"text-align:justify\"><span lang=\"FR\" style=\"font-size:\r\n13.0pt;line-height:115%;font-family:&quot;Times New Roman&quot;,&quot;serif&quot;;mso-fareast-font-family:\r\n&quot;Times New Roman&quot;;color:#333333;mso-ansi-language:FR\">Trân trọng kính chào!</span><span lang=\"FR\" style=\"font-family:&quot;Times New Roman&quot;,&quot;serif&quot;;mso-ansi-language:FR\"><o:p></o:p></span></p>',1),(2,'Điều khoản dịch vụ','dieu-khoan-dich-vu','<h2 style=\"font-family: RobotoDraft, arial, sans-serif; margin: 1.236em 0px 0.618em; line-height: 1.29; font-size: 20px; color: rgb(33, 33, 33);\"><p class=\"MsoNormal\" style=\"text-align:justify;mso-outline-level:1\"><b><span style=\"font-size:15.0pt;line-height:\r\n115%;font-family:&quot;Times New Roman&quot;,&quot;serif&quot;;mso-font-kerning:18.0pt\">Điều khoản\r\ndịch vụ của trang web</span></b><o:p></o:p></p>\r\n\r\n<p class=\"MsoNormal\" style=\"text-align:justify;mso-outline-level:1\"><b><i><span style=\"font-size:13.0pt;mso-bidi-font-size:11.0pt;line-height:115%;font-family:\r\n&quot;Times New Roman&quot;,&quot;serif&quot;;mso-font-kerning:18.0pt\">Chào mừng các bạn đến với\r\nwebsite của chúng tôi<o:p></o:p></span></i></b></p>\r\n\r\n<p class=\"MsoNormal\" style=\"text-align:justify\"><span style=\"font-size:13.0pt;\r\nmso-bidi-font-size:11.0pt;line-height:115%;font-family:&quot;Times New Roman&quot;,&quot;serif&quot;;\r\nmso-font-kerning:18.0pt\">Cảm ơn các bạn đã sử dụng các sản phẩm dịch vụ của\r\nchúng tôi. Các sản phẩm dịch vụ của chung tôi được cung cấp bởi </span><b><span style=\"font-size:13.0pt;line-height:\r\n115%;font-family:&quot;Times New Roman&quot;,&quot;serif&quot;\">CÔNG TY CỔ PHẦN ĐẦU TƯ BẤT ĐỘNG SẢN\r\nVÀ XÂY DỰNG HỒNG ĐỨC</span></b><span style=\"font-size:13.0pt;mso-bidi-font-size:\r\n11.0pt;line-height:115%;font-family:&quot;Times New Roman&quot;,&quot;serif&quot;;mso-font-kerning:\r\n18.0pt\">. Các bạn có thể sử dụng dịch vụ website của chúng tôi thông qua một\r\ntrong các trang web sau:<o:p></o:p></span></p>\r\n\r\n<ul><li style=\"text-align: justify; text-indent: -18pt;\"><!--[if !supportLists]--><span style=\"font-size:13.0pt;\r\nmso-bidi-font-size:11.0pt;line-height:115%;font-family:&quot;Courier New&quot;;\r\nmso-fareast-font-family:&quot;Courier New&quot;;mso-font-kerning:18.0pt\">o<span style=\"font-variant-numeric: normal; font-stretch: normal; font-size: 7pt; line-height: normal; font-family: &quot;Times New Roman&quot;;\">&nbsp; &nbsp;</span></span><a href=\"http://www.datphongkhachsansamson.vn/\"><span style=\"font-size:13.0pt;mso-bidi-font-size:11.0pt;line-height:115%;font-family:\r\n&quot;Times New Roman&quot;,&quot;serif&quot;;mso-font-kerning:18.0pt\">http://www.datphongkhachsansamson.vn</span></a><span style=\"font-size:13.0pt;mso-bidi-font-size:11.0pt;line-height:115%;font-family:\r\n&quot;Times New Roman&quot;,&quot;serif&quot;;mso-font-kerning:18.0pt\"><o:p></o:p></span></li></ul>\r\n\r\n<ul><li style=\"text-align: justify; text-indent: -18pt;\"><!--[if !supportLists]--><span style=\"font-size:13.0pt;\r\nmso-bidi-font-size:11.0pt;line-height:115%;font-family:&quot;Courier New&quot;;\r\nmso-fareast-font-family:&quot;Courier New&quot;;mso-font-kerning:18.0pt\">o<span style=\"font-variant-numeric: normal; font-stretch: normal; font-size: 7pt; line-height: normal; font-family: &quot;Times New Roman&quot;;\">&nbsp;&nbsp;\r\n</span></span><!--[endif]--><a href=\"http://datphongsamson.info/\"><span style=\"font-size:13.0pt;mso-bidi-font-size:11.0pt;line-height:115%;font-family:\r\n&quot;Times New Roman&quot;,&quot;serif&quot;;mso-font-kerning:18.0pt\">http://datphongsamson.info</span></a><span style=\"font-size:13.0pt;mso-bidi-font-size:11.0pt;line-height:115%;font-family:\r\n&quot;Times New Roman&quot;,&quot;serif&quot;;mso-font-kerning:18.0pt\"><o:p></o:p></span></li></ul>\r\n\r\n<ul><li style=\"text-align: justify; text-indent: -18pt;\"><!--[if !supportLists]--><span style=\"font-size:13.0pt;\r\nmso-bidi-font-size:11.0pt;line-height:115%;font-family:&quot;Courier New&quot;;\r\nmso-fareast-font-family:&quot;Courier New&quot;;mso-font-kerning:18.0pt\">o<span style=\"font-variant-numeric: normal; font-stretch: normal; font-size: 7pt; line-height: normal; font-family: &quot;Times New Roman&quot;;\">&nbsp;&nbsp;\r\n</span></span><!--[endif]--><a href=\"http://datphong.online/\"><span style=\"font-size:13.0pt;mso-bidi-font-size:11.0pt;line-height:115%;font-family:\r\n&quot;Times New Roman&quot;,&quot;serif&quot;;mso-font-kerning:18.0pt\">http://datphong.online</span></a><span style=\"font-size:13.0pt;mso-bidi-font-size:11.0pt;line-height:115%;font-family:\r\n&quot;Times New Roman&quot;,&quot;serif&quot;;mso-font-kerning:18.0pt\"> <o:p></o:p></span></li></ul>\r\n\r\n<p class=\"MsoNormal\" style=\"text-align:justify\"><span style=\"font-size:13.0pt;\r\nmso-bidi-font-size:11.0pt;line-height:115%;font-family:&quot;Times New Roman&quot;,&quot;serif&quot;;\r\nmso-font-kerning:18.0pt\">Bằng việc sử dụng Dịch vụ của chúng tôi, bạn đang đồng\r\ný với các điều khoản này. Vui lòng đọc kỹ các điều khoản này.<o:p></o:p></span></p>\r\n\r\n<p class=\"MsoNormal\"><b><i><span style=\"font-size:13.0pt;\r\nmso-bidi-font-size:11.0pt;line-height:115%;font-family:&quot;Times New Roman&quot;,&quot;serif&quot;;\r\nmso-font-kerning:18.0pt\">Sử dụng Dịch vụ của chúng tôi<o:p></o:p></span></i></b></p>\r\n\r\n<p class=\"MsoNormal\" style=\"text-align:justify\"><span style=\"font-size:13.0pt;\r\nmso-bidi-font-size:11.0pt;line-height:115%;font-family:&quot;Times New Roman&quot;,&quot;serif&quot;;\r\nmso-font-kerning:18.0pt\">Bạn phải tuân thủ mọi chính sách đã cung cấp cho bạn\r\ntrong phạm vi Dịch vụ.<o:p></o:p></span></p>\r\n\r\n<p class=\"MsoNormal\" style=\"text-align:justify\"><span style=\"font-size:13.0pt;\r\nmso-bidi-font-size:11.0pt;line-height:115%;font-family:&quot;Times New Roman&quot;,&quot;serif&quot;;\r\nmso-font-kerning:18.0pt\">Không được sử dụng trái phép Dịch vụ của chúng tôi. Ví\r\ndụ: không được gây trở ngại cho Dịch vụ của chúng tôi hoặc tìm cách truy cập\r\nchúng bằng phương pháp nào đó không thông qua giao diện và hướng dẫn mà chúng\r\ntôi cung cấp. Bạn chỉ có thể sử dụng Dịch vụ của chúng tôi theo như được luật\r\npháp cho phép, bao gồm cả các luật và quy định hiện hành về quản lý xuất khẩu\r\nvà tái xuất khẩu. Chúng tôi có thể tạm ngừng hoặc ngừng cung cấp Dịch vụ của\r\nchúng tôi cho bạn nếu bạn không tuân thủ các điều khoản hoặc chính sách của\r\nchúng tôi hoặc nếu chúng tôi đang điều tra hành vi bị nghi ngờ là sai phạm.<o:p></o:p></span></p>\r\n\r\n<p class=\"MsoNormal\" style=\"text-align:justify\"><span style=\"font-size:13.0pt;\r\nmso-bidi-font-size:11.0pt;line-height:115%;font-family:&quot;Times New Roman&quot;,&quot;serif&quot;;\r\nmso-font-kerning:18.0pt\">Việc bạn sử dụng Dịch vụ của chúng tôi không có nghĩa\r\nlà bạn được sở hữu bất cứ các quyền sở hữu trí tuệ nào đối với Dịch vụ của\r\nchúng tôi hoặc nội dung mà bạn truy cập. Bạn không được sử dụng nội dung từ\r\nDịch vụ của chúng tôi trừ khi bạn được chủ sở hữu nội dung đó cho phép hoặc được\r\nluật pháp cho phép. Các điều khoản này không cấp cho bạn quyền sử dụng bất kỳ\r\nthương hiệu hoặc lôgô nào được sử dụng trong Dịch vụ của chúng tôi. Không được\r\nxóa, che khuất hoặc thay đổi bất kỳ thông báo pháp lý nào được hiển thị trong\r\nhoặc kèm theo Dịch vụ của chúng tôi.<o:p></o:p></span></p>\r\n\r\n<p class=\"MsoNormal\" style=\"text-align:justify\"><span style=\"font-size:13.0pt;\r\nmso-bidi-font-size:11.0pt;line-height:115%;font-family:&quot;Times New Roman&quot;,&quot;serif&quot;;\r\nmso-font-kerning:18.0pt\">Dịch vụ của chúng tôi hiển thị một số nội dung không\r\nphải của Google. Chỉ một mình đối tượng cung cấp sẽ chịu trách nhiệm về nội\r\ndung này. Chúng tôi có thể xem xét nội dung để xác định xem nội dung đó có bất\r\nhợp pháp hoặc vi phạm chính sách của chúng tôi hay không, và chúng tôi có thể\r\nxóa hoặc từ chối hiển thị nội dung mà chúng tôi có lý do chính đáng để tin rằng\r\nnội dung đó vi phạm chính sách của chúng tôi hoặc luật pháp. Tuy nhiên, điều đó\r\nkhông nhất thiết có nghĩa là chúng tôi sẽ xem xét nội dung, do vậy bạn đừng cho\r\nrằng chúng tôi sẽ làm như vậy.<o:p></o:p></span></p>\r\n\r\n<p class=\"MsoNormal\" style=\"text-align:justify\"><span style=\"font-size:13.0pt;\r\nmso-bidi-font-size:11.0pt;line-height:115%;font-family:&quot;Times New Roman&quot;,&quot;serif&quot;;\r\nmso-font-kerning:18.0pt\">Liên quan đến việc bạn sử dụng Dịch vụ, chúng tôi có\r\nthể gửi cho bạn các thông báo dịch vụ, thông báo quản trị và thông tin khác. Bạn\r\ncó thể chọn không nhận một số thông báo này.<o:p></o:p></span></p>\r\n\r\n<p class=\"MsoNormal\" style=\"text-align:justify\"><span style=\"font-size:13.0pt;\r\nmso-bidi-font-size:11.0pt;line-height:115%;font-family:&quot;Times New Roman&quot;,&quot;serif&quot;;\r\nmso-font-kerning:18.0pt\">Một số các Dịch vụ của chúng tôi có sẵn trên các thiết\r\nbị di động. Không sử dụng các Dịch vụ đó theo cách khiến bạn bị mất tập trung\r\nvà ngăn cản bạn tuân thủ các luật về an toàn hoặc giao thông.<o:p></o:p></span></p>\r\n\r\n<p class=\"MsoNormal\" style=\"text-align:justify\"><span style=\"font-size:13.0pt;\r\nmso-bidi-font-size:11.0pt;line-height:115%;font-family:&quot;Times New Roman&quot;,&quot;serif&quot;;\r\nmso-font-kerning:18.0pt\"><o:p>&nbsp;</o:p></span></p>\r\n\r\n<p class=\"MsoNormal\"><b><i><span style=\"font-size:13.0pt;\r\nmso-bidi-font-size:11.0pt;line-height:115%;font-family:&quot;Times New Roman&quot;,&quot;serif&quot;;\r\nmso-font-kerning:18.0pt\">Lợi ích khi sử dụng Dịch vụ của chúng tôi<o:p></o:p></span></i></b></p>\r\n\r\n<p class=\"MsoNormal\" style=\"text-align:justify\"><span style=\"font-size:13.0pt;\r\nmso-bidi-font-size:11.0pt;line-height:115%;font-family:&quot;Times New Roman&quot;,&quot;serif&quot;\">Khi\r\nsử dụng phần mềm của chúng tôi để giới thiệu khách thuê phòng, bạn sẽ nhận được\r\nkhoản tiền hoa hồng. Để được nhận hoa hồng bạn cần đăng ký tài khoản tại trang\r\nweb này, đồng thời chúng tôi sẽ xác thực tài khoản và hợp đồng với trước khi\r\ntài khoản có hiệu lực. Các bạn cần cung cấp các thông tin bắt buộc cho chúng\r\ntôi khi đăng ký tài khoản, các thông tin này được ghi rõ khi bạn đăng ký tài\r\nkhoản mới trên giao diện phần mềm. <o:p></o:p></span></p>\r\n\r\n<p class=\"MsoNormal\"><b><i><span style=\"font-size:13.0pt;\r\nmso-bidi-font-size:11.0pt;line-height:115%;font-family:&quot;Times New Roman&quot;,&quot;serif&quot;;\r\nmso-font-kerning:18.0pt\">Bảo vệ sự riêng tư và bản quyền<o:p></o:p></span></i></b></p>\r\n\r\n<p class=\"MsoNormal\" style=\"text-align:justify\"><span style=\"font-size:13.0pt;\r\nmso-bidi-font-size:11.0pt;line-height:115%;font-family:&quot;Times New Roman&quot;,&quot;serif&quot;;\r\nmso-bidi-font-family:&quot;Times New Roman&quot;;mso-bidi-theme-font:minor-bidi\">Chính\r\nsách của Chúng tôi về sự riêng tư giải thích cách chúng tôi xử lý dữ liệu cá\r\nnhân của bạn và bảo vệ sự riêng tư của bạn khi bạn sử dụng Dịch vụ của chúng\r\ntôi. Bằng việc sử dụng Dịch vụ của chúng tôi, bạn đang đồng ý rằng Chúng tôi có\r\nthể những sử dụng dữ liệu đó theo chính sách của chúng tôi về sự riêng tư.<o:p></o:p></span></p>\r\n\r\n<p class=\"MsoNormal\" style=\"text-align:justify\"><span style=\"font-size:13.0pt;\r\nmso-bidi-font-size:11.0pt;line-height:115%;font-family:&quot;Times New Roman&quot;,&quot;serif&quot;;\r\nmso-bidi-font-family:&quot;Times New Roman&quot;;mso-bidi-theme-font:minor-bidi\">Chúng\r\ntôi đảm bảo thông tin cá nhân của khách hang được bảo mật tuyệt đối trên trang\r\nweb của chúng tôi. <o:p></o:p></span></p>\r\n\r\n<p class=\"MsoNormal\"><b><i><span style=\"font-size:13.0pt;\r\nmso-bidi-font-size:11.0pt;line-height:115%;font-family:&quot;Times New Roman&quot;,&quot;serif&quot;;\r\nmso-bidi-font-family:&quot;Times New Roman&quot;;mso-bidi-theme-font:minor-bidi\">Việc sử\r\ndụng Dịch vụ của chúng tôi cho doanh nghiệp<o:p></o:p></span></i></b></p>\r\n\r\n<p class=\"MsoNormal\" style=\"text-align:justify\"><span style=\"font-size:13.0pt;\r\nmso-bidi-font-size:11.0pt;line-height:115%;font-family:&quot;Times New Roman&quot;,&quot;serif&quot;;\r\nmso-bidi-font-family:&quot;Times New Roman&quot;;mso-bidi-theme-font:minor-bidi;\r\nmso-font-kerning:18.0pt\">Nếu bạn đang sử dụng Dịch vụ của chúng tôi thay mặt\r\ncho doanh nghiệp, thì doanh nghiệp đó chấp nhận các điều khoản này. Doanh nghiệp\r\nđó sẽ bồi hoàn và giữ cho chúng tôi cũng như các công ty liên kết, cán bộ, người\r\nđại diện và nhân viên của Chúng tôi không bị tổn hại đối với bất kỳ khiếu nại,\r\nkhiếu kiện hoặc tố tụng nào nảy sinh từ hoặc có liên quan đến việc sử dụng Dịch\r\nvụ hoặc vi phạm các điều khoản này, bao gồm cả bất kỳ trách nhiệm pháp lý hoặc\r\nchi phí nào phát sinh từ các khiếu nại, tổn thất, thiệt hại, khiếu kiện, phán\r\nquyết, chi phí tố tụng và tiền phí luật sư.<o:p></o:p></span></p>\r\n\r\n<p class=\"MsoNormal\" style=\"text-align:justify;mso-outline-level:1\"><b><i><span style=\"font-size:13.0pt;mso-bidi-font-size:11.0pt;line-height:115%;font-family:\r\n&quot;Times New Roman&quot;,&quot;serif&quot;;mso-font-kerning:18.0pt\">Trách nhiệm pháp lý</span></i></b><b><i><span style=\"font-size:15.0pt;mso-bidi-font-size:11.0pt;line-height:115%;font-family:\r\n&quot;Times New Roman&quot;,&quot;serif&quot;;mso-font-kerning:18.0pt\"><o:p></o:p></span></i></b></p>\r\n\r\n<p class=\"MsoNormal\" style=\"text-align:justify\"><span style=\"font-size:13.0pt;\r\nmso-bidi-font-size:11.0pt;line-height:115%;font-family:&quot;Times New Roman&quot;,&quot;serif&quot;;\r\nmso-bidi-font-family:&quot;Times New Roman&quot;;mso-bidi-theme-font:minor-bidi;\r\nmso-font-kerning:18.0pt\">Chúng tôi không chịu trách nhiệm nếu khách hang sử dụng\r\ndịch vụ của chúng tôi với hành vi vi phạm pháp luật hiện hành của Việt Nam. <o:p></o:p></span></p>\r\n\r\n<p class=\"MsoNormal\" style=\"text-align:justify\"><span style=\"font-size:13.0pt;\r\nmso-bidi-font-size:11.0pt;line-height:115%;font-family:&quot;Times New Roman&quot;,&quot;serif&quot;;\r\nmso-bidi-font-family:&quot;Times New Roman&quot;;mso-bidi-theme-font:minor-bidi;\r\nmso-font-kerning:18.0pt\">Chúng tôi không chịu trách nhiệm trong trường hợp sự cố\r\nbất khả kháng mà chúng tôi chứng mình được nguyên nhân là khách quan và không\r\nthể khắc phục được.<o:p></o:p></span></p>\r\n\r\n<p class=\"MsoNormal\" style=\"text-align:justify\"><o:p>&nbsp;</o:p></p>\r\n\r\n<p class=\"MsoNormal\" style=\"text-align:justify\"><o:p>&nbsp;</o:p></p></h2>',1),(3,'Chính sách bảo mật','chinh-sach-bao-mat','<p class=\"MsoNormal\" style=\"text-align:justify;mso-outline-level:1\"><b><span style=\"font-size:15.0pt;line-height:\r\n115%;font-family:&quot;Times New Roman&quot;,&quot;serif&quot;;mso-font-kerning:18.0pt\">Điều khoản\r\ndịch vụ của trang web</span></b><o:p></o:p></p><p class=\"MsoNormal\" style=\"text-align:justify;mso-outline-level:1\"><b><i><span style=\"font-size:13.0pt;mso-bidi-font-size:11.0pt;line-height:115%;font-family:\r\n&quot;Times New Roman&quot;,&quot;serif&quot;;mso-font-kerning:18.0pt\">Chào mừng các bạn đến với\r\nwebsite của chúng tôi<o:p></o:p></span></i></b></p><p class=\"MsoNormal\" style=\"text-align:justify\"><span style=\"font-size:13.0pt;\r\nmso-bidi-font-size:11.0pt;line-height:115%;font-family:&quot;Times New Roman&quot;,&quot;serif&quot;;\r\nmso-font-kerning:18.0pt\">Cảm ơn các bạn đã sử dụng các sản phẩm dịch vụ của\r\nchúng tôi. Các sản phẩm dịch vụ của chung tôi được cung cấp bởi </span><b><span style=\"font-size:13.0pt;line-height:\r\n115%;font-family:&quot;Times New Roman&quot;,&quot;serif&quot;\">CÔNG TY CỔ PHẦN ĐẦU TƯ BẤT ĐỘNG SẢN\r\nVÀ XÂY DỰNG HỒNG ĐỨC</span></b><span style=\"font-size:13.0pt;mso-bidi-font-size:\r\n11.0pt;line-height:115%;font-family:&quot;Times New Roman&quot;,&quot;serif&quot;;mso-font-kerning:\r\n18.0pt\">. Các bạn có thể sử dụng dịch vụ website của chúng tôi thông qua một\r\ntrong các trang web sau:<o:p></o:p></span></p><p class=\"MsoListParagraphCxSpFirst\" style=\"text-align:justify;text-indent:-18.0pt;\r\nmso-list:l0 level1 lfo1\"><!--[if !supportLists]--><span style=\"font-size:13.0pt;\r\nmso-bidi-font-size:11.0pt;line-height:115%;font-family:&quot;Courier New&quot;;\r\nmso-fareast-font-family:&quot;Courier New&quot;;mso-font-kerning:18.0pt\">o<span style=\"font-variant-numeric: normal; font-stretch: normal; font-size: 7pt; line-height: normal; font-family: &quot;Times New Roman&quot;;\">&nbsp;&nbsp;\r\n</span></span><!--[endif]--><a href=\"http://www.datphongkhachsansamson.vn/\"><span style=\"font-size:13.0pt;mso-bidi-font-size:11.0pt;line-height:115%;font-family:\r\n&quot;Times New Roman&quot;,&quot;serif&quot;;mso-font-kerning:18.0pt\">http://www.datphongkhachsansamson.vn</span></a><span style=\"font-size:13.0pt;mso-bidi-font-size:11.0pt;line-height:115%;font-family:\r\n&quot;Times New Roman&quot;,&quot;serif&quot;;mso-font-kerning:18.0pt\"><o:p></o:p></span></p><p class=\"MsoListParagraphCxSpMiddle\" style=\"text-align:justify;text-indent:-18.0pt;\r\nmso-list:l0 level1 lfo1\"><!--[if !supportLists]--><span style=\"font-size:13.0pt;\r\nmso-bidi-font-size:11.0pt;line-height:115%;font-family:&quot;Courier New&quot;;\r\nmso-fareast-font-family:&quot;Courier New&quot;;mso-font-kerning:18.0pt\">o<span style=\"font-variant-numeric: normal; font-stretch: normal; font-size: 7pt; line-height: normal; font-family: &quot;Times New Roman&quot;;\">&nbsp;&nbsp;\r\n</span></span><!--[endif]--><a href=\"http://datphongsamson.info/\"><span style=\"font-size:13.0pt;mso-bidi-font-size:11.0pt;line-height:115%;font-family:\r\n&quot;Times New Roman&quot;,&quot;serif&quot;;mso-font-kerning:18.0pt\">http://datphongsamson.info</span></a><span style=\"font-size:13.0pt;mso-bidi-font-size:11.0pt;line-height:115%;font-family:\r\n&quot;Times New Roman&quot;,&quot;serif&quot;;mso-font-kerning:18.0pt\"><o:p></o:p></span></p><p class=\"MsoListParagraphCxSpLast\" style=\"text-align:justify;text-indent:-18.0pt;\r\nmso-list:l0 level1 lfo1\"><!--[if !supportLists]--><span style=\"font-size:13.0pt;\r\nmso-bidi-font-size:11.0pt;line-height:115%;font-family:&quot;Courier New&quot;;\r\nmso-fareast-font-family:&quot;Courier New&quot;;mso-font-kerning:18.0pt\">o<span style=\"font-variant-numeric: normal; font-stretch: normal; font-size: 7pt; line-height: normal; font-family: &quot;Times New Roman&quot;;\">&nbsp;&nbsp;\r\n</span></span><!--[endif]--><a href=\"http://datphong.online/\"><span style=\"font-size:13.0pt;mso-bidi-font-size:11.0pt;line-height:115%;font-family:\r\n&quot;Times New Roman&quot;,&quot;serif&quot;;mso-font-kerning:18.0pt\">http://datphong.online</span></a><span style=\"font-size:13.0pt;mso-bidi-font-size:11.0pt;line-height:115%;font-family:\r\n&quot;Times New Roman&quot;,&quot;serif&quot;;mso-font-kerning:18.0pt\"> <o:p></o:p></span></p><p class=\"MsoNormal\" style=\"text-align:justify\"><span style=\"font-size:13.0pt;\r\nmso-bidi-font-size:11.0pt;line-height:115%;font-family:&quot;Times New Roman&quot;,&quot;serif&quot;;\r\nmso-font-kerning:18.0pt\">Bằng việc sử dụng Dịch vụ của chúng tôi, bạn đang đồng\r\ný với các điều khoản này. Vui lòng đọc kỹ các điều khoản này.<o:p></o:p></span></p><p class=\"MsoNormal\"><b><i><span style=\"font-size:13.0pt;\r\nmso-bidi-font-size:11.0pt;line-height:115%;font-family:&quot;Times New Roman&quot;,&quot;serif&quot;;\r\nmso-font-kerning:18.0pt\">Sử dụng Dịch vụ của chúng tôi<o:p></o:p></span></i></b></p><p class=\"MsoNormal\" style=\"text-align:justify\"><span style=\"font-size:13.0pt;\r\nmso-bidi-font-size:11.0pt;line-height:115%;font-family:&quot;Times New Roman&quot;,&quot;serif&quot;;\r\nmso-font-kerning:18.0pt\">Bạn phải tuân thủ mọi chính sách đã cung cấp cho bạn\r\ntrong phạm vi Dịch vụ.<o:p></o:p></span></p><p class=\"MsoNormal\" style=\"text-align:justify\"><span style=\"font-size:13.0pt;\r\nmso-bidi-font-size:11.0pt;line-height:115%;font-family:&quot;Times New Roman&quot;,&quot;serif&quot;;\r\nmso-font-kerning:18.0pt\">Không được sử dụng trái phép Dịch vụ của chúng tôi. Ví\r\ndụ: không được gây trở ngại cho Dịch vụ của chúng tôi hoặc tìm cách truy cập\r\nchúng bằng phương pháp nào đó không thông qua giao diện và hướng dẫn mà chúng\r\ntôi cung cấp. Bạn chỉ có thể sử dụng Dịch vụ của chúng tôi theo như được luật\r\npháp cho phép, bao gồm cả các luật và quy định hiện hành về quản lý xuất khẩu\r\nvà tái xuất khẩu. Chúng tôi có thể tạm ngừng hoặc ngừng cung cấp Dịch vụ của\r\nchúng tôi cho bạn nếu bạn không tuân thủ các điều khoản hoặc chính sách của\r\nchúng tôi hoặc nếu chúng tôi đang điều tra hành vi bị nghi ngờ là sai phạm.<o:p></o:p></span></p><p class=\"MsoNormal\" style=\"text-align:justify\"><span style=\"font-size:13.0pt;\r\nmso-bidi-font-size:11.0pt;line-height:115%;font-family:&quot;Times New Roman&quot;,&quot;serif&quot;;\r\nmso-font-kerning:18.0pt\">Việc bạn sử dụng Dịch vụ của chúng tôi không có nghĩa\r\nlà bạn được sở hữu bất cứ các quyền sở hữu trí tuệ nào đối với Dịch vụ của\r\nchúng tôi hoặc nội dung mà bạn truy cập. Bạn không được sử dụng nội dung từ\r\nDịch vụ của chúng tôi trừ khi bạn được chủ sở hữu nội dung đó cho phép hoặc được\r\nluật pháp cho phép. Các điều khoản này không cấp cho bạn quyền sử dụng bất kỳ\r\nthương hiệu hoặc lôgô nào được sử dụng trong Dịch vụ của chúng tôi. Không được\r\nxóa, che khuất hoặc thay đổi bất kỳ thông báo pháp lý nào được hiển thị trong\r\nhoặc kèm theo Dịch vụ của chúng tôi.<o:p></o:p></span></p><p class=\"MsoNormal\" style=\"text-align:justify\"><span style=\"font-size:13.0pt;\r\nmso-bidi-font-size:11.0pt;line-height:115%;font-family:&quot;Times New Roman&quot;,&quot;serif&quot;;\r\nmso-font-kerning:18.0pt\">Dịch vụ của chúng tôi hiển thị một số nội dung không\r\nphải của Google. Chỉ một mình đối tượng cung cấp sẽ chịu trách nhiệm về nội\r\ndung này. Chúng tôi có thể xem xét nội dung để xác định xem nội dung đó có bất\r\nhợp pháp hoặc vi phạm chính sách của chúng tôi hay không, và chúng tôi có thể\r\nxóa hoặc từ chối hiển thị nội dung mà chúng tôi có lý do chính đáng để tin rằng\r\nnội dung đó vi phạm chính sách của chúng tôi hoặc luật pháp. Tuy nhiên, điều đó\r\nkhông nhất thiết có nghĩa là chúng tôi sẽ xem xét nội dung, do vậy bạn đừng cho\r\nrằng chúng tôi sẽ làm như vậy.<o:p></o:p></span></p><p class=\"MsoNormal\" style=\"text-align:justify\"><span style=\"font-size:13.0pt;\r\nmso-bidi-font-size:11.0pt;line-height:115%;font-family:&quot;Times New Roman&quot;,&quot;serif&quot;;\r\nmso-font-kerning:18.0pt\">Liên quan đến việc bạn sử dụng Dịch vụ, chúng tôi có\r\nthể gửi cho bạn các thông báo dịch vụ, thông báo quản trị và thông tin khác. Bạn\r\ncó thể chọn không nhận một số thông báo này.<o:p></o:p></span></p><p class=\"MsoNormal\" style=\"text-align:justify\"><span style=\"font-size:13.0pt;\r\nmso-bidi-font-size:11.0pt;line-height:115%;font-family:&quot;Times New Roman&quot;,&quot;serif&quot;;\r\nmso-font-kerning:18.0pt\">Một số các Dịch vụ của chúng tôi có sẵn trên các thiết\r\nbị di động. Không sử dụng các Dịch vụ đó theo cách khiến bạn bị mất tập trung\r\nvà ngăn cản bạn tuân thủ các luật về an toàn hoặc giao thông.<o:p></o:p></span></p><p class=\"MsoNormal\" style=\"text-align:justify\"><span style=\"font-size:13.0pt;\r\nmso-bidi-font-size:11.0pt;line-height:115%;font-family:&quot;Times New Roman&quot;,&quot;serif&quot;;\r\nmso-font-kerning:18.0pt\"><o:p>&nbsp;</o:p></span></p><p class=\"MsoNormal\"><b><i><span style=\"font-size:13.0pt;\r\nmso-bidi-font-size:11.0pt;line-height:115%;font-family:&quot;Times New Roman&quot;,&quot;serif&quot;;\r\nmso-font-kerning:18.0pt\">Lợi ích khi sử dụng Dịch vụ của chúng tôi<o:p></o:p></span></i></b></p><p class=\"MsoNormal\" style=\"text-align:justify\"><span style=\"font-size:13.0pt;\r\nmso-bidi-font-size:11.0pt;line-height:115%;font-family:&quot;Times New Roman&quot;,&quot;serif&quot;\">Khi\r\nsử dụng phần mềm của chúng tôi để giới thiệu khách thuê phòng, bạn sẽ nhận được\r\nkhoản tiền hoa hồng. Để được nhận hoa hồng bạn cần đăng ký tài khoản tại trang\r\nweb này, đồng thời chúng tôi sẽ xác thực tài khoản và hợp đồng với trước khi\r\ntài khoản có hiệu lực. Các bạn cần cung cấp các thông tin bắt buộc cho chúng\r\ntôi khi đăng ký tài khoản, các thông tin này được ghi rõ khi bạn đăng ký tài\r\nkhoản mới trên giao diện phần mềm. <o:p></o:p></span></p><p class=\"MsoNormal\"><b><i><span style=\"font-size:13.0pt;\r\nmso-bidi-font-size:11.0pt;line-height:115%;font-family:&quot;Times New Roman&quot;,&quot;serif&quot;;\r\nmso-font-kerning:18.0pt\">Bảo vệ sự riêng tư và bản quyền<o:p></o:p></span></i></b></p><p class=\"MsoNormal\" style=\"text-align:justify\"><span style=\"font-size:13.0pt;\r\nmso-bidi-font-size:11.0pt;line-height:115%;font-family:&quot;Times New Roman&quot;,&quot;serif&quot;;\r\nmso-bidi-font-family:&quot;Times New Roman&quot;;mso-bidi-theme-font:minor-bidi\">Chính\r\nsách của Chúng tôi về sự riêng tư giải thích cách chúng tôi xử lý dữ liệu cá\r\nnhân của bạn và bảo vệ sự riêng tư của bạn khi bạn sử dụng Dịch vụ của chúng\r\ntôi. Bằng việc sử dụng Dịch vụ của chúng tôi, bạn đang đồng ý rằng Chúng tôi có\r\nthể những sử dụng dữ liệu đó theo chính sách của chúng tôi về sự riêng tư.<o:p></o:p></span></p><p class=\"MsoNormal\" style=\"text-align:justify\"><span style=\"font-size:13.0pt;\r\nmso-bidi-font-size:11.0pt;line-height:115%;font-family:&quot;Times New Roman&quot;,&quot;serif&quot;;\r\nmso-bidi-font-family:&quot;Times New Roman&quot;;mso-bidi-theme-font:minor-bidi\">Chúng\r\ntôi đảm bảo thông tin cá nhân của khách hang được bảo mật tuyệt đối trên trang\r\nweb của chúng tôi. <o:p></o:p></span></p><p class=\"MsoNormal\"><b><i><span style=\"font-size:13.0pt;\r\nmso-bidi-font-size:11.0pt;line-height:115%;font-family:&quot;Times New Roman&quot;,&quot;serif&quot;;\r\nmso-bidi-font-family:&quot;Times New Roman&quot;;mso-bidi-theme-font:minor-bidi\">Việc sử\r\ndụng Dịch vụ của chúng tôi cho doanh nghiệp<o:p></o:p></span></i></b></p><p class=\"MsoNormal\" style=\"text-align:justify\"><span style=\"font-size:13.0pt;\r\nmso-bidi-font-size:11.0pt;line-height:115%;font-family:&quot;Times New Roman&quot;,&quot;serif&quot;;\r\nmso-bidi-font-family:&quot;Times New Roman&quot;;mso-bidi-theme-font:minor-bidi;\r\nmso-font-kerning:18.0pt\">Nếu bạn đang sử dụng Dịch vụ của chúng tôi thay mặt\r\ncho doanh nghiệp, thì doanh nghiệp đó chấp nhận các điều khoản này. Doanh nghiệp\r\nđó sẽ bồi hoàn và giữ cho chúng tôi cũng như các công ty liên kết, cán bộ, người\r\nđại diện và nhân viên của Chúng tôi không bị tổn hại đối với bất kỳ khiếu nại,\r\nkhiếu kiện hoặc tố tụng nào nảy sinh từ hoặc có liên quan đến việc sử dụng Dịch\r\nvụ hoặc vi phạm các điều khoản này, bao gồm cả bất kỳ trách nhiệm pháp lý hoặc\r\nchi phí nào phát sinh từ các khiếu nại, tổn thất, thiệt hại, khiếu kiện, phán\r\nquyết, chi phí tố tụng và tiền phí luật sư.<o:p></o:p></span></p><p class=\"MsoNormal\" style=\"text-align:justify;mso-outline-level:1\"><b><i><span style=\"font-size:13.0pt;mso-bidi-font-size:11.0pt;line-height:115%;font-family:\r\n&quot;Times New Roman&quot;,&quot;serif&quot;;mso-font-kerning:18.0pt\">Trách nhiệm pháp lý</span></i></b><b><i><span style=\"font-size:15.0pt;mso-bidi-font-size:11.0pt;line-height:115%;font-family:\r\n&quot;Times New Roman&quot;,&quot;serif&quot;;mso-font-kerning:18.0pt\"><o:p></o:p></span></i></b></p><p class=\"MsoNormal\" style=\"text-align:justify\"><span style=\"font-size:13.0pt;\r\nmso-bidi-font-size:11.0pt;line-height:115%;font-family:&quot;Times New Roman&quot;,&quot;serif&quot;;\r\nmso-bidi-font-family:&quot;Times New Roman&quot;;mso-bidi-theme-font:minor-bidi;\r\nmso-font-kerning:18.0pt\">Chúng tôi không chịu trách nhiệm nếu khách hang sử dụng\r\ndịch vụ của chúng tôi với hành vi vi phạm pháp luật hiện hành của Việt Nam. <o:p></o:p></span></p><p class=\"MsoNormal\" style=\"text-align:justify\"><span style=\"font-size:13.0pt;\r\nmso-bidi-font-size:11.0pt;line-height:115%;font-family:&quot;Times New Roman&quot;,&quot;serif&quot;;\r\nmso-bidi-font-family:&quot;Times New Roman&quot;;mso-bidi-theme-font:minor-bidi;\r\nmso-font-kerning:18.0pt\">Chúng tôi không chịu trách nhiệm trong trường hợp sự cố\r\nbất khả kháng mà chúng tôi chứng mình được nguyên nhân là khách quan và không\r\nthể khắc phục được.<o:p></o:p></span></p><p class=\"MsoNormal\" style=\"text-align:justify\"><o:p>&nbsp;</o:p></p><p style=\"margin-top: 10px; color: rgb(117, 117, 117); font-family: RobotoDraft, arial, sans-serif; font-size: 16px;\">\r\n\r\n\r\n\r\n\r\n\r\n\r\n\r\n\r\n\r\n\r\n\r\n\r\n\r\n\r\n\r\n\r\n\r\n\r\n\r\n\r\n\r\n\r\n\r\n\r\n\r\n\r\n\r\n\r\n\r\n\r\n\r\n\r\n\r\n\r\n\r\n\r\n\r\n\r\n\r\n\r\n\r\n\r\n\r\n\r\n\r\n\r\n\r\n\r\n\r\n\r\n\r\n</p><p class=\"MsoNormal\" style=\"text-align:justify\"><o:p>&nbsp;</o:p></p>',1);
/*!40000 ALTER TABLE `page` ENABLE KEYS */;
UNLOCK TABLES;

--
-- Table structure for table `parameter`
--

DROP TABLE IF EXISTS `parameter`;
/*!40101 SET @saved_cs_client     = @@character_set_client */;
/*!40101 SET character_set_client = utf8 */;
CREATE TABLE `parameter` (
  `id` int(11) NOT NULL AUTO_INCREMENT,
  `param_key` varchar(255) NOT NULL,
  `param_value` text,
  PRIMARY KEY (`id`)
) ENGINE=InnoDB DEFAULT CHARSET=utf8;
/*!40101 SET character_set_client = @saved_cs_client */;

--
-- Dumping data for table `parameter`
--

LOCK TABLES `parameter` WRITE;
/*!40000 ALTER TABLE `parameter` DISABLE KEYS */;
/*!40000 ALTER TABLE `parameter` ENABLE KEYS */;
UNLOCK TABLES;

--
-- Table structure for table `price_range`
--

DROP TABLE IF EXISTS `price_range`;
/*!40101 SET @saved_cs_client     = @@character_set_client */;
/*!40101 SET character_set_client = utf8 */;
CREATE TABLE `price_range` (
  `id` int(11) NOT NULL,
  `min` float DEFAULT NULL COMMENT '0-499\n500-999\n1000-1999\n2000-4999\n5000-',
  `max` float DEFAULT NULL,
  `name` varchar(45) DEFAULT NULL,
  PRIMARY KEY (`id`)
) ENGINE=InnoDB DEFAULT CHARSET=utf8;
/*!40101 SET character_set_client = @saved_cs_client */;

--
-- Dumping data for table `price_range`
--

LOCK TABLES `price_range` WRITE;
/*!40000 ALTER TABLE `price_range` DISABLE KEYS */;
/*!40000 ALTER TABLE `price_range` ENABLE KEYS */;
UNLOCK TABLES;

--
-- Table structure for table `user`
--

DROP TABLE IF EXISTS `user`;
/*!40101 SET @saved_cs_client     = @@character_set_client */;
/*!40101 SET character_set_client = utf8 */;
CREATE TABLE `user` (
  `id` int(11) NOT NULL AUTO_INCREMENT,
  `username` varchar(45) COLLATE utf8_unicode_ci NOT NULL,
  `password` varchar(100) COLLATE utf8_unicode_ci NOT NULL,
  `email` varchar(45) COLLATE utf8_unicode_ci NOT NULL,
  `fullname` varchar(255) COLLATE utf8_unicode_ci NOT NULL,
  `phone` varchar(45) COLLATE utf8_unicode_ci NOT NULL,
  `description` longtext COLLATE utf8_unicode_ci,
  `avatar` varchar(255) CHARACTER SET utf8 DEFAULT NULL,
  `bank_name` varchar(255) COLLATE utf8_unicode_ci DEFAULT NULL,
  `bank_branch` varchar(255) COLLATE utf8_unicode_ci DEFAULT NULL,
  `account_name` varchar(255) COLLATE utf8_unicode_ci DEFAULT NULL,
  `account_number` varchar(45) COLLATE utf8_unicode_ci DEFAULT NULL,
  `identification` varchar(45) COLLATE utf8_unicode_ci NOT NULL COMMENT 'Chứng minh thư',
  `commission_ratio` double NOT NULL DEFAULT '10',
  `bonus_ratio` double NOT NULL DEFAULT '5',
  `receipt_ratio` double NOT NULL DEFAULT '2',
  `reset_token` varchar(255) CHARACTER SET utf8 DEFAULT NULL,
  `reset_timeout` datetime DEFAULT NULL,
  `is_active` tinyint(1) DEFAULT NULL,
  `created_at` datetime DEFAULT NULL,
  `updated_at` datetime DEFAULT NULL,
  `roles` longtext CHARACTER SET utf8 NOT NULL COMMENT '(DC2Type:json_array)',
  PRIMARY KEY (`id`),
  UNIQUE KEY `UNIQ_8D93D649F85E0677` (`username`),
  UNIQUE KEY `UNIQ_8D93D649E7927C74` (`email`),
  UNIQUE KEY `UNIQ_8D93D64949E7720D` (`identification`),
  UNIQUE KEY `UNIQ_8D93D649444F97DD` (`phone`)
) ENGINE=InnoDB AUTO_INCREMENT=177 DEFAULT CHARSET=utf8 COLLATE=utf8_unicode_ci;
/*!40101 SET character_set_client = @saved_cs_client */;

--
-- Dumping data for table `user`
--

LOCK TABLES `user` WRITE;
/*!40000 ALTER TABLE `user` DISABLE KEYS */;
INSERT INTO `user` VALUES (1,'admin','$2y$13$XuOaVsBuUv0rt0VKMJOTJuAiNkucZ/1FL5tE2gWxFB6N2W824B7J6','trantridue@gmail.com','Administrator','0912345671','Account Admin','page-1.jpg','Vietcombank','Ha Dong','Administrator','123456789','10001',10,5,2,NULL,NULL,1,'2017-02-14 16:39:09','2017-03-22 17:24:35','[\"ROLE_ADMIN\"]'),(2,'employe','$2y$13$XuOaVsBuUv0rt0VKMJOTJuAiNkucZ/1FL5tE2gWxFB6N2W824B7J6','employe@gmail.com','Employe','0912345672','Account Employe',NULL,'Vietcombank','Ha Dong','Employe','123456789','10002',10,5,2,NULL,NULL,1,'2017-02-14 16:39:10',NULL,'[\"ROLE_EMPLOYE\"]'),(3,'receiption1','$2y$13$XuOaVsBuUv0rt0VKMJOTJuAiNkucZ/1FL5tE2gWxFB6N2W824B7J6','receiption1@gmail.com','Receiption1','0912345673','Account Receiption',NULL,'Vietcombank','Ha Dong','Receiption1','123456789','10003',10,5,2,NULL,NULL,1,'2017-02-14 16:39:09',NULL,'[\"ROLE_RECEIPTION\"]'),(4,'receiption2','$2y$13$XuOaVsBuUv0rt0VKMJOTJuAiNkucZ/1FL5tE2gWxFB6N2W824B7J6','receiption2@gmail.com','Receiption2','0912345674','Account Receiption',NULL,'Vietcombank','Ha Dong','Receiption2','123456789','10004',10,5,2,NULL,NULL,1,'2017-02-14 16:39:09',NULL,'[\"ROLE_RECEIPTION\"]'),(5,'receiption3','$2y$13$XuOaVsBuUv0rt0VKMJOTJuAiNkucZ/1FL5tE2gWxFB6N2W824B7J6','receiption3@gmail.com','Receiption3','0912345675','Account Receiption',NULL,'Vietcombank','Ha Dong','Receiption3','123456789','10005',10,5,2,NULL,NULL,1,'2017-02-14 16:39:09',NULL,'[\"ROLE_RECEIPTION\"]'),(6,'receiption4','$2y$13$XuOaVsBuUv0rt0VKMJOTJuAiNkucZ/1FL5tE2gWxFB6N2W824B7J6','receiption4@gmail.com','Receiption4','0912345676','Account Receiption',NULL,'Vietcombank','Ha Dong','Receiption4','123456789','10006',10,5,2,NULL,NULL,1,'2017-02-14 16:39:09',NULL,'[\"ROLE_RECEIPTION\"]'),(7,'receiption5','$2y$13$XuOaVsBuUv0rt0VKMJOTJuAiNkucZ/1FL5tE2gWxFB6N2W824B7J6','receiption5@gmail.com','Receiption5','0912345677','Account Receiption',NULL,'Vietcombank','Ha Dong','Receiption5','123456789','10007',10,5,2,NULL,NULL,1,'2017-02-14 16:39:09',NULL,'[\"ROLE_RECEIPTION\"]'),(8,'boss1','$2y$13$XuOaVsBuUv0rt0VKMJOTJuAiNkucZ/1FL5tE2gWxFB6N2W824B7J6','boss1@gmail.com','Boss1','0912345678','Account Boss',NULL,'Vietcombank','Ha Dong','Boss1','123456789','10008',10,5,2,NULL,NULL,1,'2017-02-14 16:39:11',NULL,'[\"ROLE_HOTEL_BOSS\"]'),(9,'boss2','$2y$13$XuOaVsBuUv0rt0VKMJOTJuAiNkucZ/1FL5tE2gWxFB6N2W824B7J6','boss2@gmail.com','Boss2','0912345679','Account Boss',NULL,'Vietcombank','Ha Dong','Boss2','123456789','10009',10,5,2,NULL,NULL,1,'2017-02-14 16:39:11',NULL,'[\"ROLE_HOTEL_BOSS\"]'),(10,'boss3','$2y$13$XuOaVsBuUv0rt0VKMJOTJuAiNkucZ/1FL5tE2gWxFB6N2W824B7J6','boss3@gmail.com','Boss3','0912345680','Account Boss',NULL,'Vietcombank','Ha Dong','Boss3','123456789','10010',10,5,2,NULL,NULL,1,'2017-02-14 16:39:11',NULL,'[\"ROLE_HOTEL_BOSS\"]'),(11,'boss4','$2y$13$XuOaVsBuUv0rt0VKMJOTJuAiNkucZ/1FL5tE2gWxFB6N2W824B7J6','boss4@gmail.com','Boss4','0912345681','Account Boss',NULL,'Vietcombank','Ha Dong','Boss4','123456789','10011',10,5,2,NULL,NULL,1,'2017-02-14 16:39:11',NULL,'[\"ROLE_HOTEL_BOSS\"]'),(12,'boss5','$2y$13$XuOaVsBuUv0rt0VKMJOTJuAiNkucZ/1FL5tE2gWxFB6N2W824B7J6','boss5@gmail.com','Boss5','0912345682','Account Boss',NULL,'Vietcombank','Ha Dong','Boss5','123456789','10012',10,5,2,NULL,NULL,1,'2017-02-14 16:39:11',NULL,'[\"ROLE_HOTEL_BOSS\"]'),(13,'bossnew1','$2y$13$pjy9DWvyIRw8Yo4c0nH7qeMGEP8c30kv9X7/Ml5qBRcCPwgxIYKxK','bossnew1@gmail.com','Chủ khách sạn mới 1','123456789',NULL,NULL,NULL,NULL,NULL,NULL,'123456789',10,5,2,NULL,NULL,1,'2017-03-13 18:49:15',NULL,'[\"ROLE_HOTEL_BOSS\"]'),(14,'boss6','$2y$13$VG2FWxqeIUpmCWg2/l1MAe5p.M8kZYyf6NLeg7D8B5o5MgY4Bij1O','boss6@gmail.com','tran van boss','0988777766',NULL,NULL,NULL,NULL,NULL,NULL,'12333331231',10,5,2,NULL,NULL,1,'2017-03-23 20:04:30','2017-03-23 20:05:15','[\"ROLE_HOTEL_BOSS\"]'),(15,'Boss7','$2y$13$zLm3FBjaokOq0jNDHeJZVu8TjndjKK.nrmskD864.qredc3bNpB0y','boss7@gmail.com','Boss7','7818288ư8w',NULL,NULL,NULL,NULL,NULL,NULL,'1234567',10,5,2,NULL,NULL,1,'2017-03-24 18:11:05','2017-03-24 18:14:53','[\"ROLE_HOTEL_BOSS\"]'),(16,'Boss8','$2y$13$w1.xi6pggJ3pRt4T/aZUf.WOHgefMssx9CJ9YWkw5BWIVbpIbVGjC','boss8@gmail.com','Boss8','1234567898',NULL,NULL,NULL,NULL,NULL,NULL,'12345678',10,5,2,NULL,NULL,1,'2017-03-24 18:33:17','2017-03-28 19:16:25','[\"ROLE_HOTEL_BOSS\"]'),(17,'Boss9','$2y$13$ATvM8w55DLre1XMmU5YVbeBSffS9E6TmuGECwcZ3v3dPntPubrAgu','boss9@gmail.com','Boss9','1234567899',NULL,NULL,NULL,NULL,NULL,NULL,'12345679',10,5,2,NULL,NULL,1,'2017-03-24 18:34:49','2017-03-25 00:36:15','[\"ROLE_HOTEL_BOSS\"]'),(18,'letan6','$2y$13$bPs3V2Nylj4u6zUR5FqJ1.f1VyRGSnvOO/.Czc9oEB/S1ZEaC/t/O','letan6@gmail.com','Lễ Tân Số 6','988092276',NULL,'hotel-avante-127-1200x800.jpg',NULL,NULL,NULL,NULL,'12323413',10,5,2,NULL,NULL,1,'2017-03-25 02:04:35','2017-03-25 07:30:56','[\"ROLE_RECEIPTION\"]'),(19,'chuks1','$2y$13$4uVN0seK4zuTNFyuvORJve8HDyLccA..hDzbSjX3dtyhLHAnZ9fw2','lebinhpvl@gmail.com','Chủ Khách Sạn Mới 01','0974433332',NULL,NULL,NULL,NULL,NULL,NULL,'1234365577',10,5,2,NULL,NULL,1,'2017-03-25 13:32:38','2017-03-25 13:34:17','[\"ROLE_HOTEL_BOSS\"]'),(20,'letanmoi1','$2y$13$4Att9SdZhDGVazEfuPCdkeBSezE8gNxvnF9PUIzZX3LKf8EVvTJhW','letan@gmail.com','Lễ Tân Mới 1','0983221122',NULL,NULL,NULL,NULL,NULL,NULL,'112233445',10,5,2,NULL,NULL,1,'2017-03-25 13:46:32','2017-03-25 13:47:01','[\"ROLE_RECEIPTION\"]'),(21,'trantay','$2y$13$sjmWjeiksieDMQn43YkU3O49yJwcX3AWfwDhiGP1X6kUy5wDFVdYC','tranthitay@gmail.com','tran thi tay','0966401456',NULL,NULL,NULL,NULL,NULL,NULL,'56486156',10,5,2,NULL,NULL,1,'2017-03-27 07:31:25','2017-03-27 07:59:35','[\"ROLE_HOTEL_BOSS\"]'),(22,'123456789','$2y$13$wTgQFzWSAZmRlOzHGPU41.xjyWtyKTsIiYhC7.1z3dAto201Xvly2','utmoirk@gmail.com','Lường Thị Kim Anh','01663519125',NULL,NULL,NULL,NULL,NULL,NULL,'173727159',10,5,2,NULL,NULL,1,'2017-03-27 08:01:46','2017-03-27 08:16:15','[\"ROLE_HOTEL_BOSS\"]'),(23,'01101990','$2y$13$gUlln8Img5d11KsytpzPSeAZ2wmfv8k1WEejU5kVT4ZgZk2vVvNli','duyentran0110@gmail.com','Trần Thị Duyên','0936458958',NULL,NULL,NULL,NULL,NULL,NULL,'173090326',10,5,2,NULL,NULL,1,'2017-03-27 08:18:43','2017-03-27 08:20:01','[\"ROLE_HOTEL_BOSS\"]'),(24,'987654321','$2y$13$xSsfKSTCWzqvTml8IDtW5ekbo8WVPQhE9fb.UrCvxnsNvsObzB53G','saobien1@gmail.com','Sao Biển 1','01234567891',NULL,NULL,NULL,NULL,NULL,NULL,'172090356',10,5,2,NULL,NULL,0,'2017-03-28 13:42:50',NULL,'[\"ROLE_HOTEL_BOSS\"]'),(25,'ngoctrai01','$2y$13$Uom5n64k8PEbID9xFdoFP.Fimos.9ukHzkSSLeXBceQ3LhIR./khi','dsfdshgfdhg@gmail.com','ngoc trai 1.','12345667',NULL,NULL,NULL,NULL,NULL,NULL,'123456782',10,5,2,NULL,NULL,0,'2017-03-28 13:42:56',NULL,'[\"ROLE_RECEIPTION\"]'),(26,'ngoctrai1','$2y$13$Cp3GO/8bODVF7E9Bm3PrdeJb1oktuqT.R4fbrRxnMKubt6LaFG4eC','asfasdgfs@gmail.com','ngoc trai 01','1111111111',NULL,NULL,NULL,NULL,NULL,NULL,'1111111111',10,5,2,NULL,NULL,0,'2017-03-28 13:54:13',NULL,'[\"ROLE_RECEIPTION\"]'),(27,'trantridue','$2y$13$5TPa2ZsesccPCuxCQ3yjvegaYx1vKbWYWvQHUgSSKBrf.FNg9n8Tq','dtrantri.fr@gmail.com','Trần Trí Duệ','0988112233',NULL,'koala.jpg',NULL,NULL,NULL,NULL,'123456710',10,5,2,NULL,NULL,1,'2017-03-28 19:18:48','2017-03-30 11:47:08','[\"ROLE_ADMIN\"]'),(28,'nt1','$2y$13$krEJHWMYfi9wAybtle.jzep6KOCheHqT.wcYXEhonb7VBXJRO3uqK','sdhnjkurlrkh@gmail.com','ngoctrai1','123456677',NULL,NULL,NULL,NULL,NULL,NULL,'124135346',10,5,2,NULL,NULL,1,'2017-03-30 07:35:16','2017-03-30 07:50:51','[\"ROLE_RECEIPTION\"]'),(29,'saobien1','$2y$13$4/etjNZbKvox3Tx2CJgrL.fjpXzwgLYE38zEFXwJ/u9qgT/yjC96i','saobien1flc@gmail.com','BT Sao Bien','0987363630',NULL,NULL,NULL,NULL,NULL,NULL,'172090316',10,5,2,NULL,NULL,1,'2017-03-30 07:43:29','2017-03-30 07:46:10','[\"ROLE_HOTEL_BOSS\"]'),(30,'saobien2','$2y$13$gCin.Byw0TbfGg2.fY.7h.bEruNRofIMCu353b6/0rquiTaX4hPba','saobien2flc@gmail.com','BT Sao Bien2','0889742354',NULL,NULL,NULL,NULL,NULL,NULL,'123986542',10,5,2,NULL,NULL,1,'2017-03-30 07:49:58','2017-03-30 07:50:39','[\"ROLE_HOTEL_BOSS\"]'),(31,'saobien3','$2y$13$OH7XxMupnNsEqQ/AzEVf3OYu9IISUytvPBV5kBUsNO4hEVXPT4Rmi','saobien3flc@gmail.com','BTSao Bien3','26679963341',NULL,NULL,NULL,NULL,NULL,NULL,'123697503',10,5,2,NULL,NULL,1,'2017-03-30 07:52:52','2017-03-30 08:07:51','[\"ROLE_HOTEL_BOSS\"]'),(32,'saobien4','$2y$13$e.fpqFzZ.wqqH5ysZTbZu.GCXerJ82m0RSLdzxfxWj03m54SWaItu','saobien4flc@gmail.com','BTSao Bien4','468975321',NULL,NULL,NULL,NULL,NULL,NULL,'2689864631',10,5,2,NULL,NULL,1,'2017-03-30 07:53:54','2017-03-30 08:07:54','[\"ROLE_HOTEL_BOSS\"]'),(33,'saobien5','$2y$13$nnQPq04EeGGHBuXM8wD64uaeV50DoNgZgjxYk.MYGBoBUOatJ3.8y','saobien5flc@gmail.com','BT Saobien5','03969468813',NULL,NULL,NULL,NULL,NULL,NULL,'25698301869',10,5,2,NULL,NULL,1,'2017-03-30 07:54:52','2017-03-30 08:07:58','[\"ROLE_HOTEL_BOSS\"]'),(34,'saobien6','$2y$13$C/NLPHw.KiLtpR7EzjsNzOw4RL4We.SO2x5oa8sNrm2RAXdeFUYie','saobien6flc@gmail.com','BT Saobien6','1239875333',NULL,NULL,NULL,NULL,NULL,NULL,'236980354',10,5,2,NULL,NULL,1,'2017-03-30 07:55:49','2017-03-30 08:08:01','[\"ROLE_HOTEL_BOSS\"]'),(35,'saobien7','$2y$13$pjJ7dVIRYDAF/XVHxObRKefa/YVuAOV3PEH.CmmKgb8dosruZ0Ta6','saobien7flc@gmail.com','BT Sao Bien7','12345696989',NULL,NULL,NULL,NULL,NULL,NULL,'23995656',10,5,2,NULL,NULL,1,'2017-03-30 07:56:46','2017-03-30 08:03:14','[\"ROLE_HOTEL_BOSS\"]'),(36,'saobien8','$2y$13$ZectqfYdzsHDEDr9.k1Hn.adRzVasbJqGNazGEH0n9Z2YZjjCY5/q','saobien8flc@gmail.com','BT SaoBien7','226976463',NULL,NULL,NULL,NULL,NULL,NULL,'2299552666',10,5,2,NULL,NULL,1,'2017-03-30 07:57:55','2017-03-30 08:03:11','[\"ROLE_HOTEL_BOSS\"]'),(37,'saobien9','$2y$13$xa3WAEMetGzyHPlyYJQpUu68pZn.uoPrSL7oRE3VItsEy76aupkSG','saobien9flc@gmail.com','BT Saobien9','12369875',NULL,NULL,NULL,NULL,NULL,NULL,'2968756',10,5,2,NULL,NULL,1,'2017-03-30 07:59:58','2017-03-30 08:03:08','[\"ROLE_HOTEL_BOSS\"]'),(38,'saobien10','$2y$13$I4wooN0cdC1Q0HUT69wLPOE6JS3brAHW6oR0xIpbfPb8cTKtt78qa','saobien10flc@gmail.com','BT Sao bien10','236987569',NULL,NULL,NULL,NULL,NULL,NULL,'23968766',10,5,2,NULL,NULL,1,'2017-03-30 08:00:50','2017-03-30 08:03:05','[\"ROLE_HOTEL_BOSS\"]'),(39,'saobien11','$2y$13$5n2gJFNSSD/WxUA0yXZH3.vi/kfJQm9vaypZbb0T6h.PMEAJmebEC','saobien11@gmail.com','BT Sao Bien11','23369984569',NULL,NULL,NULL,NULL,NULL,NULL,'297636645',10,5,2,NULL,NULL,1,'2017-03-30 08:02:11','2017-03-30 08:03:02','[\"ROLE_HOTEL_BOSS\"]'),(40,'kshoahong','$2y$13$mpSm1sMQ5NEti.2ch7SMae6Sx130aj9G12clr4WkaulG/Uy3Jy1a2','hoahongb@gmail.com','kshoa hong b','0912958445',NULL,NULL,NULL,NULL,NULL,NULL,'6532567',10,5,2,NULL,NULL,1,'2017-03-30 08:14:46','2017-03-30 08:14:59','[\"ROLE_HOTEL_BOSS\"]'),(41,'kshoamai','$2y$13$6msfcMq/Pfv7wnBuVuKPBumTYAPkBgcWK28vEcXM7skWzA.wXzqGG','hoamai@gmail.com','Ks Hoa Mai','0914008399',NULL,NULL,NULL,NULL,NULL,NULL,'13254657',10,5,2,NULL,NULL,1,'2017-03-30 08:17:02','2017-03-30 08:29:20','[\"ROLE_HOTEL_BOSS\"]'),(42,'saobien12','$2y$13$s0lgErTtbTgj7EFbt9uSVuCQ9cvW5fs4mWD2iTgfSijWxVVL7GqpO','saobien12@gmail.com','BT Sao Bien 12','23689415969',NULL,NULL,NULL,NULL,NULL,NULL,'269977621',10,5,2,NULL,NULL,1,'2017-03-30 08:17:21','2017-03-30 08:29:17','[\"ROLE_HOTEL_BOSS\"]'),(43,'saobien14','$2y$13$lJ/vwJ9YXa.Feok1hIrR7OPQwEdxp62DIdnKNHsa0MzFemQXdWL6W','saobien14@gmail.com','BT Sao Bien 14','1235669987',NULL,NULL,NULL,NULL,NULL,NULL,'2699762',10,5,2,NULL,NULL,1,'2017-03-30 08:18:24','2017-03-30 08:29:14','[\"ROLE_HOTEL_BOSS\"]'),(44,'ksthailan','$2y$13$Qn0nSePp.lYb1yWEQCDHe.Cqp1JnKo6AUAgH446OD/OUBrjBsbM3e','thailan@gmail.com','Ks Thai Lan','098303678',NULL,NULL,NULL,NULL,NULL,NULL,'12435465',10,5,2,NULL,NULL,1,'2017-03-30 08:18:36','2017-03-30 08:29:11','[\"ROLE_HOTEL_BOSS\"]'),(45,'saobien15','$2y$13$k6hn92eddqF0AVrFnr4N4u6Rb.IC1ZR8sSOjYJjtAMOZb/V0gvbRW','saobien15@gmail.com','BT Sao Bien 15','123699849',NULL,NULL,NULL,NULL,NULL,NULL,'23699752',10,5,2,NULL,NULL,1,'2017-03-30 08:19:18','2017-03-30 08:29:08','[\"ROLE_HOTEL_BOSS\"]'),(46,'ksbienvang','$2y$13$DTioZL.SGUbyFeqaTZupxu8dFwz/2v20sA/T5UMv6kBZ3BADgT6U2','bienvang@gmail.com','Ks Bien Vang','4654745',NULL,NULL,NULL,NULL,NULL,NULL,'133546567',10,5,2,NULL,NULL,1,'2017-03-30 08:19:59','2017-03-30 08:28:55','[\"ROLE_HOTEL_BOSS\"]'),(47,'ksnganhoa','$2y$13$1TSd88a/TMVbPynTDWfGNuDI/IAeWRQPFBhClu63qefhXpS.l1FP.','nganhoa@gmail.com','ks Ngan Hoa','01683480788',NULL,NULL,NULL,NULL,NULL,NULL,'25457686',10,5,2,NULL,NULL,1,'2017-03-30 08:21:37','2017-03-30 08:28:52','[\"ROLE_HOTEL_BOSS\"]'),(48,'saobien16','$2y$13$AqHhuvPrk4BNsM6Qow3eweQkcFIFqH2N15IonHrHF0SZoWNAhEE8q','saobien16@gmail.com','BT Sao Bien 16','123699875',NULL,NULL,NULL,NULL,NULL,NULL,'3669516963366',10,5,2,NULL,NULL,1,'2017-03-30 08:21:56','2017-03-30 08:28:49','[\"ROLE_HOTEL_BOSS\"]'),(49,'kscatdailoi','$2y$13$UpUBQ6fFlt5jVy6FuMEiSeecwe8G0Mj99Fqeda0CKsvpZKTP/75L6','catdailoi@gmai.com','Ks Cat Dai Loi','0373821491',NULL,NULL,NULL,NULL,NULL,NULL,'54647865895',10,5,2,NULL,NULL,1,'2017-03-30 08:23:16','2017-03-30 08:28:45','[\"ROLE_HOTEL_BOSS\"]'),(50,'saobien17','$2y$13$CmXRsGuHC0AYak3.h4vip.ASFSVGi5ym//31jJFP67Cj2FxTvRUGa','saobien17@gmail.com','BT Sao Bien 17','123698530',NULL,NULL,NULL,NULL,NULL,NULL,'9696589236',10,5,2,NULL,NULL,1,'2017-03-30 08:23:22','2017-03-30 08:28:25','[\"ROLE_HOTEL_BOSS\"]'),(51,'saobien18','$2y$13$2punLXuADsJFazPctSweLOKchiqTnm/uWmyK3rBll7E8HMhdM4yva','saobien18@gmail.com','BT Sao Bien 18','12369852',NULL,NULL,NULL,NULL,NULL,NULL,'269833693',10,5,2,NULL,NULL,1,'2017-03-30 08:24:17','2017-03-30 08:28:22','[\"ROLE_HOTEL_BOSS\"]'),(52,'kshaiyenvip','$2y$13$AKL9EKI/MLWyZzBUgruxXelS1/ja4ILaeBnlKFWAJTYJ8/mwBRtGi','haiyenvip@gmail.com','Ks Hai Yen Vip','0974482737',NULL,NULL,NULL,NULL,NULL,NULL,'64634754',10,5,2,NULL,NULL,1,'2017-03-30 08:24:37','2017-03-30 08:28:42','[\"ROLE_HOTEL_BOSS\"]'),(53,'saobien19','$2y$13$KNoL1rDm8n0wVzbk9/5Hkulqxvh9GElw7JGTHhAscLjuUH4/.BzOS','saobien19@gmail.com','BT Sao Bien19','136985698',NULL,NULL,NULL,NULL,NULL,NULL,'2369856',10,5,2,NULL,NULL,1,'2017-03-30 08:25:13','2017-03-31 15:25:34','[\"ROLE_HOTEL_BOSS\"]'),(54,'ksvuson','$2y$13$n/PKxmZp6.o8nb0Xr6RZ3.pZs0Z18.4kXEn3yTktaBw97unwzgniK','vuson@gmail.com','Ks Vu Son','0979666869',NULL,NULL,NULL,NULL,NULL,NULL,'3254765865',10,5,2,NULL,NULL,1,'2017-03-30 08:25:43','2017-03-30 08:27:59','[\"ROLE_HOTEL_BOSS\"]'),(55,'saobien20','$2y$13$fikmFvNVgrrwZUkqzMVvTuydMf3vAOmu5UdchsHhmE5ccT4gcmi4S','saobien20@gmail.com','BT Sao Bien 20','1239985',NULL,NULL,NULL,NULL,NULL,NULL,'123985',10,5,2,NULL,NULL,1,'2017-03-30 08:26:08','2017-03-30 08:27:56','[\"ROLE_HOTEL_BOSS\"]'),(56,'nhanghibinhhung','$2y$13$2cZjs.ntIPkV6PHLr/t3WOeT9/iX4p8iASWm0MSra9beLBiZoiADW','nhanghibinhhung@gmail.com','Nha Nghi Binh Hung','0913099988',NULL,NULL,NULL,NULL,NULL,NULL,'2547765',10,5,2,NULL,NULL,1,'2017-03-30 08:29:22','2017-03-30 10:32:22','[\"ROLE_HOTEL_BOSS\"]'),(57,'ksngoctrai','$2y$13$lhgvy3H4BPvEEFnLqem9Mu5iGwQQZCKSlo9UFkafBKbuCN9cXaIFq','ngoctrai@gmail.com','Ks Ngoc Trai','0944326060',NULL,NULL,NULL,NULL,NULL,NULL,'2534637658',10,5,2,NULL,NULL,1,'2017-03-30 08:31:43','2017-03-30 10:32:19','[\"ROLE_HOTEL_BOSS\"]'),(58,'ksduyanh','$2y$13$8pgVfGYavuw5yJ1toDWiles1NJ1l23GKmH8M8/nsH7CW6t.l9m.oq','duyanh@gmail.com','Ks Duy Anh','01685727294',NULL,NULL,NULL,NULL,NULL,NULL,'89579585',10,5,2,NULL,NULL,1,'2017-03-30 08:32:49','2017-03-30 10:32:17','[\"ROLE_HOTEL_BOSS\"]'),(59,'ksnamphong','$2y$13$yVIRMkbfc/.2bvb/vqE7kepduttMi6ab/PO6V8toHLhksOuXVWpEe','namphong@gmail.com','Ks Nam Phong','0912372474',NULL,NULL,NULL,NULL,NULL,NULL,'3426544764',10,5,2,NULL,NULL,1,'2017-03-30 08:34:23','2017-03-30 10:32:15','[\"ROLE_HOTEL_BOSS\"]'),(60,'ksminhvan','$2y$13$/9wBmKANKCqFNMP1OvU45OiIPf.aa.8RUaY4d2jZHNFV1zTVw8DZi','minhvan@gmail.com','Ks Minh Van','0986723089',NULL,NULL,NULL,NULL,NULL,NULL,'67464353',10,5,2,NULL,NULL,1,'2017-03-30 08:35:54','2017-03-30 10:32:12','[\"ROLE_HOTEL_BOSS\"]'),(61,'ksbiendoi','$2y$13$Mgv7IGQJoaSTls18n9hJceKijEhD5JMZDlMyBWnDf9YPh1q3xLNVi','biendoi@gmail.com','Ks Bien Doi','0904520678',NULL,NULL,NULL,NULL,NULL,NULL,'86537976',10,5,2,NULL,NULL,1,'2017-03-30 08:41:56','2017-03-30 10:32:10','[\"ROLE_HOTEL_BOSS\"]'),(62,'ksnoihoa','$2y$13$8GCd/ZGp6w9H3HlzTG3oWeh.Lwn6AL6t4hD0uC00xWYfMEbmayv1u','noingoc@gmail.com','Ks Noi Hoa','0912821689',NULL,NULL,NULL,NULL,NULL,NULL,'8856848',10,5,2,NULL,NULL,1,'2017-03-30 08:43:13','2017-03-30 10:32:08','[\"ROLE_HOTEL_BOSS\"]'),(63,'kshuyhoang','$2y$13$Gy4YnGp5hmF.ok/9NHsmxOiI9lZ76LeSuOIaTXq5F/4/96SIx5ol.','huyhoang@gmai.com','Ks Huy Hoang','0943076456',NULL,NULL,NULL,NULL,NULL,NULL,'658265856',10,5,2,NULL,NULL,1,'2017-03-30 08:46:08','2017-03-30 10:32:05','[\"ROLE_HOTEL_BOSS\"]'),(64,'saobien21','$2y$13$iQMLThGGlNUzHjELWCn9beIw.JGn7nthfWHbKjDwGxncm092RD91.','saobien21@gmai.com','BT Sao Bien 21','233699874',NULL,NULL,NULL,NULL,NULL,NULL,'1236987',10,5,2,NULL,NULL,1,'2017-03-30 08:46:19','2017-03-30 10:30:08','[\"ROLE_HOTEL_BOSS\"]'),(65,'ksphuonglinh','$2y$13$5cKgICjHKt0hEVCtGWxlWOICPmfM4cF5gJwJ0ct6Nnre8LY/FHPzu','phuonglinh@gmai.com','Ks Phuong Linh','01677644558',NULL,NULL,NULL,NULL,NULL,NULL,'783658675',10,5,2,NULL,NULL,1,'2017-03-30 08:48:26','2017-03-30 10:30:05','[\"ROLE_HOTEL_BOSS\"]'),(66,'saobien22','$2y$13$/kZeNGDCGc8MZjHoxJeVHefCyUhSjQZsjIv/u/ETv9orYn7bqXrFi','saobien22@gmail.com','BT Sao Bien 22','2369914599',NULL,NULL,NULL,NULL,NULL,NULL,'236699822',10,5,2,NULL,NULL,1,'2017-03-30 08:48:51','2017-03-30 10:30:03','[\"ROLE_HOTEL_BOSS\"]'),(67,'ngoctrai2','$2y$13$wxZnf29UXM0WGk71/rjTUOn62JZlMf/JgiLbo7jtNq.saRpor76q6','ngoctrai2@gmail.com','BT Ngoc Trai2','233998566',NULL,NULL,NULL,NULL,NULL,NULL,'236985665',10,5,2,NULL,NULL,1,'2017-03-30 08:49:43','2017-03-30 10:30:00','[\"ROLE_HOTEL_BOSS\"]'),(68,'ksvinhquang','$2y$13$XtfeC7b9KODci1TM5jZ9je1KcLgrZ5YiYh16h.ljzwrrbBe7Wc7yG','vinhquang@gmail.com','Ks Vinh Quang','0979914123',NULL,NULL,NULL,NULL,NULL,NULL,'35345645656',10,5,2,NULL,NULL,1,'2017-03-30 08:49:52','2017-03-30 10:29:58','[\"ROLE_HOTEL_BOSS\"]'),(69,'ngoctrai3','$2y$13$DpbKf7SvmgjU/31opUGYB.zFLE2WXYek1L.KzsMloEai7/VSek2l2','ngoctrai3@gmail.com','BT Ngoc Trai3','123466998',NULL,NULL,NULL,NULL,NULL,NULL,'2236985566',10,5,2,NULL,NULL,1,'2017-03-30 08:50:27','2017-03-30 10:29:56','[\"ROLE_HOTEL_BOSS\"]'),(70,'kshungxuyen','$2y$13$5Mb184g0SzN8MCbHd5nRMeDuTrpdmpMBFbgWe5jk5nppQIld1ar9a','hungxuyen@gmail.com','Ks Hung Xuyen','097914123',NULL,NULL,NULL,NULL,NULL,NULL,'14551448222',10,5,2,NULL,NULL,1,'2017-03-30 08:51:03','2017-03-30 10:29:53','[\"ROLE_HOTEL_BOSS\"]'),(71,'ngoctrai4','$2y$13$8mTeuarVB94izkwKb7GwMeKz7SEdOTg1hLjx2rpen.S/AvsjcKQFO','ngoctrai4@gmail.com','BT Ngoc Trai4','16896565655',NULL,NULL,NULL,NULL,NULL,NULL,'1689895668',10,5,2,NULL,NULL,1,'2017-03-30 08:51:23','2017-03-30 10:29:51','[\"ROLE_HOTEL_BOSS\"]'),(72,'ksdongduong','$2y$13$eE8KwluDUyvIY/4p43QSd.qpYWB5Br4f2mfn5PpqZJ9uReZ/SC4GO','dongduong@gmail.com','Ks Dong Duong','098721955',NULL,NULL,NULL,NULL,NULL,NULL,'55854656685',10,5,2,NULL,NULL,1,'2017-03-30 08:51:59','2017-03-30 10:29:49','[\"ROLE_HOTEL_BOSS\"]'),(73,'ngoctrai5','$2y$13$SESY3S85FrREZO97FlIL8ehydLuB/w.Ta5sRWZ/bi95vPtqn/C3aO','ngoctrai5@gmail.com','BT Ngoc Trai5','54656525457',NULL,NULL,NULL,NULL,NULL,NULL,'455558686568',10,5,2,NULL,NULL,1,'2017-03-30 08:52:30','2017-03-30 10:29:41','[\"ROLE_HOTEL_BOSS\"]'),(74,'ksduclong','$2y$13$Wr/Y6QrGk6qNID30Go6lXu6ou3X4UrbnSvBlBOp7WfTSViFeUEVcy','duclong@gmail.com','Ks Duc Long','0948626867',NULL,NULL,NULL,NULL,NULL,NULL,'265698765',10,5,2,NULL,NULL,1,'2017-03-30 08:53:06','2017-03-30 10:29:34','[\"ROLE_HOTEL_BOSS\"]'),(75,'ngoctrai6','$2y$13$QRTEECnPJKZJ30o0wjfkEeZU6OFRlNAopGb701UuHsTGGMx/JiJZC','ngoctrai6@gmail.com','BT Ngoc Trai6','26988766',NULL,NULL,NULL,NULL,NULL,NULL,'165698978',10,5,2,NULL,NULL,1,'2017-03-30 08:53:54','2017-03-30 10:29:32','[\"ROLE_HOTEL_BOSS\"]'),(76,'ksngoisao','$2y$13$IOeG2T4HCipY..7Jh0YMruHlmiz/qF0s2SlkRFdfOc3FLuaMRcAzi','ngoisao@gmail.com','Ks Ngoi Sao','1555445555',NULL,NULL,NULL,NULL,NULL,NULL,'988765454',10,5,2,NULL,NULL,1,'2017-03-30 08:54:53','2017-03-30 10:29:29','[\"ROLE_HOTEL_BOSS\"]'),(77,'ksbinhduong2','$2y$13$mmUvUYXOt7faH4IUbbSDv.RppCDg9M4bbrZKjN1URGBXvLt.HKKvK','binhduong@gmail.com','Ks Binh Duong 2','44585278552',NULL,NULL,NULL,NULL,NULL,NULL,'6398752145',10,5,2,NULL,NULL,1,'2017-03-30 08:56:05','2017-03-30 10:29:27','[\"ROLE_HOTEL_BOSS\"]'),(78,'ksthaibinhduong','$2y$13$U2BlqDapOcbUgpYzpCTKruFkyXkzUTySygF9.dgMhQ6qdB/7L7uoC','thaibinhduong@gmail.com','Ks Thai Binh Duong','0373823888',NULL,NULL,NULL,NULL,NULL,NULL,'369852477',10,5,2,NULL,NULL,1,'2017-03-30 08:57:21','2017-03-30 10:29:24','[\"ROLE_HOTEL_BOSS\"]'),(79,'ngoctrai7','$2y$13$DYQFkxLQydOdGsH4clh2U.9S2i2HyNFXtrpEIDEYAFeKAHR19103W','ngoctrai7@gmail.com','BT Ngoc Trai7','1236899',NULL,NULL,NULL,NULL,NULL,NULL,'226998856',10,5,2,NULL,NULL,1,'2017-03-30 08:57:36','2017-03-30 10:29:22','[\"ROLE_HOTEL_BOSS\"]'),(80,'ngoctrai8','$2y$13$agsZPLRAXzztNWuE7I/K7eDmM0IKc8ugQpr7G4u.w7xUXjz6EjYTi','ngoctrai8@gmail.com','BT Ngoc Trai8','1269846698',NULL,NULL,NULL,NULL,NULL,NULL,'123699852',10,5,2,NULL,NULL,1,'2017-03-30 08:58:51','2017-03-30 10:29:18','[\"ROLE_HOTEL_BOSS\"]'),(81,'ngoctrai9','$2y$13$p8.de5fIKPzSj4cHlEi.nuZw8kAyExXz0/uVbclWUlZbVRsK5wz8a','ngoctrai9@gmail.com','BT Ngoc Trai 9','325985659898',NULL,NULL,NULL,NULL,NULL,NULL,'1599899566',10,5,2,NULL,NULL,1,'2017-03-30 08:59:47','2017-03-30 10:29:14','[\"ROLE_HOTEL_BOSS\"]'),(82,'ngoctrai10','$2y$13$tiq6/A68sWXnEgeMLdup9.0eLl9hMRg94sKZZC/0zj81oF0j9y5aK','ngoctrai10@gmail.com','BT Ngoc Trai10','12369855',NULL,NULL,NULL,NULL,NULL,NULL,'15875255',10,5,2,NULL,NULL,1,'2017-03-30 09:00:35','2017-03-30 10:29:11','[\"ROLE_HOTEL_BOSS\"]'),(83,'ksvictory','$2y$13$G8u6lTcL7dvyj07HYsHn5u4AtYHoRVF6aOMKliqsoA0J6IJ9dRnGa','victoria@gmail.com','Ks Victoria','0983010798',NULL,NULL,NULL,NULL,NULL,NULL,'955434454656',10,5,2,NULL,NULL,1,'2017-03-30 09:01:04','2017-03-30 10:29:09','[\"ROLE_HOTEL_BOSS\"]'),(84,'ksthinhvuong','$2y$13$tcZRuJ8zOOEJSqj7Wa2YKO2uLYdva3i8DmMKqCB3Y2KmuJw.t8DTO','thinhvuong@gmail.com','Ks Thinh Vuong','0912732780',NULL,NULL,NULL,NULL,NULL,NULL,'765445448',10,5,2,NULL,NULL,1,'2017-03-30 09:02:10','2017-03-30 10:27:53','[\"ROLE_HOTEL_BOSS\"]'),(85,'ngoctrai11','$2y$13$Ja9YIot.dnTdv.1cc/R6t.xEZA57oU1l0TnfCZycQKE.ahCjhPgQG','ngoctrai11@gmail.com','BT Ngoc Trai11','123698526',NULL,NULL,NULL,NULL,NULL,NULL,'16666266',10,5,2,NULL,NULL,1,'2017-03-30 09:02:33','2017-03-30 10:27:51','[\"ROLE_HOTEL_BOSS\"]'),(86,'ksviethong','$2y$13$W0Rp1HOgDAwdhRnXyd.D7.5tca0WKwCCwTtVmTR/Yo/Y48LlWy0H2','viethong@gmail.com','Ks Viet Hong','0968078686',NULL,NULL,NULL,NULL,NULL,NULL,'1236485566',10,5,2,NULL,NULL,1,'2017-03-30 09:03:21','2017-03-30 10:27:48','[\"ROLE_HOTEL_BOSS\"]'),(87,'ngoctrai12','$2y$13$OAkC0641JJcMc0wOsSVIqu.xi7ZOTUhtwOxH9sz8L4QB28IUzXN3K','ngoctrai12@gmail.com','BT Ngoc Trai 12','136982500',NULL,NULL,NULL,NULL,NULL,NULL,'12369998556',10,5,2,NULL,NULL,1,'2017-03-30 09:03:29','2017-03-30 10:27:45','[\"ROLE_HOTEL_BOSS\"]'),(88,'ngoctrai14','$2y$13$sne5CAR0V2JAMIGMNQBV2.s/BTJYF2b5PDsRzFEj0QK16QbfugEw2','ngoctrai14@gmail.com','BT Ngoc Trai 14','0022565545',NULL,NULL,NULL,NULL,NULL,NULL,'222556854',10,5,2,NULL,NULL,1,'2017-03-30 09:04:11','2017-03-30 10:27:43','[\"ROLE_HOTEL_BOSS\"]'),(89,'ksbinhminh','$2y$13$fBLjXIuzQZnUc7UfIBZt9uvLvok8exMiQvBgdmvLQA/ccIrmLcXki','binhminh@gmail.com','Ks Binh Minh','0915373816',NULL,NULL,NULL,NULL,NULL,NULL,'96583796',10,5,2,NULL,NULL,1,'2017-03-30 09:04:24','2017-03-30 10:27:39','[\"ROLE_HOTEL_BOSS\"]'),(90,'ngoctrai15','$2y$13$7M7noYKG/5R7wlFR4ssTqe8/SSHVIGmjhLeimfi9nefLW8F32cj/y','ngoctrai15@gmail.com','BT Ngoc Trai 15','23668874',NULL,NULL,NULL,NULL,NULL,NULL,'123698',10,5,2,NULL,NULL,1,'2017-03-30 09:05:18','2017-03-30 10:27:36','[\"ROLE_HOTEL_BOSS\"]'),(91,'kstrungdong','$2y$13$A1TWcUULO6tHJMv8oYEAbueZBx4iS3ePYyUjgFEyJVYN/gNnsq3Ru','trungdong@gmail.com','Ks Trung Dong','0122824111',NULL,NULL,NULL,NULL,NULL,NULL,'879564794',10,5,2,NULL,NULL,1,'2017-03-30 09:06:31','2017-03-30 10:27:31','[\"ROLE_HOTEL_BOSS\"]'),(92,'kstruonggiang','$2y$13$izz2ovlNxu88VB3n6lEOeuDUEmeUPiEfDJpASxXNBZhOCSKl5srNa','truonggiang@gmail.com','Ks Truong Giang','0915926388',NULL,NULL,NULL,NULL,NULL,NULL,'5634687678',10,5,2,NULL,NULL,1,'2017-03-30 09:07:53','2017-03-30 10:27:26','[\"ROLE_HOTEL_BOSS\"]'),(93,'ngoctrai16','$2y$13$k8g35QpZ/jthjd3Heh7DTOFpY/4hqrJtsYEBl8rdAcHx07R8tCaZK','ngoctrai16@gmail.com','BT Ngoc Trai 16','1236645899',NULL,NULL,NULL,NULL,NULL,NULL,'133698452',10,5,2,NULL,NULL,1,'2017-03-30 09:07:56','2017-03-30 10:27:22','[\"ROLE_HOTEL_BOSS\"]'),(94,'ksquynhnhiem','$2y$13$SZhCGRGy548kqYcOI6.ACOof7k44KxOPrTYMSpGXsmmYLqwGGeXta','quynhnhiem@gmail.com','Ks Quynh Nhiem','0943381978',NULL,NULL,NULL,NULL,NULL,NULL,'69568965',10,5,2,NULL,NULL,1,'2017-03-30 09:09:06','2017-03-30 10:27:10','[\"ROLE_HOTEL_BOSS\"]'),(95,'ngoctrai17','$2y$13$8V/wyYx2gRm8alueLkisWeujlOENaSnDEf2vl38VMxmLbtHd8uZeC','ngoctrai17@gmail.com','BT Ngoc Trai 17','13336998',NULL,NULL,NULL,NULL,NULL,NULL,'1239888',10,5,2,NULL,NULL,1,'2017-03-30 09:09:25','2017-03-30 10:27:04','[\"ROLE_HOTEL_BOSS\"]'),(96,'ksbonghong','$2y$13$fqbBKnscvrql9m0ljO4rXeWUkGq9BbXxEylybj/RBL3rfB27RtQcu','bonghong@gmail.com','Ks Bong Hong','0913356914',NULL,NULL,NULL,NULL,NULL,NULL,'6785685',10,5,2,NULL,NULL,1,'2017-03-30 09:10:08','2017-03-30 10:26:54','[\"ROLE_HOTEL_BOSS\"]'),(97,'ngoctrai18','$2y$13$0lGNrF3OjctASl9yDsGUe.FdjSHgzTEUGmuy8mgbtF1eBgJYTT09K','ngoctrai18@gmail.com','BT Ngoc Trai 18','123698',NULL,NULL,NULL,NULL,NULL,NULL,'1239875',10,5,2,NULL,NULL,1,'2017-03-30 09:10:11','2017-03-30 10:26:50','[\"ROLE_HOTEL_BOSS\"]'),(98,'kshoahong1','$2y$13$To8/PysHd2sZj9NN6RjN1OyBi6Xkw7gkx8DvGpTlT.zjkFqLxnVZ.','hoahong1@gmail.com','Ks Hoa Hong 1','0903493878',NULL,NULL,NULL,NULL,NULL,NULL,'693547425',10,5,2,NULL,NULL,1,'2017-03-30 09:11:26','2017-03-30 10:26:48','[\"ROLE_HOTEL_BOSS\"]'),(99,'ngoctrai19','$2y$13$3L49bCluvmeuNSGHzVKtd.mvoJZWA4LO5rt4OWMAhD2BmO3MwvgSK','ngoctrai19@gmail.com','BT Ngoc Trai 19','032659856',NULL,NULL,NULL,NULL,NULL,NULL,'266548998',10,5,2,NULL,NULL,1,'2017-03-30 09:11:28','2017-03-30 10:26:41','[\"ROLE_HOTEL_BOSS\"]'),(100,'ngoctrai20','$2y$13$fXyZRpHd4C5L3gJSbJ9Xv.MhPrUwYItz.QnYQ5beiytC3U.uUsM4O','ngoctrai20@gmail.com','BT Ngoc Trai 20','22229999',NULL,NULL,NULL,NULL,NULL,NULL,'123985666',10,5,2,NULL,NULL,1,'2017-03-30 09:12:29','2017-03-30 10:26:36','[\"ROLE_HOTEL_BOSS\"]'),(101,'ksnamhang','$2y$13$FevNWNMi80jBMXTyjaxk4evnlxVB7cb2Q/UsbDWlqk6K2OUbcUkP6','namhang@gmail.com','Ks Nam Hang','0968284206',NULL,NULL,NULL,NULL,NULL,NULL,'7546778',10,5,2,NULL,NULL,1,'2017-03-30 09:12:39','2017-03-30 10:26:32','[\"ROLE_HOTEL_BOSS\"]'),(102,'ngoctrai21','$2y$13$MX4SbmJwUgZDxeyW8e5ct.fPlrXwosidzsflO588Si4rBBuU4WAZC','ngoctrai21@gmail.com','BT Ngoc Trai 21','222266998',NULL,NULL,NULL,NULL,NULL,NULL,'1558888',10,5,2,NULL,NULL,1,'2017-03-30 09:13:29','2017-03-30 10:26:28','[\"ROLE_HOTEL_BOSS\"]'),(103,'kshanoi','$2y$13$qk9JGO6B0dl4Sxi2TW8RHeIBlUR./W2trnIeEYFijnigFPogyevVi','hanoi@gmail.com','Ks Ha Noi','0912131333',NULL,NULL,NULL,NULL,NULL,NULL,'9876453',10,5,2,NULL,NULL,1,'2017-03-30 09:13:34','2017-03-30 10:26:20','[\"ROLE_HOTEL_BOSS\"]'),(104,'ksbinhduong','$2y$13$lS52y1C2AKeiCTASa1LafeiEJc57ODRcHZux9weJrcwhsVnbP2fti','binhduong1@gmail.com','Ks Binh Duong','0919665818',NULL,NULL,NULL,NULL,NULL,NULL,'69875445',10,5,2,NULL,NULL,1,'2017-03-30 09:15:01','2017-03-30 10:26:11','[\"ROLE_HOTEL_BOSS\"]'),(105,'ngoctrai22','$2y$13$otZIRc/ge/vf8oFIgPkgmupK9kyYienoeKlIMKj5CojDAK1ekFluK','ngoctrai22@gmail.com','BT Ngoc Trai22','2229996666',NULL,NULL,NULL,NULL,NULL,NULL,'12222266665',10,5,2,NULL,NULL,1,'2017-03-30 09:15:10','2017-03-30 10:26:04','[\"ROLE_HOTEL_BOSS\"]'),(106,'ksdetlua','$2y$13$HxNJiG1rswehFzTjy9AeNOsC3Ve97SzeVt33GUSIqyfaelUILfV0O','detlua@gmail.com','Ks Det Lua','0912605397',NULL,NULL,NULL,NULL,NULL,NULL,'1223565896',10,5,2,NULL,NULL,1,'2017-03-30 09:16:18','2017-03-30 10:25:56','[\"ROLE_HOTEL_BOSS\"]'),(107,'ksking','$2y$13$BqETUGOI.lpq5bw.9gaXr.E4btltqEBXDqcWMLwmzyjQ3DNxYCGDa','king@gmail.com','Ks King','0912605398',NULL,NULL,NULL,NULL,NULL,NULL,'684848',10,5,2,NULL,NULL,1,'2017-03-30 09:17:30','2017-03-30 10:25:42','[\"ROLE_HOTEL_BOSS\"]'),(108,'kstheanh2','$2y$13$3OCBbTVji7W4ZIpeqPpNF.2vmvqSfgQ8i2hkhNEucHyinLhy/xOSi','theanh2@gmail.com','KS The Anh2','165698989',NULL,NULL,NULL,NULL,NULL,NULL,'12336655',10,5,2,NULL,NULL,0,'2017-03-30 09:17:36',NULL,'[\"ROLE_HOTEL_BOSS\"]'),(109,'kshuongtram','$2y$13$5M2D/cp1472Luc9jmIG6puXeXjC.BhdQByeiDh5e1fNT0GQjMN27y','huongtram@gmail.com','KS Huong Tram','12556969',NULL,NULL,NULL,NULL,NULL,NULL,'1233665',10,5,2,NULL,NULL,1,'2017-03-30 09:18:25','2017-03-30 10:25:38','[\"ROLE_HOTEL_BOSS\"]'),(110,'ksngochien','$2y$13$UEdVj3VCt41rbWWaYeF0q.5JiIRZtuqzx9puU35VkGYfG9UewMLae','ngochien@gmail.com','Ks Ngoc Hien','0943077977',NULL,NULL,NULL,NULL,NULL,NULL,'6967508',10,5,2,NULL,NULL,1,'2017-03-30 09:18:33','2017-03-30 10:25:36','[\"ROLE_HOTEL_BOSS\"]'),(111,'kshungthao','$2y$13$X3pR/1EoFIyvrm9KH8wFGeWByV1.hfO6c3CSVlmiaozmuefFbtpXe','hungthao@gmail.com','KS Hung Thao','0916915848',NULL,NULL,NULL,NULL,NULL,NULL,'2656655',10,5,2,NULL,NULL,1,'2017-03-30 09:19:22','2017-03-30 10:25:26','[\"ROLE_HOTEL_BOSS\"]'),(112,'ksnewstar','$2y$13$7Q2lMSOdsXqKuWTHY.uYRegOTzoRpvwYQIdVqpxodQCc7sOvVXj/q','newstar@gmail.com','KS New Star','0373827345',NULL,NULL,NULL,NULL,NULL,NULL,'1652656',10,5,2,NULL,NULL,1,'2017-03-30 09:20:28','2017-03-30 10:25:15','[\"ROLE_HOTEL_BOSS\"]'),(113,'ksgold','$2y$13$OuDync2Ffa8CiHh0u9ATn.L90CnECvfFp5jB0G.tfcj3ZokSbhCQC','gold@gmail.com','KS Gold','0943076345',NULL,NULL,NULL,NULL,NULL,NULL,'16598989',10,5,2,NULL,NULL,1,'2017-03-30 09:21:45','2017-03-30 10:25:13','[\"ROLE_HOTEL_BOSS\"]'),(114,'ksdinhvang','$2y$13$jcUcifci4Jf3/UCud1q.AeVAEAGXNKeXNo.Jtioco1WmcDdLPS2bW','dinhvang@gmail.com','KS Đinh Vang','0988203060',NULL,NULL,NULL,NULL,NULL,NULL,'166666546989',10,5,2,NULL,NULL,1,'2017-03-30 09:23:13','2017-03-30 10:20:13','[\"ROLE_HOTEL_BOSS\"]'),(115,'ksthanhcong','$2y$13$nS07gJRy9VQE9pW0qv15WOfovc67lG.h53PzYBTYetKwvQO0/7Sxi','thanhcong@gmail.com','Ks Thanh Cong','0904678408',NULL,NULL,NULL,NULL,NULL,NULL,'123456985',10,5,2,NULL,NULL,1,'2017-03-30 09:28:33','2017-03-30 10:20:10','[\"ROLE_HOTEL_BOSS\"]'),(116,'ksvietlinh','$2y$13$iZH1J4dyQGqY2pWSw2eN4uMFc7VO7kJTp3uuZoBpNRZxRpL8Mvhy2','vietlinh@gmail.com','Ks Viet Linh','0949006168',NULL,NULL,NULL,NULL,NULL,NULL,'112365478',10,5,2,NULL,NULL,1,'2017-03-30 09:29:59','2017-03-30 10:20:07','[\"ROLE_HOTEL_BOSS\"]'),(117,'ksquynhduong','$2y$13$qlqc.ryoUHwT2f1ZvffuTulQkojYlezndeo/u1hZdNR54x6pOf6Ju','quynhduong@gmail.com','Ks Quynh Duong','0982563055',NULL,NULL,NULL,NULL,NULL,NULL,'1236548444',10,5,2,NULL,NULL,1,'2017-03-30 09:32:59','2017-03-30 10:20:05','[\"ROLE_HOTEL_BOSS\"]'),(118,'ksthulinh','$2y$13$Eg7uD0VUISp7jplCKsgxZuSpA2Yl61kl6Fp8G8uNdr4HFL9crimWS','thulinh@gmail.com','Ks Thu Linh','0373822430',NULL,NULL,NULL,NULL,NULL,NULL,'485754554',10,5,2,NULL,NULL,1,'2017-03-30 09:34:31','2017-03-30 10:20:01','[\"ROLE_HOTEL_BOSS\"]'),(119,'ksdongkhanh','$2y$13$QT3UzgSR5eSijSUeC7FbOemBujgSYS1rPvsXPuw2mja.6ljJQt1vS','dongkhanh@gmail.com','KS Đồng Khánh','122669',NULL,NULL,NULL,NULL,NULL,NULL,'12542266',10,5,2,NULL,NULL,1,'2017-03-30 09:34:42','2017-03-30 10:19:58','[\"ROLE_HOTEL_BOSS\"]'),(120,'kshatung','$2y$13$YI6QSfrV6YlvS00UdjV8XOJpD15N7kYuPY71IoTBUtsOVH0Yxtb0a','hatung@gmail.com','KS Hà Tùng','122664',NULL,NULL,NULL,NULL,NULL,NULL,'16598598978',10,5,2,NULL,NULL,1,'2017-03-30 09:36:02','2017-03-30 10:19:55','[\"ROLE_HOTEL_BOSS\"]'),(121,'ksngoclan','$2y$13$LrZTh1OSYxTn0.d7Tdagtu5mlTrPFjPKOnKxwOUseXmComvUxLtla','ngoclan@gmail.com','KS Ngoc Lan','123369',NULL,NULL,NULL,NULL,NULL,NULL,'122366568',10,5,2,NULL,NULL,1,'2017-03-30 09:37:30','2017-03-30 10:19:53','[\"ROLE_HOTEL_BOSS\"]'),(122,'kshaily','$2y$13$nmYaLn8hj3uaPuxzsA7XK.r81SKHVJ5jYhNBPtqNRS9HSAztBP4wS','haily@gmail.com','Ks Hai Ly','0988677639',NULL,NULL,NULL,NULL,NULL,NULL,'12354563',10,5,2,NULL,NULL,1,'2017-03-30 09:38:17','2017-03-30 10:19:49','[\"ROLE_HOTEL_BOSS\"]'),(123,'ksmaitrang','$2y$13$OFf73PKh6CtxdMwII.NEhOFfZsYH.HDSuVRV4lyFyPI5V5Jp2Miw2','maitrang@gmail.com','Ks Mai Trang','0975887838',NULL,NULL,NULL,NULL,NULL,NULL,'126845566',10,5,2,NULL,NULL,1,'2017-03-30 09:39:25','2017-03-30 10:19:47','[\"ROLE_HOTEL_BOSS\"]'),(124,'kssontrang2','$2y$13$szoEheUs56SIn3GJpak2/uZtqliGtCpihg5sMtcqqPfZKVbnUYQhm','sonduong@gmail.com','KS Sơn Dương','1236988',NULL,NULL,NULL,NULL,NULL,NULL,'1236988',10,5,2,NULL,NULL,1,'2017-03-30 09:39:47','2017-03-30 10:17:36','[\"ROLE_HOTEL_BOSS\"]'),(125,'kssaomai','$2y$13$8bHs7R93ciF7EfkpByq8Kev0Xy2hJazijJuR2zkamo9bF6CC4AdOC','saomai@gmail.com','Ks Sao Mai','0963987356',NULL,NULL,NULL,NULL,NULL,NULL,'3652659',10,5,2,NULL,NULL,1,'2017-03-30 09:42:30','2017-03-30 10:17:34','[\"ROLE_HOTEL_BOSS\"]'),(126,'ksdainam','$2y$13$UrRWbfBmp88408hUaDk2weMLmbcn0rzhKJ9I0Mkx2hNhwHfLRbBd6','dainam@gmail.com','548545784','0971466235',NULL,NULL,NULL,NULL,NULL,NULL,'12546565',10,5,2,NULL,NULL,1,'2017-03-30 09:43:21','2017-03-30 10:17:32','[\"ROLE_HOTEL_BOSS\"]'),(127,'ksthanglong','$2y$13$61DaZ99AKCVRo2gvKDdWAuJ5vRY9Ea.b5O6Fazcg2m5garmtFvkPi','thanglong@gmail.com','KS Thang Long','23333',NULL,NULL,NULL,NULL,NULL,NULL,'123333',10,5,2,NULL,NULL,1,'2017-03-30 09:45:18','2017-03-30 10:17:26','[\"ROLE_HOTEL_BOSS\"]'),(128,'kshoaphuongdo','$2y$13$OCNqLmJfiUuvMHwe/YGJ7.8PYJ0AsdmJpADgSJboFtnOL3ZotuJhG','hoaphuongdo@gmail.com','Ks Hoa phuong Do','0932976789',NULL,NULL,NULL,NULL,NULL,NULL,'35656545',10,5,2,NULL,NULL,1,'2017-03-30 09:46:40','2017-03-30 10:17:24','[\"ROLE_HOTEL_BOSS\"]'),(129,'ksvanxuan','$2y$13$IjZ1iyyPFo4L57NhKA7rq.Of.D.52lIcnyc6U3XwnH1Bpkw6srV0C','vanxuan@gmail.com','KS Van Xuan','12345669',NULL,NULL,NULL,NULL,NULL,NULL,'222222',10,5,2,NULL,NULL,1,'2017-03-30 09:47:25','2017-03-30 10:17:22','[\"ROLE_HOTEL_BOSS\"]'),(130,'kstantruongson','$2y$13$7P69kOmR9lyPvUybWE9yre4P7O42DwxAbPdkiFb0tmsVSgPCILRSC','tantruongson@gmail.com','Ks Tan Truong Son','0913549529',NULL,NULL,NULL,NULL,NULL,NULL,'4354684',10,5,2,NULL,NULL,1,'2017-03-30 09:48:08','2017-03-30 10:17:19','[\"ROLE_HOTEL_BOSS\"]'),(131,'kshaiyen','$2y$13$J2KO80FAzHokaE5g6.T5W.bgWacKo5nY30SVFU0yjfmteGMU.NvS.','haiyen@gmail.com','KS Hải Yến','11555820245',NULL,NULL,NULL,NULL,NULL,NULL,'2222233356',10,5,2,NULL,NULL,1,'2017-03-30 09:49:22','2017-03-30 10:17:17','[\"ROLE_HOTEL_BOSS\"]'),(132,'kscrown','$2y$13$Oly1Tw0nA1KQlLZbyG0PI.Pu8wykmJiQ/KHCXuxJP9tcbLZ2wPaPe','crown@gmail.com','Ks Crown','0983344505',NULL,NULL,NULL,NULL,NULL,NULL,'3265464525',10,5,2,NULL,NULL,1,'2017-03-30 09:49:25','2017-03-30 10:17:14','[\"ROLE_HOTEL_BOSS\"]'),(133,'ksbiathanhhoa','$2y$13$Bi02gvz6DG3/TPkOmHWstuOHQy0FAd/NVMBcUiwrgWxz1xqngg4xK','biathanhhoa@gmail.com','Ks Bia Thanh Hoa','0373826688',NULL,NULL,NULL,NULL,NULL,NULL,'2354845',10,5,2,NULL,NULL,1,'2017-03-30 09:50:42','2017-03-30 10:17:12','[\"ROLE_HOTEL_BOSS\"]'),(134,'kshoanlong','$2y$13$sVVkVu/OO9W5SeEfpHfMpOBYZuqUFWtDM0vz59kmSv8.0GrXo8N0K','hoanlong@gmail.com','KS Hoan Long','0122222',NULL,NULL,NULL,NULL,NULL,NULL,'1212336',10,5,2,NULL,NULL,1,'2017-03-30 09:52:52','2017-03-30 10:17:04','[\"ROLE_HOTEL_BOSS\"]'),(135,'kshuongthuy','$2y$13$70uvZ08JF4TPZGcLsRShjOe4BUg6scBRoXognpkdfONYPK1tXlNby','huongthuy@gmail.com','Ks Huong Thuy','091883602',NULL,NULL,NULL,NULL,NULL,NULL,'45687645',10,5,2,NULL,NULL,1,'2017-03-30 10:00:02','2017-03-30 10:17:02','[\"ROLE_HOTEL_BOSS\"]'),(136,'ksducthanh','$2y$13$MUuvEBuAOFUeVv2sUvg3o.p5RbNre7.OFoty66E3H6P2Vtp/CHq/y','ducthanh@gmail.com','Ks Duc Thanh','0913387196',NULL,NULL,NULL,NULL,NULL,NULL,'254564656',10,5,2,NULL,NULL,1,'2017-03-30 10:01:59','2017-03-30 10:16:59','[\"ROLE_HOTEL_BOSS\"]'),(137,'ksthanhha','$2y$13$5JqlPOF6ScXeh5tUukeDoeceP/Ie/8XloXZwxoG0pte/nLHWz.ChW','thanhha@gmail.com','Ks Thanh Ha','0914883599',NULL,NULL,NULL,NULL,NULL,NULL,'123465425',10,5,2,NULL,NULL,1,'2017-03-30 10:04:03','2017-03-30 10:16:54','[\"ROLE_HOTEL_BOSS\"]'),(138,'ksnganha','$2y$13$Tac.bPiEvruXKbMGRd2K.eEdW/.t2r4WzU4W7a5ImBUh0qrN6kAOC','nganha@gmail.com','KS Ngân Hà','123689',NULL,NULL,NULL,NULL,NULL,NULL,'126698',10,5,2,NULL,NULL,1,'2017-03-30 10:05:06','2017-03-30 10:16:52','[\"ROLE_HOTEL_BOSS\"]'),(139,'kskimxuyen','$2y$13$bLLrIjq0xTe8aYc8eutbsOkJWKsFA6dJ8pOGFCZoV6M/13iDrEboq','kimxuyen@gmail.com','Ks Kim Xuyen','0962746666',NULL,NULL,NULL,NULL,NULL,NULL,'3244846',10,5,2,NULL,NULL,1,'2017-03-30 10:05:21','2017-03-30 10:16:47','[\"ROLE_HOTEL_BOSS\"]'),(140,'ksduchau','$2y$13$.8pZxFHyxTcr6TghM1yQ9eXRe4eNTEvWDLozh5o8pgAldAmTio/mS','ducchau@gmail.com','Ks Duc Chau','23326325656',NULL,NULL,NULL,NULL,NULL,NULL,'21352456153',10,5,2,NULL,NULL,1,'2017-03-30 10:06:29','2017-03-30 10:16:45','[\"ROLE_HOTEL_BOSS\"]'),(141,'kssongma','$2y$13$KiBBY0iGRkinYaJKNjMjquTs4NT.meHa9GMal2avbP1i4uk7jsX66','songma@gmail.com','KS Sông Mã','0373822292',NULL,NULL,NULL,NULL,NULL,NULL,'266156998',10,5,2,NULL,NULL,1,'2017-03-30 10:06:43','2017-03-30 10:16:42','[\"ROLE_HOTEL_BOSS\"]'),(142,'kshongthai','$2y$13$oXHutnYePO0W6DdRvQSem.A8wIVNOK2KDLhNbG7pnQ2AXSE29uHgS','hongthai@gmail.com','Ks Hong Thai','2354652',NULL,NULL,NULL,NULL,NULL,NULL,'54654354',10,5,2,NULL,NULL,1,'2017-03-30 10:10:04','2017-03-30 10:16:40','[\"ROLE_HOTEL_BOSS\"]'),(143,'ksf3samson','$2y$13$LbpRdZoAY2XqBaH3JorlYusJJFzWZeE9/gPl3NX2QNm7v4MT7L/we','f3samson@gmail.com','Ks F3 Sam Son','0989735071',NULL,NULL,NULL,NULL,NULL,NULL,'231351314',10,5,2,NULL,NULL,1,'2017-03-30 10:11:32','2017-03-30 12:26:26','[\"ROLE_HOTEL_BOSS\"]'),(145,'ksviethung','$2y$13$bXAHOMB0UhcQxTK7bMe1rOnCUM.9/0mWkyLNojyeTaKdIRgMh8J7u','viethung@gmail.com','KS Việt Hưng','0965058145',NULL,NULL,NULL,NULL,NULL,NULL,'126815',10,5,2,NULL,NULL,1,'2017-03-30 14:02:55','2017-03-30 14:03:13','[\"ROLE_HOTEL_BOSS\"]'),(146,'ksnhanduc','$2y$13$jv4JE6CZsppFxlw2ZbYWYOTZN.3/Drn7AR2DT/HFxV8Gs4KNSEa5i','nhanduc@gmail.com','KS Nhân Đức','222226959595',NULL,NULL,NULL,NULL,NULL,NULL,'265698989',10,5,2,NULL,NULL,1,'2017-03-30 14:06:49','2017-03-30 14:31:30','[\"ROLE_HOTEL_BOSS\"]'),(147,'ksroyal','$2y$13$5fku.1c7kFi35tozriwiVOWq03cv/J1.ybPWSKyjgPFqPtNLTqOFq','royal@gmail.com','KS Royal','1236458',NULL,NULL,NULL,NULL,NULL,NULL,'2648556',10,5,2,NULL,NULL,1,'2017-03-30 14:09:09','2017-03-30 14:31:26','[\"ROLE_HOTEL_BOSS\"]'),(148,'kshuongbien','$2y$13$wQ32F3g/fToQTzpNYvYtkekDIxyNk0ahblhpeH7v46oJZZuR9AuPK','huongbien@gmail.com','KS Hương Biển','23698526',NULL,NULL,NULL,NULL,NULL,NULL,'268742655',10,5,2,NULL,NULL,1,'2017-03-30 14:26:34','2017-03-30 14:31:24','[\"ROLE_HOTEL_BOSS\"]'),(149,'ksboxaydung','$2y$13$x7GqKSsHbJyrCxjUcU./YeqBbpSEE3dbnnAIrqHOsNyPVNo48OUJi','boxaydung@gmail.com','KS Bộ Xây Dựng','2569897569',NULL,NULL,NULL,NULL,NULL,NULL,'1298756',10,5,2,NULL,NULL,1,'2017-03-30 14:27:55','2017-03-30 14:31:22','[\"ROLE_HOTEL_BOSS\"]'),(150,'ksvuphong','$2y$13$8eDXS1.lkutypm7Wt./8feNjDE2AkT84SnprpLW/cfhSV2fZrhoui','ksvuson@gmail.com','KS Vũ Sơn','23698875',NULL,NULL,NULL,NULL,NULL,NULL,'1239875222',10,5,2,NULL,NULL,1,'2017-03-30 14:30:18','2017-03-30 14:31:20','[\"ROLE_HOTEL_BOSS\"]'),(151,'kstunghanh','$2y$13$4abPMUVadhm/JpZ22xrR6u/Gox7tQiOarPVgsTk/G40LDzfO4bAie','tunghanh@gmail.com','KS Tùng Hạnh','1656559595',NULL,NULL,NULL,NULL,NULL,NULL,'136985',10,5,2,NULL,NULL,0,'2017-03-30 14:36:01',NULL,'[\"ROLE_HOTEL_BOSS\"]'),(152,'ksdienluc','$2y$13$efyd5jtcHKoTSgX5/Ap1EeN.e/b5KCsue.jvGmetphvLueeE7eSya','dienluc@gmail.com','KS Điện Lực','1234568',NULL,NULL,NULL,NULL,NULL,NULL,'1266998',10,5,2,NULL,NULL,0,'2017-03-30 14:37:09',NULL,'[\"ROLE_HOTEL_BOSS\"]'),(153,'ksthuylinh','$2y$13$/8khRHG4aVCSs3O0m6605.RNthV49f5n87kEA7adDzT6zbazHRc5G','thuylinh@gmail.com','KS Thùy Linh','023654',NULL,NULL,NULL,NULL,NULL,NULL,'126897',10,5,2,NULL,NULL,1,'2017-03-30 14:42:00','2017-03-30 14:42:20','[\"ROLE_HOTEL_BOSS\"]'),(154,'kshoanglam','$2y$13$msNjJ1U7hm7xzuf06pwSFO5a/hd/o50gwNJt/gFWfiG3fJnRll8lW','hoanglam@gmail.com','KS Hoàng Lâm','236644',NULL,NULL,NULL,NULL,NULL,NULL,'13985662',10,5,2,NULL,NULL,1,'2017-03-30 14:43:34','2017-03-30 15:06:40','[\"ROLE_HOTEL_BOSS\"]'),(155,'ksthaovan','$2y$13$l/RD5J/Y3W5qOYWva/XoNu90/BPiWBpscV5MH5FCgRmyfiFOiozEq','thaovan@gmail.com','KS Thảo Vân','12367',NULL,NULL,NULL,NULL,NULL,NULL,'46565656',10,5,2,NULL,NULL,1,'2017-03-30 14:45:45','2017-03-30 15:06:38','[\"ROLE_HOTEL_BOSS\"]'),(156,'ksdongnam','$2y$13$3SKd8ky/BDY6Pqp20vk7UOxjmgtdPyW1SlLqoaXd.sV.ZEz7IyKcC','dongnam@gmail.com','KS Đông Nam','1225622656',NULL,NULL,NULL,NULL,NULL,NULL,'123987562',10,5,2,NULL,NULL,1,'2017-03-30 14:46:36','2017-03-30 15:06:35','[\"ROLE_HOTEL_BOSS\"]'),(157,'ksbachduong','$2y$13$cyEk5TMyMgqQeEQ7tbRfFeVXIwwHarOZdMoXXyHDrKyrK9sfyEf6C','bachduong@gmail.com','KS Bach Duong','1536899',NULL,NULL,NULL,NULL,NULL,NULL,'6699522662',10,5,2,NULL,NULL,1,'2017-03-30 14:47:52','2017-03-30 15:06:33','[\"ROLE_HOTEL_BOSS\"]'),(158,'kssaobien','$2y$13$6JqlkXkBcZlwJon3YX1h9.7ArLp/o1WM0hgzALA4Ubb/T4DrdaOOa','saobien@gmail.com','KS Sao Biển','22365459',NULL,NULL,NULL,NULL,NULL,NULL,'552672',10,5,2,NULL,NULL,1,'2017-03-30 14:49:18','2017-03-30 15:06:31','[\"ROLE_HOTEL_BOSS\"]'),(159,'kshanoixanh','$2y$13$GHdCL6jROLcHJz2JkN1xqObskBiUfe/0NV4nNY4WuFw/U6WtYrER6','hanoixanh@gmail.com','KS Hà Nội Xanh','236559',NULL,NULL,NULL,NULL,NULL,NULL,'5568492',10,5,2,NULL,NULL,1,'2017-03-30 14:50:51','2017-03-30 15:06:29','[\"ROLE_HOTEL_BOSS\"]'),(160,'ksduylinh','$2y$13$KfOvZpZ0LdPKfIZCWf/GF.SvnG6Wb5UX91Y0shG5hz7y9blvrkTge','duylinh@gmail.com','KS Duy Linh','1234565658',NULL,NULL,NULL,NULL,NULL,NULL,'136984',10,5,2,NULL,NULL,1,'2017-03-30 14:52:38','2017-03-30 15:06:26','[\"ROLE_HOTEL_BOSS\"]'),(161,'ksvanthanh','$2y$13$4euNbizdMU2hwb0qiRi6K..B00L5iB3hxPWspCXty7c9hmPQtJ5Dy','vanthanh@gmail.com','KS Vân Thành','225669585',NULL,NULL,NULL,NULL,NULL,NULL,'556897878522',10,5,2,NULL,NULL,1,'2017-03-30 14:54:31','2017-03-30 15:06:24','[\"ROLE_HOTEL_BOSS\"]'),(162,'kskhanhhung','$2y$13$cVyyOS/vuKuRcKwK7.wAw.KA1nEVChp.N2hi4BpzOmYsDo39Rf1Ta','khanhhung@gmail.com','KS Khánh Hưng','233695585',NULL,NULL,NULL,NULL,NULL,NULL,'4598989256',10,5,2,NULL,NULL,1,'2017-03-30 14:59:41','2017-03-30 15:06:21','[\"ROLE_HOTEL_BOSS\"]'),(163,'kschuthapdo','$2y$13$.BU.v0bNFeN9PnvnyCpMoeceEKHVGpwNiuxV7Qls73OR.t/2RqiTa','chuthapdo@gmail.com','KS Chữ Thập Đỏ','22456546546',NULL,NULL,NULL,NULL,NULL,NULL,'6565656546',10,5,2,NULL,NULL,1,'2017-03-30 16:17:34','2017-03-30 16:27:45','[\"ROLE_HOTEL_BOSS\"]'),(164,'ksthangloi','$2y$13$QFm.8Wh3vc4aJ0Ugl.3pTuX2BEXeuhy9OFi3dvw4pDc8vTexcxhaW','thangloi@gmail.com','KS Thắng Lợi','1584255',NULL,NULL,NULL,NULL,NULL,NULL,'49214752',10,5,2,NULL,NULL,1,'2017-03-30 16:19:09','2017-03-30 16:27:42','[\"ROLE_HOTEL_BOSS\"]'),(165,'kstrungthanh','$2y$13$SPSY30UdgkDKEq0fDStqoe7H3M7N/HG7Hvp4uxs24OXvLHSFssaUi','trungthanh@gmail.com','KS Trung Thành','154985',NULL,NULL,NULL,NULL,NULL,NULL,'12365548',10,5,2,NULL,NULL,1,'2017-03-30 16:20:25','2017-03-30 16:27:40','[\"ROLE_HOTEL_BOSS\"]'),(166,'kshoguom','$2y$13$wsNpxMIQa.YWeWT92t1p.emJ/Oi.kMVOHog6xKTmizhbJ4xaRVQl6','hoguom@gmail.com','KS Hồ Gươm','1598268',NULL,NULL,NULL,NULL,NULL,NULL,'15826842',10,5,2,NULL,NULL,1,'2017-03-30 16:22:01','2017-03-30 16:27:38','[\"ROLE_HOTEL_BOSS\"]'),(167,'kschaubinh','$2y$13$urWQnQGNYsKzW97LTRV.ZeZr3RO/sME79Zi8KN5SoX.sOzUBFtWja','chaubinh@gmail.com','KS Châu Bình','1158258',NULL,NULL,NULL,NULL,NULL,NULL,'1558256652',10,5,2,NULL,NULL,1,'2017-03-30 16:22:52','2017-03-30 16:27:35','[\"ROLE_HOTEL_BOSS\"]'),(168,'ksgiabao','$2y$13$VykKqBWdf/bDApcxUpksLOKIZbjUfmQmiy9j0AieFatKqTX5DJ9ae','giabao@gmail.com','KS Gia Bảo','25547852',NULL,NULL,NULL,NULL,NULL,NULL,'126000455',10,5,2,NULL,NULL,1,'2017-03-30 16:23:46','2017-03-30 16:27:33','[\"ROLE_HOTEL_BOSS\"]'),(169,'kshungthinh','$2y$13$puprzdjnnjnmEpo6VkkbAeLn6RTI2Q6i.7AyOyfgzBm7DxiniOpN.','hungthinh@gmail.com','KS Hưng Thịnh','26987292',NULL,NULL,NULL,NULL,NULL,NULL,'1826825',10,5,2,NULL,NULL,1,'2017-03-30 16:24:40','2017-03-30 16:27:31','[\"ROLE_HOTEL_BOSS\"]'),(170,'kshongnamhai','$2y$13$KJVe1M23h3kKZJP6gdqLBO7DRO9iV4NzqM6cgoTQQZLpgZiSbRT7a','hongnamhai@gmail.com','KS Hồng Nam Hải','125895485',NULL,NULL,NULL,NULL,NULL,NULL,'12366588',10,5,2,NULL,NULL,1,'2017-03-30 16:26:22','2017-03-31 15:24:55','[\"ROLE_HOTEL_BOSS\"]'),(171,'kstuyenchau','$2y$13$SCde8Y75.EPp2JMsrPxqc.DLk5YpT6a5mt1o0.D3F425x.oglnQs.','tuyenchau@gmail.com','KS Tuyền Châu','133221596',NULL,NULL,NULL,NULL,NULL,NULL,'16879200',10,5,2,NULL,NULL,1,'2017-03-30 16:29:18','2017-03-31 15:24:59','[\"ROLE_HOTEL_BOSS\"]'),(172,'ksleloi','$2y$13$nlfdVbsKaCRiopeT7oZyzeFgbZ1CVP.K2WKpxaGpnS/lYfOcny9AO','leloi@gmail.com','KS Lê Lợi','26592256',NULL,NULL,NULL,NULL,NULL,NULL,'18226692',10,5,2,NULL,NULL,1,'2017-03-30 16:30:12','2017-03-31 15:25:02','[\"ROLE_HOTEL_BOSS\"]'),(173,'ngoctrai26','$2y$13$u9YQkwjQ3FSh1/5OJAxxZuzaNTcSA4lxFbsTe.ZcVHtDxm8QBI.3u','ngoctrai26@gmail.com','Ngoc Trai 26','2155445874',NULL,NULL,NULL,NULL,NULL,NULL,'3265694865',10,5,2,NULL,NULL,1,'2017-03-31 15:16:46','2017-03-31 15:25:05','[\"ROLE_HOTEL_BOSS\"]'),(174,'ngoctrai260','$2y$13$EKG/WhISh01F2W2ZQxGKnOfZrNZlz9Sa5M7o6w1gAAAnqdf8mGex6','ngoctrai260@gmail.com','NT Ngoc Trai 26','69568455',NULL,NULL,NULL,NULL,NULL,NULL,'366569896',10,5,2,NULL,NULL,1,'2017-03-31 15:25:23','2017-03-31 15:25:39','[\"ROLE_RECEIPTION\"]'),(175,'ksphuongdong','$2y$13$Ii2p1W.QCcLXc/anLIQczunn7nd97smN4eQTsAQwivelIt4b6kKo2','phuongdong@gmail.com','KS Phương Đông','33456788',NULL,NULL,NULL,NULL,NULL,NULL,'467887500',10,5,2,NULL,NULL,1,'2017-03-31 16:22:33','2017-03-31 16:23:01','[\"ROLE_HOTEL_BOSS\"]'),(176,'ksminhhanh','$2y$13$iLMSF7OkeA89OkU10XcnbeguCiDslWRQeHOuUO.OhIMmve.CyMP/2','minhhanh@gmail.com','KS Minh Hạnh','4467844488',NULL,NULL,NULL,NULL,NULL,NULL,'6789033',10,5,2,NULL,NULL,1,'2017-03-31 16:32:07','2017-03-31 16:32:21','[\"ROLE_HOTEL_BOSS\"]');
/*!40000 ALTER TABLE `user` ENABLE KEYS */;
UNLOCK TABLES;
/*!40103 SET TIME_ZONE=@OLD_TIME_ZONE */;

/*!40101 SET SQL_MODE=@OLD_SQL_MODE */;
/*!40014 SET FOREIGN_KEY_CHECKS=@OLD_FOREIGN_KEY_CHECKS */;
/*!40014 SET UNIQUE_CHECKS=@OLD_UNIQUE_CHECKS */;
/*!40101 SET CHARACTER_SET_CLIENT=@OLD_CHARACTER_SET_CLIENT */;
/*!40101 SET CHARACTER_SET_RESULTS=@OLD_CHARACTER_SET_RESULTS */;
/*!40101 SET COLLATION_CONNECTION=@OLD_COLLATION_CONNECTION */;
/*!40111 SET SQL_NOTES=@OLD_SQL_NOTES */;

-- Dump completed on 2017-03-31 17:59:26
