-- MySQL dump 10.13  Distrib 5.7.17, for Linux (x86_64)
--
-- Host: localhost    Database: bookingroom
-- ------------------------------------------------------
-- Server version	5.7.17

/*!40101 SET @OLD_CHARACTER_SET_CLIENT=@@CHARACTER_SET_CLIENT */;
/*!40101 SET @OLD_CHARACTER_SET_RESULTS=@@CHARACTER_SET_RESULTS */;
/*!40101 SET @OLD_COLLATION_CONNECTION=@@COLLATION_CONNECTION */;
/*!40101 SET NAMES utf8 */;
/*!40103 SET @OLD_TIME_ZONE=@@TIME_ZONE */;
/*!40103 SET TIME_ZONE='+00:00' */;
/*!40014 SET @OLD_UNIQUE_CHECKS=@@UNIQUE_CHECKS, UNIQUE_CHECKS=0 */;
/*!40014 SET @OLD_FOREIGN_KEY_CHECKS=@@FOREIGN_KEY_CHECKS, FOREIGN_KEY_CHECKS=0 */;
/*!40101 SET @OLD_SQL_MODE=@@SQL_MODE, SQL_MODE='NO_AUTO_VALUE_ON_ZERO' */;
/*!40111 SET @OLD_SQL_NOTES=@@SQL_NOTES, SQL_NOTES=0 */;

--
-- Table structure for table `area`
--

DROP TABLE IF EXISTS `area`;
/*!40101 SET @saved_cs_client     = @@character_set_client */;
/*!40101 SET character_set_client = utf8 */;
CREATE TABLE `area` (
  `id` int(11) NOT NULL AUTO_INCREMENT,
  `name` varchar(45) NOT NULL COMMENT 'BAI A, BAI B, BAI C, BAI D, UNKNOWN',
  `image` varchar(255) DEFAULT NULL,
  PRIMARY KEY (`id`)
) ENGINE=InnoDB AUTO_INCREMENT=7 DEFAULT CHARSET=utf8;
/*!40101 SET character_set_client = @saved_cs_client */;

--
-- Dumping data for table `area`
--

LOCK TABLES `area` WRITE;
/*!40000 ALTER TABLE `area` DISABLE KEYS */;
INSERT INTO `area` VALUES (1,'Bãi A','bai-a.jpg'),(2,'Bãi B','bai-b.jpg'),(3,'Bãi C','bai-c.jpg'),(4,'Bãi D','bai-d.gif'),(5,'FLC','bai-flc.jpg'),(6,'VẠN CHÀI','bai-vanchai.jpg');
/*!40000 ALTER TABLE `area` ENABLE KEYS */;
UNLOCK TABLES;

--
-- Table structure for table `billing`
--

DROP TABLE IF EXISTS `billing`;
/*!40101 SET @saved_cs_client     = @@character_set_client */;
/*!40101 SET character_set_client = utf8 */;
CREATE TABLE `billing` (
  `id` int(11) NOT NULL,
  `code` varchar(45) NOT NULL,
  `create_date` datetime NOT NULL,
  `processed_date` varchar(45) DEFAULT NULL,
  `status` enum('OPEN','ACCEPTED','CANCELLED') NOT NULL DEFAULT 'OPEN',
  `reason` varchar(255) DEFAULT NULL,
  `amount` varchar(45) DEFAULT NULL,
  `type` enum('DEBIT','CREDIT') DEFAULT NULL,
  `user_id` int(11) NOT NULL,
  PRIMARY KEY (`id`),
  KEY `fk_billing_user1_idx` (`user_id`),
  CONSTRAINT `fk_billing_user1` FOREIGN KEY (`user_id`) REFERENCES `user` (`id`) ON DELETE NO ACTION ON UPDATE NO ACTION
) ENGINE=InnoDB DEFAULT CHARSET=utf8;
/*!40101 SET character_set_client = @saved_cs_client */;

--
-- Dumping data for table `billing`
--

LOCK TABLES `billing` WRITE;
/*!40000 ALTER TABLE `billing` DISABLE KEYS */;
/*!40000 ALTER TABLE `billing` ENABLE KEYS */;
UNLOCK TABLES;

--
-- Table structure for table `client`
--

DROP TABLE IF EXISTS `client`;
/*!40101 SET @saved_cs_client     = @@character_set_client */;
/*!40101 SET character_set_client = utf8 */;
CREATE TABLE `client` (
  `id` int(11) NOT NULL AUTO_INCREMENT,
  `name` varchar(45) NOT NULL,
  `email` varchar(255) DEFAULT NULL,
  `phone` varchar(45) NOT NULL,
  PRIMARY KEY (`id`)
) ENGINE=InnoDB AUTO_INCREMENT=22 DEFAULT CHARSET=utf8;
/*!40101 SET character_set_client = @saved_cs_client */;

--
-- Dumping data for table `client`
--

LOCK TABLES `client` WRITE;
/*!40000 ALTER TABLE `client` DISABLE KEYS */;
INSERT INTO `client` VALUES (1,'Nguyen Client',NULL,'1234'),(2,'xxxx',NULL,'xxxxx'),(3,'1111',NULL,'1111111'),(4,'Nguyen Van Test',NULL,'0903258221'),(5,'Tuan Nhu',NULL,'123456789'),(6,'xxx',NULL,'xxx'),(7,'Abc',NULL,'0988776655'),(8,'Trần Văn Tới','dtrantri.fr@gmail.com','0988744323'),(9,'Nguyễn văn tuyển',NULL,'0123884112'),(10,'Nguyễn Văn Cường','cuonggtth06@gmail.com','0915228339'),(11,'Phan Mậu Yên','phanyenst@gmail.com','094509949'),(12,'Trần Thị Hằng','tranhang@gmail.com','012346783'),(13,'Due',NULL,'7777788'),(14,'Yyyyyu',NULL,'999999'),(15,'Khách hàng',NULL,'0933221883'),(16,'ABC',NULL,'123123123'),(17,'Nguyễn Văn Cường','lebinhpvl@gmail.com','0988092233'),(18,'Abbcc',NULL,'123456789'),(19,'Nguyen van a',NULL,'0988448844'),(20,'Nguyen Thi Hoa',NULL,'0916974838'),(21,'Nguyễn Thị Lụa','dtrantri.fr@gmail.com','0163567734');
/*!40000 ALTER TABLE `client` ENABLE KEYS */;
UNLOCK TABLES;

--
-- Table structure for table `hotel`
--

DROP TABLE IF EXISTS `hotel`;
/*!40101 SET @saved_cs_client     = @@character_set_client */;
/*!40101 SET character_set_client = utf8 */;
CREATE TABLE `hotel` (
  `id` int(11) NOT NULL AUTO_INCREMENT,
  `name` varchar(255) NOT NULL,
  `address` varchar(255) NOT NULL,
  `boss_id` int(11) NOT NULL,
  `hotel_type_id` int(11) NOT NULL,
  `create_date` datetime NOT NULL,
  `update_date` datetime DEFAULT NULL,
  `is_active` int(11) NOT NULL DEFAULT '1',
  `reception_id` int(11) DEFAULT NULL,
  `area_id` int(11) NOT NULL,
  `total_room` int(11) NOT NULL,
  `see_distance` int(11) DEFAULT '0' COMMENT 'Cách biển bao nhiêu mét',
  `price` float DEFAULT NULL,
  `discount_price` float DEFAULT NULL,
  `check_in_hour` time DEFAULT NULL,
  `check_out_hour` time DEFAULT NULL,
  `description` text,
  `short_description` text,
  `default_img_url` varchar(1000) DEFAULT NULL,
  `folder_photo` varchar(255) DEFAULT NULL,
  PRIMARY KEY (`id`),
  KEY `fk_hotel_user1_idx` (`boss_id`),
  KEY `fk_hotel_hotel_type1_idx` (`hotel_type_id`),
  KEY `fk_hotel_area1_idx` (`area_id`),
  CONSTRAINT `fk_hotel_area1` FOREIGN KEY (`area_id`) REFERENCES `area` (`id`) ON DELETE NO ACTION ON UPDATE NO ACTION,
  CONSTRAINT `fk_hotel_hotel_type1` FOREIGN KEY (`hotel_type_id`) REFERENCES `hotel_type` (`id`) ON DELETE NO ACTION ON UPDATE NO ACTION,
  CONSTRAINT `fk_hotel_user1` FOREIGN KEY (`boss_id`) REFERENCES `user` (`id`) ON DELETE NO ACTION ON UPDATE NO ACTION
) ENGINE=InnoDB AUTO_INCREMENT=22 DEFAULT CHARSET=utf8;
/*!40101 SET character_set_client = @saved_cs_client */;

--
-- Dumping data for table `hotel`
--

LOCK TABLES `hotel` WRITE;
/*!40000 ALTER TABLE `hotel` DISABLE KEYS */;
INSERT INTO `hotel` VALUES (1,'Khách sạn Vạn Chài Resort','Quang Cu Commune, Sam Son Beach, Thanh Hoa / Sam Son Beach',17,4,'2017-02-25 00:00:00','2017-03-28 22:39:18',1,3,6,80,0,1500000,1320000,'01:14:00','23:14:00','<p style=\"color: rgb(90, 28, 24); font-family: Tahoma; font-size: 12px;\"><font face=\"Tahoma\" size=\"2\" color=\"#5D1D1D\">Chào mừng Quý khách đến với Vạn Chài Resort, một thiên đường thanh bình nằm trên bãi biển Sầm Sơn. Vạn Chài Resort mang nét quyến rũ cổ điển hài hoà với tiện nghi sang trọng và dịch vụ thân thiện.<br><br>Vạn Chài không chỉ ấn tượng với du khách ở ngay lối vào chính, mang nét kiến trúc Colonial của Pháp mà còn ghi dấu ấn về chất lượng dịch vụ chu đáo, chuyên nghiệp.<br><br>Đối với nhiều du khách, vẻ đẹp của Vạn Chài Resort, phòng ốc, tiện nghi và các món ăn ngon đã trở thành những kỷ niệm đẹp khó quên để họ ghé thăm thêm một lần, một lần nữa.&nbsp;<br><br></font></p><p style=\"color: rgb(90, 28, 24); font-family: Tahoma; font-size: 12px; text-align: justify;\"><font size=\"2\" color=\"#5D1D1D\">Qua quá trình hoạt động và được sự ủng hộ của đông đảo của quý khách, ngày 10-6-2012, Vạn Chài Resort đã được Best Resort Việt Nam vinh danh với vị trí thứ 16 trên tổng số hơn 178 Resort tại Việt Nam.</font></p><p style=\"color: rgb(90, 28, 24); font-family: Tahoma; font-size: 12px; text-align: justify;\"><img src=\"http://www.vanchai-vn.com/image/vanchailoc16.jpg\" style=\"width: 550px;\"><font size=\"2\" color=\"#5D1D1D\"><br></font></p>','Chào mừng Quý khách đến với Vạn Chài Resort, một thiên đường thanh bình nằm trên bãi biển Sầm Sơn. Vạn Chài Resort mang nét quyến rũ cổ điển hài hoà với tiện nghi sang trọng và dịch vụ thân thiện.\r\n\r\nVạn Chài không chỉ ấn tượng với du khách ở ngay lối vào chính, mang nét kiến trúc Colonial của Pháp mà còn ghi dấu ấn về chất lượng dịch vụ chu đáo, chuyên nghiệp.','255243_15061017260029188085.jpg','boss1_58d45dc34c94e'),(2,'Khách sạn Dragon','43 Đường Hồ Xuân Hương, Phường Trường Sơn, Sầm Sơn , Thanh Hoá',9,5,'2017-02-25 00:00:00','2017-03-25 01:22:42',1,4,2,120,0,650000,590000,'01:19:00','23:19:00','<p style=\"font-family: &quot;Open Sans&quot;, sans-serif; font-size: 13px; color: rgb(51, 51, 51);\">Khách sạn Dragon Sea là khách sạn đạt tiêu chuẩn quốc tế 4 sao tại Sầm Sơn, với hệ thống phòng nghỉ cao cấp gồm 100 phòng hướng biển, được trang bị đầy đủ cơ sở vật chất hiện đại theo phong chách Châu Âu. Nhà hàng Golden Phoenix thiết kế hiện đại sức chứa 1.000 khách, các món ẩm thực đặc sắc trong khu vực, cùng thực đơn À la carrte phong phú các món ăn Âu, Việt sẽ làm hài lòng thị hiếu ẩm thực của Quý khách.</p><p style=\"font-family: &quot;Open Sans&quot;, sans-serif; font-size: 13px; color: rgb(51, 51, 51);\">Quý khách có thể thư giãn thưởng thức các loại món ăn, thức uống phong phú đa đạng tại Galaxy Bar với sức chứa lên tới 500 khách.</p><p style=\"font-family: &quot;Open Sans&quot;, sans-serif; font-size: 13px; color: rgb(51, 51, 51);\">Lounge Bar là điểm hẹn sang trọng, lịch sự và ấm cúng.</p><p style=\"font-family: &quot;Open Sans&quot;, sans-serif; font-size: 13px; color: rgb(51, 51, 51);\">Hệ thống các phòng họp đa năng với sức chứa lên đến 400 khách, trang thiết bị chuyên dung hiện đại, là cơ sở để đáp ứng đầy đủ nhất các sự kiện, hội nghị, hội thảo liên hoan, tiệc cưới, sinh nhật…</p><p style=\"font-family: &quot;Open Sans&quot;, sans-serif; font-size: 13px; color: rgb(51, 51, 51);\">Bên cạnh đó cùng với các dịch vụ thư giãn, giải trí bao gồm: Phòng Gym, Spa, bể bơi… chúng tôi chắc chắn sẽ mang đến cho Quý vị những trải nghiệm thú vị.</p>','Khách sạn Dragon Sea là khách sạn đạt tiêu chuẩn quốc tế 4 sao tại Sầm Sơn, với hệ thống phòng nghỉ cao cấp gồm 100 phòng hướng biển, được trang bị đầy đủ cơ sở vật chất hiện đại theo phong chách Châu Âu. Nhà hàng Golden Phoenix thiết kế hiện đại sức chứa 1.000 khách, các món ẩm thực đặc sắc trong khu vực, cùng thực đơn À la carrte phong phú các món ăn Âu, Việt sẽ làm hài lòng thị hiếu ẩm thực của Quý khách.','cdv1392283063_khach-san-fortuna-ha-noi.jpg','boss2_58d3ccd8d1c97'),(3,'Khách sạn Hoa Hồng I','Địa chỉ: Số 35 Bãi tắm A – Đường Hồ Xuân Hương – TX. Sầm Sơn',10,2,'2017-02-25 00:00:00','2017-03-25 01:27:46',1,5,1,60,0,600000,450000,'01:22:00','23:22:00','<div style=\"font-family: Arial; font-size: 12px; text-align: center;\"><font size=\"4\"><b>Vị trí tại bãi tắm A, mặt biển đường Hồ Xuân Hương với 105 phòng nghỉ đầy đủ tiện nghi sẽ đem lại cho quý khách được sự thoải mái cho trong kỳ nghỉ ngơi của mình tại khách sạ</b>n.</font></div><div style=\"font-family: Arial; font-size: 12px; text-align: center;\"><font size=\"4\"></font>&nbsp;</div><div style=\"font-family: Arial; font-size: 12px; text-align: center;\"><strong><font size=\"4\">Tổng thể khách sạn Hoa Hồng 1 Sầm Sơn</font></strong></div><div style=\"font-family: Arial; font-size: 12px; text-align: center;\"><strong><font size=\"4\"><br></font></strong></div><div style=\"font-family: Arial; font-size: 12px; text-align: center;\"><strong><font size=\"4\" color=\"#ff0000\">KHÁCH SẠN MẶT BIỂN SẦM SƠN</font></strong></div><div style=\"text-align: left; font-family: Arial; font-size: 12px;\"><strong><font size=\"4\" color=\"#ff0000\"><br></font></strong></div><div style=\"text-align: left; font-family: Arial; font-size: 12px;\"><span style=\"font-family: Arial, Helvetica, sans-serif; font-size: 13px; text-align: justify; background-color: rgb(223, 242, 254);\"><strong>Khách sạn Hoa Hồng&nbsp;1&nbsp;Sầm Sơn</strong>&nbsp;là khách sạn đạt tiêu chuẩn 2 sao. Đây là một trong những&nbsp;<a href=\"https://samson.org.vn/\" target=\"_blank\" style=\"color: rgb(255, 160, 58);\"><em><strong>Khách sạn Sầm Sơn</strong></em></a>&nbsp;có mức giá cả bình dân, chất lượng phục vụ tốt, có vị trí tiện lợi cho du khách lui tới các khu du lịch, trung tâm mua sắm. Khách sạn Hoa Hồng 1 Sầm Sơn chắc chắn sẽ mang đến cho du khách một chuyến thăm quan trọn vẹn và &nbsp;nhiều niềm vui.</span><span style=\"color: rgb(94, 127, 150); font-family: Arial, Helvetica, sans-serif; font-size: 13px; text-align: justify; background-color: rgb(223, 242, 254);\">&nbsp;</span></div><div style=\"text-align: left; font-family: Arial; font-size: 12px;\"><span style=\"color: rgb(94, 127, 150); font-family: Arial, Helvetica, sans-serif; font-size: 13px; text-align: justify; background-color: rgb(223, 242, 254);\"><br></span></div><div style=\"text-align: left; font-family: Arial; font-size: 12px;\"><h2 style=\"font-family: Arial, Helvetica, sans-serif; color: rgb(68, 68, 68); font-size: 20px;\"><span style=\"font-size: 12pt; color: rgb(0, 0, 255);\"><b>Thông tin về khách sạn Hoa Hồng 1 Sầm Sơn:</b></span></h2><ul style=\"padding-left: 20px; color: rgb(68, 68, 68); font-family: Arial, Helvetica, sans-serif; font-size: 13px;\"><li><strong>Khách sạn &nbsp;Hoa Hồng 1 Sầm Sơn</strong>&nbsp;có vị trí khá đẹp khi nằm ngay trên khu phố lớn Triệu Quốc Đạt &nbsp;( Cơ sở 1) và &nbsp;khu phố Hồ Xuân Hương ( Cơ sở 2)với tổng thể diện tích lên tới hơn 5000 m2</li><li>Khách sạn có chất lượng phục vụ uy tin đảm bảo với hệ thống cơ sở hạ tầng hiện đại được trang bị đồng bộ</li><li>Đội ngũ nhân viên của&nbsp;<strong>khách sạn Hoa Hồng 1 Sầm Sơn</strong>&nbsp;đều được đào tạo chuyên nghiệp qua các lớp học về nhà hàng &nbsp;ở&nbsp;<a href=\"https://samson.org.vn/\" target=\"_blank\" style=\"color: rgb(255, 160, 58);\"><em><strong>Sầm Sơn</strong></em></a></li><li>Khách sạn mang lợi nhiều thoải mái ở chất lượng phục vụ, không gian nghỉ ngơi thư giãn đa dạng với các phòng chức năng : karaoke, matsa, phòng tăm xông hơi…</li><li>Trong mỗi phòng nghỉ của<strong>&nbsp;khách sạn Hoa Hồng 1 Sầm Sơn</strong>&nbsp;đều được lắp đặt tivi, các thiết bị tiện nghi giải trí, đặc biệt cả khách sạn được phủ sóng wifi miễn phí.</li><li>Phòng ăn lớn với đầu bếp giỏi&nbsp;có phục vụ các món ăn Hải Sản tươi sống với hương vị tuyệt ngon.</li></ul><h2 style=\"font-family: Arial, Helvetica, sans-serif; color: rgb(68, 68, 68); font-size: 20px;\"><span style=\"font-size: 12pt; color: rgb(0, 0, 255);\"><b>Ví trí của khách sạn Hoa Hồng 1 Sầm Sơn:</b></span></h2><ul style=\"padding-left: 20px; color: rgb(68, 68, 68); font-family: Arial, Helvetica, sans-serif; font-size: 13px;\"><li>Địa chỉ : Số 35 – Bãi A – Đường Hồ Xuân Hương – TX. Sầm Sơn – Tỉnh Thanh Hóa, Thanh Hóa</li></ul><h2 style=\"font-family: Arial, Helvetica, sans-serif; color: rgb(68, 68, 68); font-size: 20px;\"><span style=\"font-size: 12pt; color: rgb(0, 0, 255);\"><b>Bảng giá phòng khách sạn Hoa Hồng 1 Sầm Sơn:</b></span></h2><p style=\"text-align: justify; color: rgb(68, 68, 68); font-family: Arial, Helvetica, sans-serif; font-size: 13px;\">Với uy tín nhiều năm phục vụ và mục tiêu hướng tới đem lại sự thoải mái tối đa với mức giá thấp nhất như sau:</p><ul style=\"padding-left: 20px; color: rgb(68, 68, 68); font-family: Arial, Helvetica, sans-serif; font-size: 13px;\"><li>Phòng đơn thường giao động từ : 200.000đ &nbsp;đến 350.000đ / phòng -ngày/đêm</li><li>Phòng đơn VIP gia động từ : 500.000đ &nbsp;đến 700.000đ/ phòng – ngày/đêm</li><li>Phòng đôi thường giao động từ: &nbsp;650.000đ đến 800.000đ/phòng – ngày/đêm</li><li>Phòng đôi VIP với giá giao động từ : 800.000đ đến 1.000.000đ/phòng – ngày/đêm</li></ul><p style=\"text-align: justify; color: rgb(68, 68, 68); font-family: Arial, Helvetica, sans-serif; font-size: 13px;\">Lưu ý :</p><ul style=\"padding-left: 20px; color: rgb(68, 68, 68); font-family: Arial, Helvetica, sans-serif; font-size: 13px;\"><li>Giá phòng sẽ có sự thay đổi phụ thuộc vào vị trí và view của phòng</li><li>Trong các ngày thứ 7, chủ nhật hoặc các dịp lễ Tết, giá phòng có thể cao hơn từ 200.000đ đến 300.000đ</li></ul><strong><font size=\"4\" color=\"#ff0000\"><br></font></strong></div>','Khách sạn Hoa Hồng Sầm Sơn có Nhà ăn rộng rãi, thoáng mát, bố trí khoa học và hợp lý từ khâu chế biến, đặt bàn đến khu ăn uống.\r\n\r\nKhách sạn Hoa Hồng Sầm Sơn còn có nhà ăn phục vụ mọi yêu cầu của khách, ăn tập trung,ăn tiệc, ăn theo thực đơn, từng món ăn tại nhà ăn.','x-n-phuong-lien-dong-da-hn-92-khachsan-x-hoa-hong-hotel-hoa-hong-hotel-202-29-1363320660.jpg','admin_58d514c17b9aa'),(4,'Khách sạn Lê Lợi','111 Thanh Niên',11,6,'2017-02-25 00:00:00','2017-03-30 13:58:23',0,6,3,108,100,800000,599000,'01:28:00','23:28:00','<h2 style=\"font-family: Arial, Helvetica, sans-serif; color: rgb(68, 68, 68); font-size: 20px;\"><span style=\"font-size: 12pt; color: rgb(0, 0, 255);\"><strong>Thông tin về khách sạn Lê Lợi Sầm Sơn:</strong></span></h2><ul style=\"padding-left: 20px; color: rgb(68, 68, 68); font-family: Arial, Helvetica, sans-serif; font-size: 13px;\"><li>Khách sạn Lê Lợi Sầm Sơn nằm ở trung tâm thành phố du lịch, gần bãi biển Sầm Sơn. 5 phút đi xe là bạn tới ngay được bãi biển Sầm Sơn nổi tiếng của Thanh Hóa.</li><li>Các phòng nghỉ được thiết kế hiện đại với hệ thống ánh sáng ấm áp. Nghỉ ngơi tại đây bạn sẽ có những giây phút vô cùng thư giãn cùng gia đình và người thân.</li><li>Khách sạn Lê Lợi là một trong những khách sạn lớn với 5 tầng thang máy với 93 phòng nghỉ. Trang thiết bị trong phòng đều đầy đủ, tiện nghi như vòi hoa sen, tivi, điều hòa,tủ đồ ăn uống nhẹ…làm hài lòng những vị khách khó tính nhất.</li><li>Hệ thống các thiệt bị wifi quanh khu vực khách sạn đều được lắp đặt chu đáo, cùng với đó là các dịch vụ phòng hút thuốc, dịch vụ giặt là…</li><li>Khách hàng thỏa sức tận hưởng những giây phút thỏa mái tại khách sạn sau một ngày đi chơi mệt nhoài. Khách sạn Lê Lợi chứa bể bơi, sân tennis, vườn hoa, truyền hình vệ tinh, minibar, điện thoại, cửa hàng lưu niệm, phòng hội nghị, phòng họp, nhà hàng, quầy bar…phục vụ tận tình nhất.</li></ul><h2 style=\"font-family: Arial, Helvetica, sans-serif; color: rgb(68, 68, 68); font-size: 20px;\"><span style=\"font-size: 12pt; color: rgb(0, 0, 255);\"><strong>Vị trí của khách sạn Lê Lợi Sầm Sơn:</strong></span></h2><ul style=\"padding-left: 20px; color: rgb(68, 68, 68); font-family: Arial, Helvetica, sans-serif; font-size: 13px;\"><li>Địa chỉ: số 2, đường Lê Lợi, , p.Trường Sơn, thị xã Sầm Sơn, tỉnh Thanh Hóa.</li><li>Hotline: 0373821327 – 037 3821 120</li></ul><h2 style=\"font-family: Arial, Helvetica, sans-serif; color: rgb(68, 68, 68); font-size: 20px;\"><span style=\"font-size: 12pt; color: rgb(0, 0, 255);\"><strong>Bảng giá phòng khách sạn Lê Lợi Sầm Sơn:</strong></span></h2><ul style=\"padding-left: 20px; color: rgb(68, 68, 68); font-family: Arial, Helvetica, sans-serif; font-size: 13px;\"><li>Phòng single: 316.000 đồng ( có bữa sáng)</li><li>Phòng double: 395.000 đồng( có bữa sáng)</li><li>Lưu ý: Giá vé cập nhật đến thời điểm hiện tại.</li><li>Chính sách hủy:</li></ul><p style=\"text-align: justify; color: rgb(68, 68, 68); font-family: Arial, Helvetica, sans-serif; font-size: 13px;\">– &nbsp;Đối với các đơn phòng nhỏ hơn 5 phòng:</p><ul style=\"padding-left: 20px; color: rgb(68, 68, 68); font-family: Arial, Helvetica, sans-serif; font-size: 13px; list-style-type: square;\"><li>Không tính phí hủy nếu khách hàng báo trước 07 ngày (tính từ ngày đến).</li><li>Tính phí 50% tổng số tiền đặt phòng nếu khách hàng báo trước 03-07 ngày (tính từ ngày đến).</li><li>&nbsp;Tính phí 100% tổng số tiền đặt phòng nếu khách hàng hủy đặt phòng dưới 03 ngày (tính từ ngày đến).</li></ul><p style=\"text-align: justify; color: rgb(68, 68, 68); font-family: Arial, Helvetica, sans-serif; font-size: 13px;\">Đối với đơn phòng từ 5 phòng trở lên</p><ul style=\"padding-left: 20px; color: rgb(68, 68, 68); font-family: Arial, Helvetica, sans-serif; font-size: 13px; list-style-type: square;\"><li>Không tính phí hủy nếu khách hàng báo trước 15 ngày (tính từ ngày đến).</li><li>Tính phí 50% tổng số tiền đặt phòng nếu khách hàng báo trước 07-15 ngày (tính từ ngày đến).</li><li>Tính phí 100% tổng số tiền đặt phòng nếu khách hàng hủy đặt phòng dưới 07 ngày (tính từ ngày đến).</li></ul><h2 style=\"font-family: Arial, Helvetica, sans-serif; color: rgb(68, 68, 68); font-size: 20px;\"><span style=\"font-size: 12pt; color: rgb(0, 0, 255);\"><strong>Giá dịch vụ ăn uống tại khách sạn Lê Lợi Sầm Sơn:</strong></span></h2><ul style=\"padding-left: 20px; color: rgb(68, 68, 68); font-family: Arial, Helvetica, sans-serif; font-size: 13px;\"><li>Quý khách đặt phòng sẽ có kèm theo bữa sáng. Những bữa ăn khác trong ngày quý khách có thể xuống nhà hàng của khách sạn để gọi những món ăn ưa thích.</li><li>Qúy khách đi đoàn 100 người trở lên phải báo trước cho lễ tân, để nhân viên nhà hàng chuẩn bị đồ ăn một cách chu đáo nhất.</li></ul>','Khách sạn Lê Lợi Sầm Sơn Thanh Hóa nằm trên đường Lê Lợi, phường Trường Sơn, thị xã Sầm Sơn, tỉnh Thanh Hóa. Cách ga Thanh Hóa 18km, đây là điểm dừng chân lý tưởng cho du khách khi đi du lịch hay công tác tại Sầm Sơn. Khách sạn đạt tiêu chuẩn quốc tế 2 sao với hệ thống lên tới 93 phòng nghỉ được lắp đặt trang thiết bị đầy đủ, tiện nghi.','z581457883374-khach-san-bao-son-international-ha-noi.jpg','boss4_58d3cf586904b'),(5,'Khách sạn Công Đoàn','SỐ 02 BÀ TRIỆU – BẮC SƠN – SẦM SƠN - THANH HOÁ',12,4,'2017-02-25 00:00:00','2017-03-25 01:39:20',1,7,2,80,200,550000,399000,'08:00:00','23:00:00','<p style=\"font-family: Roboto, sans-serif; font-size: 13px; text-align: center;\"><span style=\"font-size: 14px;\">Khách sạn Du lịch – Dịch vụ Công Đoàn Thanh Hóa vẫn giữ giá sinh hoạt ăn, nghỉ phù hợp với tình hình thực tế của từng cơ quan đơn vị.</span></p><p style=\"font-family: Roboto, sans-serif; font-size: 13px; text-align: center;\"><span style=\"font-size: 14px;\"><strong>Giá đặt dịch vụ ăn, nghỉ hè năm 2016</strong></span></p><p style=\"font-family: Roboto, sans-serif; font-size: 13px; text-align: center;\"><span style=\"font-size: 14px;\"><strong>Chú ý: Giá phòng chưa bao gồm thuế GTGT</strong></span></p><p style=\"font-family: Roboto, sans-serif; font-size: 13px;\"><br><span style=\"font-size: 14px;\"><em><strong>Ghi chú:</strong>&nbsp;Thời gian tính 1 ngày: Từ 13 h ngày hôm trước đến 12 h ngày hôm sau .<br>- &nbsp; &nbsp;Đầu tuần: &nbsp; &nbsp; &nbsp; &nbsp; &nbsp; &nbsp; &nbsp; Từ 13 h từ chủ nhật đến 12 h ngày thứ 5.<br>- &nbsp; &nbsp;Cuối tuần: &nbsp; &nbsp; &nbsp; &nbsp; &nbsp; &nbsp; &nbsp;Từ 13 h từ thứ 5 đến 12 h ngày chủ nhật.<br>Báo giá trên không áp dụng cho dịp nghỉ lễ và khai trương.</em></span><br><br><br><span style=\"font-size: 14px;\">&nbsp; &nbsp; &nbsp; &nbsp; &nbsp;Ngoài ra nhà ăn phục vụ mọi yêu cầu của khách, ăn tập trung, ăn tiệc, ăn theo thực đơn từng món tại nhà ăn. Nếu quí khách có nhu cầu phục vụ tại phòng nghỉ thu thêm 10% phí phục vụ.<br>III. Các dịch vụ khác: Hội trường, hội nghị, hội thảo, giặt là, thuê ôtô, điện thoại, Massage, karaoke… Khách thanh toán trực tiếp cho các dịch vụ. &nbsp; &nbsp; &nbsp; &nbsp; &nbsp;&nbsp;</span><br>&nbsp;</p><p style=\"font-family: Roboto, sans-serif; font-size: 13px; text-align: center;\"><span style=\"font-size: 18px;\"><span style=\"font-size: 15px !important; color: rgb(0, 0, 205);\"><strong>KHÁCH SẠN CÔNG ĐOÀN THANH HÓA SẦM SƠN</strong><br><strong>Thuộc: Công ty TNHH Khách sạn DL - DV Công Đoàn Thanh Hóa<br>Số 02, đường Bà Triệu, p. Bắc Sơn, TX Sầm Sơn, Tỉnh Thanh Hóa</strong></span></span><br>&nbsp;</p><p style=\"font-family: Roboto, sans-serif; font-size: 13px; text-align: center;\"><span style=\"font-size: 18px;\"><span style=\"font-size: 15px !important; color: rgb(0, 0, 205);\"><strong>ĐIỆN THOẠI :</strong></span><span style=\"font-size: 15px !important; color: rgb(255, 0, 0);\"><strong>&nbsp;037.3821.373</strong></span></span></p><p style=\"font-family: Roboto, sans-serif; font-size: 13px; text-align: center;\"><span style=\"font-size: 18px;\"><span style=\"font-size: 15px !important; color: rgb(0, 0, 205);\"><strong>Mobile: &nbsp;</strong></span><span style=\"font-size: 15px !important; color: rgb(255, 0, 0);\"><strong>0914.469.117 - 0962.118.789</strong></span></span><br><br><span style=\"font-size: 15px !important; color: rgb(0, 0, 205);\"><span style=\"font-size: 14px;\"><strong>Web: www.samson.vn - Email :&nbsp;</strong></span></span><span style=\"font-size: 15px !important; color: rgb(255, 0, 0);\"><span style=\"font-size: 14px;\"><strong>lehuongkscd@gmail.com</strong></span></span><br>&nbsp;</p><p style=\"font-family: Roboto, sans-serif; font-size: 13px; text-align: center;\"><span style=\"font-size: 15px !important; color: rgb(0, 0, 205);\"><span style=\"font-size: 14px;\"><strong>QUÝ KHÁCH ĐẶT PHÒNG XIN GỬI VÀO TÀI KHOẢN:</strong></span></span></p><p style=\"font-family: Roboto, sans-serif; font-size: 13px; text-align: center;\"><span style=\"font-size: 15px !important; color: rgb(0, 0, 205);\"><span style=\"font-size: 14px;\"><strong>STK:&nbsp;102010000379555<br>Tại: Ngân hàng Công Thương Việt Nam&nbsp;<br>Chi nhánh Sầm Sơn - Thanh Hóa.<br>Người thụ hưởng: Công ty TNHH Khách sạn du lịch dịch vụ Công đoàn Thanh Hóa.</strong></span></span></p><p style=\"font-family: Roboto, sans-serif; font-size: 13px; text-align: center;\"><br><span style=\"font-size: 20px;\"><span style=\"font-size: 15px !important; color: rgb(0, 128, 0);\"><strong>KHÁCH SẠN CÔNG ĐOÀN THANH HÓA SẦM SƠN<br>&nbsp;NƠI LỰA CHỌN TỐT NHẤT DÀNH CHO KHÁCH DU LỊCH</strong></span></span></p>','Khách sạn Công Đoàn Thanh Hóa tại Sầm Sơn, xin kính chào quý khách.\r\nChúc quý khách có một kỳ nghỉ trọn niềm vui','khach-san-cong-doan-ha-long-537591a2e926b.jpg','admin_58d5150233699'),(7,'Khách Sạn CROWN Sầm Sơn','18, Lê Văn Hưu, Bắc Sơn, Tx. Sầm Sơn, Thanh Hoá',15,2,'2017-03-13 15:49:22','2017-03-25 02:05:30',1,18,1,40,100,500000,399000,'05:00:00','23:00:00','<p class=\"MsoNormal\" style=\"margin: 0in 0in 10pt;\"><span style=\"color: rgb(13, 13, 13); line-height: 20.7px; font-family: &quot;Times New Roman&quot;, serif; font-size: 13.5pt;\">Với sứ mệnh kinh doanh Đem lại những giây phút nghỉ ngơi, thư giãn hoàn toàn thoải mái trong kỳ nghỉ của khách hàng bằng cách không ngừng phấn đấu gia tăng và cải thiện chất lượng dịch vụ.</span></p><p style=\"color: rgb(0, 0, 0); font-family: Arial; font-size: 12px; font-style: normal; font-variant-ligatures: normal; font-variant-caps: normal; font-weight: normal; letter-spacing: normal; orphans: 2; text-align: start; text-indent: 0px; text-transform: none; white-space: normal; widows: 2; word-spacing: 0px; -webkit-text-stroke-width: 0px; background-color: rgb(255, 255, 255); margin: 0cm 0cm 10pt;\"><font face=\"Times New Roman, Times, serif\"><span white;=\"\" rgb(20,=\"\" 24,=\"\" 35);=\"\" 115%;=\"\" 13pt;&#39;=\"\" roman?,?serif?;=\"\" ?times=\"\" new=\"\"><font size=\"4\"><span white;=\"\" rgb(20,=\"\" 24,=\"\" 35);=\"\" 115%;=\"\" 13pt;&#39;=\"\" roman?,?serif?;=\"\" ?times=\"\" new=\"\"><span white;=\"\" rgb(20,=\"\" 24,=\"\" 35);=\"\" 115%;=\"\" 13pt;&#39;=\"\" roman?,?serif?;=\"\" ?times=\"\" new=\"\"><font face=\"Times New Roman, Times, serif\" size=\"4\">Được đầu tư và đưa vào sử dụng từ tháng 4 /2015&nbsp;</font></span></span>&nbsp;Với quy môt xây dựng 7 tầng tổng số&nbsp; 40 phòng&nbsp; nghỉ, xây dựng theo phong cách hiện đại, nội thất tiện nghi và đẳng cấp hoàn toàn khác&nbsp;</font></span><span white;=\"\" rgb(20,=\"\" 24,=\"\" 35);=\"\" 115%;=\"\" 13pt;&#39;=\"\" roman?,?serif?;=\"\" ?times=\"\" new=\"\"><font size=\"4\">biệt.V</font></span></font><font face=\"Times New Roman, Times, serif\"><span white;=\"\" rgb(20,=\"\" 24,=\"\" 35);=\"\" 115%;=\"\" 13pt;&#39;=\"\" roman?,?serif?;=\"\" ?times=\"\" new=\"\"><span white;=\"\" rgb(20,=\"\" 24,=\"\" 35);=\"\" 115%;=\"\" 13pt;&#39;=\"\" roman?,?serif?;=\"\" ?times=\"\" new=\"\"><font face=\"Times New Roman, Times, serif\" size=\"4\">ới trang thiết bị mới&nbsp;100% như : điều hòa, tủ lạnh, nóng lạnh, tivi siêu mỏng, bồn tắm nằm, tủ&nbsp;đựng&nbsp;đồ, bàn trang&nbsp;điểm, bàn trà,&nbsp;cầu thang máy, …...</font></span></span></font></p><p style=\"color: rgb(0, 0, 0); font-family: Arial; font-size: 12px; font-style: normal; font-variant-ligatures: normal; font-variant-caps: normal; font-weight: normal; letter-spacing: normal; orphans: 2; text-align: start; text-indent: 0px; text-transform: none; white-space: normal; widows: 2; word-spacing: 0px; -webkit-text-stroke-width: 0px; background-color: rgb(255, 255, 255); margin: 0cm 0cm 10pt;\"><span white;=\"\" rgb(20,=\"\" 24,=\"\" 35);=\"\" 115%;=\"\" 13pt;&#39;=\"\" roman?,?serif?;=\"\" ?times=\"\" new=\"\"><font face=\"Times New Roman, Times, serif\" size=\"4\">Ngoài ra khách sạn Crown&nbsp;<span>&nbsp;</span>Sầm Sơn&nbsp; còn có bãi đỗ xe miễn phí ngay trong khuôn viên của khách sạn, nên quý khách hoàn toàn yên tâm&nbsp;chỗ để xe mà ko lo ngại bất kỳ gì về vấn đề an ninh.</font></span></p><p style=\"color: rgb(0, 0, 0); font-family: Arial; font-size: 12px; font-style: normal; font-variant-ligatures: normal; font-variant-caps: normal; font-weight: normal; letter-spacing: normal; orphans: 2; text-align: start; text-indent: 0px; text-transform: none; white-space: normal; widows: 2; word-spacing: 0px; -webkit-text-stroke-width: 0px; background-color: rgb(255, 255, 255); margin: 0cm 0cm 10pt;\"><span white;=\"\" rgb(20,=\"\" 24,=\"\" 35);=\"\" 115%;=\"\" 13pt;&#39;=\"\" roman?,?serif?;=\"\" ?times=\"\" new=\"\"><font face=\"Times New Roman, Times, serif\" size=\"4\">Hệ thống nhà hàng với sức chứa 300 khách. Có sự tham gia trực tiếp của Bếp trưởng 13 năm kinh nghiệm chế biến các món ăn hải sản cũng như các món đặc sản các vùng miền khác. Cùng với đội ngũ nhân viên trẻ trung, nhiệt tình và được đào tạo bài bản, Với phương châm hoạt&nbsp;động \"&nbsp;<span style=\"color: red; line-height: 18.4px; font-family: Tahoma, sans-serif; font-size: 12pt;\"><strong>Trao vương miện, đón tin yêu</strong>&nbsp;\"</span>&nbsp;Chúng tôi cam kết sẽ nỗ lực hết mình để đem lại những giây phút nghỉ ngơi, thư giãn hoàn toàn thoải mái nhất&nbsp;cho du&nbsp;khách.</font></span></p><p><font size=\"4\" style=\"font-family: Arial;\"><font face=\"Times New Roman, Times, serif\"></font></font><span style=\"font-family: Arial; font-size: 12px;\"></span></p><p style=\"font-family: Arial; font-size: 12px; margin: 0cm 0cm 10pt;\"><span white;=\"\" rgb(20,=\"\" 24,=\"\" 35);=\"\" 115%;=\"\" 13pt;&#39;=\"\" roman?,?serif?;=\"\" ?times=\"\" new=\"\"><font face=\"Times New Roman, Times, serif\" size=\"4\">Hãy liên hệ ngay với khách sạn Crown Sầm Sơn để có thông tin chi tiết nhất.</font></span></p>','Khách sạn Crown Sầm Sơn xin chào quý khách !\r\n\r\nCrown xin gửi đến quý khách lời chào, lời chúc sức khỏe, chúc quý khách có một kỳ nghỉ vui vẻ, hạnh phúc nhất bên gia đình và người thân.','crown.jpg','admin_58d4ffc8b4338'),(12,'Khách sạn Vũ Gia Sầm Sơn','Số 28 - Đường Hồ Xuân Hương - Khu phố Bắc Kỳ - P. Trung Sơn -   Sầm Sơn',14,4,'2017-03-23 20:10:34','2017-03-24 18:49:28',1,NULL,3,76,88,1000000,800000,'05:00:00','23:59:00','<p><font face=\"Roboto, sans-serif\">Khách sạn Vũ Gia Sầm Sơn kính chào quý khách!</font></p><p><span style=\"font-family: Roboto, sans-serif;\">Khách sạn Vũ Gia là khách sạn mới được xây dựng vào năm 2016 tại trung tâm bãi tắm C Sầm Sơn, cách biển chỉ 30m. Khách sạn được trang bị trang thiết bị mới, hiện đại và đồng bộ, phòng ốc tiện nghi chắc chắn sẽ làm hài lòng mọi du khách.</span><br></p><p><span style=\"font-family: Roboto, sans-serif;\">Khách sạn gồm 8 tầng với 70 phòng nghỉ rộng rãi, mỗi phòng đều được trang bị đầy đủ tiện nghi: tivi, tủ lạnh, bình nóng lạnh, bàn ghế, truyền hình cáp, wifi, điều hòa,... Ngoài ra khách sạn còn có thang máy để phục vụ nhu cầu đi lại nhanh chóng của quý khách.</span><br></p><p><span style=\"font-family: Roboto, sans-serif;\">Khách sạn có nhà ăn lớn với không gian lên tới 500m2, rộng rãi và thoáng mát. Các món ăn tại nhà hàng tươi ngon sẽ làm cho quý khách thích thú.</span><br></p><p><span style=\"font-family: Roboto, sans-serif;\">Đội ngũ cán bộ và nhân viên khách sạn với thái độ chu đáo, ân cần, luôn vui vẻ với quý khách.</span><br></p><p><span style=\"font-family: Roboto, sans-serif;\">Khách sạn Vũ Gia hân hạnh được tiếp đón du khách khi tới nghỉ ngơi tại bãi biển Sầm Sơn xinh đẹp này. Xin chân thành cảm ơn!</span><br></p>','Khách sạn Vũ Gia Sầm Sơn  tiêu chuẩn 2 sao - Mới xây dựng năm 2016 - chất lượng phòng tuyệt vời để quý khách tận hưởng những ngày hè tại biển Sầm Sơn.','2013-02-28025651-khach-san-nam-cuong_1.jpg','boss6_58d3c924b6a0d'),(13,'Biệt thự Ngọc Trai FLC','Khu nghỉ dưỡng FLC Sầm Sơn',8,8,'2017-03-25 01:56:23','2017-03-29 06:51:51',0,NULL,5,70,0,2000000,1690000,'01:55:00','23:55:00','<p style=\"margin-bottom: 0px; padding: 0px; color: rgb(78, 78, 78); font-family: Arial, Helvetica, sans-serif; font-size: 12px; background-color: rgb(245, 244, 240); text-align: center;\"><span style=\"margin: 0px; padding: 0px; color: rgb(0, 0, 205);\"><strong style=\"margin: 0px; padding: 0px;\"><span style=\"margin: 0px; padding: 0px; font-size: 16px;\">Nhân dịp Khai trương Biệt thự Ngọc Trai chúng tôi có Chương trình Khuyến mại đặc biệt Giảm giá phòng cho quý khách tới nghỉ dưỡng tại Biệt thự</span></strong></span><br style=\"margin: 0px; padding: 0px;\"><br style=\"margin: 0px; padding: 0px;\"><strong style=\"margin: 0px; padding: 0px;\"><span style=\"margin: 0px; padding: 0px; font-size: 18px;\"><span style=\"margin: 0px; padding: 0px; color: rgb(255, 0, 0);\">( Giá đầu tuần từ 1 triệu đến 1.2 triệu. Giá cuối tuần từ 1.5 triệu đến 2 triệu đồng)</span></span></strong><br style=\"margin: 0px; padding: 0px;\"><br style=\"margin: 0px; padding: 0px;\"><span style=\"margin: 0px; padding: 0px; font-size: 16px;\"><strong style=\"margin: 0px; padding: 0px;\">Liên hệ quản lý biệt thự : Mr Giang 0985128986 - &nbsp;Mr Hòa 0982291844 để được dịch vụ tốt nhất</strong></span><br style=\"margin: 0px; padding: 0px;\"><strong style=\"margin: 0px; padding: 0px;\">Quý khách có thể chuyển khoản qua các tài khoản sau để đặt phòng<br style=\"margin: 0px; padding: 0px;\">Ngân hàng công thương sầm sơn :&nbsp;<span style=\"margin: 0px; padding: 0px; background-color: rgb(255, 255, 0);\">711ab9191817 Chủ tk Hà Văn Giang</span><br style=\"margin: 0px; padding: 0px;\">Ngân hàng vietcombank chi nhánh Hà nội :&nbsp;<span style=\"margin: 0px; padding: 0px; background-color: rgb(255, 255, 0);\">0011004126115 Chủ tk Hà Văn Giang</span></strong><br style=\"margin: 0px; padding: 0px;\"><br style=\"margin: 0px; padding: 0px;\"><span style=\"margin: 0px; padding: 0px; font-size: 20px;\"><em style=\"margin: 0px; padding: 0px;\"><span style=\"margin: 0px; padding: 0px; background-color: rgb(255, 255, 0);\">Chương trình áp dụng cho tháng 6 - 2016</span></em></span></p><p><span style=\"color: rgb(78, 78, 78); font-family: Arial, Helvetica, sans-serif; font-size: 12px; text-align: justify; background-color: rgb(245, 244, 240);\">&nbsp;</span><br style=\"margin: 0px; padding: 0px; color: rgb(78, 78, 78); font-family: Arial, Helvetica, sans-serif; font-size: 12px; text-align: justify; background-color: rgb(245, 244, 240);\"><span style=\"color: rgb(78, 78, 78); font-family: Arial, Helvetica, sans-serif; font-size: 12px; text-align: justify; background-color: rgb(245, 244, 240);\">&nbsp; &nbsp;Chỉ cách Hà Nội chưa đến 3 giờ lái xe, khu du lịch biển Sầm Sơn không chỉ thu hút khách du lịch trong nước và du khách quốc tế. Khu du lịch nghỉ dưỡng sinh thái FLC Sầm Sơn với đẳng cấp hoàn toàn mới, trở thành điểm đến lý tưởng theo tiêu chuẩn quốc tế 5* đầu tiên khu vực Miền Bắc và Bắc Trung Bộ dành cho du lịch gia đình, du lịch thăm quan, nghỉ dưỡng, tổ chức hội họp của doanh nghiệp hoặc tổ chức sự kiện.</span><br style=\"margin: 0px; padding: 0px; color: rgb(78, 78, 78); font-family: Arial, Helvetica, sans-serif; font-size: 12px; text-align: justify; background-color: rgb(245, 244, 240);\"><span style=\"color: rgb(78, 78, 78); font-family: Arial, Helvetica, sans-serif; font-size: 12px; text-align: justify; background-color: rgb(245, 244, 240);\">Biệt thự Ngọc trai nằm trong khu quần thể nghỉ dưỡng Flc gồm 2 mặt tiền hướng biển và hướng khu vực golf</span><br style=\"margin: 0px; padding: 0px; color: rgb(78, 78, 78); font-family: Arial, Helvetica, sans-serif; font-size: 12px; text-align: justify; background-color: rgb(245, 244, 240);\"><br style=\"margin: 0px; padding: 0px; color: rgb(78, 78, 78); font-family: Arial, Helvetica, sans-serif; font-size: 12px; text-align: justify; background-color: rgb(245, 244, 240);\"><span style=\"color: rgb(78, 78, 78); font-family: Arial, Helvetica, sans-serif; font-size: 12px; text-align: justify; background-color: rgb(245, 244, 240);\">&nbsp;&nbsp; Nội thất biệt thự được thiết kế hiện đại , tiện nghi và sang trọng . Biệt thự có tới 5 phòng ngủ cùng không gian sinh hoạt chung sẽ mang lại cho bạn cùng những người thân yêu trong gia đình nhữung giây phút ấm cúng, không gian riêng tư và linh hoạt &nbsp;. Đứng ở trên tầng 3 bạn có thể chiêm ngưỡng trọn vẹn khung cảnh của biển, và sân golf .</span><br></p>','Chỉ cách Hà Nội chưa đến 3 giờ lái xe, khu du lịch biển Sầm Sơn không chỉ thu hút khách du lịch trong nước và du khách quốc tế. Khu du lịch nghỉ dưỡng sinh thái FLC Sầm Sơn với đẳng cấp hoàn toàn mới, trở thành điểm đến lý tưởng theo tiêu chuẩn quốc tế 5* đầu tiên khu vực Miền Bắc và Bắc Trung Bộ dành cho du lịch gia đình, du lịch thăm quan, nghỉ dưỡng, tổ chức hội họp của doanh nghiệp hoặc tổ chức sự kiện.','timthumb.jpg','boss1_58d56b4f70ade'),(14,'Khách sạn test','112 Bà Triệu, Sầm Sơn',19,5,'2017-03-25 13:37:28','2017-03-27 13:29:33',0,20,1,50,100,600000,550000,'06:36:00','21:36:00','<p style=\"margin-bottom: 9.1875px; padding: 0px; outline: none; max-width: 100%; font-family: &quot;Times New Roman&quot;; font-size: 16px; line-height: 20px !important;\"><i style=\"margin: 0px; padding: 0px; outline: none; max-width: 100%;\">Thưa ông, có ý kiến cho rằng khi vụ cháy xảy ra, lực lượng cảnh sát có mặt và phản ứng rất chậm. Thông tin này có chính xác không?</i></p><p style=\"margin-bottom: 9.1875px; padding: 0px; outline: none; max-width: 100%; font-family: &quot;Times New Roman&quot;; font-size: 16px; line-height: 20px !important;\">- Khi xảy ra cháy, Sở Cảnh sát PCCC Cần Thơ nhận được điện báo cháy lúc 9h13 thì 9h15, tức hai phút sau, chúng tôi có mặt để triển khai công tác chữa cháy. Ai đó <b>nói </b>cảnh sát PCCC phản ứng chậm trong vụ này là không chính xác.</p><p style=\"margin-bottom: 9.1875px; padding: 0px; outline: none; max-width: 100%; font-family: &quot;Times New Roman&quot;; font-size: 16px; line-height: 20px !important;\"><i style=\"margin: 0px; padding: 0px; outline: none; max-width: 100%;\">- Có thông tin cho rằng vụ cháy kéo dài do thiếu nước, ông đánh giá như thế nào về thông tin này?</i></p><p style=\"margin-bottom: 9.1875px; padding: 0px; outline: none; max-width: 100%; font-family: &quot;Times New Roman&quot;; font-size: 16px; line-height: 20px !important;\">- Tôi đã nghe thông tin này, thậm chí có người còn hỏi tôi tại sao sông Cần Thơ mênh mông như thế mà cảnh sát PCCCC lại nói thiếu nước?</p><p style=\"margin-bottom: 9.1875px; padding: 0px; outline: none; max-width: 100%; font-family: &quot;Times New Roman&quot;; font-size: 16px; line-height: 20px !important;\">Vấn đề này tôi xin nói thế này, ở Cần Thơ nước nhiều đấy, nhưng khi vụ cháy xảy ra không phải chỗ nào cũng lấy được. Muốn lấy nước lên xe chữa cháy phải có bến, hiện nay trên địa bàn TP Cần Thơ không có bến để xe chữa cháy lấy nước. Cho nên chúng tôi chỉ lấy từ rạch ở cầu Sang Trắng, sau đó đặt balet nhựa lên đó và dùng máy bơm, bơm lên xe chữa cháy.</p><p style=\"margin-bottom: 9.1875px; padding: 0px; outline: none; max-width: 100%; font-family: &quot;Times New Roman&quot;; font-size: 16px; line-height: 20px !important;\">Bên cạnh đó chúng tôi khai thác tủ nước chữa cháy cách hiện trường 500m, bằng cách bơm trực tiếp về cho xe chữa cháy, đồng thời sử dụng toàn bộ số xe bồn của công ty công trình đô thị, của ngành xăng dầu và của quân khu 9.</p><p style=\"margin-bottom: 9.1875px; padding: 0px; outline: none; max-width: 100%; font-family: &quot;Times New Roman&quot;; font-size: 16px; line-height: 20px !important;\">Tuy nhiên, do vụ cháy lớn, cần rất nhiều nước, thời gian đầu khi xảy ra vụ cháy nguồn nước cung cấp bị thiếu.</p><p style=\"margin-bottom: 9.1875px; padding: 0px; outline: none; max-width: 100%; font-family: &quot;Times New Roman&quot;; font-size: 16px; line-height: 20px !important;\"><br></p><p style=\"margin-bottom: 9.1875px; padding: 0px; outline: none; max-width: 100%; font-family: &quot;Times New Roman&quot;; font-size: 16px; line-height: 20px !important;\"><img src=\"https://dantricdn.com/thumb_w/640/2017/17492414-784339235062155-5768448399702395336-o-1490420809206.jpg\" style=\"width: 640px;\"><br></p>','Giới thiệu ngắn gọn','hard-rock-hotel-ibiza_1.jpg','chuks1_58d60f7b3ca2e'),(16,'Khách Sạn Việt Hưng','07-09 Đường lê lợi.P. Trường sơn.Sầm sơn.Thanh hóa',16,4,'2017-03-27 13:36:45','2017-03-30 13:58:28',0,NULL,1,67,30,990000,900000,'05:30:00','23:59:00','<p style=\"font-family: &quot;Open Sans&quot;, sans-serif; font-size: 13px; color: rgb(51, 51, 51);\"><span style=\"font-weight: 700;\">Khách Sạn Việt Hưng</span>&nbsp;tọa lạc tại 07-09 Đường Lê Lợi, Phường Trường Sơn Sầm Sơn, Thanh Hóa. Là khu nhà cao tầng hiện đại thoáng mát, từ đây bạn có thể ngắm nhìn ra biển.</p><p style=\"font-family: &quot;Open Sans&quot;, sans-serif; font-size: 13px; color: rgb(51, 51, 51);\"><span style=\"font-weight: 700;\">Khách Sạn Việt Hưng</span>&nbsp;&nbsp;bắt đầu đón khách từ mùa hè năm 2015. Khách Sạn Việt Hưng là một khách sạn 3 sao, với nội thất sang trọng, đầy đủ đồ dùng, trang trí ấm cúng, cùng với cửa sổ rộng nhìn ra bãi biển Sầm Sơn tráng lệ, xinh đẹp tạo cho Quý Khách cảm giác rộng rãi và thoáng mát.</p><p style=\"font-family: &quot;Open Sans&quot;, sans-serif; font-size: 13px; color: rgb(51, 51, 51);\">Tại đây Qúy khách có thể&nbsp;thưởng thức bữa ăn sáng tự chọn hàng ngày, các loại hải sản đa dạng phong phú và được phục vụ bởi tất cả đầu bếp chuyên nghiệp and lành nghề.</p><p style=\"font-family: &quot;Open Sans&quot;, sans-serif; font-size: 13px; color: rgb(51, 51, 51);\">Với dịch vụ tốt, giá cả hợp lý,&nbsp;<span style=\"font-weight: 700;\">Khách Sạn Việt Hưng</span>&nbsp;đã và đang trở thành một địa chỉ tin cậy cho cả khách du lịch và khách thương gia tại trung tâm Du lịch thị xã Sầm Sơn.</p><p style=\"font-family: &quot;Open Sans&quot;, sans-serif; font-size: 13px; color: rgb(51, 51, 51);\">Bên cạnh đó, khi đặt phòng Khách Sạn Việt Hưng, khách sạn còn gợi ý cho bạn những hoạt động vui chơi giải trí bảo đảm bạn luôn thấy hứng thú trong suốt kì nghỉ. Dù bạn&nbsp;thư giãn hay làm gì, Khách Sạn Việt Hưng luôn is sự lựa chọn hoàn hảo cho kì nghỉ của bạn ở Thanh Hóa.</p><p style=\"font-family: &quot;Open Sans&quot;, sans-serif; font-size: 13px; color: rgb(51, 51, 51);\">Khí đặt phòng khách sạn hoặc đặt tour du lịch qua hệ thống đặt phòng trực tuyến<span style=\"font-size: 14px; color: rgb(29, 33, 41); font-family: Helvetica, Arial, sans-serif;\">&nbsp;</span><a href=\"http://datphongsamson.info/\" target=\"_blank\" rel=\"nofollow noopener\" style=\"background-color: rgb(255, 255, 255); font-size: 14px; color: rgb(54, 88, 153); cursor: pointer; font-family: Helvetica, Arial, sans-serif;\">http://datphongsamson.info</a><span style=\"font-size: 14px; color: rgb(29, 33, 41); font-family: Helvetica, Arial, sans-serif;\">&nbsp;và&nbsp;</span><a href=\"http://datphongkhachsansamson.vn/\" target=\"_blank\" rel=\"nofollow noopener\" style=\"background-color: rgb(255, 255, 255); font-size: 14px; color: rgb(54, 88, 153); cursor: pointer; font-family: Helvetica, Arial, sans-serif;\">http://datphongkhachsansamson.vn</a><span style=\"font-size: 14px; color: rgb(29, 33, 41); font-family: Helvetica, Arial, sans-serif;\">&nbsp;.&nbsp;</span>, bạn sẽ có cơ hội sở hữu phòng nghỉ tại khách sạn giá rẻ hay cao cấp. Dùng dịch vụ của để có cơ hội đặt những phòng khách sạn giá rẻ nhất for chất lượng tuyệt vời bạn nhé.</p>','Khách Sạn Việt Hưng','viet-hung-1.jpg','admin_58d8b1621c6db'),(18,'Biệt thư Sao Biển FLC','Khu nghỉ dưỡng sinh thái FLC Sầm Sơn - Đường Hồ Xuân Hương, Sầm Sơn',23,6,'2017-03-28 07:54:11','2017-03-30 13:58:32',0,NULL,5,160,50,2500000,2000000,NULL,NULL,NULL,'Chỉ cách Hà Nội chưa đến 3 giờ lái xe, khu du lịch biển Sầm Sơn không chỉ thu hút khách du lịch trong nước và du khách quốc tế. Khu du lịch nghỉ dưỡng sinh thái FLC Sầm Sơn với đẳng cấp hoàn toàn mới, trở thành điểm đến lý tưởng theo tiêu chuẩn quốc tế 5* đầu tiên khu vực Miền Bắc và Bắc Trung Bộ dành cho du lịch gia đình, du lịch thăm quan, nghỉ dưỡng, tổ chức hội họp của doanh nghiệp hoặc tổ chức sự kiện','img-4754.jpg','01101990_58d9b3319ead8'),(19,'KHÁCH SẠN KIM XUYẾN','BÃI D ĐƯỜNG HỒ XUÂN HƯƠNG GẦN KHU VỰC FLC',13,2,'2017-03-28 14:55:12','2017-03-30 13:51:52',1,NULL,4,68,30,600000,NULL,'05:59:00','23:59:00','<p class=\"MsoNormal\" align=\"center\" style=\"margin-bottom:0cm;margin-bottom:.0001pt;\r\ntext-align:center;line-height:normal;background:#F5F4F0\"><span style=\"font-size:9.0pt;font-family:&quot;Arial&quot;,&quot;sans-serif&quot;;mso-fareast-font-family:\r\n&quot;Times New Roman&quot;;color:#4E4E4E\">Đạt tiêu chuẩn 2 sao, được đưa vào sử dụng từ\r\nngày 28/4/2015. Khách sạn nằm ngay mặt biển, tọa lạc trên đường đẹp nhất thị xã\r\nSầm Sơn. Có vị trí thuận lợi nằm ngay khu ẩm thực lớn nhất thị xã Sầm Sơn, gần\r\nquần thể du lịch cao cấp FLC Sầm Sơn.<o:p></o:p></span></p><p>\r\n\r\n</p><p class=\"MsoNormal\"><span style=\"font-size:9.0pt;line-height:115%;font-family:\r\n&quot;Arial&quot;,&quot;sans-serif&quot;;mso-fareast-font-family:&quot;Times New Roman&quot;;color:#4E4E4E\"><br>\r\n<span style=\"background:#F5F4F0\">Khách Sạn được xây dựng theo kiến trúc hiện\r\nđại, sang trọng, thiết kế 7 tầng với 68 phòng đạt tiêu chuẩn, diện tích mỗi\r\nphòng là 26m2, có 4 phòng vip diện tích mỗi phòng được thiết kế đẹp, nội thất\r\nsang trọng, lịch sự, phòng hội nghị trên tầng 7 có sức chứa 150 người, sân bãi\r\nđỗ xe miễn phí ngay tại khách sạn lên tới gần 100 ô tô con</span><br>\r\n<span style=\"background:#F5F4F0\">Khách Sạn Kim Xuyến với vị trí thuận lợi,\r\nkhông gian sang trọng , lịch sự, đội ngũ nhân viên trẻ, đẹp, vui vẻ, phong cách\r\nphục vụ chuyên nghiệp sẽ mang tới cho bạn những phút giây thoải mái cùng gia\r\nđình và người thân trong kì nghỉ du lịch biển Sầm Sơn.</span><br>\r\n<span style=\"background:#F5F4F0\">&nbsp;</span><br>\r\n<span style=\"background:#F5F4F0\">Nhà Hàng Kim Xuyến với hệ thống nhà hàng hướng\r\nbiển và trong Khách Sạn:</span><br>\r\n<span style=\"background:#F5F4F0\">-&nbsp;&nbsp;&nbsp;&nbsp;&nbsp;&nbsp;&nbsp;&nbsp;&nbsp;Nhà\r\năn trong Khách Sạn phục vụ cùng lúc 300 khách</span><br>\r\n<span style=\"background:#F5F4F0\">-&nbsp;&nbsp;&nbsp;&nbsp;&nbsp;&nbsp;&nbsp;&nbsp;&nbsp;Có\r\nnhà hàng độc lập 2 tầng có phòng ăn lạnh và ngoài trời phục vụ cho 350 người và\r\ngala dinne&nbsp; cho các tour lớn</span><br>\r\n<span style=\"background:#F5F4F0\">Có đội ngũ đầu bếp chuyên nghiệp chế biến các\r\nmón ăn á- âu , đặc sản hợp khẩu vị và giá cả hợp lí….</span></span><o:p></o:p></p>','Đạt tiêu chuẩn 2 sao, được đưa vào sử dụng từ ngày 28/4/2015. Khách sạn nằm ngay mặt biển, tọa lạc trên đường đẹp nhất thị xã Sầm Sơn. Có vị trí thuận lợi nằm ngay khu ẩm thực lớn nhất thị xã Sầm Sơn, gần quần thể du lịch cao cấp FLC Sầm Sơn.\r\n\r\nKhách Sạn được xây dựng theo kiến trúc hiện đại, sang trọng, thiết kế 7 tầng với 68 phòng đạt tiêu chuẩn, diện tích mỗi phòng là 26m2, có 4 phòng vip diện tích mỗi phòng được thiết kế đẹp, nội thất sang trọng, lịch sự, phòng hội nghị trên tầng 7 có sức chứa 150 người, sân bãi đỗ xe miễn phí ngay tại khách sạn lên tới gần 100 ô tô con\r\nKhách Sạn Kim Xuyến với vị trí thuận lợi, không gian sang trọng , lịch sự, đội ngũ nhân viên trẻ, đẹp, vui vẻ, phong cách phục vụ chuyên nghiệp sẽ mang tới cho bạn những phút giây thoải mái cùng gia đình và người thân trong kì nghỉ du lịch biển Sầm Sơn.\r\n \r\nNhà Hàng Kim Xuyến với hệ thống nhà hàng hướng biển và trong Khách Sạn:\r\n-         Nhà ăn trong Khách Sạn phục vụ cùng lúc 300 khách\r\n-         Có nhà hàng độc lập 2 tầng có phòng ăn lạnh và ngoài trời phục vụ cho 350 người và gala dinne  cho các tour lớn\r\nCó đội ngũ đầu bếp chuyên nghiệp chế biến các món ăn á- âu , đặc sản hợp khẩu vị và giá cả hợp lí….','img-47241.jpg','admin_58da13619e211');
/*!40000 ALTER TABLE `hotel` ENABLE KEYS */;
UNLOCK TABLES;

--
-- Table structure for table `hotel_and_option`
--

DROP TABLE IF EXISTS `hotel_and_option`;
/*!40101 SET @saved_cs_client     = @@character_set_client */;
/*!40101 SET character_set_client = utf8 */;
CREATE TABLE `hotel_and_option` (
  `hotel_option_id` int(11) NOT NULL,
  `hotel_id` int(11) NOT NULL,
  PRIMARY KEY (`hotel_option_id`,`hotel_id`),
  KEY `fk_hotel_and_option_hotel_option1_idx` (`hotel_option_id`),
  KEY `fk_hotel_and_option_hotel1_idx` (`hotel_id`),
  CONSTRAINT `fk_hotel_and_option_hotel1` FOREIGN KEY (`hotel_id`) REFERENCES `hotel` (`id`) ON DELETE NO ACTION ON UPDATE NO ACTION,
  CONSTRAINT `fk_hotel_and_option_hotel_option1` FOREIGN KEY (`hotel_option_id`) REFERENCES `hotel_option` (`id`) ON DELETE NO ACTION ON UPDATE NO ACTION
) ENGINE=InnoDB DEFAULT CHARSET=utf8;
/*!40101 SET character_set_client = @saved_cs_client */;

--
-- Dumping data for table `hotel_and_option`
--

LOCK TABLES `hotel_and_option` WRITE;
/*!40000 ALTER TABLE `hotel_and_option` DISABLE KEYS */;
INSERT INTO `hotel_and_option` VALUES (1,1),(1,2),(1,4),(1,5),(1,7),(1,12),(1,13),(1,16),(1,18),(1,19),(2,1),(2,2),(2,7),(2,12),(2,14),(3,1),(3,2),(3,4),(3,7),(3,13),(3,19),(4,1),(4,2),(5,1),(5,2),(5,5),(5,7),(5,14),(5,16),(5,18),(6,1),(6,2),(6,4),(6,7),(6,13),(6,14),(6,16),(7,1),(7,2),(7,5),(7,12),(8,1),(8,4),(8,5),(8,12),(8,13),(8,16),(9,1),(9,7),(9,12),(9,14),(9,16),(10,4),(10,12),(10,13),(10,16),(11,12),(11,13),(11,16),(12,1),(12,5),(12,12),(12,16),(13,12),(13,16),(13,18);
/*!40000 ALTER TABLE `hotel_and_option` ENABLE KEYS */;
UNLOCK TABLES;

--
-- Table structure for table `hotel_free_room`
--

DROP TABLE IF EXISTS `hotel_free_room`;
/*!40101 SET @saved_cs_client     = @@character_set_client */;
/*!40101 SET character_set_client = utf8 */;
CREATE TABLE `hotel_free_room` (
  `id` int(11) NOT NULL AUTO_INCREMENT,
  `hotel_id` int(11) NOT NULL,
  `free_room` int(11) NOT NULL,
  `create_date` datetime NOT NULL,
  `user_id` int(11) NOT NULL,
  PRIMARY KEY (`id`),
  KEY `fk_hotel_free_room_hotel1_idx` (`hotel_id`),
  KEY `fk_hotel_free_room_user1_idx` (`user_id`),
  CONSTRAINT `fk_hotel_free_room_hotel1` FOREIGN KEY (`hotel_id`) REFERENCES `hotel` (`id`) ON DELETE NO ACTION ON UPDATE NO ACTION,
  CONSTRAINT `fk_hotel_free_room_user1` FOREIGN KEY (`user_id`) REFERENCES `user` (`id`) ON DELETE NO ACTION ON UPDATE NO ACTION
) ENGINE=InnoDB AUTO_INCREMENT=35 DEFAULT CHARSET=utf8;
/*!40101 SET character_set_client = @saved_cs_client */;

--
-- Dumping data for table `hotel_free_room`
--

LOCK TABLES `hotel_free_room` WRITE;
/*!40000 ALTER TABLE `hotel_free_room` DISABLE KEYS */;
INSERT INTO `hotel_free_room` VALUES (1,1,30,'2017-03-07 13:27:11',3),(2,1,11,'2017-03-07 13:27:11',3),(3,2,31,'2017-03-07 13:27:11',3),(4,2,35,'2017-03-07 13:27:11',3),(5,3,30,'2017-03-07 13:27:11',3),(6,3,33,'2017-03-07 13:27:11',3),(7,4,3,'2017-03-07 13:27:11',3),(8,4,40,'2017-03-07 13:27:11',3),(9,5,31,'2017-03-07 13:27:11',3),(10,5,22,'2017-03-07 13:27:11',3),(11,1,9,'2017-03-23 20:01:51',8),(12,12,8,'2017-03-23 14:22:28',14),(13,2,33,'2017-03-23 14:25:15',9),(14,3,20,'2017-03-23 14:26:45',10),(15,4,44,'2017-03-23 20:35:02',11),(16,4,16,'2017-03-23 20:36:42',11),(17,1,45,'2017-03-24 06:41:10',8),(18,1,15,'2017-03-24 20:24:01',8),(19,2,30,'2017-03-24 20:25:33',9),(20,3,22,'2017-03-24 20:38:39',10),(21,5,33,'2017-03-24 21:39:05',12),(22,13,12,'2017-03-25 01:59:24',8),(23,7,12,'2017-03-25 02:06:04',18),(24,2,123,'2017-03-25 10:28:30',4),(25,2,33,'2017-03-25 10:28:44',4),(26,14,20,'2017-03-25 13:41:30',19),(27,14,30,'2017-03-25 13:48:09',20),(28,18,10,'2017-03-28 08:08:40',23),(29,16,10,'2017-03-28 21:56:01',16),(30,16,11,'2017-03-28 21:56:25',16),(31,2,90,'2017-03-29 17:59:21',9),(32,3,20,'2017-03-29 22:23:45',10),(33,2,100,'2017-03-30 12:55:21',9),(34,3,5,'2017-03-30 12:56:57',10);
/*!40000 ALTER TABLE `hotel_free_room` ENABLE KEYS */;
UNLOCK TABLES;

--
-- Table structure for table `hotel_option`
--

DROP TABLE IF EXISTS `hotel_option`;
/*!40101 SET @saved_cs_client     = @@character_set_client */;
/*!40101 SET character_set_client = utf8 */;
CREATE TABLE `hotel_option` (
  `id` int(11) NOT NULL AUTO_INCREMENT,
  `name` varchar(255) NOT NULL,
  `icon` varchar(255) NOT NULL,
  PRIMARY KEY (`id`)
) ENGINE=InnoDB AUTO_INCREMENT=14 DEFAULT CHARSET=utf8;
/*!40101 SET character_set_client = @saved_cs_client */;

--
-- Dumping data for table `hotel_option`
--

LOCK TABLES `hotel_option` WRITE;
/*!40000 ALTER TABLE `hotel_option` DISABLE KEYS */;
INSERT INTO `hotel_option` VALUES (1,'Wifi miễn phí','wifi'),(2,'Đưa đón sân bay','taxi'),(3,'Bữa sáng miễn phí','breakfast'),(4,'Bể bơi ngoài trời','swimming-pool'),(5,'Bãi đỗ xe','parked-car'),(6,'Phòng họp','meeting-room'),(7,'Phòng tập thể thao','gym'),(8,'Thang máy','elevator'),(9,'Thêm giường phụ','bed'),(10,'Spa','spa'),(11,'Nhà hàng','restaurant'),(12,'Giặt là','laundry'),(13,'Truyền hình cáp/vệ tinh','tv-cap');
/*!40000 ALTER TABLE `hotel_option` ENABLE KEYS */;
UNLOCK TABLES;

--
-- Table structure for table `hotel_type`
--

DROP TABLE IF EXISTS `hotel_type`;
/*!40101 SET @saved_cs_client     = @@character_set_client */;
/*!40101 SET character_set_client = utf8 */;
CREATE TABLE `hotel_type` (
  `id` int(11) NOT NULL AUTO_INCREMENT,
  `name` varchar(255) NOT NULL COMMENT 'Khách sạn, nhà nghỉ, nhà trọ',
  `star` int(1) DEFAULT NULL,
  PRIMARY KEY (`id`)
) ENGINE=InnoDB AUTO_INCREMENT=10 DEFAULT CHARSET=utf8;
/*!40101 SET character_set_client = @saved_cs_client */;

--
-- Dumping data for table `hotel_type`
--

LOCK TABLES `hotel_type` WRITE;
/*!40000 ALTER TABLE `hotel_type` DISABLE KEYS */;
INSERT INTO `hotel_type` VALUES (1,'Khách sạn',1),(2,'Khách sạn',2),(4,'Khách sạn',3),(5,'Khách sạn',4),(6,'Khách sạn',5),(7,'Nhà Nghỉ',NULL),(8,'Biệt Thự',NULL),(9,'Nhà Trọ',NULL);
/*!40000 ALTER TABLE `hotel_type` ENABLE KEYS */;
UNLOCK TABLES;

--
-- Table structure for table `migration_versions`
--

DROP TABLE IF EXISTS `migration_versions`;
/*!40101 SET @saved_cs_client     = @@character_set_client */;
/*!40101 SET character_set_client = utf8 */;
CREATE TABLE `migration_versions` (
  `version` varchar(255) CHARACTER SET utf8 NOT NULL,
  PRIMARY KEY (`version`)
) ENGINE=InnoDB DEFAULT CHARSET=utf8 COLLATE=utf8_unicode_ci;
/*!40101 SET character_set_client = @saved_cs_client */;

--
-- Dumping data for table `migration_versions`
--

LOCK TABLES `migration_versions` WRITE;
/*!40000 ALTER TABLE `migration_versions` DISABLE KEYS */;
INSERT INTO `migration_versions` VALUES ('20170109174421');
/*!40000 ALTER TABLE `migration_versions` ENABLE KEYS */;
UNLOCK TABLES;

--
-- Table structure for table `movement`
--

DROP TABLE IF EXISTS `movement`;
/*!40101 SET @saved_cs_client     = @@character_set_client */;
/*!40101 SET character_set_client = utf8 */;
CREATE TABLE `movement` (
  `id` int(11) NOT NULL AUTO_INCREMENT,
  `user_id` int(11) NOT NULL,
  `type` enum('CREDIT','DEBIT') NOT NULL,
  `amount` float NOT NULL DEFAULT '0',
  `processed_date` datetime DEFAULT NULL,
  `create_date` datetime NOT NULL,
  `billing_code` varchar(45) DEFAULT NULL,
  `ratio` varchar(45) DEFAULT NULL,
  `orders_id` int(11) NOT NULL,
  PRIMARY KEY (`id`),
  KEY `fk_payment_user1_idx` (`user_id`),
  KEY `fk_movement_orders1_idx` (`orders_id`),
  CONSTRAINT `fk_movement_orders1` FOREIGN KEY (`orders_id`) REFERENCES `orders` (`id`) ON DELETE NO ACTION ON UPDATE NO ACTION,
  CONSTRAINT `fk_payment_user1` FOREIGN KEY (`user_id`) REFERENCES `user` (`id`) ON DELETE NO ACTION ON UPDATE NO ACTION
) ENGINE=InnoDB DEFAULT CHARSET=utf8;
/*!40101 SET character_set_client = @saved_cs_client */;

--
-- Dumping data for table `movement`
--

LOCK TABLES `movement` WRITE;
/*!40000 ALTER TABLE `movement` DISABLE KEYS */;
/*!40000 ALTER TABLE `movement` ENABLE KEYS */;
UNLOCK TABLES;

--
-- Table structure for table `order_history`
--

DROP TABLE IF EXISTS `order_history`;
/*!40101 SET @saved_cs_client     = @@character_set_client */;
/*!40101 SET character_set_client = utf8 */;
CREATE TABLE `order_history` (
  `id` int(11) NOT NULL AUTO_INCREMENT,
  `create_date` datetime NOT NULL,
  `status_before` enum('OPEN','CANCEL','IN PROGRESS','VALID') NOT NULL,
  `status_after` enum('OPEN','CANCEL','IN PROGRESS','VALID') NOT NULL,
  `description` text,
  `orders_id` int(11) NOT NULL,
  `check_in_date` date NOT NULL,
  `check_out_date` date NOT NULL,
  `price` float DEFAULT NULL,
  `quantity` int(11) NOT NULL,
  PRIMARY KEY (`id`),
  KEY `fk_order_history_orders1_idx` (`orders_id`),
  CONSTRAINT `fk_order_history_orders1` FOREIGN KEY (`orders_id`) REFERENCES `orders` (`id`) ON DELETE NO ACTION ON UPDATE NO ACTION
) ENGINE=InnoDB DEFAULT CHARSET=utf8;
/*!40101 SET character_set_client = @saved_cs_client */;

--
-- Dumping data for table `order_history`
--

LOCK TABLES `order_history` WRITE;
/*!40000 ALTER TABLE `order_history` DISABLE KEYS */;
/*!40000 ALTER TABLE `order_history` ENABLE KEYS */;
UNLOCK TABLES;

--
-- Table structure for table `order_status`
--

DROP TABLE IF EXISTS `order_status`;
/*!40101 SET @saved_cs_client     = @@character_set_client */;
/*!40101 SET character_set_client = utf8 */;
CREATE TABLE `order_status` (
  `id` int(11) NOT NULL AUTO_INCREMENT,
  `name` varchar(45) DEFAULT NULL COMMENT 'OPEN\nIN PROGRESS\nRESOLVED\nCANCEL\n',
  PRIMARY KEY (`id`)
) ENGINE=InnoDB DEFAULT CHARSET=utf8;
/*!40101 SET character_set_client = @saved_cs_client */;

--
-- Dumping data for table `order_status`
--

LOCK TABLES `order_status` WRITE;
/*!40000 ALTER TABLE `order_status` DISABLE KEYS */;
/*!40000 ALTER TABLE `order_status` ENABLE KEYS */;
UNLOCK TABLES;

--
-- Table structure for table `orders`
--

DROP TABLE IF EXISTS `orders`;
/*!40101 SET @saved_cs_client     = @@character_set_client */;
/*!40101 SET character_set_client = utf8 */;
CREATE TABLE `orders` (
  `id` int(11) NOT NULL AUTO_INCREMENT,
  `user_id` int(11) DEFAULT NULL,
  `quantity` int(11) NOT NULL,
  `create_date` datetime DEFAULT NULL,
  `update_date` datetime DEFAULT NULL,
  `price` float DEFAULT NULL,
  `hotel_id` int(11) DEFAULT NULL,
  `area_id` int(11) DEFAULT NULL,
  `status` enum('OPEN','CANCEL','IN PROGRESS','VALID') NOT NULL DEFAULT 'OPEN',
  `description` text,
  `reason` text,
  `check_in_date` date DEFAULT NULL,
  `check_out_date` date DEFAULT NULL,
  `client_id` int(11) NOT NULL,
  `commission_ratio` float DEFAULT NULL,
  `bonus_ratio` float DEFAULT NULL,
  `receipt_ratio` float DEFAULT NULL,
  `processed_date` datetime DEFAULT NULL,
  PRIMARY KEY (`id`),
  KEY `fk_order_user1_idx` (`user_id`),
  KEY `fk_order_client1_idx` (`client_id`),
  CONSTRAINT `fk_order_client1` FOREIGN KEY (`client_id`) REFERENCES `client` (`id`) ON DELETE NO ACTION ON UPDATE NO ACTION
) ENGINE=InnoDB AUTO_INCREMENT=22 DEFAULT CHARSET=utf8;
/*!40101 SET character_set_client = @saved_cs_client */;

--
-- Dumping data for table `orders`
--

LOCK TABLES `orders` WRITE;
/*!40000 ALTER TABLE `orders` DISABLE KEYS */;
INSERT INTO `orders` VALUES (1,NULL,12,NULL,NULL,NULL,NULL,NULL,'OPEN',NULL,NULL,'2017-03-07','2017-03-08',1,NULL,NULL,NULL,NULL),(2,NULL,1111,NULL,NULL,NULL,NULL,6,'OPEN',NULL,NULL,'2017-03-08','2017-03-09',2,NULL,NULL,NULL,NULL),(3,NULL,1111,'2017-03-08 06:15:31',NULL,NULL,NULL,NULL,'OPEN',NULL,NULL,'2017-03-08','2017-03-09',3,NULL,NULL,NULL,NULL),(4,NULL,12,'2017-03-08 07:01:15',NULL,NULL,NULL,6,'OPEN',NULL,NULL,'2017-03-08','2017-03-09',4,NULL,NULL,NULL,NULL),(5,NULL,50,'2017-03-08 07:29:13',NULL,NULL,NULL,5,'OPEN',NULL,NULL,'2017-03-08','2017-03-09',5,NULL,NULL,NULL,NULL),(6,1,1,'2017-03-22 10:20:38',NULL,NULL,NULL,NULL,'OPEN',NULL,NULL,'2017-03-22','2017-03-23',6,NULL,NULL,NULL,NULL),(7,NULL,1,'2017-03-23 12:27:07',NULL,NULL,NULL,5,'OPEN',NULL,NULL,'2017-03-23','2017-03-24',7,NULL,NULL,NULL,NULL),(8,10,4,'2017-03-23 14:27:56',NULL,NULL,NULL,2,'OPEN',NULL,NULL,'2017-03-23','2017-03-24',8,NULL,NULL,NULL,NULL),(9,8,13,'2017-03-24 06:42:07',NULL,NULL,NULL,3,'OPEN',NULL,NULL,'2017-03-24','2017-03-25',9,NULL,NULL,NULL,NULL),(10,NULL,1,'2017-03-24 20:15:14',NULL,NULL,NULL,4,'OPEN',NULL,NULL,'2017-03-24','2017-03-25',10,NULL,NULL,NULL,NULL),(11,NULL,5,'2017-03-24 20:41:18',NULL,NULL,NULL,3,'OPEN',NULL,NULL,'2017-03-24','2017-03-31',11,NULL,NULL,NULL,NULL),(12,8,1,'2017-03-25 02:03:19',NULL,NULL,NULL,4,'OPEN',NULL,NULL,'2017-03-25','2017-03-26',12,NULL,NULL,NULL,NULL),(13,NULL,1,'2017-03-25 02:27:04',NULL,NULL,12,2,'OPEN',NULL,NULL,'2017-03-25','2017-03-26',13,NULL,NULL,NULL,NULL),(14,12,1,'2017-03-25 02:28:34',NULL,NULL,5,4,'OPEN',NULL,NULL,'2017-03-25','2017-03-26',14,NULL,NULL,NULL,NULL),(15,1,1,'2017-03-25 10:10:45',NULL,NULL,3,2,'OPEN',NULL,NULL,'2017-03-25','2017-03-26',15,NULL,NULL,NULL,NULL),(16,4,3,'2017-03-25 10:29:50',NULL,NULL,1,NULL,'OPEN',NULL,NULL,'2017-03-25','2017-03-26',16,NULL,NULL,NULL,NULL),(17,1,2,'2017-03-25 13:25:57',NULL,NULL,1,1,'OPEN',NULL,NULL,'2017-03-25','2017-03-26',17,NULL,NULL,NULL,NULL),(18,20,10,'2017-03-25 13:49:39',NULL,NULL,NULL,2,'OPEN',NULL,NULL,'2017-03-25','2017-03-26',18,NULL,NULL,NULL,NULL),(19,1,1,'2017-03-25 15:20:57',NULL,NULL,12,NULL,'OPEN',NULL,NULL,'2017-03-25','2017-03-26',19,NULL,NULL,NULL,NULL),(20,NULL,12,'2017-03-25 16:38:53',NULL,NULL,NULL,1,'OPEN',NULL,NULL,'2017-03-25','2017-03-26',20,NULL,NULL,NULL,NULL),(21,1,1,'2017-03-29 23:28:29',NULL,NULL,NULL,3,'OPEN',NULL,NULL,'2017-03-29','2017-03-30',21,NULL,NULL,NULL,NULL);
/*!40000 ALTER TABLE `orders` ENABLE KEYS */;
UNLOCK TABLES;

--
-- Table structure for table `page`
--

DROP TABLE IF EXISTS `page`;
/*!40101 SET @saved_cs_client     = @@character_set_client */;
/*!40101 SET character_set_client = utf8 */;
CREATE TABLE `page` (
  `id` int(11) NOT NULL AUTO_INCREMENT,
  `title` varchar(255) NOT NULL,
  `slug` varchar(255) NOT NULL,
  `content` longtext,
  `is_locked` tinyint(1) DEFAULT '0',
  PRIMARY KEY (`id`),
  UNIQUE KEY `slug_UNIQUE` (`slug`)
) ENGINE=InnoDB AUTO_INCREMENT=4 DEFAULT CHARSET=utf8;
/*!40101 SET character_set_client = @saved_cs_client */;

--
-- Dumping data for table `page`
--

LOCK TABLES `page` WRITE;
/*!40000 ALTER TABLE `page` DISABLE KEYS */;
INSERT INTO `page` VALUES (1,'Giới thiệu','gioi-thieu','<p class=\"MsoNormal\" style=\"text-align:justify;mso-outline-level:1\"><b><span style=\"font-size:13.0pt;line-height:\r\n115%;font-family:&quot;Times New Roman&quot;,&quot;serif&quot;\">GIỚI THIỆU CÔNG TY<o:p></o:p></span></b></p>\r\n\r\n<p class=\"MsoNormal\" style=\"text-align:justify\"><span style=\"font-size:13.0pt;\r\nline-height:115%;font-family:&quot;Times New Roman&quot;,&quot;serif&quot;\">CÔNG TY CỔ PHẦN ĐẦU TƯ\r\nBẤT ĐỘNG SẢN VÀ XÂY DỰNG HỒNG ĐỨC được thành lập ngày … do … cấp ngày, giấy\r\nphép kinh doanh … mã số thuế.<o:p></o:p></span></p>\r\n\r\n<p class=\"MsoNormal\" style=\"text-align:justify\"><span style=\"font-size:13.0pt;\r\nline-height:115%;font-family:&quot;Times New Roman&quot;,&quot;serif&quot;\">Công ty có trụ sở tại số\r\n299 Trần Nhân Tông, Thanh Thái, xã Quảng Cư, cách FLC Sầm Sơn 500m.<o:p></o:p></span></p>\r\n\r\n<p class=\"MsoNormal\" style=\"margin-bottom: 0.0001pt; text-align: justify; line-height: normal; background-image: initial; background-position: initial; background-size: initial; background-repeat: initial; background-attachment: initial; background-origin: initial; background-clip: initial;\"><b><span style=\"font-size:13.0pt;\r\nfont-family:&quot;Times New Roman&quot;,&quot;serif&quot;;mso-fareast-font-family:&quot;Times New Roman&quot;;\r\ncolor:#333333;border:none windowtext 1.0pt;mso-border-alt:none windowtext 0cm;\r\npadding:0cm\">Công ty Cổ phần đầu tư bất động sản và xây dựng Hồng Đức</span></b><span style=\"font-size:13.0pt;font-family:&quot;Times New Roman&quot;,&quot;serif&quot;;mso-fareast-font-family:\r\n&quot;Times New Roman&quot;;color:#333333\"> được hình thành với ý tưởng, mục tiêu phát\r\ntriển thành một công ty đa ngành nghề, đặt quyền lợi khách hàng lên trên quyền\r\nlợi của công ty.<o:p></o:p></span></p>\r\n\r\n<p class=\"MsoNormal\" style=\"margin-bottom: 0.0001pt; text-align: justify; line-height: normal; background-image: initial; background-position: initial; background-size: initial; background-repeat: initial; background-attachment: initial; background-origin: initial; background-clip: initial;\"><span style=\"font-size:13.0pt;\r\nfont-family:&quot;Times New Roman&quot;,&quot;serif&quot;;mso-fareast-font-family:&quot;Times New Roman&quot;;\r\ncolor:#333333\">&nbsp;Chúng tôi hiểu rằng giá\r\ntrị của thương hiệu được hình thành từ sự tin yêu của khách hàng. Vì vậy, sự\r\nhài lòng của khách hàng khi sử dụng các sản phẩm dịch vụ của chúng tôi luôn\r\nđược ưu tiên hàng đầu.<o:p></o:p></span></p>\r\n\r\n<p class=\"MsoNormal\" style=\"margin-bottom: 0.0001pt; text-align: justify; line-height: normal; background-image: initial; background-position: initial; background-size: initial; background-repeat: initial; background-attachment: initial; background-origin: initial; background-clip: initial;\"><span style=\"font-size:13.0pt;\r\nfont-family:&quot;Times New Roman&quot;,&quot;serif&quot;;mso-fareast-font-family:&quot;Times New Roman&quot;;\r\ncolor:#333333\">Chúng tôi mong muốn trở thành người bạn đồng hành đáng tin cậy\r\nvới quý khách hàng qua các dịch vụ:<o:p></o:p></span></p>\r\n\r\n<p class=\"MsoNormal\" style=\"margin-bottom: 0.0001pt; text-align: justify; line-height: normal; background-image: initial; background-position: initial; background-size: initial; background-repeat: initial; background-attachment: initial; background-origin: initial; background-clip: initial;\"><span style=\"font-size:13.0pt;\r\nfont-family:&quot;Times New Roman&quot;,&quot;serif&quot;;mso-fareast-font-family:&quot;Times New Roman&quot;;\r\ncolor:#333333\">- Dịch vụ đặt phòng khách sạn;<o:p></o:p></span></p>\r\n\r\n<p class=\"MsoNormal\" style=\"margin-bottom: 0.0001pt; text-align: justify; line-height: normal; background-image: initial; background-position: initial; background-size: initial; background-repeat: initial; background-attachment: initial; background-origin: initial; background-clip: initial;\"><span style=\"font-size:13.0pt;\r\nfont-family:&quot;Times New Roman&quot;,&quot;serif&quot;;mso-fareast-font-family:&quot;Times New Roman&quot;;\r\ncolor:#333333\">- Dịch vụ vé máy bay;<o:p></o:p></span></p>\r\n\r\n<p class=\"MsoNormal\" style=\"margin-bottom: 0.0001pt; text-align: justify; line-height: normal; background-image: initial; background-position: initial; background-size: initial; background-repeat: initial; background-attachment: initial; background-origin: initial; background-clip: initial;\"><span lang=\"FR\" style=\"font-size:\r\n13.0pt;font-family:&quot;Times New Roman&quot;,&quot;serif&quot;;mso-fareast-font-family:&quot;Times New Roman&quot;;\r\ncolor:#333333;mso-ansi-language:FR\">- Dịch vụ tổ chức tua du lịch;<o:p></o:p></span></p>\r\n\r\n<p class=\"MsoNormal\" style=\"text-align:justify\"><span lang=\"FR\" style=\"font-size:\r\n13.0pt;line-height:115%;font-family:&quot;Times New Roman&quot;,&quot;serif&quot;;mso-fareast-font-family:\r\n&quot;Times New Roman&quot;;color:#333333;mso-ansi-language:FR\">- Dịch vụ mua bán, thuê,\r\ncho thuê bất động sản<o:p></o:p></span></p>\r\n\r\n<p class=\"MsoNormal\" style=\"text-align:justify;mso-outline-level:1\"><b><span lang=\"FR\" style=\"font-size:13.0pt;\r\nline-height:115%;font-family:&quot;Times New Roman&quot;,&quot;serif&quot;;mso-ansi-language:FR\">TẠI\r\nSAO CHỌN CHÚNG TÔI?<o:p></o:p></span></b></p>\r\n\r\n<p class=\"MsoNormal\" style=\"margin-bottom: 0.0001pt; text-align: justify; line-height: normal; background-image: initial; background-position: initial; background-size: initial; background-repeat: initial; background-attachment: initial; background-origin: initial; background-clip: initial;\"><span lang=\"FR\" style=\"font-size:\r\n13.0pt;font-family:&quot;Times New Roman&quot;,&quot;serif&quot;;mso-fareast-font-family:&quot;Times New Roman&quot;;\r\ncolor:#333333;mso-ansi-language:FR\">Một số lý do để quý khách tin tưởng và lựa\r\nchọn dịch vụ của chúng tôi:<o:p></o:p></span></p>\r\n\r\n<p class=\"MsoNormal\" style=\"margin-bottom: 0.0001pt; text-align: justify; line-height: normal; background-image: initial; background-position: initial; background-size: initial; background-repeat: initial; background-attachment: initial; background-origin: initial; background-clip: initial;\"><span style=\"font-size:13.0pt;\r\nfont-family:&quot;Times New Roman&quot;,&quot;serif&quot;;mso-fareast-font-family:&quot;Times New Roman&quot;;\r\ncolor:#333333\">- Sự tận tâm và nhiệt huyết của đội ngũ nhân sự tạo nên một giá\r\ntrị không ngừng lớn <o:p></o:p></span></p>\r\n\r\n<p class=\"MsoNormal\" style=\"margin-bottom: 0.0001pt; text-align: justify; line-height: normal; background-image: initial; background-position: initial; background-size: initial; background-repeat: initial; background-attachment: initial; background-origin: initial; background-clip: initial;\"><span style=\"font-size:13.0pt;\r\nfont-family:&quot;Times New Roman&quot;,&quot;serif&quot;;mso-fareast-font-family:&quot;Times New Roman&quot;;\r\ncolor:#333333\">&nbsp;- Chúng tôi luôn cam kết tạo nên giá trị đồng hành giữa\r\nchất lượng và chi phí nhằm làm hài lòng khách hàng với mức giá hợp lí.<o:p></o:p></span></p>\r\n\r\n<p class=\"MsoNormal\" style=\"margin-bottom: 0.0001pt; text-align: justify; line-height: normal; background-image: initial; background-position: initial; background-size: initial; background-repeat: initial; background-attachment: initial; background-origin: initial; background-clip: initial;\"><span style=\"font-size:13.0pt;\r\nfont-family:&quot;Times New Roman&quot;,&quot;serif&quot;;mso-fareast-font-family:&quot;Times New Roman&quot;;\r\ncolor:#333333\">- Tư vấn miễn phí<o:p></o:p></span></p>\r\n\r\n<p class=\"MsoNormal\" style=\"margin-bottom: 0.0001pt; text-align: justify; line-height: normal; background-image: initial; background-position: initial; background-size: initial; background-repeat: initial; background-attachment: initial; background-origin: initial; background-clip: initial;\"><span style=\"font-size:13.0pt;\r\nfont-family:&quot;Times New Roman&quot;,&quot;serif&quot;;mso-fareast-font-family:&quot;Times New Roman&quot;;\r\ncolor:#333333\">- Hỗ trợ 24/24<o:p></o:p></span></p>\r\n\r\n<p class=\"MsoNormal\" style=\"margin-bottom: 0.0001pt; text-align: justify; line-height: normal; background-image: initial; background-position: initial; background-size: initial; background-repeat: initial; background-attachment: initial; background-origin: initial; background-clip: initial;\"><span style=\"font-size:13.0pt;\r\nfont-family:&quot;Times New Roman&quot;,&quot;serif&quot;;mso-fareast-font-family:&quot;Times New Roman&quot;;\r\ncolor:#333333\">- Đa phương thức tiếp cận&nbsp;(tư vấn qua điện thoại, website\r\nvà đặc biệt là dịch vụ tại nhà)<o:p></o:p></span></p>\r\n\r\n<p class=\"MsoNormal\" style=\"margin-bottom: 0.0001pt; text-align: justify; line-height: normal; background-image: initial; background-position: initial; background-size: initial; background-repeat: initial; background-attachment: initial; background-origin: initial; background-clip: initial;\"><span style=\"font-size:13.0pt;\r\nfont-family:&quot;Times New Roman&quot;,&quot;serif&quot;;mso-fareast-font-family:&quot;Times New Roman&quot;;\r\ncolor:#333333\">Một lần nữa, Công ty Cổ phần đầu tư bất động sản và xây dựng\r\nHồng Đức chúng tôi xin gửi đến toàn thể Quý khách lời chúc sức khỏe và lời cảm\r\nơn chân thành nhất. Chúng tôi cam kết sẽ không ngừng phát triển và hoàn thiện\r\ncác dịch vụ để phục vụ Quý khách ngày một tốt hơn.<o:p></o:p></span></p>\r\n\r\n<p class=\"MsoNormal\" style=\"text-align:justify\"><span lang=\"FR\" style=\"font-size:\r\n13.0pt;line-height:115%;font-family:&quot;Times New Roman&quot;,&quot;serif&quot;;mso-fareast-font-family:\r\n&quot;Times New Roman&quot;;color:#333333;mso-ansi-language:FR\">Trân trọng kính chào!</span><span lang=\"FR\" style=\"font-family:&quot;Times New Roman&quot;,&quot;serif&quot;;mso-ansi-language:FR\"><o:p></o:p></span></p>',1),(2,'Điều khoản dịch vụ','dieu-khoan-dich-vu','<h2 style=\"font-family: RobotoDraft, arial, sans-serif; margin: 1.236em 0px 0.618em; line-height: 1.29; font-size: 20px; color: rgb(33, 33, 33);\"><p class=\"MsoNormal\" style=\"text-align:justify;mso-outline-level:1\"><b><span style=\"font-size:15.0pt;line-height:\r\n115%;font-family:&quot;Times New Roman&quot;,&quot;serif&quot;;mso-font-kerning:18.0pt\">Điều khoản\r\ndịch vụ của trang web</span></b><o:p></o:p></p>\r\n\r\n<p class=\"MsoNormal\" style=\"text-align:justify;mso-outline-level:1\"><b><i><span style=\"font-size:13.0pt;mso-bidi-font-size:11.0pt;line-height:115%;font-family:\r\n&quot;Times New Roman&quot;,&quot;serif&quot;;mso-font-kerning:18.0pt\">Chào mừng các bạn đến với\r\nwebsite của chúng tôi<o:p></o:p></span></i></b></p>\r\n\r\n<p class=\"MsoNormal\" style=\"text-align:justify\"><span style=\"font-size:13.0pt;\r\nmso-bidi-font-size:11.0pt;line-height:115%;font-family:&quot;Times New Roman&quot;,&quot;serif&quot;;\r\nmso-font-kerning:18.0pt\">Cảm ơn các bạn đã sử dụng các sản phẩm dịch vụ của\r\nchúng tôi. Các sản phẩm dịch vụ của chung tôi được cung cấp bởi </span><b><span style=\"font-size:13.0pt;line-height:\r\n115%;font-family:&quot;Times New Roman&quot;,&quot;serif&quot;\">CÔNG TY CỔ PHẦN ĐẦU TƯ BẤT ĐỘNG SẢN\r\nVÀ XÂY DỰNG HỒNG ĐỨC</span></b><span style=\"font-size:13.0pt;mso-bidi-font-size:\r\n11.0pt;line-height:115%;font-family:&quot;Times New Roman&quot;,&quot;serif&quot;;mso-font-kerning:\r\n18.0pt\">. Các bạn có thể sử dụng dịch vụ website của chúng tôi thông qua một\r\ntrong các trang web sau:<o:p></o:p></span></p>\r\n\r\n<ul><li style=\"text-align: justify; text-indent: -18pt;\"><!--[if !supportLists]--><span style=\"font-size:13.0pt;\r\nmso-bidi-font-size:11.0pt;line-height:115%;font-family:&quot;Courier New&quot;;\r\nmso-fareast-font-family:&quot;Courier New&quot;;mso-font-kerning:18.0pt\">o<span style=\"font-variant-numeric: normal; font-stretch: normal; font-size: 7pt; line-height: normal; font-family: &quot;Times New Roman&quot;;\">&nbsp; &nbsp;</span></span><a href=\"http://www.datphongkhachsansamson.vn/\"><span style=\"font-size:13.0pt;mso-bidi-font-size:11.0pt;line-height:115%;font-family:\r\n&quot;Times New Roman&quot;,&quot;serif&quot;;mso-font-kerning:18.0pt\">http://www.datphongkhachsansamson.vn</span></a><span style=\"font-size:13.0pt;mso-bidi-font-size:11.0pt;line-height:115%;font-family:\r\n&quot;Times New Roman&quot;,&quot;serif&quot;;mso-font-kerning:18.0pt\"><o:p></o:p></span></li></ul>\r\n\r\n<ul><li style=\"text-align: justify; text-indent: -18pt;\"><!--[if !supportLists]--><span style=\"font-size:13.0pt;\r\nmso-bidi-font-size:11.0pt;line-height:115%;font-family:&quot;Courier New&quot;;\r\nmso-fareast-font-family:&quot;Courier New&quot;;mso-font-kerning:18.0pt\">o<span style=\"font-variant-numeric: normal; font-stretch: normal; font-size: 7pt; line-height: normal; font-family: &quot;Times New Roman&quot;;\">&nbsp;&nbsp;\r\n</span></span><!--[endif]--><a href=\"http://datphongsamson.info/\"><span style=\"font-size:13.0pt;mso-bidi-font-size:11.0pt;line-height:115%;font-family:\r\n&quot;Times New Roman&quot;,&quot;serif&quot;;mso-font-kerning:18.0pt\">http://datphongsamson.info</span></a><span style=\"font-size:13.0pt;mso-bidi-font-size:11.0pt;line-height:115%;font-family:\r\n&quot;Times New Roman&quot;,&quot;serif&quot;;mso-font-kerning:18.0pt\"><o:p></o:p></span></li></ul>\r\n\r\n<ul><li style=\"text-align: justify; text-indent: -18pt;\"><!--[if !supportLists]--><span style=\"font-size:13.0pt;\r\nmso-bidi-font-size:11.0pt;line-height:115%;font-family:&quot;Courier New&quot;;\r\nmso-fareast-font-family:&quot;Courier New&quot;;mso-font-kerning:18.0pt\">o<span style=\"font-variant-numeric: normal; font-stretch: normal; font-size: 7pt; line-height: normal; font-family: &quot;Times New Roman&quot;;\">&nbsp;&nbsp;\r\n</span></span><!--[endif]--><a href=\"http://datphong.online/\"><span style=\"font-size:13.0pt;mso-bidi-font-size:11.0pt;line-height:115%;font-family:\r\n&quot;Times New Roman&quot;,&quot;serif&quot;;mso-font-kerning:18.0pt\">http://datphong.online</span></a><span style=\"font-size:13.0pt;mso-bidi-font-size:11.0pt;line-height:115%;font-family:\r\n&quot;Times New Roman&quot;,&quot;serif&quot;;mso-font-kerning:18.0pt\"> <o:p></o:p></span></li></ul>\r\n\r\n<p class=\"MsoNormal\" style=\"text-align:justify\"><span style=\"font-size:13.0pt;\r\nmso-bidi-font-size:11.0pt;line-height:115%;font-family:&quot;Times New Roman&quot;,&quot;serif&quot;;\r\nmso-font-kerning:18.0pt\">Bằng việc sử dụng Dịch vụ của chúng tôi, bạn đang đồng\r\ný với các điều khoản này. Vui lòng đọc kỹ các điều khoản này.<o:p></o:p></span></p>\r\n\r\n<p class=\"MsoNormal\"><b><i><span style=\"font-size:13.0pt;\r\nmso-bidi-font-size:11.0pt;line-height:115%;font-family:&quot;Times New Roman&quot;,&quot;serif&quot;;\r\nmso-font-kerning:18.0pt\">Sử dụng Dịch vụ của chúng tôi<o:p></o:p></span></i></b></p>\r\n\r\n<p class=\"MsoNormal\" style=\"text-align:justify\"><span style=\"font-size:13.0pt;\r\nmso-bidi-font-size:11.0pt;line-height:115%;font-family:&quot;Times New Roman&quot;,&quot;serif&quot;;\r\nmso-font-kerning:18.0pt\">Bạn phải tuân thủ mọi chính sách đã cung cấp cho bạn\r\ntrong phạm vi Dịch vụ.<o:p></o:p></span></p>\r\n\r\n<p class=\"MsoNormal\" style=\"text-align:justify\"><span style=\"font-size:13.0pt;\r\nmso-bidi-font-size:11.0pt;line-height:115%;font-family:&quot;Times New Roman&quot;,&quot;serif&quot;;\r\nmso-font-kerning:18.0pt\">Không được sử dụng trái phép Dịch vụ của chúng tôi. Ví\r\ndụ: không được gây trở ngại cho Dịch vụ của chúng tôi hoặc tìm cách truy cập\r\nchúng bằng phương pháp nào đó không thông qua giao diện và hướng dẫn mà chúng\r\ntôi cung cấp. Bạn chỉ có thể sử dụng Dịch vụ của chúng tôi theo như được luật\r\npháp cho phép, bao gồm cả các luật và quy định hiện hành về quản lý xuất khẩu\r\nvà tái xuất khẩu. Chúng tôi có thể tạm ngừng hoặc ngừng cung cấp Dịch vụ của\r\nchúng tôi cho bạn nếu bạn không tuân thủ các điều khoản hoặc chính sách của\r\nchúng tôi hoặc nếu chúng tôi đang điều tra hành vi bị nghi ngờ là sai phạm.<o:p></o:p></span></p>\r\n\r\n<p class=\"MsoNormal\" style=\"text-align:justify\"><span style=\"font-size:13.0pt;\r\nmso-bidi-font-size:11.0pt;line-height:115%;font-family:&quot;Times New Roman&quot;,&quot;serif&quot;;\r\nmso-font-kerning:18.0pt\">Việc bạn sử dụng Dịch vụ của chúng tôi không có nghĩa\r\nlà bạn được sở hữu bất cứ các quyền sở hữu trí tuệ nào đối với Dịch vụ của\r\nchúng tôi hoặc nội dung mà bạn truy cập. Bạn không được sử dụng nội dung từ\r\nDịch vụ của chúng tôi trừ khi bạn được chủ sở hữu nội dung đó cho phép hoặc được\r\nluật pháp cho phép. Các điều khoản này không cấp cho bạn quyền sử dụng bất kỳ\r\nthương hiệu hoặc lôgô nào được sử dụng trong Dịch vụ của chúng tôi. Không được\r\nxóa, che khuất hoặc thay đổi bất kỳ thông báo pháp lý nào được hiển thị trong\r\nhoặc kèm theo Dịch vụ của chúng tôi.<o:p></o:p></span></p>\r\n\r\n<p class=\"MsoNormal\" style=\"text-align:justify\"><span style=\"font-size:13.0pt;\r\nmso-bidi-font-size:11.0pt;line-height:115%;font-family:&quot;Times New Roman&quot;,&quot;serif&quot;;\r\nmso-font-kerning:18.0pt\">Dịch vụ của chúng tôi hiển thị một số nội dung không\r\nphải của Google. Chỉ một mình đối tượng cung cấp sẽ chịu trách nhiệm về nội\r\ndung này. Chúng tôi có thể xem xét nội dung để xác định xem nội dung đó có bất\r\nhợp pháp hoặc vi phạm chính sách của chúng tôi hay không, và chúng tôi có thể\r\nxóa hoặc từ chối hiển thị nội dung mà chúng tôi có lý do chính đáng để tin rằng\r\nnội dung đó vi phạm chính sách của chúng tôi hoặc luật pháp. Tuy nhiên, điều đó\r\nkhông nhất thiết có nghĩa là chúng tôi sẽ xem xét nội dung, do vậy bạn đừng cho\r\nrằng chúng tôi sẽ làm như vậy.<o:p></o:p></span></p>\r\n\r\n<p class=\"MsoNormal\" style=\"text-align:justify\"><span style=\"font-size:13.0pt;\r\nmso-bidi-font-size:11.0pt;line-height:115%;font-family:&quot;Times New Roman&quot;,&quot;serif&quot;;\r\nmso-font-kerning:18.0pt\">Liên quan đến việc bạn sử dụng Dịch vụ, chúng tôi có\r\nthể gửi cho bạn các thông báo dịch vụ, thông báo quản trị và thông tin khác. Bạn\r\ncó thể chọn không nhận một số thông báo này.<o:p></o:p></span></p>\r\n\r\n<p class=\"MsoNormal\" style=\"text-align:justify\"><span style=\"font-size:13.0pt;\r\nmso-bidi-font-size:11.0pt;line-height:115%;font-family:&quot;Times New Roman&quot;,&quot;serif&quot;;\r\nmso-font-kerning:18.0pt\">Một số các Dịch vụ của chúng tôi có sẵn trên các thiết\r\nbị di động. Không sử dụng các Dịch vụ đó theo cách khiến bạn bị mất tập trung\r\nvà ngăn cản bạn tuân thủ các luật về an toàn hoặc giao thông.<o:p></o:p></span></p>\r\n\r\n<p class=\"MsoNormal\" style=\"text-align:justify\"><span style=\"font-size:13.0pt;\r\nmso-bidi-font-size:11.0pt;line-height:115%;font-family:&quot;Times New Roman&quot;,&quot;serif&quot;;\r\nmso-font-kerning:18.0pt\"><o:p>&nbsp;</o:p></span></p>\r\n\r\n<p class=\"MsoNormal\"><b><i><span style=\"font-size:13.0pt;\r\nmso-bidi-font-size:11.0pt;line-height:115%;font-family:&quot;Times New Roman&quot;,&quot;serif&quot;;\r\nmso-font-kerning:18.0pt\">Lợi ích khi sử dụng Dịch vụ của chúng tôi<o:p></o:p></span></i></b></p>\r\n\r\n<p class=\"MsoNormal\" style=\"text-align:justify\"><span style=\"font-size:13.0pt;\r\nmso-bidi-font-size:11.0pt;line-height:115%;font-family:&quot;Times New Roman&quot;,&quot;serif&quot;\">Khi\r\nsử dụng phần mềm của chúng tôi để giới thiệu khách thuê phòng, bạn sẽ nhận được\r\nkhoản tiền hoa hồng. Để được nhận hoa hồng bạn cần đăng ký tài khoản tại trang\r\nweb này, đồng thời chúng tôi sẽ xác thực tài khoản và hợp đồng với trước khi\r\ntài khoản có hiệu lực. Các bạn cần cung cấp các thông tin bắt buộc cho chúng\r\ntôi khi đăng ký tài khoản, các thông tin này được ghi rõ khi bạn đăng ký tài\r\nkhoản mới trên giao diện phần mềm. <o:p></o:p></span></p>\r\n\r\n<p class=\"MsoNormal\"><b><i><span style=\"font-size:13.0pt;\r\nmso-bidi-font-size:11.0pt;line-height:115%;font-family:&quot;Times New Roman&quot;,&quot;serif&quot;;\r\nmso-font-kerning:18.0pt\">Bảo vệ sự riêng tư và bản quyền<o:p></o:p></span></i></b></p>\r\n\r\n<p class=\"MsoNormal\" style=\"text-align:justify\"><span style=\"font-size:13.0pt;\r\nmso-bidi-font-size:11.0pt;line-height:115%;font-family:&quot;Times New Roman&quot;,&quot;serif&quot;;\r\nmso-bidi-font-family:&quot;Times New Roman&quot;;mso-bidi-theme-font:minor-bidi\">Chính\r\nsách của Chúng tôi về sự riêng tư giải thích cách chúng tôi xử lý dữ liệu cá\r\nnhân của bạn và bảo vệ sự riêng tư của bạn khi bạn sử dụng Dịch vụ của chúng\r\ntôi. Bằng việc sử dụng Dịch vụ của chúng tôi, bạn đang đồng ý rằng Chúng tôi có\r\nthể những sử dụng dữ liệu đó theo chính sách của chúng tôi về sự riêng tư.<o:p></o:p></span></p>\r\n\r\n<p class=\"MsoNormal\" style=\"text-align:justify\"><span style=\"font-size:13.0pt;\r\nmso-bidi-font-size:11.0pt;line-height:115%;font-family:&quot;Times New Roman&quot;,&quot;serif&quot;;\r\nmso-bidi-font-family:&quot;Times New Roman&quot;;mso-bidi-theme-font:minor-bidi\">Chúng\r\ntôi đảm bảo thông tin cá nhân của khách hang được bảo mật tuyệt đối trên trang\r\nweb của chúng tôi. <o:p></o:p></span></p>\r\n\r\n<p class=\"MsoNormal\"><b><i><span style=\"font-size:13.0pt;\r\nmso-bidi-font-size:11.0pt;line-height:115%;font-family:&quot;Times New Roman&quot;,&quot;serif&quot;;\r\nmso-bidi-font-family:&quot;Times New Roman&quot;;mso-bidi-theme-font:minor-bidi\">Việc sử\r\ndụng Dịch vụ của chúng tôi cho doanh nghiệp<o:p></o:p></span></i></b></p>\r\n\r\n<p class=\"MsoNormal\" style=\"text-align:justify\"><span style=\"font-size:13.0pt;\r\nmso-bidi-font-size:11.0pt;line-height:115%;font-family:&quot;Times New Roman&quot;,&quot;serif&quot;;\r\nmso-bidi-font-family:&quot;Times New Roman&quot;;mso-bidi-theme-font:minor-bidi;\r\nmso-font-kerning:18.0pt\">Nếu bạn đang sử dụng Dịch vụ của chúng tôi thay mặt\r\ncho doanh nghiệp, thì doanh nghiệp đó chấp nhận các điều khoản này. Doanh nghiệp\r\nđó sẽ bồi hoàn và giữ cho chúng tôi cũng như các công ty liên kết, cán bộ, người\r\nđại diện và nhân viên của Chúng tôi không bị tổn hại đối với bất kỳ khiếu nại,\r\nkhiếu kiện hoặc tố tụng nào nảy sinh từ hoặc có liên quan đến việc sử dụng Dịch\r\nvụ hoặc vi phạm các điều khoản này, bao gồm cả bất kỳ trách nhiệm pháp lý hoặc\r\nchi phí nào phát sinh từ các khiếu nại, tổn thất, thiệt hại, khiếu kiện, phán\r\nquyết, chi phí tố tụng và tiền phí luật sư.<o:p></o:p></span></p>\r\n\r\n<p class=\"MsoNormal\" style=\"text-align:justify;mso-outline-level:1\"><b><i><span style=\"font-size:13.0pt;mso-bidi-font-size:11.0pt;line-height:115%;font-family:\r\n&quot;Times New Roman&quot;,&quot;serif&quot;;mso-font-kerning:18.0pt\">Trách nhiệm pháp lý</span></i></b><b><i><span style=\"font-size:15.0pt;mso-bidi-font-size:11.0pt;line-height:115%;font-family:\r\n&quot;Times New Roman&quot;,&quot;serif&quot;;mso-font-kerning:18.0pt\"><o:p></o:p></span></i></b></p>\r\n\r\n<p class=\"MsoNormal\" style=\"text-align:justify\"><span style=\"font-size:13.0pt;\r\nmso-bidi-font-size:11.0pt;line-height:115%;font-family:&quot;Times New Roman&quot;,&quot;serif&quot;;\r\nmso-bidi-font-family:&quot;Times New Roman&quot;;mso-bidi-theme-font:minor-bidi;\r\nmso-font-kerning:18.0pt\">Chúng tôi không chịu trách nhiệm nếu khách hang sử dụng\r\ndịch vụ của chúng tôi với hành vi vi phạm pháp luật hiện hành của Việt Nam. <o:p></o:p></span></p>\r\n\r\n<p class=\"MsoNormal\" style=\"text-align:justify\"><span style=\"font-size:13.0pt;\r\nmso-bidi-font-size:11.0pt;line-height:115%;font-family:&quot;Times New Roman&quot;,&quot;serif&quot;;\r\nmso-bidi-font-family:&quot;Times New Roman&quot;;mso-bidi-theme-font:minor-bidi;\r\nmso-font-kerning:18.0pt\">Chúng tôi không chịu trách nhiệm trong trường hợp sự cố\r\nbất khả kháng mà chúng tôi chứng mình được nguyên nhân là khách quan và không\r\nthể khắc phục được.<o:p></o:p></span></p>\r\n\r\n<p class=\"MsoNormal\" style=\"text-align:justify\"><o:p>&nbsp;</o:p></p>\r\n\r\n<p class=\"MsoNormal\" style=\"text-align:justify\"><o:p>&nbsp;</o:p></p></h2>',1),(3,'Chính sách bảo mật','chinh-sach-bao-mat','<p class=\"MsoNormal\" style=\"text-align:justify;mso-outline-level:1\"><b><span style=\"font-size:15.0pt;line-height:\r\n115%;font-family:&quot;Times New Roman&quot;,&quot;serif&quot;;mso-font-kerning:18.0pt\">Điều khoản\r\ndịch vụ của trang web</span></b><o:p></o:p></p><p class=\"MsoNormal\" style=\"text-align:justify;mso-outline-level:1\"><b><i><span style=\"font-size:13.0pt;mso-bidi-font-size:11.0pt;line-height:115%;font-family:\r\n&quot;Times New Roman&quot;,&quot;serif&quot;;mso-font-kerning:18.0pt\">Chào mừng các bạn đến với\r\nwebsite của chúng tôi<o:p></o:p></span></i></b></p><p class=\"MsoNormal\" style=\"text-align:justify\"><span style=\"font-size:13.0pt;\r\nmso-bidi-font-size:11.0pt;line-height:115%;font-family:&quot;Times New Roman&quot;,&quot;serif&quot;;\r\nmso-font-kerning:18.0pt\">Cảm ơn các bạn đã sử dụng các sản phẩm dịch vụ của\r\nchúng tôi. Các sản phẩm dịch vụ của chung tôi được cung cấp bởi </span><b><span style=\"font-size:13.0pt;line-height:\r\n115%;font-family:&quot;Times New Roman&quot;,&quot;serif&quot;\">CÔNG TY CỔ PHẦN ĐẦU TƯ BẤT ĐỘNG SẢN\r\nVÀ XÂY DỰNG HỒNG ĐỨC</span></b><span style=\"font-size:13.0pt;mso-bidi-font-size:\r\n11.0pt;line-height:115%;font-family:&quot;Times New Roman&quot;,&quot;serif&quot;;mso-font-kerning:\r\n18.0pt\">. Các bạn có thể sử dụng dịch vụ website của chúng tôi thông qua một\r\ntrong các trang web sau:<o:p></o:p></span></p><p class=\"MsoListParagraphCxSpFirst\" style=\"text-align:justify;text-indent:-18.0pt;\r\nmso-list:l0 level1 lfo1\"><!--[if !supportLists]--><span style=\"font-size:13.0pt;\r\nmso-bidi-font-size:11.0pt;line-height:115%;font-family:&quot;Courier New&quot;;\r\nmso-fareast-font-family:&quot;Courier New&quot;;mso-font-kerning:18.0pt\">o<span style=\"font-variant-numeric: normal; font-stretch: normal; font-size: 7pt; line-height: normal; font-family: &quot;Times New Roman&quot;;\">&nbsp;&nbsp;\r\n</span></span><!--[endif]--><a href=\"http://www.datphongkhachsansamson.vn/\"><span style=\"font-size:13.0pt;mso-bidi-font-size:11.0pt;line-height:115%;font-family:\r\n&quot;Times New Roman&quot;,&quot;serif&quot;;mso-font-kerning:18.0pt\">http://www.datphongkhachsansamson.vn</span></a><span style=\"font-size:13.0pt;mso-bidi-font-size:11.0pt;line-height:115%;font-family:\r\n&quot;Times New Roman&quot;,&quot;serif&quot;;mso-font-kerning:18.0pt\"><o:p></o:p></span></p><p class=\"MsoListParagraphCxSpMiddle\" style=\"text-align:justify;text-indent:-18.0pt;\r\nmso-list:l0 level1 lfo1\"><!--[if !supportLists]--><span style=\"font-size:13.0pt;\r\nmso-bidi-font-size:11.0pt;line-height:115%;font-family:&quot;Courier New&quot;;\r\nmso-fareast-font-family:&quot;Courier New&quot;;mso-font-kerning:18.0pt\">o<span style=\"font-variant-numeric: normal; font-stretch: normal; font-size: 7pt; line-height: normal; font-family: &quot;Times New Roman&quot;;\">&nbsp;&nbsp;\r\n</span></span><!--[endif]--><a href=\"http://datphongsamson.info/\"><span style=\"font-size:13.0pt;mso-bidi-font-size:11.0pt;line-height:115%;font-family:\r\n&quot;Times New Roman&quot;,&quot;serif&quot;;mso-font-kerning:18.0pt\">http://datphongsamson.info</span></a><span style=\"font-size:13.0pt;mso-bidi-font-size:11.0pt;line-height:115%;font-family:\r\n&quot;Times New Roman&quot;,&quot;serif&quot;;mso-font-kerning:18.0pt\"><o:p></o:p></span></p><p class=\"MsoListParagraphCxSpLast\" style=\"text-align:justify;text-indent:-18.0pt;\r\nmso-list:l0 level1 lfo1\"><!--[if !supportLists]--><span style=\"font-size:13.0pt;\r\nmso-bidi-font-size:11.0pt;line-height:115%;font-family:&quot;Courier New&quot;;\r\nmso-fareast-font-family:&quot;Courier New&quot;;mso-font-kerning:18.0pt\">o<span style=\"font-variant-numeric: normal; font-stretch: normal; font-size: 7pt; line-height: normal; font-family: &quot;Times New Roman&quot;;\">&nbsp;&nbsp;\r\n</span></span><!--[endif]--><a href=\"http://datphong.online/\"><span style=\"font-size:13.0pt;mso-bidi-font-size:11.0pt;line-height:115%;font-family:\r\n&quot;Times New Roman&quot;,&quot;serif&quot;;mso-font-kerning:18.0pt\">http://datphong.online</span></a><span style=\"font-size:13.0pt;mso-bidi-font-size:11.0pt;line-height:115%;font-family:\r\n&quot;Times New Roman&quot;,&quot;serif&quot;;mso-font-kerning:18.0pt\"> <o:p></o:p></span></p><p class=\"MsoNormal\" style=\"text-align:justify\"><span style=\"font-size:13.0pt;\r\nmso-bidi-font-size:11.0pt;line-height:115%;font-family:&quot;Times New Roman&quot;,&quot;serif&quot;;\r\nmso-font-kerning:18.0pt\">Bằng việc sử dụng Dịch vụ của chúng tôi, bạn đang đồng\r\ný với các điều khoản này. Vui lòng đọc kỹ các điều khoản này.<o:p></o:p></span></p><p class=\"MsoNormal\"><b><i><span style=\"font-size:13.0pt;\r\nmso-bidi-font-size:11.0pt;line-height:115%;font-family:&quot;Times New Roman&quot;,&quot;serif&quot;;\r\nmso-font-kerning:18.0pt\">Sử dụng Dịch vụ của chúng tôi<o:p></o:p></span></i></b></p><p class=\"MsoNormal\" style=\"text-align:justify\"><span style=\"font-size:13.0pt;\r\nmso-bidi-font-size:11.0pt;line-height:115%;font-family:&quot;Times New Roman&quot;,&quot;serif&quot;;\r\nmso-font-kerning:18.0pt\">Bạn phải tuân thủ mọi chính sách đã cung cấp cho bạn\r\ntrong phạm vi Dịch vụ.<o:p></o:p></span></p><p class=\"MsoNormal\" style=\"text-align:justify\"><span style=\"font-size:13.0pt;\r\nmso-bidi-font-size:11.0pt;line-height:115%;font-family:&quot;Times New Roman&quot;,&quot;serif&quot;;\r\nmso-font-kerning:18.0pt\">Không được sử dụng trái phép Dịch vụ của chúng tôi. Ví\r\ndụ: không được gây trở ngại cho Dịch vụ của chúng tôi hoặc tìm cách truy cập\r\nchúng bằng phương pháp nào đó không thông qua giao diện và hướng dẫn mà chúng\r\ntôi cung cấp. Bạn chỉ có thể sử dụng Dịch vụ của chúng tôi theo như được luật\r\npháp cho phép, bao gồm cả các luật và quy định hiện hành về quản lý xuất khẩu\r\nvà tái xuất khẩu. Chúng tôi có thể tạm ngừng hoặc ngừng cung cấp Dịch vụ của\r\nchúng tôi cho bạn nếu bạn không tuân thủ các điều khoản hoặc chính sách của\r\nchúng tôi hoặc nếu chúng tôi đang điều tra hành vi bị nghi ngờ là sai phạm.<o:p></o:p></span></p><p class=\"MsoNormal\" style=\"text-align:justify\"><span style=\"font-size:13.0pt;\r\nmso-bidi-font-size:11.0pt;line-height:115%;font-family:&quot;Times New Roman&quot;,&quot;serif&quot;;\r\nmso-font-kerning:18.0pt\">Việc bạn sử dụng Dịch vụ của chúng tôi không có nghĩa\r\nlà bạn được sở hữu bất cứ các quyền sở hữu trí tuệ nào đối với Dịch vụ của\r\nchúng tôi hoặc nội dung mà bạn truy cập. Bạn không được sử dụng nội dung từ\r\nDịch vụ của chúng tôi trừ khi bạn được chủ sở hữu nội dung đó cho phép hoặc được\r\nluật pháp cho phép. Các điều khoản này không cấp cho bạn quyền sử dụng bất kỳ\r\nthương hiệu hoặc lôgô nào được sử dụng trong Dịch vụ của chúng tôi. Không được\r\nxóa, che khuất hoặc thay đổi bất kỳ thông báo pháp lý nào được hiển thị trong\r\nhoặc kèm theo Dịch vụ của chúng tôi.<o:p></o:p></span></p><p class=\"MsoNormal\" style=\"text-align:justify\"><span style=\"font-size:13.0pt;\r\nmso-bidi-font-size:11.0pt;line-height:115%;font-family:&quot;Times New Roman&quot;,&quot;serif&quot;;\r\nmso-font-kerning:18.0pt\">Dịch vụ của chúng tôi hiển thị một số nội dung không\r\nphải của Google. Chỉ một mình đối tượng cung cấp sẽ chịu trách nhiệm về nội\r\ndung này. Chúng tôi có thể xem xét nội dung để xác định xem nội dung đó có bất\r\nhợp pháp hoặc vi phạm chính sách của chúng tôi hay không, và chúng tôi có thể\r\nxóa hoặc từ chối hiển thị nội dung mà chúng tôi có lý do chính đáng để tin rằng\r\nnội dung đó vi phạm chính sách của chúng tôi hoặc luật pháp. Tuy nhiên, điều đó\r\nkhông nhất thiết có nghĩa là chúng tôi sẽ xem xét nội dung, do vậy bạn đừng cho\r\nrằng chúng tôi sẽ làm như vậy.<o:p></o:p></span></p><p class=\"MsoNormal\" style=\"text-align:justify\"><span style=\"font-size:13.0pt;\r\nmso-bidi-font-size:11.0pt;line-height:115%;font-family:&quot;Times New Roman&quot;,&quot;serif&quot;;\r\nmso-font-kerning:18.0pt\">Liên quan đến việc bạn sử dụng Dịch vụ, chúng tôi có\r\nthể gửi cho bạn các thông báo dịch vụ, thông báo quản trị và thông tin khác. Bạn\r\ncó thể chọn không nhận một số thông báo này.<o:p></o:p></span></p><p class=\"MsoNormal\" style=\"text-align:justify\"><span style=\"font-size:13.0pt;\r\nmso-bidi-font-size:11.0pt;line-height:115%;font-family:&quot;Times New Roman&quot;,&quot;serif&quot;;\r\nmso-font-kerning:18.0pt\">Một số các Dịch vụ của chúng tôi có sẵn trên các thiết\r\nbị di động. Không sử dụng các Dịch vụ đó theo cách khiến bạn bị mất tập trung\r\nvà ngăn cản bạn tuân thủ các luật về an toàn hoặc giao thông.<o:p></o:p></span></p><p class=\"MsoNormal\" style=\"text-align:justify\"><span style=\"font-size:13.0pt;\r\nmso-bidi-font-size:11.0pt;line-height:115%;font-family:&quot;Times New Roman&quot;,&quot;serif&quot;;\r\nmso-font-kerning:18.0pt\"><o:p>&nbsp;</o:p></span></p><p class=\"MsoNormal\"><b><i><span style=\"font-size:13.0pt;\r\nmso-bidi-font-size:11.0pt;line-height:115%;font-family:&quot;Times New Roman&quot;,&quot;serif&quot;;\r\nmso-font-kerning:18.0pt\">Lợi ích khi sử dụng Dịch vụ của chúng tôi<o:p></o:p></span></i></b></p><p class=\"MsoNormal\" style=\"text-align:justify\"><span style=\"font-size:13.0pt;\r\nmso-bidi-font-size:11.0pt;line-height:115%;font-family:&quot;Times New Roman&quot;,&quot;serif&quot;\">Khi\r\nsử dụng phần mềm của chúng tôi để giới thiệu khách thuê phòng, bạn sẽ nhận được\r\nkhoản tiền hoa hồng. Để được nhận hoa hồng bạn cần đăng ký tài khoản tại trang\r\nweb này, đồng thời chúng tôi sẽ xác thực tài khoản và hợp đồng với trước khi\r\ntài khoản có hiệu lực. Các bạn cần cung cấp các thông tin bắt buộc cho chúng\r\ntôi khi đăng ký tài khoản, các thông tin này được ghi rõ khi bạn đăng ký tài\r\nkhoản mới trên giao diện phần mềm. <o:p></o:p></span></p><p class=\"MsoNormal\"><b><i><span style=\"font-size:13.0pt;\r\nmso-bidi-font-size:11.0pt;line-height:115%;font-family:&quot;Times New Roman&quot;,&quot;serif&quot;;\r\nmso-font-kerning:18.0pt\">Bảo vệ sự riêng tư và bản quyền<o:p></o:p></span></i></b></p><p class=\"MsoNormal\" style=\"text-align:justify\"><span style=\"font-size:13.0pt;\r\nmso-bidi-font-size:11.0pt;line-height:115%;font-family:&quot;Times New Roman&quot;,&quot;serif&quot;;\r\nmso-bidi-font-family:&quot;Times New Roman&quot;;mso-bidi-theme-font:minor-bidi\">Chính\r\nsách của Chúng tôi về sự riêng tư giải thích cách chúng tôi xử lý dữ liệu cá\r\nnhân của bạn và bảo vệ sự riêng tư của bạn khi bạn sử dụng Dịch vụ của chúng\r\ntôi. Bằng việc sử dụng Dịch vụ của chúng tôi, bạn đang đồng ý rằng Chúng tôi có\r\nthể những sử dụng dữ liệu đó theo chính sách của chúng tôi về sự riêng tư.<o:p></o:p></span></p><p class=\"MsoNormal\" style=\"text-align:justify\"><span style=\"font-size:13.0pt;\r\nmso-bidi-font-size:11.0pt;line-height:115%;font-family:&quot;Times New Roman&quot;,&quot;serif&quot;;\r\nmso-bidi-font-family:&quot;Times New Roman&quot;;mso-bidi-theme-font:minor-bidi\">Chúng\r\ntôi đảm bảo thông tin cá nhân của khách hang được bảo mật tuyệt đối trên trang\r\nweb của chúng tôi. <o:p></o:p></span></p><p class=\"MsoNormal\"><b><i><span style=\"font-size:13.0pt;\r\nmso-bidi-font-size:11.0pt;line-height:115%;font-family:&quot;Times New Roman&quot;,&quot;serif&quot;;\r\nmso-bidi-font-family:&quot;Times New Roman&quot;;mso-bidi-theme-font:minor-bidi\">Việc sử\r\ndụng Dịch vụ của chúng tôi cho doanh nghiệp<o:p></o:p></span></i></b></p><p class=\"MsoNormal\" style=\"text-align:justify\"><span style=\"font-size:13.0pt;\r\nmso-bidi-font-size:11.0pt;line-height:115%;font-family:&quot;Times New Roman&quot;,&quot;serif&quot;;\r\nmso-bidi-font-family:&quot;Times New Roman&quot;;mso-bidi-theme-font:minor-bidi;\r\nmso-font-kerning:18.0pt\">Nếu bạn đang sử dụng Dịch vụ của chúng tôi thay mặt\r\ncho doanh nghiệp, thì doanh nghiệp đó chấp nhận các điều khoản này. Doanh nghiệp\r\nđó sẽ bồi hoàn và giữ cho chúng tôi cũng như các công ty liên kết, cán bộ, người\r\nđại diện và nhân viên của Chúng tôi không bị tổn hại đối với bất kỳ khiếu nại,\r\nkhiếu kiện hoặc tố tụng nào nảy sinh từ hoặc có liên quan đến việc sử dụng Dịch\r\nvụ hoặc vi phạm các điều khoản này, bao gồm cả bất kỳ trách nhiệm pháp lý hoặc\r\nchi phí nào phát sinh từ các khiếu nại, tổn thất, thiệt hại, khiếu kiện, phán\r\nquyết, chi phí tố tụng và tiền phí luật sư.<o:p></o:p></span></p><p class=\"MsoNormal\" style=\"text-align:justify;mso-outline-level:1\"><b><i><span style=\"font-size:13.0pt;mso-bidi-font-size:11.0pt;line-height:115%;font-family:\r\n&quot;Times New Roman&quot;,&quot;serif&quot;;mso-font-kerning:18.0pt\">Trách nhiệm pháp lý</span></i></b><b><i><span style=\"font-size:15.0pt;mso-bidi-font-size:11.0pt;line-height:115%;font-family:\r\n&quot;Times New Roman&quot;,&quot;serif&quot;;mso-font-kerning:18.0pt\"><o:p></o:p></span></i></b></p><p class=\"MsoNormal\" style=\"text-align:justify\"><span style=\"font-size:13.0pt;\r\nmso-bidi-font-size:11.0pt;line-height:115%;font-family:&quot;Times New Roman&quot;,&quot;serif&quot;;\r\nmso-bidi-font-family:&quot;Times New Roman&quot;;mso-bidi-theme-font:minor-bidi;\r\nmso-font-kerning:18.0pt\">Chúng tôi không chịu trách nhiệm nếu khách hang sử dụng\r\ndịch vụ của chúng tôi với hành vi vi phạm pháp luật hiện hành của Việt Nam. <o:p></o:p></span></p><p class=\"MsoNormal\" style=\"text-align:justify\"><span style=\"font-size:13.0pt;\r\nmso-bidi-font-size:11.0pt;line-height:115%;font-family:&quot;Times New Roman&quot;,&quot;serif&quot;;\r\nmso-bidi-font-family:&quot;Times New Roman&quot;;mso-bidi-theme-font:minor-bidi;\r\nmso-font-kerning:18.0pt\">Chúng tôi không chịu trách nhiệm trong trường hợp sự cố\r\nbất khả kháng mà chúng tôi chứng mình được nguyên nhân là khách quan và không\r\nthể khắc phục được.<o:p></o:p></span></p><p class=\"MsoNormal\" style=\"text-align:justify\"><o:p>&nbsp;</o:p></p><p style=\"margin-top: 10px; color: rgb(117, 117, 117); font-family: RobotoDraft, arial, sans-serif; font-size: 16px;\">\r\n\r\n\r\n\r\n\r\n\r\n\r\n\r\n\r\n\r\n\r\n\r\n\r\n\r\n\r\n\r\n\r\n\r\n\r\n\r\n\r\n\r\n\r\n\r\n\r\n\r\n\r\n\r\n\r\n\r\n\r\n\r\n\r\n\r\n\r\n\r\n\r\n\r\n\r\n\r\n\r\n\r\n\r\n\r\n\r\n\r\n\r\n\r\n\r\n\r\n\r\n\r\n</p><p class=\"MsoNormal\" style=\"text-align:justify\"><o:p>&nbsp;</o:p></p>',1);
/*!40000 ALTER TABLE `page` ENABLE KEYS */;
UNLOCK TABLES;

--
-- Table structure for table `parameter`
--

DROP TABLE IF EXISTS `parameter`;
/*!40101 SET @saved_cs_client     = @@character_set_client */;
/*!40101 SET character_set_client = utf8 */;
CREATE TABLE `parameter` (
  `id` int(11) NOT NULL AUTO_INCREMENT,
  `param_key` varchar(255) NOT NULL,
  `param_value` text,
  PRIMARY KEY (`id`)
) ENGINE=InnoDB DEFAULT CHARSET=utf8;
/*!40101 SET character_set_client = @saved_cs_client */;

--
-- Dumping data for table `parameter`
--

LOCK TABLES `parameter` WRITE;
/*!40000 ALTER TABLE `parameter` DISABLE KEYS */;
/*!40000 ALTER TABLE `parameter` ENABLE KEYS */;
UNLOCK TABLES;

--
-- Table structure for table `price_range`
--

DROP TABLE IF EXISTS `price_range`;
/*!40101 SET @saved_cs_client     = @@character_set_client */;
/*!40101 SET character_set_client = utf8 */;
CREATE TABLE `price_range` (
  `id` int(11) NOT NULL,
  `min` float DEFAULT NULL COMMENT '0-499\n500-999\n1000-1999\n2000-4999\n5000-',
  `max` float DEFAULT NULL,
  `name` varchar(45) DEFAULT NULL,
  PRIMARY KEY (`id`)
) ENGINE=InnoDB DEFAULT CHARSET=utf8;
/*!40101 SET character_set_client = @saved_cs_client */;

--
-- Dumping data for table `price_range`
--

LOCK TABLES `price_range` WRITE;
/*!40000 ALTER TABLE `price_range` DISABLE KEYS */;
/*!40000 ALTER TABLE `price_range` ENABLE KEYS */;
UNLOCK TABLES;

--
-- Table structure for table `user`
--

DROP TABLE IF EXISTS `user`;
/*!40101 SET @saved_cs_client     = @@character_set_client */;
/*!40101 SET character_set_client = utf8 */;
CREATE TABLE `user` (
  `id` int(11) NOT NULL AUTO_INCREMENT,
  `username` varchar(45) COLLATE utf8_unicode_ci NOT NULL,
  `password` varchar(100) COLLATE utf8_unicode_ci NOT NULL,
  `email` varchar(45) COLLATE utf8_unicode_ci NOT NULL,
  `fullname` varchar(255) COLLATE utf8_unicode_ci NOT NULL,
  `phone` varchar(45) COLLATE utf8_unicode_ci NOT NULL,
  `description` longtext COLLATE utf8_unicode_ci,
  `avatar` varchar(255) CHARACTER SET utf8 DEFAULT NULL,
  `bank_name` varchar(255) COLLATE utf8_unicode_ci DEFAULT NULL,
  `bank_branch` varchar(255) COLLATE utf8_unicode_ci DEFAULT NULL,
  `account_name` varchar(255) COLLATE utf8_unicode_ci DEFAULT NULL,
  `account_number` varchar(45) COLLATE utf8_unicode_ci DEFAULT NULL,
  `identification` varchar(45) COLLATE utf8_unicode_ci NOT NULL COMMENT 'Chứng minh thư',
  `commission_ratio` double NOT NULL DEFAULT '10',
  `bonus_ratio` double NOT NULL DEFAULT '5',
  `receipt_ratio` double NOT NULL DEFAULT '2',
  `reset_token` varchar(255) CHARACTER SET utf8 DEFAULT NULL,
  `reset_timeout` datetime DEFAULT NULL,
  `is_active` tinyint(1) DEFAULT NULL,
  `created_at` datetime DEFAULT NULL,
  `updated_at` datetime DEFAULT NULL,
  `roles` longtext CHARACTER SET utf8 NOT NULL COMMENT '(DC2Type:json_array)',
  PRIMARY KEY (`id`),
  UNIQUE KEY `UNIQ_8D93D649F85E0677` (`username`),
  UNIQUE KEY `UNIQ_8D93D649E7927C74` (`email`),
  UNIQUE KEY `UNIQ_8D93D64949E7720D` (`identification`),
  UNIQUE KEY `UNIQ_8D93D649444F97DD` (`phone`)
) ENGINE=InnoDB AUTO_INCREMENT=145 DEFAULT CHARSET=utf8 COLLATE=utf8_unicode_ci;
/*!40101 SET character_set_client = @saved_cs_client */;

--
-- Dumping data for table `user`
--

LOCK TABLES `user` WRITE;
/*!40000 ALTER TABLE `user` DISABLE KEYS */;
INSERT INTO `user` VALUES (1,'admin','$2y$13$XuOaVsBuUv0rt0VKMJOTJuAiNkucZ/1FL5tE2gWxFB6N2W824B7J6','trantridue@gmail.com','Administrator','0912345671','Account Admin','page-1.jpg','Vietcombank','Ha Dong','Administrator','123456789','10001',10,5,2,NULL,NULL,1,'2017-02-14 16:39:09','2017-03-22 17:24:35','[\"ROLE_ADMIN\"]'),(2,'employe','$2y$13$XuOaVsBuUv0rt0VKMJOTJuAiNkucZ/1FL5tE2gWxFB6N2W824B7J6','employe@gmail.com','Employe','0912345672','Account Employe',NULL,'Vietcombank','Ha Dong','Employe','123456789','10002',10,5,2,NULL,NULL,1,'2017-02-14 16:39:10',NULL,'[\"ROLE_EMPLOYE\"]'),(3,'receiption1','$2y$13$XuOaVsBuUv0rt0VKMJOTJuAiNkucZ/1FL5tE2gWxFB6N2W824B7J6','receiption1@gmail.com','Receiption1','0912345673','Account Receiption',NULL,'Vietcombank','Ha Dong','Receiption1','123456789','10003',10,5,2,NULL,NULL,1,'2017-02-14 16:39:09',NULL,'[\"ROLE_RECEIPTION\"]'),(4,'receiption2','$2y$13$XuOaVsBuUv0rt0VKMJOTJuAiNkucZ/1FL5tE2gWxFB6N2W824B7J6','receiption2@gmail.com','Receiption2','0912345674','Account Receiption',NULL,'Vietcombank','Ha Dong','Receiption2','123456789','10004',10,5,2,NULL,NULL,1,'2017-02-14 16:39:09',NULL,'[\"ROLE_RECEIPTION\"]'),(5,'receiption3','$2y$13$XuOaVsBuUv0rt0VKMJOTJuAiNkucZ/1FL5tE2gWxFB6N2W824B7J6','receiption3@gmail.com','Receiption3','0912345675','Account Receiption',NULL,'Vietcombank','Ha Dong','Receiption3','123456789','10005',10,5,2,NULL,NULL,1,'2017-02-14 16:39:09',NULL,'[\"ROLE_RECEIPTION\"]'),(6,'receiption4','$2y$13$XuOaVsBuUv0rt0VKMJOTJuAiNkucZ/1FL5tE2gWxFB6N2W824B7J6','receiption4@gmail.com','Receiption4','0912345676','Account Receiption',NULL,'Vietcombank','Ha Dong','Receiption4','123456789','10006',10,5,2,NULL,NULL,1,'2017-02-14 16:39:09',NULL,'[\"ROLE_RECEIPTION\"]'),(7,'receiption5','$2y$13$XuOaVsBuUv0rt0VKMJOTJuAiNkucZ/1FL5tE2gWxFB6N2W824B7J6','receiption5@gmail.com','Receiption5','0912345677','Account Receiption',NULL,'Vietcombank','Ha Dong','Receiption5','123456789','10007',10,5,2,NULL,NULL,1,'2017-02-14 16:39:09',NULL,'[\"ROLE_RECEIPTION\"]'),(8,'boss1','$2y$13$XuOaVsBuUv0rt0VKMJOTJuAiNkucZ/1FL5tE2gWxFB6N2W824B7J6','boss1@gmail.com','Boss1','0912345678','Account Boss',NULL,'Vietcombank','Ha Dong','Boss1','123456789','10008',10,5,2,NULL,NULL,1,'2017-02-14 16:39:11',NULL,'[\"ROLE_HOTEL_BOSS\"]'),(9,'boss2','$2y$13$XuOaVsBuUv0rt0VKMJOTJuAiNkucZ/1FL5tE2gWxFB6N2W824B7J6','boss2@gmail.com','Boss2','0912345679','Account Boss',NULL,'Vietcombank','Ha Dong','Boss2','123456789','10009',10,5,2,NULL,NULL,1,'2017-02-14 16:39:11',NULL,'[\"ROLE_HOTEL_BOSS\"]'),(10,'boss3','$2y$13$XuOaVsBuUv0rt0VKMJOTJuAiNkucZ/1FL5tE2gWxFB6N2W824B7J6','boss3@gmail.com','Boss3','0912345680','Account Boss',NULL,'Vietcombank','Ha Dong','Boss3','123456789','10010',10,5,2,NULL,NULL,1,'2017-02-14 16:39:11',NULL,'[\"ROLE_HOTEL_BOSS\"]'),(11,'boss4','$2y$13$XuOaVsBuUv0rt0VKMJOTJuAiNkucZ/1FL5tE2gWxFB6N2W824B7J6','boss4@gmail.com','Boss4','0912345681','Account Boss',NULL,'Vietcombank','Ha Dong','Boss4','123456789','10011',10,5,2,NULL,NULL,1,'2017-02-14 16:39:11',NULL,'[\"ROLE_HOTEL_BOSS\"]'),(12,'boss5','$2y$13$XuOaVsBuUv0rt0VKMJOTJuAiNkucZ/1FL5tE2gWxFB6N2W824B7J6','boss5@gmail.com','Boss5','0912345682','Account Boss',NULL,'Vietcombank','Ha Dong','Boss5','123456789','10012',10,5,2,NULL,NULL,1,'2017-02-14 16:39:11',NULL,'[\"ROLE_HOTEL_BOSS\"]'),(13,'bossnew1','$2y$13$pjy9DWvyIRw8Yo4c0nH7qeMGEP8c30kv9X7/Ml5qBRcCPwgxIYKxK','bossnew1@gmail.com','Chủ khách sạn mới 1','123456789',NULL,NULL,NULL,NULL,NULL,NULL,'123456789',10,5,2,NULL,NULL,1,'2017-03-13 18:49:15',NULL,'[\"ROLE_HOTEL_BOSS\"]'),(14,'boss6','$2y$13$VG2FWxqeIUpmCWg2/l1MAe5p.M8kZYyf6NLeg7D8B5o5MgY4Bij1O','boss6@gmail.com','tran van boss','0988777766',NULL,NULL,NULL,NULL,NULL,NULL,'12333331231',10,5,2,NULL,NULL,1,'2017-03-23 20:04:30','2017-03-23 20:05:15','[\"ROLE_HOTEL_BOSS\"]'),(15,'Boss7','$2y$13$zLm3FBjaokOq0jNDHeJZVu8TjndjKK.nrmskD864.qredc3bNpB0y','boss7@gmail.com','Boss7','7818288ư8w',NULL,NULL,NULL,NULL,NULL,NULL,'1234567',10,5,2,NULL,NULL,1,'2017-03-24 18:11:05','2017-03-24 18:14:53','[\"ROLE_HOTEL_BOSS\"]'),(16,'Boss8','$2y$13$w1.xi6pggJ3pRt4T/aZUf.WOHgefMssx9CJ9YWkw5BWIVbpIbVGjC','boss8@gmail.com','Boss8','1234567898',NULL,NULL,NULL,NULL,NULL,NULL,'12345678',10,5,2,NULL,NULL,1,'2017-03-24 18:33:17','2017-03-28 19:16:25','[\"ROLE_HOTEL_BOSS\"]'),(17,'Boss9','$2y$13$ATvM8w55DLre1XMmU5YVbeBSffS9E6TmuGECwcZ3v3dPntPubrAgu','boss9@gmail.com','Boss9','1234567899',NULL,NULL,NULL,NULL,NULL,NULL,'12345679',10,5,2,NULL,NULL,1,'2017-03-24 18:34:49','2017-03-25 00:36:15','[\"ROLE_HOTEL_BOSS\"]'),(18,'letan6','$2y$13$bPs3V2Nylj4u6zUR5FqJ1.f1VyRGSnvOO/.Czc9oEB/S1ZEaC/t/O','letan6@gmail.com','Lễ Tân Số 6','988092276',NULL,'hotel-avante-127-1200x800.jpg',NULL,NULL,NULL,NULL,'12323413',10,5,2,NULL,NULL,1,'2017-03-25 02:04:35','2017-03-25 07:30:56','[\"ROLE_RECEIPTION\"]'),(19,'chuks1','$2y$13$4uVN0seK4zuTNFyuvORJve8HDyLccA..hDzbSjX3dtyhLHAnZ9fw2','lebinhpvl@gmail.com','Chủ Khách Sạn Mới 01','0974433332',NULL,NULL,NULL,NULL,NULL,NULL,'1234365577',10,5,2,NULL,NULL,1,'2017-03-25 13:32:38','2017-03-25 13:34:17','[\"ROLE_HOTEL_BOSS\"]'),(20,'letanmoi1','$2y$13$4Att9SdZhDGVazEfuPCdkeBSezE8gNxvnF9PUIzZX3LKf8EVvTJhW','letan@gmail.com','Lễ Tân Mới 1','0983221122',NULL,NULL,NULL,NULL,NULL,NULL,'112233445',10,5,2,NULL,NULL,1,'2017-03-25 13:46:32','2017-03-25 13:47:01','[\"ROLE_RECEIPTION\"]'),(21,'trantay','$2y$13$sjmWjeiksieDMQn43YkU3O49yJwcX3AWfwDhiGP1X6kUy5wDFVdYC','tranthitay@gmail.com','tran thi tay','0966401456',NULL,NULL,NULL,NULL,NULL,NULL,'56486156',10,5,2,NULL,NULL,1,'2017-03-27 07:31:25','2017-03-27 07:59:35','[\"ROLE_HOTEL_BOSS\"]'),(22,'123456789','$2y$13$wTgQFzWSAZmRlOzHGPU41.xjyWtyKTsIiYhC7.1z3dAto201Xvly2','utmoirk@gmail.com','Lường Thị Kim Anh','01663519125',NULL,NULL,NULL,NULL,NULL,NULL,'173727159',10,5,2,NULL,NULL,1,'2017-03-27 08:01:46','2017-03-27 08:16:15','[\"ROLE_HOTEL_BOSS\"]'),(23,'01101990','$2y$13$gUlln8Img5d11KsytpzPSeAZ2wmfv8k1WEejU5kVT4ZgZk2vVvNli','duyentran0110@gmail.com','Trần Thị Duyên','0936458958',NULL,NULL,NULL,NULL,NULL,NULL,'173090326',10,5,2,NULL,NULL,1,'2017-03-27 08:18:43','2017-03-27 08:20:01','[\"ROLE_HOTEL_BOSS\"]'),(24,'987654321','$2y$13$xSsfKSTCWzqvTml8IDtW5ekbo8WVPQhE9fb.UrCvxnsNvsObzB53G','saobien1@gmail.com','Sao Biển 1','01234567891',NULL,NULL,NULL,NULL,NULL,NULL,'172090356',10,5,2,NULL,NULL,0,'2017-03-28 13:42:50',NULL,'[\"ROLE_HOTEL_BOSS\"]'),(25,'ngoctrai01','$2y$13$Uom5n64k8PEbID9xFdoFP.Fimos.9ukHzkSSLeXBceQ3LhIR./khi','dsfdshgfdhg@gmail.com','ngoc trai 1.','12345667',NULL,NULL,NULL,NULL,NULL,NULL,'123456782',10,5,2,NULL,NULL,0,'2017-03-28 13:42:56',NULL,'[\"ROLE_RECEIPTION\"]'),(26,'ngoctrai1','$2y$13$Cp3GO/8bODVF7E9Bm3PrdeJb1oktuqT.R4fbrRxnMKubt6LaFG4eC','asfasdgfs@gmail.com','ngoc trai 01','1111111111',NULL,NULL,NULL,NULL,NULL,NULL,'1111111111',10,5,2,NULL,NULL,0,'2017-03-28 13:54:13',NULL,'[\"ROLE_RECEIPTION\"]'),(27,'trantridue','$2y$13$5TPa2ZsesccPCuxCQ3yjvegaYx1vKbWYWvQHUgSSKBrf.FNg9n8Tq','dtrantri.fr@gmail.com','Trần Trí Duệ','0988112233',NULL,'koala.jpg',NULL,NULL,NULL,NULL,'123456710',10,5,2,NULL,NULL,1,'2017-03-28 19:18:48','2017-03-30 11:47:08','[\"ROLE_ADMIN\"]'),(28,'nt1','$2y$13$krEJHWMYfi9wAybtle.jzep6KOCheHqT.wcYXEhonb7VBXJRO3uqK','sdhnjkurlrkh@gmail.com','ngoctrai1','123456677',NULL,NULL,NULL,NULL,NULL,NULL,'124135346',10,5,2,NULL,NULL,1,'2017-03-30 07:35:16','2017-03-30 07:50:51','[\"ROLE_RECEIPTION\"]'),(29,'saobien1','$2y$13$4/etjNZbKvox3Tx2CJgrL.fjpXzwgLYE38zEFXwJ/u9qgT/yjC96i','saobien1flc@gmail.com','BT Sao Bien','0987363630',NULL,NULL,NULL,NULL,NULL,NULL,'172090316',10,5,2,NULL,NULL,1,'2017-03-30 07:43:29','2017-03-30 07:46:10','[\"ROLE_HOTEL_BOSS\"]'),(30,'saobien2','$2y$13$gCin.Byw0TbfGg2.fY.7h.bEruNRofIMCu353b6/0rquiTaX4hPba','saobien2flc@gmail.com','BT Sao Bien2','0889742354',NULL,NULL,NULL,NULL,NULL,NULL,'123986542',10,5,2,NULL,NULL,1,'2017-03-30 07:49:58','2017-03-30 07:50:39','[\"ROLE_HOTEL_BOSS\"]'),(31,'saobien3','$2y$13$OH7XxMupnNsEqQ/AzEVf3OYu9IISUytvPBV5kBUsNO4hEVXPT4Rmi','saobien3flc@gmail.com','BTSao Bien3','26679963341',NULL,NULL,NULL,NULL,NULL,NULL,'123697503',10,5,2,NULL,NULL,1,'2017-03-30 07:52:52','2017-03-30 08:07:51','[\"ROLE_HOTEL_BOSS\"]'),(32,'saobien4','$2y$13$e.fpqFzZ.wqqH5ysZTbZu.GCXerJ82m0RSLdzxfxWj03m54SWaItu','saobien4flc@gmail.com','BTSao Bien4','468975321',NULL,NULL,NULL,NULL,NULL,NULL,'2689864631',10,5,2,NULL,NULL,1,'2017-03-30 07:53:54','2017-03-30 08:07:54','[\"ROLE_HOTEL_BOSS\"]'),(33,'saobien5','$2y$13$nnQPq04EeGGHBuXM8wD64uaeV50DoNgZgjxYk.MYGBoBUOatJ3.8y','saobien5flc@gmail.com','BT Saobien5','03969468813',NULL,NULL,NULL,NULL,NULL,NULL,'25698301869',10,5,2,NULL,NULL,1,'2017-03-30 07:54:52','2017-03-30 08:07:58','[\"ROLE_HOTEL_BOSS\"]'),(34,'saobien6','$2y$13$C/NLPHw.KiLtpR7EzjsNzOw4RL4We.SO2x5oa8sNrm2RAXdeFUYie','saobien6flc@gmail.com','BT Saobien6','1239875333',NULL,NULL,NULL,NULL,NULL,NULL,'236980354',10,5,2,NULL,NULL,1,'2017-03-30 07:55:49','2017-03-30 08:08:01','[\"ROLE_HOTEL_BOSS\"]'),(35,'saobien7','$2y$13$pjJ7dVIRYDAF/XVHxObRKefa/YVuAOV3PEH.CmmKgb8dosruZ0Ta6','saobien7flc@gmail.com','BT Sao Bien7','12345696989',NULL,NULL,NULL,NULL,NULL,NULL,'23995656',10,5,2,NULL,NULL,1,'2017-03-30 07:56:46','2017-03-30 08:03:14','[\"ROLE_HOTEL_BOSS\"]'),(36,'saobien8','$2y$13$ZectqfYdzsHDEDr9.k1Hn.adRzVasbJqGNazGEH0n9Z2YZjjCY5/q','saobien8flc@gmail.com','BT SaoBien7','226976463',NULL,NULL,NULL,NULL,NULL,NULL,'2299552666',10,5,2,NULL,NULL,1,'2017-03-30 07:57:55','2017-03-30 08:03:11','[\"ROLE_HOTEL_BOSS\"]'),(37,'saobien9','$2y$13$xa3WAEMetGzyHPlyYJQpUu68pZn.uoPrSL7oRE3VItsEy76aupkSG','saobien9flc@gmail.com','BT Saobien9','12369875',NULL,NULL,NULL,NULL,NULL,NULL,'2968756',10,5,2,NULL,NULL,1,'2017-03-30 07:59:58','2017-03-30 08:03:08','[\"ROLE_HOTEL_BOSS\"]'),(38,'saobien10','$2y$13$I4wooN0cdC1Q0HUT69wLPOE6JS3brAHW6oR0xIpbfPb8cTKtt78qa','saobien10flc@gmail.com','BT Sao bien10','236987569',NULL,NULL,NULL,NULL,NULL,NULL,'23968766',10,5,2,NULL,NULL,1,'2017-03-30 08:00:50','2017-03-30 08:03:05','[\"ROLE_HOTEL_BOSS\"]'),(39,'saobien11','$2y$13$5n2gJFNSSD/WxUA0yXZH3.vi/kfJQm9vaypZbb0T6h.PMEAJmebEC','saobien11@gmail.com','BT Sao Bien11','23369984569',NULL,NULL,NULL,NULL,NULL,NULL,'297636645',10,5,2,NULL,NULL,1,'2017-03-30 08:02:11','2017-03-30 08:03:02','[\"ROLE_HOTEL_BOSS\"]'),(40,'kshoahong','$2y$13$mpSm1sMQ5NEti.2ch7SMae6Sx130aj9G12clr4WkaulG/Uy3Jy1a2','hoahongb@gmail.com','kshoa hong b','0912958445',NULL,NULL,NULL,NULL,NULL,NULL,'6532567',10,5,2,NULL,NULL,1,'2017-03-30 08:14:46','2017-03-30 08:14:59','[\"ROLE_HOTEL_BOSS\"]'),(41,'kshoamai','$2y$13$6msfcMq/Pfv7wnBuVuKPBumTYAPkBgcWK28vEcXM7skWzA.wXzqGG','hoamai@gmail.com','Ks Hoa Mai','0914008399',NULL,NULL,NULL,NULL,NULL,NULL,'13254657',10,5,2,NULL,NULL,1,'2017-03-30 08:17:02','2017-03-30 08:29:20','[\"ROLE_HOTEL_BOSS\"]'),(42,'saobien12','$2y$13$s0lgErTtbTgj7EFbt9uSVuCQ9cvW5fs4mWD2iTgfSijWxVVL7GqpO','saobien12@gmail.com','BT Sao Bien 12','23689415969',NULL,NULL,NULL,NULL,NULL,NULL,'269977621',10,5,2,NULL,NULL,1,'2017-03-30 08:17:21','2017-03-30 08:29:17','[\"ROLE_HOTEL_BOSS\"]'),(43,'saobien14','$2y$13$lJ/vwJ9YXa.Feok1hIrR7OPQwEdxp62DIdnKNHsa0MzFemQXdWL6W','saobien14@gmail.com','BT Sao Bien 14','1235669987',NULL,NULL,NULL,NULL,NULL,NULL,'2699762',10,5,2,NULL,NULL,1,'2017-03-30 08:18:24','2017-03-30 08:29:14','[\"ROLE_HOTEL_BOSS\"]'),(44,'ksthailan','$2y$13$Qn0nSePp.lYb1yWEQCDHe.Cqp1JnKo6AUAgH446OD/OUBrjBsbM3e','thailan@gmail.com','Ks Thai Lan','098303678',NULL,NULL,NULL,NULL,NULL,NULL,'12435465',10,5,2,NULL,NULL,1,'2017-03-30 08:18:36','2017-03-30 08:29:11','[\"ROLE_HOTEL_BOSS\"]'),(45,'saobien15','$2y$13$k6hn92eddqF0AVrFnr4N4u6Rb.IC1ZR8sSOjYJjtAMOZb/V0gvbRW','saobien15@gmail.com','BT Sao Bien 15','123699849',NULL,NULL,NULL,NULL,NULL,NULL,'23699752',10,5,2,NULL,NULL,1,'2017-03-30 08:19:18','2017-03-30 08:29:08','[\"ROLE_HOTEL_BOSS\"]'),(46,'ksbienvang','$2y$13$DTioZL.SGUbyFeqaTZupxu8dFwz/2v20sA/T5UMv6kBZ3BADgT6U2','bienvang@gmail.com','Ks Bien Vang','4654745',NULL,NULL,NULL,NULL,NULL,NULL,'133546567',10,5,2,NULL,NULL,1,'2017-03-30 08:19:59','2017-03-30 08:28:55','[\"ROLE_HOTEL_BOSS\"]'),(47,'ksnganhoa','$2y$13$1TSd88a/TMVbPynTDWfGNuDI/IAeWRQPFBhClu63qefhXpS.l1FP.','nganhoa@gmail.com','ks Ngan Hoa','01683480788',NULL,NULL,NULL,NULL,NULL,NULL,'25457686',10,5,2,NULL,NULL,1,'2017-03-30 08:21:37','2017-03-30 08:28:52','[\"ROLE_HOTEL_BOSS\"]'),(48,'saobien16','$2y$13$AqHhuvPrk4BNsM6Qow3eweQkcFIFqH2N15IonHrHF0SZoWNAhEE8q','saobien16@gmail.com','BT Sao Bien 16','123699875',NULL,NULL,NULL,NULL,NULL,NULL,'3669516963366',10,5,2,NULL,NULL,1,'2017-03-30 08:21:56','2017-03-30 08:28:49','[\"ROLE_HOTEL_BOSS\"]'),(49,'kscatdailoi','$2y$13$UpUBQ6fFlt5jVy6FuMEiSeecwe8G0Mj99Fqeda0CKsvpZKTP/75L6','catdailoi@gmai.com','Ks Cat Dai Loi','0373821491',NULL,NULL,NULL,NULL,NULL,NULL,'54647865895',10,5,2,NULL,NULL,1,'2017-03-30 08:23:16','2017-03-30 08:28:45','[\"ROLE_HOTEL_BOSS\"]'),(50,'saobien17','$2y$13$CmXRsGuHC0AYak3.h4vip.ASFSVGi5ym//31jJFP67Cj2FxTvRUGa','saobien17@gmail.com','BT Sao Bien 17','123698530',NULL,NULL,NULL,NULL,NULL,NULL,'9696589236',10,5,2,NULL,NULL,1,'2017-03-30 08:23:22','2017-03-30 08:28:25','[\"ROLE_HOTEL_BOSS\"]'),(51,'saobien18','$2y$13$2punLXuADsJFazPctSweLOKchiqTnm/uWmyK3rBll7E8HMhdM4yva','saobien18@gmail.com','BT Sao Bien 18','12369852',NULL,NULL,NULL,NULL,NULL,NULL,'269833693',10,5,2,NULL,NULL,1,'2017-03-30 08:24:17','2017-03-30 08:28:22','[\"ROLE_HOTEL_BOSS\"]'),(52,'kshaiyenvip','$2y$13$AKL9EKI/MLWyZzBUgruxXelS1/ja4ILaeBnlKFWAJTYJ8/mwBRtGi','haiyenvip@gmail.com','Ks Hai Yen Vip','0974482737',NULL,NULL,NULL,NULL,NULL,NULL,'64634754',10,5,2,NULL,NULL,1,'2017-03-30 08:24:37','2017-03-30 08:28:42','[\"ROLE_HOTEL_BOSS\"]'),(53,'saobien19','$2y$13$KNoL1rDm8n0wVzbk9/5Hkulqxvh9GElw7JGTHhAscLjuUH4/.BzOS','saobien19@gmail.com','BT Sao Bien19','136985698',NULL,NULL,NULL,NULL,NULL,NULL,'2369856',10,5,2,NULL,NULL,0,'2017-03-30 08:25:13',NULL,'[\"ROLE_HOTEL_BOSS\"]'),(54,'ksvuson','$2y$13$n/PKxmZp6.o8nb0Xr6RZ3.pZs0Z18.4kXEn3yTktaBw97unwzgniK','vuson@gmail.com','Ks Vu Son','0979666869',NULL,NULL,NULL,NULL,NULL,NULL,'3254765865',10,5,2,NULL,NULL,1,'2017-03-30 08:25:43','2017-03-30 08:27:59','[\"ROLE_HOTEL_BOSS\"]'),(55,'saobien20','$2y$13$fikmFvNVgrrwZUkqzMVvTuydMf3vAOmu5UdchsHhmE5ccT4gcmi4S','saobien20@gmail.com','BT Sao Bien 20','1239985',NULL,NULL,NULL,NULL,NULL,NULL,'123985',10,5,2,NULL,NULL,1,'2017-03-30 08:26:08','2017-03-30 08:27:56','[\"ROLE_HOTEL_BOSS\"]'),(56,'nhanghibinhhung','$2y$13$2cZjs.ntIPkV6PHLr/t3WOeT9/iX4p8iASWm0MSra9beLBiZoiADW','nhanghibinhhung@gmail.com','Nha Nghi Binh Hung','0913099988',NULL,NULL,NULL,NULL,NULL,NULL,'2547765',10,5,2,NULL,NULL,1,'2017-03-30 08:29:22','2017-03-30 10:32:22','[\"ROLE_HOTEL_BOSS\"]'),(57,'ksngoctrai','$2y$13$lhgvy3H4BPvEEFnLqem9Mu5iGwQQZCKSlo9UFkafBKbuCN9cXaIFq','ngoctrai@gmail.com','Ks Ngoc Trai','0944326060',NULL,NULL,NULL,NULL,NULL,NULL,'2534637658',10,5,2,NULL,NULL,1,'2017-03-30 08:31:43','2017-03-30 10:32:19','[\"ROLE_HOTEL_BOSS\"]'),(58,'ksduyanh','$2y$13$8pgVfGYavuw5yJ1toDWiles1NJ1l23GKmH8M8/nsH7CW6t.l9m.oq','duyanh@gmail.com','Ks Duy Anh','01685727294',NULL,NULL,NULL,NULL,NULL,NULL,'89579585',10,5,2,NULL,NULL,1,'2017-03-30 08:32:49','2017-03-30 10:32:17','[\"ROLE_HOTEL_BOSS\"]'),(59,'ksnamphong','$2y$13$yVIRMkbfc/.2bvb/vqE7kepduttMi6ab/PO6V8toHLhksOuXVWpEe','namphong@gmail.com','Ks Nam Phong','0912372474',NULL,NULL,NULL,NULL,NULL,NULL,'3426544764',10,5,2,NULL,NULL,1,'2017-03-30 08:34:23','2017-03-30 10:32:15','[\"ROLE_HOTEL_BOSS\"]'),(60,'ksminhvan','$2y$13$/9wBmKANKCqFNMP1OvU45OiIPf.aa.8RUaY4d2jZHNFV1zTVw8DZi','minhvan@gmail.com','Ks Minh Van','0986723089',NULL,NULL,NULL,NULL,NULL,NULL,'67464353',10,5,2,NULL,NULL,1,'2017-03-30 08:35:54','2017-03-30 10:32:12','[\"ROLE_HOTEL_BOSS\"]'),(61,'ksbiendoi','$2y$13$Mgv7IGQJoaSTls18n9hJceKijEhD5JMZDlMyBWnDf9YPh1q3xLNVi','biendoi@gmail.com','Ks Bien Doi','0904520678',NULL,NULL,NULL,NULL,NULL,NULL,'86537976',10,5,2,NULL,NULL,1,'2017-03-30 08:41:56','2017-03-30 10:32:10','[\"ROLE_HOTEL_BOSS\"]'),(62,'ksnoihoa','$2y$13$8GCd/ZGp6w9H3HlzTG3oWeh.Lwn6AL6t4hD0uC00xWYfMEbmayv1u','noingoc@gmail.com','Ks Noi Hoa','0912821689',NULL,NULL,NULL,NULL,NULL,NULL,'8856848',10,5,2,NULL,NULL,1,'2017-03-30 08:43:13','2017-03-30 10:32:08','[\"ROLE_HOTEL_BOSS\"]'),(63,'kshuyhoang','$2y$13$Gy4YnGp5hmF.ok/9NHsmxOiI9lZ76LeSuOIaTXq5F/4/96SIx5ol.','huyhoang@gmai.com','Ks Huy Hoang','0943076456',NULL,NULL,NULL,NULL,NULL,NULL,'658265856',10,5,2,NULL,NULL,1,'2017-03-30 08:46:08','2017-03-30 10:32:05','[\"ROLE_HOTEL_BOSS\"]'),(64,'saobien21','$2y$13$iQMLThGGlNUzHjELWCn9beIw.JGn7nthfWHbKjDwGxncm092RD91.','saobien21@gmai.com','BT Sao Bien 21','233699874',NULL,NULL,NULL,NULL,NULL,NULL,'1236987',10,5,2,NULL,NULL,1,'2017-03-30 08:46:19','2017-03-30 10:30:08','[\"ROLE_HOTEL_BOSS\"]'),(65,'ksphuonglinh','$2y$13$5cKgICjHKt0hEVCtGWxlWOICPmfM4cF5gJwJ0ct6Nnre8LY/FHPzu','phuonglinh@gmai.com','Ks Phuong Linh','01677644558',NULL,NULL,NULL,NULL,NULL,NULL,'783658675',10,5,2,NULL,NULL,1,'2017-03-30 08:48:26','2017-03-30 10:30:05','[\"ROLE_HOTEL_BOSS\"]'),(66,'saobien22','$2y$13$/kZeNGDCGc8MZjHoxJeVHefCyUhSjQZsjIv/u/ETv9orYn7bqXrFi','saobien22@gmail.com','BT Sao Bien 22','2369914599',NULL,NULL,NULL,NULL,NULL,NULL,'236699822',10,5,2,NULL,NULL,1,'2017-03-30 08:48:51','2017-03-30 10:30:03','[\"ROLE_HOTEL_BOSS\"]'),(67,'ngoctrai2','$2y$13$wxZnf29UXM0WGk71/rjTUOn62JZlMf/JgiLbo7jtNq.saRpor76q6','ngoctrai2@gmail.com','BT Ngoc Trai2','233998566',NULL,NULL,NULL,NULL,NULL,NULL,'236985665',10,5,2,NULL,NULL,1,'2017-03-30 08:49:43','2017-03-30 10:30:00','[\"ROLE_HOTEL_BOSS\"]'),(68,'ksvinhquang','$2y$13$XtfeC7b9KODci1TM5jZ9je1KcLgrZ5YiYh16h.ljzwrrbBe7Wc7yG','vinhquang@gmail.com','Ks Vinh Quang','0979914123',NULL,NULL,NULL,NULL,NULL,NULL,'35345645656',10,5,2,NULL,NULL,1,'2017-03-30 08:49:52','2017-03-30 10:29:58','[\"ROLE_HOTEL_BOSS\"]'),(69,'ngoctrai3','$2y$13$DpbKf7SvmgjU/31opUGYB.zFLE2WXYek1L.KzsMloEai7/VSek2l2','ngoctrai3@gmail.com','BT Ngoc Trai3','123466998',NULL,NULL,NULL,NULL,NULL,NULL,'2236985566',10,5,2,NULL,NULL,1,'2017-03-30 08:50:27','2017-03-30 10:29:56','[\"ROLE_HOTEL_BOSS\"]'),(70,'kshungxuyen','$2y$13$5Mb184g0SzN8MCbHd5nRMeDuTrpdmpMBFbgWe5jk5nppQIld1ar9a','hungxuyen@gmail.com','Ks Hung Xuyen','097914123',NULL,NULL,NULL,NULL,NULL,NULL,'14551448222',10,5,2,NULL,NULL,1,'2017-03-30 08:51:03','2017-03-30 10:29:53','[\"ROLE_HOTEL_BOSS\"]'),(71,'ngoctrai4','$2y$13$8mTeuarVB94izkwKb7GwMeKz7SEdOTg1hLjx2rpen.S/AvsjcKQFO','ngoctrai4@gmail.com','BT Ngoc Trai4','16896565655',NULL,NULL,NULL,NULL,NULL,NULL,'1689895668',10,5,2,NULL,NULL,1,'2017-03-30 08:51:23','2017-03-30 10:29:51','[\"ROLE_HOTEL_BOSS\"]'),(72,'ksdongduong','$2y$13$eE8KwluDUyvIY/4p43QSd.qpYWB5Br4f2mfn5PpqZJ9uReZ/SC4GO','dongduong@gmail.com','Ks Dong Duong','098721955',NULL,NULL,NULL,NULL,NULL,NULL,'55854656685',10,5,2,NULL,NULL,1,'2017-03-30 08:51:59','2017-03-30 10:29:49','[\"ROLE_HOTEL_BOSS\"]'),(73,'ngoctrai5','$2y$13$SESY3S85FrREZO97FlIL8ehydLuB/w.Ta5sRWZ/bi95vPtqn/C3aO','ngoctrai5@gmail.com','BT Ngoc Trai5','54656525457',NULL,NULL,NULL,NULL,NULL,NULL,'455558686568',10,5,2,NULL,NULL,1,'2017-03-30 08:52:30','2017-03-30 10:29:41','[\"ROLE_HOTEL_BOSS\"]'),(74,'ksduclong','$2y$13$Wr/Y6QrGk6qNID30Go6lXu6ou3X4UrbnSvBlBOp7WfTSViFeUEVcy','duclong@gmail.com','Ks Duc Long','0948626867',NULL,NULL,NULL,NULL,NULL,NULL,'265698765',10,5,2,NULL,NULL,1,'2017-03-30 08:53:06','2017-03-30 10:29:34','[\"ROLE_HOTEL_BOSS\"]'),(75,'ngoctrai6','$2y$13$QRTEECnPJKZJ30o0wjfkEeZU6OFRlNAopGb701UuHsTGGMx/JiJZC','ngoctrai6@gmail.com','BT Ngoc Trai6','26988766',NULL,NULL,NULL,NULL,NULL,NULL,'165698978',10,5,2,NULL,NULL,1,'2017-03-30 08:53:54','2017-03-30 10:29:32','[\"ROLE_HOTEL_BOSS\"]'),(76,'ksngoisao','$2y$13$IOeG2T4HCipY..7Jh0YMruHlmiz/qF0s2SlkRFdfOc3FLuaMRcAzi','ngoisao@gmail.com','Ks Ngoi Sao','1555445555',NULL,NULL,NULL,NULL,NULL,NULL,'988765454',10,5,2,NULL,NULL,1,'2017-03-30 08:54:53','2017-03-30 10:29:29','[\"ROLE_HOTEL_BOSS\"]'),(77,'ksbinhduong2','$2y$13$mmUvUYXOt7faH4IUbbSDv.RppCDg9M4bbrZKjN1URGBXvLt.HKKvK','binhduong@gmail.com','Ks Binh Duong 2','44585278552',NULL,NULL,NULL,NULL,NULL,NULL,'6398752145',10,5,2,NULL,NULL,1,'2017-03-30 08:56:05','2017-03-30 10:29:27','[\"ROLE_HOTEL_BOSS\"]'),(78,'ksthaibinhduong','$2y$13$U2BlqDapOcbUgpYzpCTKruFkyXkzUTySygF9.dgMhQ6qdB/7L7uoC','thaibinhduong@gmail.com','Ks Thai Binh Duong','0373823888',NULL,NULL,NULL,NULL,NULL,NULL,'369852477',10,5,2,NULL,NULL,1,'2017-03-30 08:57:21','2017-03-30 10:29:24','[\"ROLE_HOTEL_BOSS\"]'),(79,'ngoctrai7','$2y$13$DYQFkxLQydOdGsH4clh2U.9S2i2HyNFXtrpEIDEYAFeKAHR19103W','ngoctrai7@gmail.com','BT Ngoc Trai7','1236899',NULL,NULL,NULL,NULL,NULL,NULL,'226998856',10,5,2,NULL,NULL,1,'2017-03-30 08:57:36','2017-03-30 10:29:22','[\"ROLE_HOTEL_BOSS\"]'),(80,'ngoctrai8','$2y$13$agsZPLRAXzztNWuE7I/K7eDmM0IKc8ugQpr7G4u.w7xUXjz6EjYTi','ngoctrai8@gmail.com','BT Ngoc Trai8','1269846698',NULL,NULL,NULL,NULL,NULL,NULL,'123699852',10,5,2,NULL,NULL,1,'2017-03-30 08:58:51','2017-03-30 10:29:18','[\"ROLE_HOTEL_BOSS\"]'),(81,'ngoctrai9','$2y$13$p8.de5fIKPzSj4cHlEi.nuZw8kAyExXz0/uVbclWUlZbVRsK5wz8a','ngoctrai9@gmail.com','BT Ngoc Trai 9','325985659898',NULL,NULL,NULL,NULL,NULL,NULL,'1599899566',10,5,2,NULL,NULL,1,'2017-03-30 08:59:47','2017-03-30 10:29:14','[\"ROLE_HOTEL_BOSS\"]'),(82,'ngoctrai10','$2y$13$tiq6/A68sWXnEgeMLdup9.0eLl9hMRg94sKZZC/0zj81oF0j9y5aK','ngoctrai10@gmail.com','BT Ngoc Trai10','12369855',NULL,NULL,NULL,NULL,NULL,NULL,'15875255',10,5,2,NULL,NULL,1,'2017-03-30 09:00:35','2017-03-30 10:29:11','[\"ROLE_HOTEL_BOSS\"]'),(83,'ksvictory','$2y$13$G8u6lTcL7dvyj07HYsHn5u4AtYHoRVF6aOMKliqsoA0J6IJ9dRnGa','victoria@gmail.com','Ks Victoria','0983010798',NULL,NULL,NULL,NULL,NULL,NULL,'955434454656',10,5,2,NULL,NULL,1,'2017-03-30 09:01:04','2017-03-30 10:29:09','[\"ROLE_HOTEL_BOSS\"]'),(84,'ksthinhvuong','$2y$13$tcZRuJ8zOOEJSqj7Wa2YKO2uLYdva3i8DmMKqCB3Y2KmuJw.t8DTO','thinhvuong@gmail.com','Ks Thinh Vuong','0912732780',NULL,NULL,NULL,NULL,NULL,NULL,'765445448',10,5,2,NULL,NULL,1,'2017-03-30 09:02:10','2017-03-30 10:27:53','[\"ROLE_HOTEL_BOSS\"]'),(85,'ngoctrai11','$2y$13$Ja9YIot.dnTdv.1cc/R6t.xEZA57oU1l0TnfCZycQKE.ahCjhPgQG','ngoctrai11@gmail.com','BT Ngoc Trai11','123698526',NULL,NULL,NULL,NULL,NULL,NULL,'16666266',10,5,2,NULL,NULL,1,'2017-03-30 09:02:33','2017-03-30 10:27:51','[\"ROLE_HOTEL_BOSS\"]'),(86,'ksviethong','$2y$13$W0Rp1HOgDAwdhRnXyd.D7.5tca0WKwCCwTtVmTR/Yo/Y48LlWy0H2','viethong@gmail.com','Ks Viet Hong','0968078686',NULL,NULL,NULL,NULL,NULL,NULL,'1236485566',10,5,2,NULL,NULL,1,'2017-03-30 09:03:21','2017-03-30 10:27:48','[\"ROLE_HOTEL_BOSS\"]'),(87,'ngoctrai12','$2y$13$OAkC0641JJcMc0wOsSVIqu.xi7ZOTUhtwOxH9sz8L4QB28IUzXN3K','ngoctrai12@gmail.com','BT Ngoc Trai 12','136982500',NULL,NULL,NULL,NULL,NULL,NULL,'12369998556',10,5,2,NULL,NULL,1,'2017-03-30 09:03:29','2017-03-30 10:27:45','[\"ROLE_HOTEL_BOSS\"]'),(88,'ngoctrai14','$2y$13$sne5CAR0V2JAMIGMNQBV2.s/BTJYF2b5PDsRzFEj0QK16QbfugEw2','ngoctrai14@gmail.com','BT Ngoc Trai 14','0022565545',NULL,NULL,NULL,NULL,NULL,NULL,'222556854',10,5,2,NULL,NULL,1,'2017-03-30 09:04:11','2017-03-30 10:27:43','[\"ROLE_HOTEL_BOSS\"]'),(89,'ksbinhminh','$2y$13$fBLjXIuzQZnUc7UfIBZt9uvLvok8exMiQvBgdmvLQA/ccIrmLcXki','binhminh@gmail.com','Ks Binh Minh','0915373816',NULL,NULL,NULL,NULL,NULL,NULL,'96583796',10,5,2,NULL,NULL,1,'2017-03-30 09:04:24','2017-03-30 10:27:39','[\"ROLE_HOTEL_BOSS\"]'),(90,'ngoctrai15','$2y$13$7M7noYKG/5R7wlFR4ssTqe8/SSHVIGmjhLeimfi9nefLW8F32cj/y','ngoctrai15@gmail.com','BT Ngoc Trai 15','23668874',NULL,NULL,NULL,NULL,NULL,NULL,'123698',10,5,2,NULL,NULL,1,'2017-03-30 09:05:18','2017-03-30 10:27:36','[\"ROLE_HOTEL_BOSS\"]'),(91,'kstrungdong','$2y$13$A1TWcUULO6tHJMv8oYEAbueZBx4iS3ePYyUjgFEyJVYN/gNnsq3Ru','trungdong@gmail.com','Ks Trung Dong','0122824111',NULL,NULL,NULL,NULL,NULL,NULL,'879564794',10,5,2,NULL,NULL,1,'2017-03-30 09:06:31','2017-03-30 10:27:31','[\"ROLE_HOTEL_BOSS\"]'),(92,'kstruonggiang','$2y$13$izz2ovlNxu88VB3n6lEOeuDUEmeUPiEfDJpASxXNBZhOCSKl5srNa','truonggiang@gmail.com','Ks Truong Giang','0915926388',NULL,NULL,NULL,NULL,NULL,NULL,'5634687678',10,5,2,NULL,NULL,1,'2017-03-30 09:07:53','2017-03-30 10:27:26','[\"ROLE_HOTEL_BOSS\"]'),(93,'ngoctrai16','$2y$13$k8g35QpZ/jthjd3Heh7DTOFpY/4hqrJtsYEBl8rdAcHx07R8tCaZK','ngoctrai16@gmail.com','BT Ngoc Trai 16','1236645899',NULL,NULL,NULL,NULL,NULL,NULL,'133698452',10,5,2,NULL,NULL,1,'2017-03-30 09:07:56','2017-03-30 10:27:22','[\"ROLE_HOTEL_BOSS\"]'),(94,'ksquynhnhiem','$2y$13$SZhCGRGy548kqYcOI6.ACOof7k44KxOPrTYMSpGXsmmYLqwGGeXta','quynhnhiem@gmail.com','Ks Quynh Nhiem','0943381978',NULL,NULL,NULL,NULL,NULL,NULL,'69568965',10,5,2,NULL,NULL,1,'2017-03-30 09:09:06','2017-03-30 10:27:10','[\"ROLE_HOTEL_BOSS\"]'),(95,'ngoctrai17','$2y$13$8V/wyYx2gRm8alueLkisWeujlOENaSnDEf2vl38VMxmLbtHd8uZeC','ngoctrai17@gmail.com','BT Ngoc Trai 17','13336998',NULL,NULL,NULL,NULL,NULL,NULL,'1239888',10,5,2,NULL,NULL,1,'2017-03-30 09:09:25','2017-03-30 10:27:04','[\"ROLE_HOTEL_BOSS\"]'),(96,'ksbonghong','$2y$13$fqbBKnscvrql9m0ljO4rXeWUkGq9BbXxEylybj/RBL3rfB27RtQcu','bonghong@gmail.com','Ks Bong Hong','0913356914',NULL,NULL,NULL,NULL,NULL,NULL,'6785685',10,5,2,NULL,NULL,1,'2017-03-30 09:10:08','2017-03-30 10:26:54','[\"ROLE_HOTEL_BOSS\"]'),(97,'ngoctrai18','$2y$13$0lGNrF3OjctASl9yDsGUe.FdjSHgzTEUGmuy8mgbtF1eBgJYTT09K','ngoctrai18@gmail.com','BT Ngoc Trai 18','123698',NULL,NULL,NULL,NULL,NULL,NULL,'1239875',10,5,2,NULL,NULL,1,'2017-03-30 09:10:11','2017-03-30 10:26:50','[\"ROLE_HOTEL_BOSS\"]'),(98,'kshoahong1','$2y$13$To8/PysHd2sZj9NN6RjN1OyBi6Xkw7gkx8DvGpTlT.zjkFqLxnVZ.','hoahong1@gmail.com','Ks Hoa Hong 1','0903493878',NULL,NULL,NULL,NULL,NULL,NULL,'693547425',10,5,2,NULL,NULL,1,'2017-03-30 09:11:26','2017-03-30 10:26:48','[\"ROLE_HOTEL_BOSS\"]'),(99,'ngoctrai19','$2y$13$3L49bCluvmeuNSGHzVKtd.mvoJZWA4LO5rt4OWMAhD2BmO3MwvgSK','ngoctrai19@gmail.com','BT Ngoc Trai 19','032659856',NULL,NULL,NULL,NULL,NULL,NULL,'266548998',10,5,2,NULL,NULL,1,'2017-03-30 09:11:28','2017-03-30 10:26:41','[\"ROLE_HOTEL_BOSS\"]'),(100,'ngoctrai20','$2y$13$fXyZRpHd4C5L3gJSbJ9Xv.MhPrUwYItz.QnYQ5beiytC3U.uUsM4O','ngoctrai20@gmail.com','BT Ngoc Trai 20','22229999',NULL,NULL,NULL,NULL,NULL,NULL,'123985666',10,5,2,NULL,NULL,1,'2017-03-30 09:12:29','2017-03-30 10:26:36','[\"ROLE_HOTEL_BOSS\"]'),(101,'ksnamhang','$2y$13$FevNWNMi80jBMXTyjaxk4evnlxVB7cb2Q/UsbDWlqk6K2OUbcUkP6','namhang@gmail.com','Ks Nam Hang','0968284206',NULL,NULL,NULL,NULL,NULL,NULL,'7546778',10,5,2,NULL,NULL,1,'2017-03-30 09:12:39','2017-03-30 10:26:32','[\"ROLE_HOTEL_BOSS\"]'),(102,'ngoctrai21','$2y$13$MX4SbmJwUgZDxeyW8e5ct.fPlrXwosidzsflO588Si4rBBuU4WAZC','ngoctrai21@gmail.com','BT Ngoc Trai 21','222266998',NULL,NULL,NULL,NULL,NULL,NULL,'1558888',10,5,2,NULL,NULL,1,'2017-03-30 09:13:29','2017-03-30 10:26:28','[\"ROLE_HOTEL_BOSS\"]'),(103,'kshanoi','$2y$13$qk9JGO6B0dl4Sxi2TW8RHeIBlUR./W2trnIeEYFijnigFPogyevVi','hanoi@gmail.com','Ks Ha Noi','0912131333',NULL,NULL,NULL,NULL,NULL,NULL,'9876453',10,5,2,NULL,NULL,1,'2017-03-30 09:13:34','2017-03-30 10:26:20','[\"ROLE_HOTEL_BOSS\"]'),(104,'ksbinhduong','$2y$13$lS52y1C2AKeiCTASa1LafeiEJc57ODRcHZux9weJrcwhsVnbP2fti','binhduong1@gmail.com','Ks Binh Duong','0919665818',NULL,NULL,NULL,NULL,NULL,NULL,'69875445',10,5,2,NULL,NULL,1,'2017-03-30 09:15:01','2017-03-30 10:26:11','[\"ROLE_HOTEL_BOSS\"]'),(105,'ngoctrai22','$2y$13$otZIRc/ge/vf8oFIgPkgmupK9kyYienoeKlIMKj5CojDAK1ekFluK','ngoctrai22@gmail.com','BT Ngoc Trai22','2229996666',NULL,NULL,NULL,NULL,NULL,NULL,'12222266665',10,5,2,NULL,NULL,1,'2017-03-30 09:15:10','2017-03-30 10:26:04','[\"ROLE_HOTEL_BOSS\"]'),(106,'ksdetlua','$2y$13$HxNJiG1rswehFzTjy9AeNOsC3Ve97SzeVt33GUSIqyfaelUILfV0O','detlua@gmail.com','Ks Det Lua','0912605397',NULL,NULL,NULL,NULL,NULL,NULL,'1223565896',10,5,2,NULL,NULL,1,'2017-03-30 09:16:18','2017-03-30 10:25:56','[\"ROLE_HOTEL_BOSS\"]'),(107,'ksking','$2y$13$BqETUGOI.lpq5bw.9gaXr.E4btltqEBXDqcWMLwmzyjQ3DNxYCGDa','king@gmail.com','Ks King','0912605398',NULL,NULL,NULL,NULL,NULL,NULL,'684848',10,5,2,NULL,NULL,1,'2017-03-30 09:17:30','2017-03-30 10:25:42','[\"ROLE_HOTEL_BOSS\"]'),(108,'kstheanh2','$2y$13$3OCBbTVji7W4ZIpeqPpNF.2vmvqSfgQ8i2hkhNEucHyinLhy/xOSi','theanh2@gmail.com','KS The Anh2','165698989',NULL,NULL,NULL,NULL,NULL,NULL,'12336655',10,5,2,NULL,NULL,0,'2017-03-30 09:17:36',NULL,'[\"ROLE_HOTEL_BOSS\"]'),(109,'kshuongtram','$2y$13$5M2D/cp1472Luc9jmIG6puXeXjC.BhdQByeiDh5e1fNT0GQjMN27y','huongtram@gmail.com','KS Huong Tram','12556969',NULL,NULL,NULL,NULL,NULL,NULL,'1233665',10,5,2,NULL,NULL,1,'2017-03-30 09:18:25','2017-03-30 10:25:38','[\"ROLE_HOTEL_BOSS\"]'),(110,'ksngochien','$2y$13$UEdVj3VCt41rbWWaYeF0q.5JiIRZtuqzx9puU35VkGYfG9UewMLae','ngochien@gmail.com','Ks Ngoc Hien','0943077977',NULL,NULL,NULL,NULL,NULL,NULL,'6967508',10,5,2,NULL,NULL,1,'2017-03-30 09:18:33','2017-03-30 10:25:36','[\"ROLE_HOTEL_BOSS\"]'),(111,'kshungthao','$2y$13$X3pR/1EoFIyvrm9KH8wFGeWByV1.hfO6c3CSVlmiaozmuefFbtpXe','hungthao@gmail.com','KS Hung Thao','0916915848',NULL,NULL,NULL,NULL,NULL,NULL,'2656655',10,5,2,NULL,NULL,1,'2017-03-30 09:19:22','2017-03-30 10:25:26','[\"ROLE_HOTEL_BOSS\"]'),(112,'ksnewstar','$2y$13$7Q2lMSOdsXqKuWTHY.uYRegOTzoRpvwYQIdVqpxodQCc7sOvVXj/q','newstar@gmail.com','KS New Star','0373827345',NULL,NULL,NULL,NULL,NULL,NULL,'1652656',10,5,2,NULL,NULL,1,'2017-03-30 09:20:28','2017-03-30 10:25:15','[\"ROLE_HOTEL_BOSS\"]'),(113,'ksgold','$2y$13$OuDync2Ffa8CiHh0u9ATn.L90CnECvfFp5jB0G.tfcj3ZokSbhCQC','gold@gmail.com','KS Gold','0943076345',NULL,NULL,NULL,NULL,NULL,NULL,'16598989',10,5,2,NULL,NULL,1,'2017-03-30 09:21:45','2017-03-30 10:25:13','[\"ROLE_HOTEL_BOSS\"]'),(114,'ksdinhvang','$2y$13$jcUcifci4Jf3/UCud1q.AeVAEAGXNKeXNo.Jtioco1WmcDdLPS2bW','dinhvang@gmail.com','KS Đinh Vang','0988203060',NULL,NULL,NULL,NULL,NULL,NULL,'166666546989',10,5,2,NULL,NULL,1,'2017-03-30 09:23:13','2017-03-30 10:20:13','[\"ROLE_HOTEL_BOSS\"]'),(115,'ksthanhcong','$2y$13$nS07gJRy9VQE9pW0qv15WOfovc67lG.h53PzYBTYetKwvQO0/7Sxi','thanhcong@gmail.com','Ks Thanh Cong','0904678408',NULL,NULL,NULL,NULL,NULL,NULL,'123456985',10,5,2,NULL,NULL,1,'2017-03-30 09:28:33','2017-03-30 10:20:10','[\"ROLE_HOTEL_BOSS\"]'),(116,'ksvietlinh','$2y$13$iZH1J4dyQGqY2pWSw2eN4uMFc7VO7kJTp3uuZoBpNRZxRpL8Mvhy2','vietlinh@gmail.com','Ks Viet Linh','0949006168',NULL,NULL,NULL,NULL,NULL,NULL,'112365478',10,5,2,NULL,NULL,1,'2017-03-30 09:29:59','2017-03-30 10:20:07','[\"ROLE_HOTEL_BOSS\"]'),(117,'ksquynhduong','$2y$13$qlqc.ryoUHwT2f1ZvffuTulQkojYlezndeo/u1hZdNR54x6pOf6Ju','quynhduong@gmail.com','Ks Quynh Duong','0982563055',NULL,NULL,NULL,NULL,NULL,NULL,'1236548444',10,5,2,NULL,NULL,1,'2017-03-30 09:32:59','2017-03-30 10:20:05','[\"ROLE_HOTEL_BOSS\"]'),(118,'ksthulinh','$2y$13$Eg7uD0VUISp7jplCKsgxZuSpA2Yl61kl6Fp8G8uNdr4HFL9crimWS','thulinh@gmail.com','Ks Thu Linh','0373822430',NULL,NULL,NULL,NULL,NULL,NULL,'485754554',10,5,2,NULL,NULL,1,'2017-03-30 09:34:31','2017-03-30 10:20:01','[\"ROLE_HOTEL_BOSS\"]'),(119,'ksdongkhanh','$2y$13$QT3UzgSR5eSijSUeC7FbOemBujgSYS1rPvsXPuw2mja.6ljJQt1vS','dongkhanh@gmail.com','KS Đồng Khánh','122669',NULL,NULL,NULL,NULL,NULL,NULL,'12542266',10,5,2,NULL,NULL,1,'2017-03-30 09:34:42','2017-03-30 10:19:58','[\"ROLE_HOTEL_BOSS\"]'),(120,'kshatung','$2y$13$YI6QSfrV6YlvS00UdjV8XOJpD15N7kYuPY71IoTBUtsOVH0Yxtb0a','hatung@gmail.com','KS Hà Tùng','122664',NULL,NULL,NULL,NULL,NULL,NULL,'16598598978',10,5,2,NULL,NULL,1,'2017-03-30 09:36:02','2017-03-30 10:19:55','[\"ROLE_HOTEL_BOSS\"]'),(121,'ksngoclan','$2y$13$LrZTh1OSYxTn0.d7Tdagtu5mlTrPFjPKOnKxwOUseXmComvUxLtla','ngoclan@gmail.com','KS Ngoc Lan','123369',NULL,NULL,NULL,NULL,NULL,NULL,'122366568',10,5,2,NULL,NULL,1,'2017-03-30 09:37:30','2017-03-30 10:19:53','[\"ROLE_HOTEL_BOSS\"]'),(122,'kshaily','$2y$13$nmYaLn8hj3uaPuxzsA7XK.r81SKHVJ5jYhNBPtqNRS9HSAztBP4wS','haily@gmail.com','Ks Hai Ly','0988677639',NULL,NULL,NULL,NULL,NULL,NULL,'12354563',10,5,2,NULL,NULL,1,'2017-03-30 09:38:17','2017-03-30 10:19:49','[\"ROLE_HOTEL_BOSS\"]'),(123,'ksmaitrang','$2y$13$OFf73PKh6CtxdMwII.NEhOFfZsYH.HDSuVRV4lyFyPI5V5Jp2Miw2','maitrang@gmail.com','Ks Mai Trang','0975887838',NULL,NULL,NULL,NULL,NULL,NULL,'126845566',10,5,2,NULL,NULL,1,'2017-03-30 09:39:25','2017-03-30 10:19:47','[\"ROLE_HOTEL_BOSS\"]'),(124,'kssontrang2','$2y$13$szoEheUs56SIn3GJpak2/uZtqliGtCpihg5sMtcqqPfZKVbnUYQhm','sonduong@gmail.com','KS Sơn Dương','1236988',NULL,NULL,NULL,NULL,NULL,NULL,'1236988',10,5,2,NULL,NULL,1,'2017-03-30 09:39:47','2017-03-30 10:17:36','[\"ROLE_HOTEL_BOSS\"]'),(125,'kssaomai','$2y$13$8bHs7R93ciF7EfkpByq8Kev0Xy2hJazijJuR2zkamo9bF6CC4AdOC','saomai@gmail.com','Ks Sao Mai','0963987356',NULL,NULL,NULL,NULL,NULL,NULL,'3652659',10,5,2,NULL,NULL,1,'2017-03-30 09:42:30','2017-03-30 10:17:34','[\"ROLE_HOTEL_BOSS\"]'),(126,'ksdainam','$2y$13$UrRWbfBmp88408hUaDk2weMLmbcn0rzhKJ9I0Mkx2hNhwHfLRbBd6','dainam@gmail.com','548545784','0971466235',NULL,NULL,NULL,NULL,NULL,NULL,'12546565',10,5,2,NULL,NULL,1,'2017-03-30 09:43:21','2017-03-30 10:17:32','[\"ROLE_HOTEL_BOSS\"]'),(127,'ksthanglong','$2y$13$61DaZ99AKCVRo2gvKDdWAuJ5vRY9Ea.b5O6Fazcg2m5garmtFvkPi','thanglong@gmail.com','KS Thang Long','23333',NULL,NULL,NULL,NULL,NULL,NULL,'123333',10,5,2,NULL,NULL,1,'2017-03-30 09:45:18','2017-03-30 10:17:26','[\"ROLE_HOTEL_BOSS\"]'),(128,'kshoaphuongdo','$2y$13$OCNqLmJfiUuvMHwe/YGJ7.8PYJ0AsdmJpADgSJboFtnOL3ZotuJhG','hoaphuongdo@gmail.com','Ks Hoa phuong Do','0932976789',NULL,NULL,NULL,NULL,NULL,NULL,'35656545',10,5,2,NULL,NULL,1,'2017-03-30 09:46:40','2017-03-30 10:17:24','[\"ROLE_HOTEL_BOSS\"]'),(129,'ksvanxuan','$2y$13$IjZ1iyyPFo4L57NhKA7rq.Of.D.52lIcnyc6U3XwnH1Bpkw6srV0C','vanxuan@gmail.com','KS Van Xuan','12345669',NULL,NULL,NULL,NULL,NULL,NULL,'222222',10,5,2,NULL,NULL,1,'2017-03-30 09:47:25','2017-03-30 10:17:22','[\"ROLE_HOTEL_BOSS\"]'),(130,'kstantruongson','$2y$13$7P69kOmR9lyPvUybWE9yre4P7O42DwxAbPdkiFb0tmsVSgPCILRSC','tantruongson@gmail.com','Ks Tan Truong Son','0913549529',NULL,NULL,NULL,NULL,NULL,NULL,'4354684',10,5,2,NULL,NULL,1,'2017-03-30 09:48:08','2017-03-30 10:17:19','[\"ROLE_HOTEL_BOSS\"]'),(131,'kshaiyen','$2y$13$J2KO80FAzHokaE5g6.T5W.bgWacKo5nY30SVFU0yjfmteGMU.NvS.','haiyen@gmail.com','KS Hải Yến','11555820245',NULL,NULL,NULL,NULL,NULL,NULL,'2222233356',10,5,2,NULL,NULL,1,'2017-03-30 09:49:22','2017-03-30 10:17:17','[\"ROLE_HOTEL_BOSS\"]'),(132,'kscrown','$2y$13$Oly1Tw0nA1KQlLZbyG0PI.Pu8wykmJiQ/KHCXuxJP9tcbLZ2wPaPe','crown@gmail.com','Ks Crown','0983344505',NULL,NULL,NULL,NULL,NULL,NULL,'3265464525',10,5,2,NULL,NULL,1,'2017-03-30 09:49:25','2017-03-30 10:17:14','[\"ROLE_HOTEL_BOSS\"]'),(133,'ksbiathanhhoa','$2y$13$Bi02gvz6DG3/TPkOmHWstuOHQy0FAd/NVMBcUiwrgWxz1xqngg4xK','biathanhhoa@gmail.com','Ks Bia Thanh Hoa','0373826688',NULL,NULL,NULL,NULL,NULL,NULL,'2354845',10,5,2,NULL,NULL,1,'2017-03-30 09:50:42','2017-03-30 10:17:12','[\"ROLE_HOTEL_BOSS\"]'),(134,'kshoanlong','$2y$13$sVVkVu/OO9W5SeEfpHfMpOBYZuqUFWtDM0vz59kmSv8.0GrXo8N0K','hoanlong@gmail.com','KS Hoan Long','0122222',NULL,NULL,NULL,NULL,NULL,NULL,'1212336',10,5,2,NULL,NULL,1,'2017-03-30 09:52:52','2017-03-30 10:17:04','[\"ROLE_HOTEL_BOSS\"]'),(135,'kshuongthuy','$2y$13$70uvZ08JF4TPZGcLsRShjOe4BUg6scBRoXognpkdfONYPK1tXlNby','huongthuy@gmail.com','Ks Huong Thuy','091883602',NULL,NULL,NULL,NULL,NULL,NULL,'45687645',10,5,2,NULL,NULL,1,'2017-03-30 10:00:02','2017-03-30 10:17:02','[\"ROLE_HOTEL_BOSS\"]'),(136,'ksducthanh','$2y$13$MUuvEBuAOFUeVv2sUvg3o.p5RbNre7.OFoty66E3H6P2Vtp/CHq/y','ducthanh@gmail.com','Ks Duc Thanh','0913387196',NULL,NULL,NULL,NULL,NULL,NULL,'254564656',10,5,2,NULL,NULL,1,'2017-03-30 10:01:59','2017-03-30 10:16:59','[\"ROLE_HOTEL_BOSS\"]'),(137,'ksthanhha','$2y$13$5JqlPOF6ScXeh5tUukeDoeceP/Ie/8XloXZwxoG0pte/nLHWz.ChW','thanhha@gmail.com','Ks Thanh Ha','0914883599',NULL,NULL,NULL,NULL,NULL,NULL,'123465425',10,5,2,NULL,NULL,1,'2017-03-30 10:04:03','2017-03-30 10:16:54','[\"ROLE_HOTEL_BOSS\"]'),(138,'ksnganha','$2y$13$Tac.bPiEvruXKbMGRd2K.eEdW/.t2r4WzU4W7a5ImBUh0qrN6kAOC','nganha@gmail.com','KS Ngân Hà','123689',NULL,NULL,NULL,NULL,NULL,NULL,'126698',10,5,2,NULL,NULL,1,'2017-03-30 10:05:06','2017-03-30 10:16:52','[\"ROLE_HOTEL_BOSS\"]'),(139,'kskimxuyen','$2y$13$bLLrIjq0xTe8aYc8eutbsOkJWKsFA6dJ8pOGFCZoV6M/13iDrEboq','kimxuyen@gmail.com','Ks Kim Xuyen','0962746666',NULL,NULL,NULL,NULL,NULL,NULL,'3244846',10,5,2,NULL,NULL,1,'2017-03-30 10:05:21','2017-03-30 10:16:47','[\"ROLE_HOTEL_BOSS\"]'),(140,'ksduchau','$2y$13$.8pZxFHyxTcr6TghM1yQ9eXRe4eNTEvWDLozh5o8pgAldAmTio/mS','ducchau@gmail.com','Ks Duc Chau','23326325656',NULL,NULL,NULL,NULL,NULL,NULL,'21352456153',10,5,2,NULL,NULL,1,'2017-03-30 10:06:29','2017-03-30 10:16:45','[\"ROLE_HOTEL_BOSS\"]'),(141,'kssongma','$2y$13$KiBBY0iGRkinYaJKNjMjquTs4NT.meHa9GMal2avbP1i4uk7jsX66','songma@gmail.com','KS Sông Mã','0373822292',NULL,NULL,NULL,NULL,NULL,NULL,'266156998',10,5,2,NULL,NULL,1,'2017-03-30 10:06:43','2017-03-30 10:16:42','[\"ROLE_HOTEL_BOSS\"]'),(142,'kshongthai','$2y$13$oXHutnYePO0W6DdRvQSem.A8wIVNOK2KDLhNbG7pnQ2AXSE29uHgS','hongthai@gmail.com','Ks Hong Thai','2354652',NULL,NULL,NULL,NULL,NULL,NULL,'54654354',10,5,2,NULL,NULL,1,'2017-03-30 10:10:04','2017-03-30 10:16:40','[\"ROLE_HOTEL_BOSS\"]'),(143,'ksf3samson','$2y$13$LbpRdZoAY2XqBaH3JorlYusJJFzWZeE9/gPl3NX2QNm7v4MT7L/we','f3samson@gmail.com','Ks F3 Sam Son','0989735071',NULL,NULL,NULL,NULL,NULL,NULL,'231351314',10,5,2,NULL,NULL,1,'2017-03-30 10:11:32','2017-03-30 12:26:26','[\"ROLE_HOTEL_BOSS\"]');
/*!40000 ALTER TABLE `user` ENABLE KEYS */;
UNLOCK TABLES;
/*!40103 SET TIME_ZONE=@OLD_TIME_ZONE */;

/*!40101 SET SQL_MODE=@OLD_SQL_MODE */;
/*!40014 SET FOREIGN_KEY_CHECKS=@OLD_FOREIGN_KEY_CHECKS */;
/*!40014 SET UNIQUE_CHECKS=@OLD_UNIQUE_CHECKS */;
/*!40101 SET CHARACTER_SET_CLIENT=@OLD_CHARACTER_SET_CLIENT */;
/*!40101 SET CHARACTER_SET_RESULTS=@OLD_CHARACTER_SET_RESULTS */;
/*!40101 SET COLLATION_CONNECTION=@OLD_COLLATION_CONNECTION */;
/*!40111 SET SQL_NOTES=@OLD_SQL_NOTES */;

-- Dump completed on 2017-03-30 13:58:33
