-- phpMyAdmin SQL Dump
-- version 4.0.10.7
-- http://www.phpmyadmin.net
--
-- Host: localhost
-- Generation Time: Oct 31, 2015 at 11:53 AM
-- Server version: 10.0.21-MariaDB
-- PHP Version: 5.4.31

SET SQL_MODE = "NO_AUTO_VALUE_ON_ZERO";
SET time_zone = "+00:00";


/*!40101 SET @OLD_CHARACTER_SET_CLIENT=@@CHARACTER_SET_CLIENT */;
/*!40101 SET @OLD_CHARACTER_SET_RESULTS=@@CHARACTER_SET_RESULTS */;
/*!40101 SET @OLD_COLLATION_CONNECTION=@@COLLATION_CONNECTION */;
/*!40101 SET NAMES utf8 */;

--
-- Database: `fuheiksj_banhang`
--

-- --------------------------------------------------------

--
-- Table structure for table `brand`
--

CREATE TABLE IF NOT EXISTS `brand` (
  `id` int(11) NOT NULL AUTO_INCREMENT,
  `name` varchar(45) DEFAULT NULL,
  PRIMARY KEY (`id`)
) ENGINE=InnoDB  DEFAULT CHARSET=utf8 AUTO_INCREMENT=3 ;

--
-- Dumping data for table `brand`
--

INSERT INTO `brand` (`id`, `name`) VALUES
(1, 'MADEVN'),
(2, 'ALDO');

-- --------------------------------------------------------

--
-- Table structure for table `category`
--

CREATE TABLE IF NOT EXISTS `category` (
  `id` int(11) NOT NULL AUTO_INCREMENT,
  `name` varchar(45) NOT NULL,
  `description` varchar(245) DEFAULT NULL,
  PRIMARY KEY (`id`)
) ENGINE=InnoDB  DEFAULT CHARSET=utf8 AUTO_INCREMENT=3 ;

--
-- Dumping data for table `category`
--

INSERT INTO `category` (`id`, `name`, `description`) VALUES
(1, 'VAY', NULL),
(2, 'GIAY', NULL);

-- --------------------------------------------------------

--
-- Table structure for table `config`
--

CREATE TABLE IF NOT EXISTS `config` (
  `id` int(11) NOT NULL AUTO_INCREMENT,
  `name` varchar(45) NOT NULL,
  `value` varchar(45) NOT NULL,
  `description` varchar(245) DEFAULT NULL,
  PRIMARY KEY (`id`)
) ENGINE=InnoDB DEFAULT CHARSET=utf8 AUTO_INCREMENT=1 ;

-- --------------------------------------------------------

--
-- Table structure for table `configuration`
--

CREATE TABLE IF NOT EXISTS `configuration` (
  `id` int(11) NOT NULL AUTO_INCREMENT,
  `name` varchar(45) NOT NULL,
  `value` varchar(45) NOT NULL,
  `label` varchar(255) DEFAULT NULL,
  PRIMARY KEY (`id`)
) ENGINE=InnoDB  DEFAULT CHARSET=utf8 AUTO_INCREMENT=25 ;

--
-- Dumping data for table `configuration`
--

INSERT INTO `configuration` (`id`, `name`, `value`, `label`) VALUES
(1, 'import_number_row', '16', 'NBR ROW IMPORT'),
(2, 'export_number_row', '8', 'NBR ROW EXPORT'),
(3, 'default_row_product_return', '5', 'NBR ROW IMPORT RETURN'),
(4, 'default_password', '123456', 'DEFAULT PASSWORD'),
(5, 'is_sale_for_all', '1', 'SALE ON/OFF'),
(6, 'default_number_line_spend', '5', 'NBR ROW SPEND'),
(7, 'listExportDefault_nbr_day_limit', '0', 'NBR DAY EXPORT'),
(8, 'nbr_day_default_export_returned', '0', 'NBR DAY EXPORT RETURN'),
(9, 'default_nbr_days_load_export', '10', 'NBR DAY EXPORT DEFAULT'),
(10, 'bonus_ratio', '100', 'BONUS RATIO'),
(11, 'init_money', '0', 'AMOUNT INIT'),
(12, 'timeout', '21600', 'SYSTEM TIMEOUT'),
(13, 'limit_default_customer_after_search', '100', 'NBR ROW CUS AFTER'),
(14, 'limit_default_customer_before_search', '10', 'NBR ROW CUS BEFORE'),
(15, 'nbr_customer_by_group_csv', '250', 'NBR CUSTOMER BY GROUP'),
(16, 'nbr_news_default', '20', 'NBR NEWS DEFAULT'),
(17, 'max_width_upload_img', '800', 'max_width_upload_img'),
(18, 'max_height_upload_img', '600', 'max_height_upload_img'),
(19, 'upload_img_quality', '1', 'upload_img_quality'),
(20, 'max_img_size_upload', '2000000', 'max_img_size_upload'),
(21, 'default_nbr_days_load_import', '20', 'default_nbr_days_load_import'),
(22, 'sale_all_taux', '20', 'SALE TAUX'),
(23, 'start_time_backup', '8', 'START TIME_BACK_UP'),
(24, 'end_time_backup', '24', 'END TIME_BACK_UP');

-- --------------------------------------------------------

--
-- Table structure for table `customer`
--

CREATE TABLE IF NOT EXISTS `customer` (
  `id` int(11) NOT NULL AUTO_INCREMENT,
  `name` varchar(45) NOT NULL,
  `tel` varchar(12) NOT NULL,
  `description` varchar(245) DEFAULT NULL,
  `date` datetime DEFAULT NULL,
  `created_date` datetime DEFAULT NULL,
  `isboss` varchar(1) DEFAULT '0',
  PRIMARY KEY (`id`)
) ENGINE=InnoDB  DEFAULT CHARSET=utf8 AUTO_INCREMENT=1409 ;

--
-- Dumping data for table `customer`
--

INSERT INTO `customer` (`id`, `name`, `tel`, `description`, `date`, `created_date`, `isboss`) VALUES
(1288, 'Khach le', 'aaaaaaaaa', 'Anh khach co the doi', '2015-06-12 20:54:04', '2014-03-01 23:42:54', '0'),
(1289, 'Chị Nga bạn A.Minh', '0977538189', NULL, '2015-10-08 15:57:36', '2015-10-08 15:57:36', '0'),
(1290, 'Anh An Pha bạn A.Minh', '0976106322', NULL, '2015-10-08 15:59:01', '2015-10-08 15:59:01', '0'),
(1291, 'Chị Châu', '0966807709', NULL, '2015-10-08 16:00:33', '2015-10-08 16:00:33', '0'),
(1292, 'Vân Anh bạn Bảo', '01649582526', NULL, '2015-10-08 16:02:54', '2015-10-08 16:02:54', '0'),
(1293, 'Vân bạn Bảo', '0967896058', NULL, '2015-10-08 16:03:59', '2015-10-08 16:03:59', '0'),
(1294, 'Chị Huyền', '01659693713', NULL, '2015-10-09 15:40:47', '2015-10-09 15:40:47', '0'),
(1295, 'Thảo bạn Bảo', '0987256180', '', '2015-10-10 18:03:34', '2015-10-10 17:14:13', '0'),
(1296, 'Chị Dung', '0972471268', NULL, '2015-10-10 17:15:07', '2015-10-10 17:15:07', '0'),
(1297, 'Chị Liên', '01694595224', NULL, '2015-10-10 17:15:56', '2015-10-10 17:15:56', '0'),
(1298, 'Chị Thủy', '0919307218', NULL, '2015-10-10 17:16:41', '2015-10-10 17:16:41', '0'),
(1299, 'Hoàn bạn Bảo', '0982899831', NULL, '2015-10-10 19:37:52', '2015-10-10 19:37:52', '0'),
(1300, 'Thảo(hd) bạn Bảo', '01663288549', '', '2015-10-11 18:04:33', '2015-10-11 12:39:21', '0'),
(1301, 'Chị Thanh', '0904528224', NULL, '2015-10-11 14:01:55', '2015-10-11 14:01:55', '0'),
(1302, 'Chị Phan Thị Nhiên', '01636096098', NULL, '2015-10-11 14:35:47', '2015-10-11 14:35:47', '0'),
(1303, 'Chị Diệu bạn chị Thanh', '123456789', NULL, '2015-10-11 14:57:57', '2015-10-11 14:57:57', '0'),
(1304, 'Chị Hoa Chi Linh', '123', NULL, '2015-10-11 15:04:53', '2015-10-11 15:04:53', '0'),
(1305, 'Chị Nguyệt', '0947916133', NULL, '2015-10-11 15:37:59', '2015-10-11 15:37:59', '0'),
(1306, 'Bạn Nguyễn Duyên', '0985737280', 'lỖI HỞ KHE', '2015-10-30 20:04:04', '2015-10-11 16:45:42', '0'),
(1307, 'Bạn Vũ Thị Thu', '0984369560', NULL, '2015-10-11 17:04:13', '2015-10-11 17:04:13', '0'),
(1308, 'Chị Thúy', '0968908225', NULL, '2015-10-11 17:28:13', '2015-10-11 17:28:13', '0'),
(1309, 'Chị Nguyễn Lan Anh', '0979959366', NULL, '2015-10-11 17:46:07', '2015-10-11 17:46:07', '0'),
(1310, 'Chị Hương', '0969734415', NULL, '2015-10-11 18:00:01', '2015-10-11 18:00:01', '0'),
(1311, 'Chị Hạnh', '0964478295', NULL, '2015-10-11 18:42:31', '2015-10-11 18:42:31', '0'),
(1312, 'B Nguyễn Thị Hương Trang', '0906295666', NULL, '2015-10-11 19:19:43', '2015-10-11 19:19:43', '0'),
(1313, 'Chị Ngọc', '0982804672', '', '2015-10-12 18:05:44', '2015-10-12 12:55:33', '0'),
(1314, 'Chị Hà', '0975595127', NULL, '2015-10-12 12:56:14', '2015-10-12 12:56:14', '0'),
(1315, 'Chị Nguyên', '0972187992', NULL, '2015-10-12 19:46:22', '2015-10-12 19:46:22', '0'),
(1316, 'Chị Mai', '01674312022', NULL, '2015-10-12 19:50:26', '2015-10-12 19:50:26', '0'),
(1317, 'Chị Huyền', '0986230100', NULL, '2015-10-12 20:34:21', '2015-10-12 20:34:21', '0'),
(1318, 'Chị Ánh', '01648401573', NULL, '2015-10-12 21:21:02', '2015-10-12 21:21:02', '0'),
(1319, 'Chị Trang', '0987216186', NULL, '2015-10-12 21:21:57', '2015-10-12 21:21:57', '0'),
(1320, 'Chị Huyền', '0982390608', NULL, '2015-10-13 12:51:42', '2015-10-13 12:51:42', '0'),
(1321, 'Chị Vân', '0988686743', NULL, '2015-10-13 18:51:04', '2015-10-13 18:51:04', '0'),
(1322, 'Chị Hường', '0968807758', NULL, '2015-10-13 18:52:10', '2015-10-13 18:52:10', '0'),
(1323, 'Chị Trang', '0975390127', NULL, '2015-10-14 10:22:09', '2015-10-14 10:22:09', '0'),
(1324, 'Chị Hà', '0947665055', NULL, '2015-10-14 10:22:59', '2015-10-14 10:22:59', '0'),
(1325, 'Chị Huyền', '0984417418', NULL, '2015-10-14 10:23:34', '2015-10-14 10:23:34', '0'),
(1326, 'Chị Yến', '0949140084', NULL, '2015-10-14 18:34:33', '2015-10-14 18:34:33', '0'),
(1327, 'Chị Thơm', '01662622864', NULL, '2015-10-11 18:53:46', '2015-10-11 18:53:46', '0'),
(1328, 'Bảo', '01649785255', 'bảo', '2015-10-14 19:33:02', '2015-10-14 19:33:02', '1'),
(1329, 'Chị Sửu chủ nhà', '1234', NULL, '2015-10-14 22:53:28', '2015-10-14 22:53:28', '0'),
(1330, 'Chị Ly', '0973342784', NULL, '2015-10-15 16:15:37', '2015-10-15 16:15:37', '0'),
(1331, 'Chị Hồng', '0974433728', NULL, '2015-10-15 20:45:04', '2015-10-15 20:45:04', '0'),
(1332, 'Chị Phương', '0904480090', NULL, '2015-10-16 10:45:17', '2015-10-16 10:45:17', '0'),
(1333, 'Hà Huyền bạn Bảo', '01649784180', NULL, '2015-10-16 12:48:42', '2015-10-16 12:48:42', '0'),
(1334, 'Minh Thu Bạn Bảo', '1234567890', NULL, '2015-10-16 12:54:04', '2015-10-16 12:54:04', '0'),
(1335, 'Chị Hồng', '0968285173', '', '2015-10-16 18:13:13', '2015-10-16 19:45:49', '0'),
(1336, 'Chị Quỳnh', '0983119383', NULL, '2015-10-16 19:47:02', '2015-10-16 19:47:02', '0'),
(1337, 'Chị Ly', '0903435092', NULL, '2015-10-16 19:47:56', '2015-10-16 19:47:56', '0'),
(1338, 'Cháu Vân Anh anh Khải', '1', NULL, '2015-10-16 19:48:44', '2015-10-16 19:48:44', '0'),
(1339, 'Chị Hường', '0976583360', NULL, '2015-10-16 21:39:02', '2015-10-16 21:39:02', '0'),
(1340, 'Anh Biển bạn anh Minh', '12', NULL, '2015-10-17 23:06:56', '2015-10-17 23:06:56', '0'),
(1341, 'Anh Việt Anh', '0914846662', NULL, '2015-10-17 23:07:57', '2015-10-17 23:07:57', '0'),
(1342, 'Hai em bạn Anh Minh', '012', NULL, '2015-10-17 23:09:25', '2015-10-17 23:09:25', '0'),
(1343, 'Hai anh chị sắp cưới bạn Anh Mình', '0123', NULL, '2015-10-17 23:12:17', '2015-10-17 23:12:17', '0'),
(1344, 'Chị Hoa', '01696185586', NULL, '2015-10-17 23:13:00', '2015-10-17 23:13:00', '0'),
(1345, 'Chị Uyển Chi khách Online', '0968698975', NULL, '2015-10-17 23:14:27', '2015-10-17 23:14:27', '0'),
(1346, 'Chị Định công ty Anh Minh', '0977414216', NULL, '2015-10-17 23:15:10', '2015-10-17 23:15:10', '0'),
(1347, 'Chị Yến', '0987566213', NULL, '2015-10-18 11:55:36', '2015-10-18 11:55:36', '0'),
(1348, 'Em Lê bạn Bảo', '01649590120', '', '2015-10-18 18:20:41', '2015-10-18 16:49:58', '0'),
(1349, 'Em Bùi Thị Vân bạn Bảo', '01234', NULL, '2015-10-18 16:50:40', '2015-10-18 16:50:40', '0'),
(1350, 'Chị Hải', '0969308927', '', '2015-10-29 17:43:42', '2015-10-18 16:51:07', '0'),
(1351, 'Chị Hằng', '01869898868', NULL, '2015-10-18 20:16:04', '2015-10-18 20:16:04', '0'),
(1352, 'Chị Hương', '0974941269', NULL, '2015-10-19 13:31:56', '2015-10-19 13:31:56', '0'),
(1353, 'Em Hà', '0987307671', NULL, '2015-10-19 16:34:20', '2015-10-19 16:34:20', '0'),
(1354, 'Chị Hồng', '0984599932', NULL, '2015-10-19 16:48:16', '2015-10-19 16:48:16', '0'),
(1355, 'Chị Hoài Anh', '0985121225', NULL, '2015-10-19 16:01:47', '2015-10-19 16:01:47', '0'),
(1356, 'Chị Hoài Anh', '0985941269', NULL, '2015-10-19 16:29:44', '2015-10-19 16:29:44', '0'),
(1357, 'Chị Bách', '0973312388', NULL, '2015-10-20 17:42:19', '2015-10-20 17:42:19', '0'),
(1358, 'Chị Lan Anh', '0966383159', '', '2015-10-21 20:23:54', '2015-10-20 19:21:15', '0'),
(1359, 'Em Thảo Ngy Kiên bạn Bảo', '0983298236', NULL, '2015-10-20 20:45:22', '2015-10-20 20:45:22', '0'),
(1360, 'Vũ bạn Bảo', '0962862119', NULL, '2015-10-20 00:17:04', '2015-10-20 00:17:04', '0'),
(1361, 'Chị Nga', '0989310678', NULL, '2015-10-21 11:53:28', '2015-10-21 11:53:28', '0'),
(1362, 'Em Linh', '01654184210', NULL, '2015-10-21 14:59:05', '2015-10-21 14:59:05', '0'),
(1363, 'Chị Ngọc', '0979034836', '', '2015-10-21 18:25:37', '2015-10-21 20:22:58', '0'),
(1364, 'Bạn Trang ', '01642395171', '', '2015-10-21 18:26:17', '2015-10-21 20:24:51', '0'),
(1365, 'Chị Hằng', '01686348616', NULL, '2015-10-22 12:08:50', '2015-10-22 12:08:50', '0'),
(1366, 'Chị Hường', '0948353584', NULL, '2015-10-23 14:49:32', '2015-10-23 14:49:32', '0'),
(1367, 'Chị Oanh', '01233668665', '', '2015-10-23 18:35:36', '2015-10-23 21:03:23', '0'),
(1368, 'Chị Phương', '0912433678', '', '2015-10-23 18:42:24', '2015-10-23 21:04:19', '0'),
(1369, 'Dì Tùng', '0987077585', '', '2015-10-24 20:57:41', '2015-10-24 12:02:29', '0'),
(1370, 'Chị Minh', '0976556728', NULL, '2015-10-24 12:11:52', '2015-10-24 12:11:52', '0'),
(1371, 'Chị Thủy', '098463083', NULL, '2015-10-24 20:59:37', '2015-10-24 20:59:37', '0'),
(1372, 'Chị Duyên', '0982732821', '', '2015-10-24 18:44:18', '2015-10-24 21:00:47', '0'),
(1373, 'Chị Thủy', '0904578388', NULL, '2015-10-24 21:01:24', '2015-10-24 21:01:24', '0'),
(1374, 'Chị Nga', '0973454137', NULL, '2015-10-25 13:44:57', '2015-10-25 13:44:57', '0'),
(1375, 'Chị Nga', '0945616646', NULL, '2015-10-25 13:45:18', '2015-10-25 13:45:18', '0'),
(1376, 'Chị Hoàng Nga Khách onl của Bảo', '01668080331', '', '2015-10-22 18:26:53', '2015-10-25 13:46:22', '0'),
(1377, 'Chị Hà', '0944227498', NULL, '2015-10-25 17:06:21', '2015-10-25 17:06:21', '0'),
(1378, 'Bạn Liên', '0972016095', NULL, '2015-10-25 17:12:44', '2015-10-25 17:12:44', '0'),
(1379, 'Huệ Vy bạn Bảo', '0988430202', NULL, '2015-10-08 18:01:56', '2015-10-08 18:01:56', '0'),
(1380, 'Chị Huyền', '0914894934', NULL, '2015-10-12 18:06:51', '2015-10-12 18:06:51', '0'),
(1381, 'Cô Lợi', '0904263059', '', '2015-10-15 18:12:08', '2015-10-25 18:11:11', '0'),
(1382, 'Chị Hậu', '0948929988', NULL, '2015-10-16 18:14:07', '2015-10-16 18:14:07', '0'),
(1383, 'Chị Hạnh', '01696237989', NULL, '2015-10-16 18:15:13', '2015-10-16 18:15:13', '0'),
(1384, 'Anh Trung', '01687506684', NULL, '2015-10-17 18:18:20', '2015-10-17 18:18:20', '0'),
(1385, 'Chị Nhung', '0985266374', NULL, '2015-10-20 18:24:31', '2015-10-20 18:24:31', '0'),
(1386, 'Chị Ngọc', '0985625593', NULL, '2015-10-22 18:28:48', '2015-10-22 18:28:48', '0'),
(1387, 'Chị Nguyễn Lai fb Bảo', '01659630716', '', '2015-10-22 18:32:25', '2015-10-25 18:31:56', '0'),
(1388, 'Chị Dung', '01689468168', NULL, '2015-10-22 18:33:11', '2015-10-22 18:33:11', '0'),
(1389, 'Chị Hương', '0979454558', NULL, '2015-10-26 11:16:09', '2015-10-26 11:16:09', '0'),
(1390, 'Chị Xuyên', '0915176787', NULL, '2015-10-26 15:50:16', '2015-10-26 15:50:16', '0'),
(1391, 'Chị Trang', '0966860790', NULL, '2015-10-26 21:41:51', '2015-10-26 21:41:51', '0'),
(1392, 'Chị Việt Anh khách onl của Bảo', '01656300816', NULL, '2015-10-26 21:42:37', '2015-10-26 21:42:37', '0'),
(1393, 'Anh Hiện', '0975211896', NULL, '2015-10-27 10:46:23', '2015-10-27 10:46:23', '0'),
(1394, 'Em Trang Nội Vụ', '01694568566', NULL, '2015-10-27 13:11:22', '2015-10-27 13:11:22', '0'),
(1395, 'Chị khách đi ô tô', '0', NULL, '2015-10-27 15:39:39', '2015-10-27 15:39:39', '0'),
(1396, 'Học sinh chị Châu', '0986993876', NULL, '2015-10-27 18:19:00', '2015-10-27 18:19:00', '0'),
(1397, 'Chị Lê Hương Lan Khách onl của Bảo', '01675802935', NULL, '2015-10-27 20:37:13', '2015-10-27 20:37:13', '0'),
(1398, 'Chị Thúy', '01642856353', NULL, '2015-10-27 21:09:57', '2015-10-27 21:09:57', '0'),
(1399, 'Chị Thủy', '072', NULL, '2015-10-28 19:55:21', '2015-10-28 19:55:21', '0'),
(1400, 'Chị Hằng', '0949523179', NULL, '2015-10-29 12:38:25', '2015-10-29 12:38:25', '0'),
(1401, 'Chị Nguyễn Thị Thêu', '0979597186', NULL, '2015-10-29 15:03:41', '2015-10-29 15:03:41', '0'),
(1402, 'Bạn Yến', '0983280940', NULL, '2015-10-29 18:08:55', '2015-10-29 18:08:55', '0'),
(1403, 'Chị Nguyễn Hằng fb Hang Nguyen fb Bảo', '100', NULL, '2015-10-29 18:14:47', '2015-10-29 18:14:47', '0'),
(1404, 'Chị Thanh chị Thảo bạn Bảo', '0936442396', NULL, '2015-10-29 18:35:51', '2015-10-29 18:35:51', '0'),
(1405, 'Bạn Mai fb Má Núm bạn Bảo', '0986552840', NULL, '2015-10-29 18:37:40', '2015-10-29 18:37:40', '0'),
(1406, 'Anh Tiến', '0919742186', NULL, '2015-10-29 19:02:45', '2015-10-29 19:02:45', '0'),
(1407, 'Chị Nga fb Thanhnga Nguyen', '0947763585', NULL, '2015-10-30 10:50:50', '2015-10-30 10:50:50', '0'),
(1408, 'Cô Lê', '0904369717', NULL, '2015-10-30 20:43:45', '2015-10-30 20:43:45', '0');

-- --------------------------------------------------------

--
-- Table structure for table `customer_order`
--

CREATE TABLE IF NOT EXISTS `customer_order` (
  `id` int(11) NOT NULL AUTO_INCREMENT,
  `customer_tel` varchar(45) NOT NULL,
  `customer_name` varchar(45) DEFAULT NULL,
  `product_code` varchar(16) DEFAULT NULL,
  `color` varchar(45) NOT NULL,
  `size` varchar(45) NOT NULL,
  `quantity` int(11) NOT NULL DEFAULT '1',
  `date` datetime NOT NULL,
  `description` varchar(255) DEFAULT NULL,
  `status` varchar(1) DEFAULT 'N',
  PRIMARY KEY (`id`)
) ENGINE=InnoDB  DEFAULT CHARSET=utf8 AUTO_INCREMENT=6 ;

--
-- Dumping data for table `customer_order`
--

INSERT INTO `customer_order` (`id`, `customer_tel`, `customer_name`, `product_code`, `color`, `size`, `quantity`, `date`, `description`, `status`) VALUES
(1, '0962024224', 'Chị Bích', '0011', 'DEN', '36', 1, '2015-10-14 19:01:01', 'F. NIVARA ', 'N'),
(2, '0962024224', 'Chị Bích', '0011', 'DEN', '36', 1, '2015-10-14 19:02:51', 'F.NIVARA', 'Y'),
(3, '0973342784', 'Chị Ly', '0036', 'KEM VÀNG', '38', 1, '2015-10-15 16:17:48', 'đôi nơ 5p có màu kem vàng', 'N'),
(4, '0974941269', 'Chị Hương', '0030', 'ĐEN', '38', 1, '2015-10-19 12:29:00', 'đế vuông 3p nơ giống bảo', 'N'),
(5, '1', 'Chị Phương Phan fb Bảo', '0073', 'ĐEN', '37,38', 1, '2015-10-25 17:54:03', 'Chị Phương Phan fb Bảo hỏi đôi da lộn nơ 7p màu đen size 37 38', 'N');

-- --------------------------------------------------------

--
-- Table structure for table `customer_reservation_histo`
--

CREATE TABLE IF NOT EXISTS `customer_reservation_histo` (
  `id` int(11) NOT NULL AUTO_INCREMENT,
  `customer_id` int(11) NOT NULL,
  `description` varchar(255) NOT NULL,
  `amount` varchar(45) NOT NULL DEFAULT '0',
  `status` varchar(1) NOT NULL DEFAULT 'Y',
  `date` datetime NOT NULL,
  `complete_date` datetime DEFAULT NULL,
  `reserved_facture` varchar(45) DEFAULT NULL,
  `complete_facture` varchar(45) DEFAULT NULL,
  PRIMARY KEY (`id`),
  KEY `fk_customer_reservation_histo_customer1_idx` (`customer_id`)
) ENGINE=InnoDB DEFAULT CHARSET=utf8 AUTO_INCREMENT=1 ;

-- --------------------------------------------------------

--
-- Table structure for table `export_facture`
--

CREATE TABLE IF NOT EXISTS `export_facture` (
  `code` varchar(45) NOT NULL,
  `customer_id` int(11) NOT NULL,
  `shop_id` int(11) NOT NULL,
  `description` varchar(1000) DEFAULT NULL,
  `date` datetime NOT NULL,
  `user_id` int(11) NOT NULL,
  `isonline` varchar(1) DEFAULT 'N',
  PRIMARY KEY (`code`),
  KEY `fk_export_facture_customer1_idx` (`customer_id`),
  KEY `fk_export_facture_shop1_idx` (`shop_id`),
  KEY `fk_export_facture_user1_idx` (`user_id`)
) ENGINE=InnoDB DEFAULT CHARSET=utf8;

--
-- Dumping data for table `export_facture`
--

INSERT INTO `export_facture` (`code`, `customer_id`, `shop_id`, `description`, `date`, `user_id`, `isonline`) VALUES
('20151008_001', 1289, 1, '', '2015-10-08 15:57:36', 3, 'N'),
('20151008_002', 1290, 1, '', '2015-10-08 15:59:01', 3, 'N'),
('20151008_003', 1291, 1, '', '2015-10-08 16:00:33', 3, 'N'),
('20151008_004', 1292, 1, '', '2015-10-08 16:02:54', 3, 'N'),
('20151008_005', 1293, 1, '', '2015-10-08 16:03:59', 3, 'N'),
('20151008_006', 1288, 1, '', '2015-10-08 16:05:32', 3, 'N'),
('20151008_007', 1288, 1, '', '2015-10-08 16:06:59', 3, 'N'),
('20151008_008', 1288, 1, 'Bạn Hường em Thành Văn bạn Bảo ', '2015-10-08 18:00:19', 1, 'N'),
('20151008_009', 1379, 1, '', '2015-10-08 18:01:56', 1, 'N'),
('20151009_001', 1294, 1, '', '2015-10-09 15:40:47', 3, 'N'),
('20151009_002', 1288, 1, '', '2015-10-09 18:02:34', 1, 'N'),
('20151010_001', 1295, 1, '', '2015-10-10 17:14:13', 3, 'N'),
('20151010_002', 1296, 1, '', '2015-10-10 17:15:07', 3, 'N'),
('20151010_003', 1297, 1, '', '2015-10-10 17:15:56', 3, 'N'),
('20151010_004', 1298, 1, '', '2015-10-10 17:16:41', 3, 'N'),
('20151010_005', 1299, 1, '\n\n', '2015-10-10 19:37:52', 3, 'N'),
('20151010_006', 1295, 1, '', '2015-10-10 18:03:34', 1, 'N'),
('20151011_001', 1300, 1, '', '2015-10-11 12:39:21', 3, 'N'),
('20151011_002', 1288, 1, '', '2015-10-11 12:41:12', 3, 'N'),
('20151011_003', 1288, 1, '', '2015-10-11 12:42:38', 3, 'N'),
('20151011_004', 1301, 1, '', '2015-10-11 14:01:55', 3, 'N'),
('20151011_005', 1302, 1, '', '2015-10-11 14:35:47', 3, 'N'),
('20151011_006', 1303, 1, '', '2015-10-11 14:57:57', 3, 'N'),
('20151011_007', 1304, 1, '', '2015-10-11 15:04:53', 3, 'N'),
('20151011_008', 1305, 1, '', '2015-10-11 15:37:59', 3, 'N'),
('20151011_009', 1306, 1, 'FB: Giá Biển', '2015-10-11 16:45:42', 3, 'N'),
('20151011_010', 1307, 1, '', '2015-10-11 17:04:13', 3, 'N'),
('20151011_011', 1308, 1, '', '2015-10-11 17:28:13', 3, 'N'),
('20151011_012', 1309, 1, '1704Ct7G Dương Nội', '2015-10-11 17:46:07', 3, 'N'),
('20151011_013', 1310, 1, '', '2015-10-11 18:00:01', 3, 'N'),
('20151011_014', 1311, 1, '', '2015-10-11 18:42:31', 3, 'N'),
('20151011_015', 1312, 1, '', '2015-10-11 19:19:43', 3, 'N'),
('20151011_016', 1288, 1, '', '2015-10-11 20:23:30', 3, 'N'),
('20151011_017', 1327, 1, 'Triệu sơn. phí 25k', '2015-10-11 18:53:46', 1, 'Y'),
('20151011_018', 1300, 1, '', '2015-10-11 18:04:33', 1, 'N'),
('20151012_001', 1313, 1, '', '2015-10-12 12:55:33', 3, 'N'),
('20151012_002', 1314, 1, '', '2015-10-12 12:56:14', 3, 'N'),
('20151012_003', 1315, 1, '', '2015-10-12 19:46:22', 3, 'N'),
('20151012_004', 1316, 1, '', '2015-10-12 19:50:26', 3, 'N'),
('20151012_005', 1317, 1, '', '2015-10-12 20:34:21', 3, 'N'),
('20151012_006', 1318, 1, '', '2015-10-12 21:21:02', 3, 'N'),
('20151012_007', 1319, 1, '', '2015-10-12 21:21:57', 3, 'N'),
('20151012_008', 1313, 1, '', '2015-10-12 18:05:44', 1, 'N'),
('20151012_009', 1380, 1, '', '2015-10-12 18:06:51', 1, 'N'),
('20151012_010', 1288, 1, '', '2015-10-12 18:07:17', 1, 'N'),
('20151013_001', 1320, 1, '', '2015-10-13 12:51:42', 3, 'N'),
('20151013_002', 1321, 1, '', '2015-10-13 18:51:04', 3, 'N'),
('20151013_003', 1322, 1, '', '2015-10-13 18:52:10', 3, 'N'),
('20151014_001', 1323, 1, '', '2015-10-14 10:22:09', 3, 'N'),
('20151014_002', 1324, 1, '', '2015-10-14 10:22:59', 3, 'N'),
('20151014_003', 1325, 1, '', '2015-10-14 10:23:34', 3, 'N'),
('20151014_004', 1326, 1, '', '2015-10-14 18:34:33', 1, 'N'),
('20151014_005', 1329, 1, '', '2015-10-14 22:53:28', 1, 'N'),
('20151014_006', 1288, 1, '', '2015-10-14 18:08:59', 1, 'N'),
('20151015_001', 1330, 1, 'Fb Ly Nguyễn (Bạn Bảo)', '2015-10-15 16:15:37', 3, 'N'),
('20151015_002', 1331, 1, '', '2015-10-15 20:45:04', 3, 'N'),
('20151015_003', 1288, 1, '', '2015-10-15 18:10:01', 1, 'N'),
('20151015_004', 1381, 1, '', '2015-10-15 18:12:08', 1, 'N'),
('20151016_001', 1288, 1, '', '2015-10-16 09:33:03', 3, 'N'),
('20151016_002', 1332, 1, '', '2015-10-16 10:45:17', 3, 'N'),
('20151016_003', 1333, 1, 'Hà Thị Thanh Huyền, Thọ Phú, Triệu Sơn, phí ship 12.5k', '2015-10-16 12:48:42', 1, 'Y'),
('20151016_004', 1334, 1, 'Lê Minh Thu, Minh Dân, Triệu Sơn, phí ship 12.5k', '2015-10-16 12:54:04', 1, 'Y'),
('20151016_005', 1335, 1, '', '2015-10-16 19:45:49', 3, 'N'),
('20151016_006', 1288, 1, 'Chị khách đi ô tô', '2015-10-16 19:46:16', 3, 'N'),
('20151016_007', 1336, 1, '', '2015-10-16 19:47:02', 3, 'N'),
('20151016_008', 1337, 1, '', '2015-10-16 19:47:56', 3, 'N'),
('20151016_009', 1338, 1, '', '2015-10-16 19:48:44', 3, 'N'),
('20151016_010', 1339, 1, '', '2015-10-16 21:39:02', 3, 'N'),
('20151016_011', 1335, 1, '', '2015-10-16 18:13:13', 1, 'N'),
('20151016_012', 1382, 1, '', '2015-10-16 18:14:07', 1, 'N'),
('20151016_013', 1383, 1, '', '2015-10-16 18:15:13', 1, 'N'),
('20151017_001', 1288, 1, '', '2015-10-17 23:05:14', 3, 'N'),
('20151017_002', 1288, 1, '', '2015-10-17 23:05:50', 3, 'N'),
('20151017_003', 1340, 1, '', '2015-10-17 23:06:56', 3, 'N'),
('20151017_004', 1288, 1, '', '2015-10-17 23:07:22', 3, 'N'),
('20151017_005', 1341, 1, '', '2015-10-17 23:07:57', 3, 'N'),
('20151017_006', 1288, 1, '', '2015-10-17 23:08:10', 3, 'N'),
('20151017_007', 1342, 1, '', '2015-10-17 23:09:25', 3, 'N'),
('20151017_008', 1343, 1, '', '2015-10-17 23:12:17', 3, 'N'),
('20151017_009', 1344, 1, '', '2015-10-17 23:13:00', 3, 'N'),
('20151017_010', 1345, 1, '', '2015-10-17 23:14:27', 3, 'N'),
('20151017_011', 1346, 1, '', '2015-10-17 23:15:10', 3, 'N'),
('20151017_012', 1288, 1, '', '2015-10-17 18:15:52', 1, 'N'),
('20151017_013', 1288, 1, '', '2015-10-17 18:16:29', 1, 'N'),
('20151017_014', 1288, 1, '', '2015-10-17 18:17:22', 1, 'N'),
('20151017_015', 1384, 1, '', '2015-10-17 18:18:20', 1, 'N'),
('20151018_001', 1288, 1, '', '2015-10-18 11:54:06', 3, 'N'),
('20151018_002', 1347, 1, '', '2015-10-18 11:55:36', 3, 'N'),
('20151018_003', 1348, 1, '', '2015-10-18 16:49:58', 3, 'N'),
('20151018_004', 1349, 1, '', '2015-10-18 16:50:40', 3, 'N'),
('20151018_005', 1350, 1, '', '2015-10-18 16:51:07', 3, 'N'),
('20151018_006', 1351, 1, '', '2015-10-18 20:16:04', 3, 'N'),
('20151018_007', 1348, 1, '', '2015-10-18 18:20:41', 1, 'N'),
('20151019_001', 1352, 1, '', '2015-10-19 13:31:56', 3, 'N'),
('20151019_002', 1353, 1, 'Hỏi 35 đen 11p', '2015-10-19 16:34:20', 3, 'N'),
('20151019_003', 1354, 1, '', '2015-10-19 16:48:16', 3, 'N'),
('20151019_004', 1356, 1, '', '2015-10-19 16:29:44', 1, 'N'),
('20151019_005', 1288, 1, '', '2015-10-19 18:23:01', 1, 'N'),
('20151019_006', 1288, 1, '', '2015-10-19 18:23:26', 1, 'N'),
('20151020_001', 1357, 1, '', '2015-10-20 17:42:19', 3, 'N'),
('20151020_002', 1358, 1, '', '2015-10-20 19:21:15', 3, 'N'),
('20151020_003', 1359, 1, '', '2015-10-20 20:45:22', 3, 'N'),
('20151020_004', 1360, 1, 'Đôi da miếng xuồng cho mẹ Vũ (phí ship 25k)', '2015-10-20 00:17:04', 1, 'Y'),
('20151020_005', 1288, 1, '', '2015-10-20 18:23:54', 1, 'N'),
('20151020_006', 1385, 1, '', '2015-10-20 18:24:31', 1, 'N'),
('20151021_001', 1361, 1, '', '2015-10-21 11:53:28', 3, 'N'),
('20151021_002', 1362, 1, '', '2015-10-21 14:59:05', 3, 'N'),
('20151021_003', 1363, 1, '', '2015-10-21 20:22:58', 3, 'N'),
('20151021_004', 1358, 1, '', '2015-10-21 20:23:26', 3, 'N'),
('20151021_005', 1358, 1, '', '2015-10-21 20:23:54', 3, 'N'),
('20151021_006', 1364, 1, '', '2015-10-21 20:24:51', 3, 'N'),
('20151021_007', 1288, 1, '', '2015-10-21 18:25:17', 1, 'N'),
('20151021_008', 1363, 1, '', '2015-10-21 18:25:37', 1, 'N'),
('20151021_009', 1364, 1, '', '2015-10-21 18:26:17', 1, 'N'),
('20151022_001', 1365, 1, '', '2015-10-22 12:08:50', 3, 'N'),
('20151022_002', 1363, 1, '', '2015-10-22 22:14:18', 3, 'N'),
('20151022_003', 1363, 1, '', '2015-10-22 22:33:46', 3, 'N'),
('20151022_004', 1376, 1, '', '2015-10-22 18:26:53', 1, 'N'),
('20151022_005', 1386, 1, '', '2015-10-22 18:28:48', 1, 'N'),
('20151022_006', 1288, 1, '', '2015-10-22 18:29:24', 1, 'N'),
('20151022_007', 1387, 1, '', '2015-10-22 18:32:25', 1, 'N'),
('20151022_008', 1388, 1, '', '2015-10-22 18:33:11', 1, 'N'),
('20151023_001', 1366, 1, '', '2015-10-23 14:49:32', 3, 'N'),
('20151023_002', 1288, 1, '', '2015-10-23 15:07:08', 3, 'N'),
('20151023_003', 1367, 1, '', '2015-10-23 21:03:23', 3, 'N'),
('20151023_004', 1368, 1, '', '2015-10-23 21:04:19', 3, 'N'),
('20151023_005', 1288, 1, '', '2015-10-23 18:34:49', 1, 'N'),
('20151023_006', 1367, 1, '', '2015-10-23 18:35:36', 1, 'N'),
('20151023_007', 1368, 1, '', '2015-10-23 18:42:24', 1, 'N'),
('20151024_001', 1288, 1, '', '2015-10-24 11:53:21', 1, 'N'),
('20151024_003', 1370, 1, '', '2015-10-24 12:11:52', 1, 'N'),
('20151024_004', 1369, 1, '', '2015-10-24 12:26:03', 1, 'N'),
('20151024_005', 1288, 1, '', '2015-10-24 19:40:28', 3, 'N'),
('20151024_006', 1288, 1, '', '2015-10-24 19:41:34', 3, 'N'),
('20151024_007', 1369, 1, '', '2015-10-24 20:57:41', 1, 'N'),
('20151024_008', 1348, 1, '', '2015-10-24 20:58:21', 1, 'N'),
('20151024_009', 1348, 1, '', '2015-10-24 20:58:56', 1, 'N'),
('20151024_010', 1371, 1, '', '2015-10-24 20:59:37', 1, 'N'),
('20151024_011', 1288, 1, '', '2015-10-24 21:00:07', 1, 'N'),
('20151024_012', 1372, 1, '', '2015-10-24 21:00:47', 1, 'N'),
('20151024_013', 1373, 1, '', '2015-10-24 21:01:24', 1, 'N'),
('20151024_014', 1288, 1, '', '2015-10-24 18:43:35', 1, 'N'),
('20151024_015', 1372, 1, '', '2015-10-24 18:44:18', 1, 'N'),
('20151025_001', 1374, 1, '', '2015-10-25 13:44:57', 3, 'N'),
('20151025_002', 1375, 1, '', '2015-10-25 13:45:18', 3, 'N'),
('20151025_003', 1376, 1, '', '2015-10-25 13:46:22', 3, 'N'),
('20151025_004', 1377, 1, '', '2015-10-25 17:06:21', 3, 'N'),
('20151025_005', 1378, 1, '', '2015-10-25 17:12:44', 3, 'N'),
('20151026_001', 1389, 1, '', '2015-10-26 11:16:09', 3, 'N'),
('20151026_002', 1390, 1, '', '2015-10-26 15:50:16', 1, 'N'),
('20151026_003', 1288, 1, '', '2015-10-26 17:07:29', 1, 'N'),
('20151026_004', 1288, 1, '', '2015-10-26 17:31:29', 1, 'N'),
('20151026_005', 1391, 1, '', '2015-10-26 21:41:51', 3, 'N'),
('20151026_006', 1392, 1, '', '2015-10-26 21:42:37', 3, 'N'),
('20151027_001', 1393, 1, '', '2015-10-27 10:46:23', 1, 'N'),
('20151027_002', 1394, 1, 'kieutrangulis@gmail.com', '2015-10-27 13:11:22', 3, 'N'),
('20151027_003', 1395, 1, 'Chị khách đi oto qua', '2015-10-27 15:39:39', 1, 'N'),
('20151027_004', 1396, 1, '98 Hoàng Quốc Việt', '2015-10-27 18:19:00', 1, 'N'),
('20151027_005', 1397, 1, 'FB Hương Lan Lê', '2015-10-27 20:37:13', 1, 'N'),
('20151027_006', 1398, 1, 'FB Thúy Phạm của Bảo', '2015-10-27 21:09:57', 1, 'N'),
('20151028_001', 1288, 1, '', '2015-10-28 10:59:51', 1, 'N'),
('20151028_002', 1399, 1, '', '2015-10-28 19:55:21', 1, 'N'),
('20151028_003', 1288, 1, '', '2015-10-28 09:43:53', 1, 'N'),
('20151029_001', 1400, 1, '', '2015-10-29 12:38:25', 1, 'N'),
('20151029_002', 1401, 1, '', '2015-10-29 15:03:41', 1, 'N'),
('20151029_003', 1350, 1, '', '2015-10-29 17:43:42', 1, 'N'),
('20151029_004', 1402, 1, '', '2015-10-29 18:08:55', 1, 'N'),
('20151029_005', 1403, 1, 'Fb Hang Nguyen fb Bảo', '2015-10-29 18:14:47', 1, 'N'),
('20151029_006', 1404, 1, '', '2015-10-29 18:35:51', 1, 'N'),
('20151029_007', 1405, 1, '611 Vũ Tông Phan', '2015-10-29 18:37:40', 1, 'N'),
('20151029_008', 1406, 1, '', '2015-10-29 19:02:45', 1, 'N'),
('20151030_001', 1407, 1, '', '2015-10-30 10:50:50', 1, 'N'),
('20151030_002', 1288, 1, '', '2015-10-30 12:46:21', 1, 'N'),
('20151030_003', 1306, 1, 'lỖI HỞ KHE', '2015-10-30 20:04:04', 1, 'N'),
('20151030_004', 1408, 1, '', '2015-10-30 20:43:45', 1, 'N');

-- --------------------------------------------------------

--
-- Table structure for table `export_facture_product`
--

CREATE TABLE IF NOT EXISTS `export_facture_product` (
  `id` int(11) NOT NULL AUTO_INCREMENT,
  `product_code` varchar(16) NOT NULL,
  `quantity` int(11) NOT NULL DEFAULT '0',
  `export_price` float NOT NULL DEFAULT '0',
  `export_facture_code` varchar(45) NOT NULL,
  `re_qty` int(11) NOT NULL DEFAULT '0',
  `re_date` datetime DEFAULT NULL,
  `re_description` varchar(245) DEFAULT NULL,
  PRIMARY KEY (`id`),
  KEY `fk_export_facture_product_product1_idx` (`product_code`),
  KEY `fk_export_facture_product_export_facture1_idx` (`export_facture_code`)
) ENGINE=InnoDB  DEFAULT CHARSET=utf8 AUTO_INCREMENT=205 ;

--
-- Dumping data for table `export_facture_product`
--

INSERT INTO `export_facture_product` (`id`, `product_code`, `quantity`, `export_price`, `export_facture_code`, `re_qty`, `re_date`, `re_description`) VALUES
(1, '0015', 1, 340, '20151008_001', 0, NULL, NULL),
(2, '0023', 1, 360, '20151008_001', 0, NULL, NULL),
(3, '0024', 1, 350, '20151008_002', 0, NULL, NULL),
(4, '0007', 1, 750, '20151008_003', 0, NULL, NULL),
(5, '0032', 1, 289, '20151008_004', 0, NULL, NULL),
(6, '0033', 1, 236, '20151008_004', 0, NULL, NULL),
(7, '0023', 1, 290, '20151008_005', 0, NULL, NULL),
(8, '0026', 1, 255, '20151008_006', 0, NULL, NULL),
(9, '0002', 1, 400, '20151008_007', 0, NULL, NULL),
(10, '0036', 1, 250, '20151009_001', 0, NULL, NULL),
(11, '0030', 1, 230, '20151010_001', 0, NULL, NULL),
(12, '0025', 1, 280, '20151010_001', 0, NULL, NULL),
(13, '0037', 1, 250, '20151010_002', 0, NULL, NULL),
(14, '0036', 1, 250, '20151010_002', 0, NULL, NULL),
(15, '0008', 1, 500, '20151010_002', 0, NULL, NULL),
(16, '0014', 1, 280, '20151010_003', 0, NULL, NULL),
(17, '0032', 1, 290, '20151010_003', 0, NULL, NULL),
(18, '0031', 1, 290, '20151010_004', 0, NULL, NULL),
(19, '0038', 1, 250, '20151010_005', 0, NULL, NULL),
(20, '0023', 1, 280, '20151010_005', 0, NULL, NULL),
(21, '0011', 1, 260, '20151011_001', 0, NULL, NULL),
(22, '0024', 1, 280, '20151011_002', 0, NULL, NULL),
(23, '0013', 1, 270, '20151011_003', 0, NULL, NULL),
(24, '0039', 1, 220, '20151011_004', 0, NULL, NULL),
(25, '0018', 1, 230, '20151011_005', 0, NULL, NULL),
(26, '0031', 1, 270, '20151011_006', 0, NULL, NULL),
(27, '0007', 1, 600, '20151011_006', 0, NULL, NULL),
(28, '0011', 1, 265, '20151011_007', 0, NULL, NULL),
(29, '0020', 1, 270, '20151011_008', 0, NULL, NULL),
(30, '0036', 1, 250, '20151011_009', 0, NULL, NULL),
(31, '0025', 1, 270, '20151011_010', 0, NULL, NULL),
(32, '0018', 1, 230, '20151011_011', 0, NULL, NULL),
(33, '0017', 1, 280, '20151011_012', 0, NULL, NULL),
(34, '0030', 1, 230, '20151011_013', 0, NULL, NULL),
(35, '0039', 1, 230, '20151011_014', 0, NULL, NULL),
(36, '0011', 1, 265, '20151011_015', 0, NULL, NULL),
(37, '0038', 1, 255, '20151011_016', 0, NULL, NULL),
(38, '0038', 1, 255, '20151012_001', 0, NULL, NULL),
(39, '0027', 1, 235, '20151012_002', 0, NULL, NULL),
(40, '0019', 1, 235, '20151012_002', 0, NULL, NULL),
(41, '0023', 1, 290, '20151012_003', 0, NULL, NULL),
(42, '0039', 1, 230, '20151012_004', 0, NULL, NULL),
(43, '0033', 1, 235, '20151012_005', 0, NULL, NULL),
(44, '0011', 1, 265, '20151012_006', 0, NULL, NULL),
(45, '0035', 1, 256, '20151012_007', 0, NULL, NULL),
(46, '0025', 1, 280, '20151013_001', 0, NULL, NULL),
(47, '0034', 1, 230, '20151013_002', 0, NULL, NULL),
(48, '0037', 1, 260, '20151013_002', 0, NULL, NULL),
(49, '0039', 1, 232, '20151013_003', 0, NULL, NULL),
(50, '0012', 1, 290, '20151014_001', 0, NULL, NULL),
(51, '0026', 1, 250, '20151014_002', 0, NULL, NULL),
(52, '0013', 1, 280, '20151014_002', 0, NULL, NULL),
(53, '0032', 1, 290, '20151014_002', 0, NULL, NULL),
(54, '0032', 1, 290, '20151014_003', 0, NULL, NULL),
(55, '0011', 1, 264, '20151014_004', 0, NULL, NULL),
(56, '0017', 1, 280, '20151014_004', 0, NULL, NULL),
(57, '0024', 1, 310, '20151011_017', 0, NULL, NULL),
(58, '0037', 1, 250, '20151014_005', 0, NULL, NULL),
(59, '0025', 1, 280, '20151015_001', 0, NULL, NULL),
(60, '0010', 1, 260, '20151015_002', 0, NULL, NULL),
(61, '0035', 1, 250, '20151016_001', 0, NULL, NULL),
(62, '0011', 1, 265, '20151016_002', 0, NULL, NULL),
(63, '0015', 1, 300, '20151016_003', 0, NULL, NULL),
(64, '0039', 1, 260, '20151016_004', 0, NULL, NULL),
(65, '0012', 1, 288, '20151016_005', 0, NULL, NULL),
(66, '0019', 1, 235, '20151016_006', 0, NULL, NULL),
(67, '0032', 1, 287, '20151016_007', 0, NULL, NULL),
(68, '0028', 1, 240, '20151016_008', 0, NULL, NULL),
(69, '0009', 1, 350, '20151016_009', 0, NULL, NULL),
(70, '0034', 1, 230, '20151016_010', 0, NULL, NULL),
(71, '0030', 1, 230, '20151016_010', 0, NULL, NULL),
(72, '0038', 1, 255, '20151017_001', 0, NULL, NULL),
(73, '0027', 1, 235, '20151017_002', 0, NULL, NULL),
(74, '0013', 1, 300, '20151017_003', 0, NULL, NULL),
(75, '0036', 1, 256, '20151017_004', 0, NULL, NULL),
(76, '0004', 1, 520, '20151017_005', 0, NULL, NULL),
(77, '0036', 1, 255, '20151017_006', 0, NULL, NULL),
(78, '0013', 1, 270, '20151017_007', 0, NULL, NULL),
(79, '0001', 1, 400, '20151017_007', 0, NULL, NULL),
(80, '0007', 1, 560, '20151017_008', 0, NULL, NULL),
(81, '0025', 1, 270, '20151017_008', 0, NULL, NULL),
(82, '0016', 1, 280, '20151017_009', 0, NULL, NULL),
(83, '0030', 1, 260, '20151017_010', 0, NULL, NULL),
(84, '0027', 1, 230, '20151017_011', 0, NULL, NULL),
(85, '0008', 1, 500, '20151018_001', 0, NULL, NULL),
(86, '0024', 1, 280, '20151018_002', 0, NULL, NULL),
(87, '0039', 1, 230, '20151018_002', 0, NULL, NULL),
(88, '0035', 1, 240, '20151018_003', 0, NULL, NULL),
(89, '0001', 1, 410, '20151018_003', 0, NULL, NULL),
(90, '0024', 1, 260, '20151018_004', 0, NULL, NULL),
(91, '0006', 1, 480, '20151018_005', 0, NULL, NULL),
(92, '0027', 1, 235, '20151018_006', 0, NULL, NULL),
(94, '0029', 1, 235, '20151019_001', 0, NULL, NULL),
(95, '0020', 1, 280, '20151019_002', 0, NULL, NULL),
(96, '0036', 1, 256, '20151019_003', 0, NULL, NULL),
(98, '0026', 1, 250, '20151019_004', 0, NULL, NULL),
(99, '0037', 1, 255, '20151020_001', 0, NULL, NULL),
(100, '0035', 1, 255, '20151020_002', 0, NULL, NULL),
(101, '0036', 1, 250, '20151020_003', 0, NULL, NULL),
(102, '0024', 1, 270, '20151020_003', 0, NULL, NULL),
(103, '0017', 1, 300, '20151020_004', 0, NULL, NULL),
(104, '0039', 1, 230, '20151021_001', 0, NULL, NULL),
(105, '0028', 1, 240, '20151021_002', 0, NULL, NULL),
(106, '0010', 1, 260, '20151021_003', 0, NULL, NULL),
(107, '0035', 1, 255, '20151021_004', 0, NULL, NULL),
(108, '0026', 1, 255, '20151021_005', 0, NULL, NULL),
(109, '0025', 1, 280, '20151021_006', 0, NULL, NULL),
(110, '0030', 1, 230, '20151022_001', 0, NULL, NULL),
(111, '0010', 1, 260, '20151022_002', 0, NULL, NULL),
(112, '0037', 1, 255, '20151022_003', 0, NULL, NULL),
(113, '0011', 1, 265, '20151023_001', 0, NULL, NULL),
(114, '0031', 1, 288, '20151023_002', 0, NULL, NULL),
(115, '0033', 1, 235, '20151023_003', 0, NULL, NULL),
(116, '0029', 1, 236, '20151023_004', 0, NULL, NULL),
(117, '0013', 1, 280, '20151024_001', 0, NULL, NULL),
(119, '0043', 1, 260, '20151024_003', 0, NULL, NULL),
(120, '0019', 1, 200, '20151024_004', 0, NULL, NULL),
(121, '0018', 1, 230, '20151024_005', 0, NULL, NULL),
(122, '0035', 1, 255, '20151024_006', 0, NULL, NULL),
(123, '0032', 1, 250, '20151024_007', 0, NULL, NULL),
(124, '0010', 1, 260, '20151024_008', 0, NULL, NULL),
(125, '0035', 1, 255, '20151024_009', 0, NULL, NULL),
(126, '0030', 1, 232, '20151024_010', 0, NULL, NULL),
(127, '0046', 1, 240, '20151024_011', 0, NULL, NULL),
(128, '0028', 1, 240, '20151024_012', 0, NULL, NULL),
(129, '0037', 1, 255, '20151024_013', 0, NULL, NULL),
(130, '0034', 1, 220, '20151025_001', 0, NULL, NULL),
(131, '0006', 1, 480, '20151025_001', 0, NULL, NULL),
(132, '0049', 1, 240, '20151025_002', 0, NULL, NULL),
(133, '0030', 1, 230, '20151025_003', 0, NULL, NULL),
(134, '0073', 1, 255, '20151025_004', 0, NULL, NULL),
(135, '0061', 1, 290, '20151025_005', 0, NULL, NULL),
(136, '0056', 1, 290, '20151008_008', 0, NULL, NULL),
(137, '0059', 1, 250, '20151008_009', 0, NULL, NULL),
(138, '0040', 1, 270, '20151009_002', 0, NULL, NULL),
(139, '0064', 1, 240, '20151010_006', 0, NULL, NULL),
(140, '0040', 1, 270, '20151011_018', 0, NULL, NULL),
(141, '0058', 1, 230, '20151012_008', 0, NULL, NULL),
(142, '0059', 1, 248, '20151012_009', 0, NULL, NULL),
(143, '0058', 1, 232, '20151012_009', 0, NULL, NULL),
(144, '0057', 1, 288, '20151012_010', 0, NULL, NULL),
(145, '0069', 1, 255, '20151014_006', 0, NULL, NULL),
(146, '0058', 1, 230, '20151015_003', 0, NULL, NULL),
(148, '0063', 1, 275, '20151015_004', 0, NULL, NULL),
(149, '0057', 1, 287, '20151016_011', 0, NULL, NULL),
(150, '0069', 1, 255, '20151016_012', 0, NULL, NULL),
(151, '0060', 1, 230, '20151016_013', 0, NULL, NULL),
(152, '0069', 1, 256, '20151017_012', 0, NULL, NULL),
(153, '0069', 1, 256, '20151017_013', 0, NULL, NULL),
(154, '0056', 1, 270, '20151017_014', 0, NULL, NULL),
(155, '0067', 1, 280, '20151017_015', 0, NULL, NULL),
(156, '0069', 1, 240, '20151018_007', 0, NULL, NULL),
(157, '0067', 1, 280, '20151019_005', 0, NULL, NULL),
(158, '0056', 2, 285, '20151019_005', 0, NULL, NULL),
(159, '0070', 1, 236, '20151019_006', 0, NULL, NULL),
(160, '0041', 1, 315, '20151020_005', 0, NULL, NULL),
(161, '0068', 1, 280, '20151020_006', 0, NULL, NULL),
(162, '0046', 1, 240, '20151021_007', 0, NULL, NULL),
(163, '0046', 1, 240, '20151021_008', 0, NULL, NULL),
(164, '0059', 1, 250, '20151021_009', 0, NULL, NULL),
(165, '0046', 1, 240, '20151022_004', 0, NULL, NULL),
(167, '0072', 1, 255, '20151022_005', 0, NULL, NULL),
(168, '0043', 1, 260, '20151022_006', 0, NULL, NULL),
(170, '0046', 1, 240, '20151022_007', 0, NULL, NULL),
(171, '0042', 1, 280, '20151022_008', 0, NULL, NULL),
(172, '0050', 1, 255, '20151023_005', 0, NULL, NULL),
(173, '0073', 1, 255, '20151023_006', 0, NULL, NULL),
(174, '0070', 1, 236, '20151023_007', 0, NULL, NULL),
(175, '0073', 1, 256, '20151024_014', 0, NULL, NULL),
(176, '0073', 1, 255, '20151024_015', 0, NULL, NULL),
(177, '0041', 1, 315, '20151026_001', 0, NULL, NULL),
(178, '0028', 1, 240, '20151026_002', 0, NULL, NULL),
(179, '0031', 1, 288, '20151026_003', 0, NULL, NULL),
(180, '0053', 1, 280, '20151026_004', 0, NULL, NULL),
(181, '0040', 1, 270, '20151026_005', 0, NULL, NULL),
(182, '0018', 1, 230, '20151026_006', 0, NULL, NULL),
(183, '0032', 1, 290, '20151027_001', 0, NULL, NULL),
(184, '0036', 1, 250, '20151027_002', 0, NULL, NULL),
(185, '0019', 1, 235, '20151027_003', 0, NULL, NULL),
(186, '0058', 1, 290, '20151027_004', 0, NULL, NULL),
(187, '0076', 1, 230, '20151027_005', 0, NULL, NULL),
(188, '0032', 1, 290, '20151027_006', 0, NULL, NULL),
(189, '0066', 1, 500, '20151028_001', 0, NULL, NULL),
(190, '0004', 1, 520, '20151028_002', 0, NULL, NULL),
(191, '0028', 1, 240, '20151028_003', 0, NULL, NULL),
(192, '0019', 1, 235, '20151029_001', 0, NULL, NULL),
(193, '0055', 1, 290, '20151029_002', 0, NULL, NULL),
(194, '0049', 1, 240, '20151029_003', 0, NULL, NULL),
(195, '0050', 1, 255, '20151029_004', 0, NULL, NULL),
(196, '0046', 1, 270, '20151029_005', 0, NULL, NULL),
(197, '0028', 1, 230, '20151029_006', 0, NULL, NULL),
(198, '0039', 1, 230, '20151029_007', 0, NULL, NULL),
(199, '0023', 1, 290, '20151029_008', 0, NULL, NULL),
(200, '0030', 1, 230, '20151030_001', 0, NULL, NULL),
(201, '0009', 1, 265, '20151030_001', 0, NULL, NULL),
(202, '0009', 1, 260, '20151030_002', 0, NULL, NULL),
(203, '0020', 1, 270, '20151030_003', 0, NULL, NULL),
(204, '0074', 1, 290, '20151030_004', 0, NULL, NULL);

-- --------------------------------------------------------

--
-- Table structure for table `export_facture_trace`
--

CREATE TABLE IF NOT EXISTS `export_facture_trace` (
  `id` int(11) NOT NULL AUTO_INCREMENT,
  `export_facture_code` varchar(45) NOT NULL,
  `total` float NOT NULL DEFAULT '0',
  `debt` float NOT NULL DEFAULT '0',
  `reserved` float NOT NULL DEFAULT '0',
  `order` float NOT NULL DEFAULT '0',
  `customer_give` float NOT NULL DEFAULT '0',
  `give_customer` float NOT NULL DEFAULT '0',
  `bonus_used` float NOT NULL DEFAULT '0',
  `return_amount` float NOT NULL DEFAULT '0',
  `shop_id` int(11) NOT NULL,
  `amount` float NOT NULL DEFAULT '0',
  `customer_id` int(11) NOT NULL,
  `bonus_ratio` float NOT NULL DEFAULT '100',
  PRIMARY KEY (`id`),
  KEY `fk_export_facture_trace_export_facture1_idx` (`export_facture_code`),
  KEY `fk_export_facture_trace_shop1_idx` (`shop_id`),
  KEY `fk_export_facture_trace_customer1_idx` (`customer_id`)
) ENGINE=InnoDB  DEFAULT CHARSET=utf8 AUTO_INCREMENT=182 ;

--
-- Dumping data for table `export_facture_trace`
--

INSERT INTO `export_facture_trace` (`id`, `export_facture_code`, `total`, `debt`, `reserved`, `order`, `customer_give`, `give_customer`, `bonus_used`, `return_amount`, `shop_id`, `amount`, `customer_id`, `bonus_ratio`) VALUES
(1, '20151008_001', 700, 0, 0, 0, 700, 0, 0, 0, 1, 700, 1289, 100),
(2, '20151008_002', 350, 0, 0, 0, 400, 50, 0, 0, 1, 350, 1290, 100),
(3, '20151008_003', 750, 0, 0, 0, 750, 0, 0, 0, 1, 750, 1291, 100),
(4, '20151008_004', 525, 0, 0, 0, 600, 75, 0, 0, 1, 525, 1292, 100),
(5, '20151008_005', 290, 0, 0, 0, 300, 10, 0, 0, 1, 290, 1293, 100),
(6, '20151008_006', 255, 0, 0, 0, 255, 0, 0, 0, 1, 255, 1288, 100),
(7, '20151008_007', 400, 0, 0, 0, 500, 100, 0, 0, 1, 400, 1288, 100),
(8, '20151009_001', 250, 0, 0, 0, 250, 0, 0, 0, 1, 250, 1294, 100),
(9, '20151010_001', 510, 0, 0, 0, 510, 0, 0, 0, 1, 510, 1295, 100),
(10, '20151010_002', 1000, 0, 0, 0, 1000, 0, 0, 0, 1, 1000, 1296, 100),
(11, '20151010_003', 570, 0, 0, 0, 570, 0, 0, 0, 1, 570, 1297, 100),
(12, '20151010_004', 290, 0, 0, 0, 290, 0, 0, 0, 1, 290, 1298, 100),
(13, '20151010_005', 530, 0, 0, 0, 530, 0, 0, 0, 1, 530, 1299, 100),
(14, '20151011_001', 260, 0, 0, 0, 260, 0, 0, 0, 1, 260, 1300, 100),
(15, '20151011_002', 280, 0, 0, 0, 280, 0, 0, 0, 1, 280, 1288, 100),
(16, '20151011_003', 270, 0, 0, 0, 270, 0, 0, 0, 1, 270, 1288, 100),
(17, '20151011_004', 220, 0, 0, 0, 220, 0, 0, 0, 1, 220, 1301, 100),
(18, '20151011_005', 230, 0, 0, 0, 230, 0, 0, 0, 1, 230, 1302, 100),
(19, '20151011_006', 870, 0, 0, 0, 870, 0, 0, 0, 1, 870, 1303, 100),
(20, '20151011_007', 265, 0, 0, 0, 315, 50, 0, 0, 1, 265, 1304, 100),
(21, '20151011_008', 270, 0, 0, 0, 520, 250, 0, 0, 1, 270, 1305, 100),
(22, '20151011_009', 250, 0, 0, 0, 500, 250, 0, 0, 1, 250, 1306, 100),
(23, '20151011_010', 270, 0, 0, 0, 520, 250, 0, 0, 1, 270, 1307, 100),
(24, '20151011_011', 230, 0, 0, 0, 230, 0, 0, 0, 1, 230, 1308, 100),
(25, '20151011_012', 280, 0, 0, 0, 280, 0, 0, 0, 1, 280, 1309, 100),
(26, '20151011_013', 230, 0, 0, 0, 300, 70, 0, 0, 1, 230, 1310, 100),
(27, '20151011_014', 230, 0, 0, 0, 250, 20, 0, 0, 1, 230, 1311, 100),
(28, '20151011_015', 265, 0, 0, 0, 265, 0, 0, 0, 1, 265, 1312, 100),
(29, '20151011_016', 255, 0, 0, 0, 405, 150, 0, 0, 1, 255, 1288, 100),
(30, '20151012_001', 255, 0, 0, 0, 255, 0, 0, 0, 1, 255, 1313, 100),
(31, '20151012_002', 470, 0, 0, 0, 470, 0, 0, 0, 1, 470, 1314, 100),
(32, '20151012_003', 290, 0, 0, 0, 300, 10, 0, 0, 1, 290, 1315, 100),
(33, '20151012_004', 230, 0, 0, 0, 230, 0, 0, 0, 1, 230, 1316, 100),
(34, '20151012_005', 235, 0, 0, 0, 235, 0, 0, 0, 1, 235, 1317, 100),
(35, '20151012_006', 265, 0, 0, 0, 500, 235, 0, 0, 1, 265, 1318, 100),
(36, '20151012_007', 256, 0, 0, 0, 256, 0, 0, 0, 1, 256, 1319, 100),
(37, '20151013_001', 280, 0, 0, 0, 300, 20, 0, 0, 1, 280, 1320, 100),
(38, '20151013_002', 490, 0, 0, 0, 490, 0, 0, 0, 1, 490, 1321, 100),
(39, '20151013_003', 232, 0, 0, 0, 232, 0, 0, 0, 1, 232, 1322, 100),
(40, '20151014_001', 290, 0, 0, 0, 300, 10, 0, 0, 1, 290, 1323, 100),
(41, '20151014_002', 820, 0, 0, 0, 820, 0, 0, 0, 1, 820, 1324, 100),
(42, '20151014_003', 290, 0, 0, 0, 500, 210, 0, 0, 1, 290, 1325, 100),
(43, '20151014_004', 544, 0, 0, 0, 600, 56, 0, 0, 1, 544, 1326, 100),
(44, '20151011_017', 310, 0, 0, 0, 310, 0, 0, 0, 1, 310, 1327, 100),
(45, '20151014_005', 250, 0, 0, 0, 250, 0, 0, 0, 1, 250, 1329, 100),
(46, '20151015_001', 280, 0, 0, 0, 500, 220, 0, 0, 1, 280, 1330, 100),
(47, '20151015_002', 260, 0, 0, 0, 300, 40, 0, 0, 1, 260, 1331, 100),
(48, '20151016_001', 250, 0, 0, 0, 250, 0, 0, 0, 1, 250, 1288, 100),
(49, '20151016_002', 265, 0, 0, 0, 505, 240, 0, 0, 1, 265, 1332, 100),
(50, '20151016_003', 300, 0, 0, 0, 300, 0, 0, 0, 1, 300, 1333, 100),
(51, '20151016_004', 260, 0, 0, 0, 260, 0, 0, 0, 1, 260, 1334, 100),
(52, '20151016_005', 288, 0, 0, 0, 288, 0, 0, 0, 1, 288, 1335, 100),
(53, '20151016_006', 235, 0, 0, 0, 235, 0, 0, 0, 1, 235, 1288, 100),
(54, '20151016_007', 287, 0, 0, 0, 287, 0, 0, 0, 1, 287, 1336, 100),
(55, '20151016_008', 240, 0, 0, 0, 240, 0, 0, 0, 1, 240, 1337, 100),
(56, '20151016_009', 350, 0, 0, 0, 350, 0, 0, 0, 1, 350, 1338, 100),
(57, '20151016_010', 460, 0, 0, 0, 500, 40, 0, 0, 1, 460, 1339, 100),
(58, '20151017_001', 255, 0, 0, 0, 255, 0, 0, 0, 1, 255, 1288, 100),
(59, '20151017_002', 235, 0, 0, 0, 235, 0, 0, 0, 1, 235, 1288, 100),
(60, '20151017_003', 300, 0, 0, 0, 300, 0, 0, 0, 1, 300, 1340, 100),
(61, '20151017_004', 256, 0, 0, 0, 256, 0, 0, 0, 1, 256, 1288, 100),
(62, '20151017_005', 520, 0, 0, 0, 550, 30, 0, 0, 1, 520, 1341, 100),
(63, '20151017_006', 255, 0, 0, 0, 255, 0, 0, 0, 1, 255, 1288, 100),
(64, '20151017_007', 670, 0, 0, 0, 670, 0, 0, 0, 1, 670, 1342, 100),
(65, '20151017_008', 830, 0, 0, 0, 830, 0, 0, 0, 1, 830, 1343, 100),
(66, '20151017_009', 280, 0, 0, 0, 380, 100, 0, 0, 1, 280, 1344, 100),
(67, '20151017_010', 260, 0, 0, 0, 260, 0, 0, 0, 1, 260, 1345, 100),
(68, '20151017_011', 230, 0, 0, 0, 230, 0, 0, 0, 1, 230, 1346, 100),
(69, '20151018_001', 500, 0, 0, 0, 500, 0, 0, 0, 1, 500, 1288, 100),
(70, '20151018_002', 510, 0, 0, 0, 510, 0, 0, 0, 1, 510, 1347, 100),
(71, '20151018_003', 650, 0, 0, 0, 650, 0, 0, 0, 1, 650, 1348, 100),
(72, '20151018_004', 260, 0, 0, 0, 260, 0, 0, 0, 1, 260, 1349, 100),
(73, '20151018_005', 480, 0, 0, 0, 480, 0, 0, 0, 1, 480, 1350, 100),
(74, '20151018_006', 235, 0, 0, 0, 235, 0, 0, 0, 1, 235, 1351, 100),
(76, '20151019_001', 235, 0, 0, 0, 235, 0, 0, 0, 1, 235, 1352, 100),
(77, '20151019_002', 280, 0, 0, 0, 280, 0, 0, 0, 1, 280, 1353, 100),
(78, '20151019_003', 256, 0, 0, 0, 256, 0, 0, 0, 1, 256, 1354, 100),
(80, '20151019_004', 250, 0, 0, 0, 250, 0, 0, 0, 1, 250, 1356, 100),
(81, '20151020_001', 255, 0, 0, 0, 400, 145, 0, 0, 1, 255, 1357, 100),
(82, '20151020_002', 255, 0, 0, 0, 300, 45, 0, 0, 1, 255, 1358, 100),
(83, '20151020_003', 520, 0, 0, 0, 520, 0, 0, 0, 1, 520, 1359, 100),
(84, '20151020_004', 300, 0, 0, 0, 300, 0, 0, 0, 1, 300, 1360, 100),
(85, '20151021_001', 230, 0, 0, 0, 230, 0, 0, 0, 1, 230, 1361, 100),
(86, '20151021_002', 240, 0, 0, 0, 240, 0, 0, 0, 1, 240, 1362, 100),
(87, '20151021_003', 260, 0, 0, 0, 260, 0, 0, 0, 1, 260, 1363, 100),
(88, '20151021_004', 255, 0, 0, 0, 255, 0, 0, 0, 1, 255, 1358, 100),
(89, '20151021_005', 255, 0, 0, 0, 255, 0, 0, 0, 1, 255, 1358, 100),
(90, '20151021_006', 280, 0, 0, 0, 280, 0, 0, 0, 1, 280, 1364, 100),
(91, '20151022_001', 230, 0, 0, 0, 230, 0, 0, 0, 1, 230, 1365, 100),
(92, '20151022_002', 260, 0, 0, 0, 260, 0, 0, 0, 1, 260, 1363, 100),
(93, '20151022_003', 255, 0, 0, 0, 255, 0, 0, 0, 1, 255, 1363, 100),
(94, '20151023_001', 265, 0, 0, 0, 265, 0, 0, 0, 1, 265, 1366, 100),
(95, '20151023_002', 288, 0, 0, 0, 300, 12, 0, 0, 1, 288, 1288, 100),
(96, '20151023_003', 235, 0, 0, 0, 235, 0, 0, 0, 1, 235, 1367, 100),
(97, '20151023_004', 236, 0, 0, 0, 236, 0, 0, 0, 1, 236, 1368, 100),
(98, '20151024_001', 280, 0, 0, 0, 280, 0, 0, 0, 1, 280, 1288, 100),
(100, '20151024_003', 260, 0, 0, 0, 260, 0, 0, 0, 1, 260, 1370, 100),
(101, '20151024_004', 200, 0, 0, 0, 200, 0, 0, 0, 1, 200, 1369, 100),
(102, '20151024_005', 230, 0, 0, 0, 230, 0, 0, 0, 1, 230, 1288, 100),
(103, '20151024_006', 255, 0, 0, 0, 255, 0, 0, 0, 1, 255, 1288, 100),
(104, '20151024_007', 250, 0, 0, 0, 250, 0, 0, 0, 1, 250, 1369, 100),
(105, '20151024_008', 260, 0, 0, 0, 260, 0, 0, 0, 1, 260, 1348, 100),
(106, '20151024_009', 255, 0, 0, 0, 0, -255, 0, 0, 1, 0, 1348, 100),
(107, '20151024_010', 232, 0, 0, 0, 232, 0, 0, 0, 1, 232, 1371, 100),
(108, '20151024_011', 240, 0, 0, 0, 240, 0, 0, 0, 1, 240, 1288, 100),
(109, '20151024_012', 240, 0, 0, 0, 240, 0, 0, 0, 1, 240, 1372, 100),
(110, '20151024_013', 255, 0, 0, 0, 255, 0, 0, 0, 1, 255, 1373, 100),
(111, '20151025_001', 700, 0, 0, 0, 700, 0, 0, 0, 1, 700, 1374, 100),
(112, '20151025_002', 240, 0, 0, 0, 240, 0, 0, 0, 1, 240, 1375, 100),
(113, '20151025_003', 230, 0, 0, 0, 230, 0, 0, 0, 1, 230, 1376, 100),
(114, '20151025_004', 255, 0, 0, 0, 255, 0, 0, 0, 1, 255, 1377, 100),
(115, '20151025_005', 290, 0, 0, 0, 300, 10, 0, 0, 1, 290, 1378, 100),
(116, '20151008_008', 290, 0, 0, 0, 290, 0, 0, 0, 1, 290, 1288, 100),
(117, '20151008_009', 250, 0, 0, 0, 250, 0, 0, 0, 1, 250, 1379, 100),
(118, '20151009_002', 270, 0, 0, 0, 270, 0, 0, 0, 1, 270, 1288, 100),
(119, '20151010_006', 240, 0, 0, 0, 240, 0, 0, 0, 1, 240, 1295, 100),
(120, '20151011_018', 270, 0, 0, 0, 270, 0, 0, 0, 1, 270, 1300, 100),
(121, '20151012_008', 230, 0, 0, 0, 230, 0, 0, 0, 1, 230, 1313, 100),
(122, '20151012_009', 480, 0, 0, 0, 480, 0, 0, 0, 1, 480, 1380, 100),
(123, '20151012_010', 288, 0, 0, 0, 288, 0, 0, 0, 1, 288, 1288, 100),
(124, '20151014_006', 255, 0, 0, 0, 255, 0, 0, 0, 1, 255, 1288, 100),
(125, '20151015_003', 230, 0, 0, 0, 230, 0, 0, 0, 1, 230, 1288, 100),
(127, '20151015_004', 275, 0, 0, 0, 275, 0, 0, 0, 1, 275, 1381, 100),
(128, '20151016_011', 287, 0, 0, 0, 287, 0, 0, 0, 1, 287, 1335, 100),
(129, '20151016_012', 255, 0, 0, 0, 255, 0, 0, 0, 1, 255, 1382, 100),
(130, '20151016_013', 230, 0, 0, 0, 230, 0, 0, 0, 1, 230, 1383, 100),
(131, '20151017_012', 256, 0, 0, 0, 256, 0, 0, 0, 1, 256, 1288, 100),
(132, '20151017_013', 256, 0, 0, 0, 256, 0, 0, 0, 1, 256, 1288, 100),
(133, '20151017_014', 270, 0, 0, 0, 270, 0, 0, 0, 1, 270, 1288, 100),
(134, '20151017_015', 280, 0, 0, 0, 280, 0, 0, 0, 1, 280, 1384, 100),
(135, '20151018_007', 240, 255, 0, 0, 240, -255, 0, 0, 1, 240, 1348, 100),
(136, '20151019_005', 850, 0, 0, 0, 850, 0, 0, 0, 1, 850, 1288, 100),
(137, '20151019_006', 236, 0, 0, 0, 236, 0, 0, 0, 1, 236, 1288, 100),
(138, '20151020_005', 315, 0, 0, 0, 315, 0, 0, 0, 1, 315, 1288, 100),
(139, '20151020_006', 280, 0, 0, 0, 280, 0, 0, 0, 1, 280, 1385, 100),
(140, '20151021_007', 240, 0, 0, 0, 240, 0, 0, 0, 1, 240, 1288, 100),
(141, '20151021_008', 240, 0, 0, 0, 240, 0, 0, 0, 1, 240, 1363, 100),
(142, '20151021_009', 250, 0, 0, 0, 250, 0, 0, 0, 1, 250, 1364, 100),
(143, '20151022_004', 240, 0, 0, 0, 240, 0, 0, 0, 1, 240, 1376, 100),
(145, '20151022_005', 255, 0, 0, 0, 255, 0, 0, 0, 1, 255, 1386, 100),
(146, '20151022_006', 260, 0, 0, 0, 260, 0, 0, 0, 1, 260, 1288, 100),
(148, '20151022_007', 240, 0, 0, 0, 240, 0, 0, 0, 1, 240, 1387, 100),
(149, '20151022_008', 280, 0, 0, 0, 280, 0, 0, 0, 1, 280, 1388, 100),
(150, '20151023_005', 255, 0, 0, 0, 255, 0, 0, 0, 1, 255, 1288, 100),
(151, '20151023_006', 255, 0, 0, 0, 255, 0, 0, 0, 1, 255, 1367, 100),
(152, '20151023_007', 236, 0, 0, 0, 236, 0, 0, 0, 1, 236, 1368, 100),
(153, '20151024_014', 256, 0, 0, 0, 256, 0, 0, 0, 1, 256, 1288, 100),
(154, '20151024_015', 255, 0, 0, 0, 255, 0, 0, 0, 1, 255, 1372, 100),
(155, '20151026_001', 315, 0, 0, 0, 315, 0, 0, 0, 1, 315, 1389, 100),
(156, '20151026_002', 240, 0, 0, 0, 240, 0, 0, 0, 1, 240, 1390, 100),
(157, '20151026_003', 288, 0, 0, 0, 288, 0, 0, 0, 1, 288, 1288, 100),
(158, '20151026_004', 280, 0, 0, 0, 500, 220, 0, 0, 1, 280, 1288, 100),
(159, '20151026_005', 270, 0, 0, 0, 270, 0, 0, 0, 1, 270, 1391, 100),
(160, '20151026_006', 230, 0, 0, 0, 200, -30, 0, 0, 1, 200, 1392, 100),
(161, '20151027_001', 290, 0, 0, 0, 500, 210, 0, 0, 1, 290, 1393, 100),
(162, '20151027_002', 250, 0, 0, 0, 250, 0, 0, 0, 1, 250, 1394, 100),
(163, '20151027_003', 235, 0, 0, 0, 535, 300, 0, 0, 1, 235, 1395, 100),
(164, '20151027_004', 290, 0, 0, 0, 290, 0, 0, 0, 1, 290, 1396, 100),
(165, '20151027_005', 230, 0, 0, 0, 230, 0, 0, 0, 1, 230, 1397, 100),
(166, '20151027_006', 290, 0, 0, 0, 500, 210, 0, 0, 1, 290, 1398, 100),
(167, '20151028_001', 500, 0, 0, 0, 500, 0, 0, 0, 1, 500, 1288, 100),
(168, '20151028_002', 520, 0, 0, 0, 600, 80, 0, 0, 1, 520, 1399, 100),
(169, '20151028_003', 240, 0, 0, 0, 500, 260, 0, 0, 1, 240, 1288, 100),
(170, '20151029_001', 235, 0, 0, 0, 250, 15, 0, 0, 1, 235, 1400, 100),
(171, '20151029_002', 290, 0, 0, 0, 510, 220, 0, 0, 1, 290, 1401, 100),
(172, '20151029_003', 240, 0, 0, 0, 300, 60, 0, 0, 1, 240, 1350, 100),
(173, '20151029_004', 255, 0, 0, 0, 255, 0, 0, 0, 1, 255, 1402, 100),
(174, '20151029_005', 270, 0, 0, 0, 270, 0, 0, 0, 1, 270, 1403, 100),
(175, '20151029_006', 230, 0, 0, 0, 500, 270, 0, 0, 1, 230, 1404, 100),
(176, '20151029_007', 230, 0, 0, 0, 230, 0, 0, 0, 1, 230, 1405, 100),
(177, '20151029_008', 290, 0, 0, 0, 290, 0, 0, 0, 1, 290, 1406, 100),
(178, '20151030_001', 495, 0, 0, 0, 600, 105, 0, 0, 1, 495, 1407, 100),
(179, '20151030_002', 260, 0, 0, 0, 560, 300, 0, 0, 1, 260, 1288, 100),
(180, '20151030_003', 270, 0, 0, 0, 500, 230, 0, 0, 1, 270, 1306, 100),
(181, '20151030_004', 290, 0, 0, 0, 300, 10, 0, 0, 1, 290, 1408, 100);

-- --------------------------------------------------------

--
-- Table structure for table `fund`
--

CREATE TABLE IF NOT EXISTS `fund` (
  `id` int(11) NOT NULL AUTO_INCREMENT,
  `name` varchar(45) NOT NULL,
  `description` varchar(255) DEFAULT NULL,
  PRIMARY KEY (`id`)
) ENGINE=InnoDB  DEFAULT CHARSET=utf8 AUTO_INCREMENT=14 ;

--
-- Dumping data for table `fund`
--

INSERT INTO `fund` (`id`, `name`, `description`) VALUES
(1, 'KÉT SẮT', 'KETSAT'),
(2, 'Anh Minh', NULL),
(8, 'OCEANBANK', 'OCEANBANK'),
(9, 'Châu', NULL),
(10, 'BẢO', NULL),
(12, 'MẸ', NULL),
(13, 'BALANCE', NULL);

-- --------------------------------------------------------

--
-- Table structure for table `fund_change_histo`
--

CREATE TABLE IF NOT EXISTS `fund_change_histo` (
  `id` int(11) NOT NULL AUTO_INCREMENT,
  `fund_id` int(11) NOT NULL,
  `amount` float NOT NULL DEFAULT '0',
  `date` datetime NOT NULL,
  `description` varchar(245) DEFAULT NULL,
  `ratio` float NOT NULL DEFAULT '1',
  `user_id` int(11) NOT NULL,
  PRIMARY KEY (`id`),
  KEY `fk_fund_change_histo_fund1_idx` (`fund_id`),
  KEY `fk_fund_change_histo_user1_idx` (`user_id`)
) ENGINE=InnoDB  DEFAULT CHARSET=utf8 AUTO_INCREMENT=106 ;

--
-- Dumping data for table `fund_change_histo`
--

INSERT INTO `fund_change_histo` (`id`, `fund_id`, `amount`, `date`, `description`, `ratio`, `user_id`) VALUES
(1, 2, 50000, '2015-09-27 13:48:22', 'gửi 50M', 1, 1),
(2, 2, -2160, '2015-10-01 00:29:00', 'See spend : Mua thanh ray, thanh đỡ kính (Anh Minh   Anh Duệ)', 1, 1),
(3, 2, -34, '2015-10-02 00:29:00', 'See spend : Mua đồ thắp hương', 1, 1),
(4, 2, -50, '2015-10-02 00:17:10', 'See spend : Mua thêm 2 thanh ray', 1, 2),
(5, 2, -60, '2015-10-01 02:21:35', 'See spend : Tiền ốc vít', 1, 1),
(6, 2, -4000, '2015-10-03 11:15:04', 'See spend : laptop dell', 1, 1),
(8, 2, -2000, '2015-10-04 13:46:21', 'See spend : Mua 100m led lắp cửa hàng', 1, 1),
(9, 2, -5000, '2015-10-03 13:46:54', 'Anh minh rút 5M', 1, 1),
(11, 2, -5000, '2015-10-03 13:51:29', 'Vay thanh toán hàng dương', 1, 1),
(12, 9, 5000, '2015-10-03 13:51:29', 'Vay thanh toán hàng dương', 1, 1),
(13, 2, -8000, '2015-10-04 13:51:51', 'Vay thanh toán tiền hàng chị hương', 1, 1),
(14, 9, 8000, '2015-10-04 13:51:51', 'Vay thanh toán tiền hàng chị hương', 1, 1),
(15, 2, 4400, '2015-10-04 15:22:41', 'Thêm vào 4400 để thanh toán vinh tuyết', 1, 1),
(16, 2, -28096, '2015-10-04 22:27:27', 'Trả nợ : Vinh Tuyết | Hóa đơn 28830.', 1, 1),
(17, 9, -734, '2015-10-04 22:27:27', 'Trả nợ : Vinh Tuyết | Hóa đơn 28830.', 1, 1),
(18, 2, 30000, '2015-10-05 15:56:40', 'Thêm 30M', 1, 1),
(19, 2, -480, '2015-10-05 15:57:00', 'See spend : Mua ghế', 1, 2),
(20, 2, -180, '2015-10-06 15:31:58', 'See spend : Sớ đi phủ tây hồ', 1, 2),
(21, 2, -500, '2015-10-06 15:31:58', 'See spend : Đưa bảo', 1, 2),
(22, 2, -220, '2015-10-06 15:31:58', 'See spend : Mua lễ đi phủ', 1, 2),
(23, 2, -30, '2015-10-06 15:31:58', 'See spend : Mua hoa', 1, 2),
(24, 2, -100, '2015-10-06 15:31:58', 'See spend : Tiền lẻ đi lễ', 1, 2),
(25, 2, 30000, '2015-10-07 15:37:45', 'Thêm', 1, 1),
(26, 2, -500, '2015-10-07 15:39:25', 'See spend : Đưa bảo', 1, 2),
(27, 2, -105, '2015-10-07 15:39:25', 'See spend : Mua máy tính, sổ bút', 1, 2),
(28, 2, -200, '2015-10-07 15:39:25', 'See spend : Tiền 2 nhân viên', 1, 2),
(29, 2, 0, '2015-10-07 15:39:25', 'See spend : ', 1, 1),
(30, 2, -25, '2015-10-07 15:41:41', 'See spend : Bình nước', 1, 1),
(31, 2, -350, '2015-10-08 02:52:32', 'See spend : Đi chợ sáng mua gà. ... khai trương', 1, 1),
(32, 2, -550, '2015-10-08 15:54:47', 'See spend : Châu đi mua lễ thắp hương (hoa quả, bánh, hương vàng túi đựng tiền)', 1, 2),
(33, 2, -200, '2015-10-08 15:54:47', 'See spend : Đưa bảo trả lại cho khách hôm khai trương', 1, 2),
(34, 2, -60, '2015-10-08 15:54:47', 'See spend : Tiền lẻ thắp hương', 1, 2),
(35, 2, -600, '2015-10-08 15:54:47', 'See spend : Tiền phong bao lì xì', 1, 2),
(36, 2, -35000, '2015-10-08 22:56:05', 'Trả nợ : Dương | ', 1, 1),
(37, 9, -8000, '2015-10-08 16:02:30', 'Anh minh nợ Châu. Ứng tạm thanh toán tiền hàng. Châu sẽ nợ lại Anh Minh 4266k', 1, 1),
(43, 2, -1300, '2015-10-09 16:17:14', 'See spend : Chi mua đồ điện: Quạt trần, 3 bóng đôi, các phụ kiện điện', 1, 1),
(44, 2, -5000, '2015-10-09 16:17:14', 'See spend : Ứng trước 5m tiền gương kính', 1, 1),
(45, 1, 3400, '2015-10-08 17:20:37', 'Rút bớt tiền bán hàng', 1, 3),
(46, 1, 560, '2015-10-09 17:21:06', 'Rút bớt tiền bán hàng', 1, 3),
(47, 2, -120, '2015-10-10 21:57:06', 'See spend : Mua chuột cho bảo', 1, 4),
(48, 2, -160, '2015-10-10 21:57:06', 'See spend : Mua 2 súng bắn giá cho bảo', 1, 4),
(49, 1, 3100, '2015-10-10 23:44:20', 'Tiền bán hàng trong ngày', 1, 3),
(51, 1, 4940, '2015-10-11 22:28:15', 'Tiền bán hàng trong ngày', 1, 3),
(52, 2, -220, '2015-10-11 23:56:04', 'See spend : Mua access point lắp wifi', 1, 4),
(54, 1, 3000, '2015-10-12 23:06:16', 'Tièn bán hàng trong ngày', 1, 3),
(55, 2, -10000, '2015-10-12 23:55:04', 'Trả nợ : Dương | Rút 10M từ tiền gửi anh Minh còn lại trả dương 10M', 1, 1),
(56, 9, -4266, '2015-10-13 23:38:25', 'Trả hết nợ anh minh lấy tiền trả camera cho anh minh', 1, 1),
(57, 2, 4266, '2015-10-13 23:38:25', 'Trả hết nợ anh minh lấy tiền trả camera cho anh minh', 1, 1),
(58, 2, -157, '2015-10-13 23:43:41', 'See spend : Lot thuong truoc 5x3.5, lot thuong sau 20x3.5, silicon 10x 7.0', 1, 1),
(59, 1, -700, '2015-10-13 18:50:01', 'See spend : Mua thảm', 1, 3),
(60, 1, 900, '2015-10-13 18:51:39', 'tiền hàng', 1, 3),
(61, 12, 310, '2015-10-11 18:53:46', 'Hóa đơn số 20151011_017 |  Chị Thơm | online | 12  | Triệu sơn. phí 25k', 1, 1),
(62, 2, -5445, '2015-10-14 22:18:24', 'See spend : Lắp camera', 1, 4),
(63, 1, 2500, '2015-10-14 22:54:24', 'Tiền bán hàng trong ngày', 1, 3),
(64, 1, 1000, '2015-10-15 21:30:01', 'Tiền bán hàng trong ngày', 1, 3),
(65, 12, 300, '2015-10-16 12:48:42', 'Hóa đơn số 20151016_003 |  Hà Huyền bạn Bảo | online | 12  | Hà Thị Thanh Huyền, Thọ Phú, Triệu Sơn, phí ship 12.5k', 1, 1),
(66, 12, 260, '2015-10-16 12:54:04', 'Hóa đơn số 20151016_004 |  Minh Thu Bạn Bảo | online | 12  | Lê Minh Thu, Minh Dân, Triệu Sơn, phí ship 12.5k', 1, 1),
(67, 1, 3100, '2015-10-16 22:59:27', 'Tiền bán hàng trong ngày', 1, 3),
(68, 1, -1650, '2015-10-17 23:21:13', 'See spend : mua bàn quầy', 1, 3),
(69, 1, 5150, '2015-10-17 23:22:56', 'Tiền bán hàng trong ngày', 1, 3),
(70, 1, -20000, '2015-10-18 22:24:39', 'Chuyển cho anh Duệ đi lấy hàng', 1, 1),
(71, 2, 20000, '2015-10-18 22:24:39', 'Chuyển cho anh Duệ đi lấy hàng', 1, 1),
(72, 2, -1890, '2015-10-18 22:25:34', 'See spend : In túi bóng và mua giấy cuộn', 1, 1),
(73, 2, -14350, '2015-10-18 22:55:40', 'Châu Vay Anh Minh để thanh toán hàng giầy, lương nhân viên. học phí cún', 1, 1),
(74, 9, 14350, '2015-10-18 22:55:40', 'Châu Vay Anh Minh để thanh toán hàng giầy, lương nhân viên. học phí cún', 1, 1),
(75, 1, 2700, '2015-10-18 22:57:03', 'Tiền bán hàng trong ngày', 1, 3),
(76, 9, 25000, '2015-10-20 22:48:36', 'Anh Minh Chuyển khoản cho Duệ', 1, 1),
(78, 1, 3900, '2015-10-20 00:13:12', 'tien ban hang ngay 19 va 20 thang 10', 1, 3),
(79, 12, 300, '2015-10-20 00:17:04', 'Hóa đơn số 20151020_004 |  Vũ bạn Bảo | online | 12  | Đôi da miếng xuồng cho mẹ Vũ (phí ship 25k)', 1, 1),
(80, 1, 2100, '2015-10-21 22:57:08', 'tien ban hang trong ngay', 1, 3),
(81, 1, 2000, '2015-10-22 22:36:03', 'tien ban hang trong ngay', 1, 3),
(83, 1, 1800, '2015-10-23 21:07:28', 'Tiền bán hàng trong ngày\n', 1, 3),
(84, 9, -2850, '2015-10-24 09:48:19', 'trả tiền nhà metronic hộ anh minh', 1, 1),
(85, 2, 2850, '2015-10-24 09:48:19', 'trả tiền nhà metronic hộ anh minh', 1, 1),
(86, 2, -2850, '2015-10-24 09:52:54', 'Trả nợ : METRONIC VIET NAM | Lấy tiền nhà Châu trả', 1, 4),
(87, 9, -4573, '2015-10-24 10:59:23', 'Trả nợ : Vinh Tuyết | 1 hóa đơn vinh tuyết chia 2 bên. Chị Châu thanh toán hết', 1, 1),
(88, 2, -6524, '2015-10-24 12:10:22', 'Chuyển hết phần tiền Duệ cầm sang Quỹ Châu để trả tiền hàng cho anh Minh', 1, 1),
(89, 9, 6524, '2015-10-24 12:10:22', 'Chuyển hết phần tiền Duệ cầm sang Quỹ Châu để trả tiền hàng cho anh Minh', 1, 1),
(90, 9, -27294, '2015-10-24 12:17:23', 'Trả nợ : Chị Châu | Hàng Chau thanh toán Hộ Anh Minh', 1, 1),
(91, 1, 3200, '2015-10-24 22:49:58', 'Tiền bán hàng trong ngày', 1, 3),
(93, 1, -8500, '2015-10-25 14:39:17', 'Trả nợ : Tuyến | đã thanh toán hết', 1, 1),
(94, 13, -25, '2015-10-25 14:39:17', 'Trả nợ : Tuyến | đã thanh toán hết', 1, 1),
(95, 1, 1700, '2015-10-25 20:57:39', 'Tiền bán hàng trong ngày', 1, 1),
(96, 9, 2310, '2015-10-26 00:42:37', 'Trả nợ : Chị Châu | Trả lại 14 đôi 2483 cho Chị Châu', 1, 1),
(97, 9, -13467, '2015-10-26 00:50:31', 'Trả nợ : Dương | Tiền chị châu đã dùng hết chuyển sang trả Dương', 1, 1),
(98, 1, 1600, '2015-10-26 15:43:29', 'Tiền bán hàng trong ngày', 1, 1),
(99, 1, 1500, '2015-10-27 10:23:18', 'Tiền bán hàng trong ngày', 1, 3),
(100, 1, -10000, '2015-10-27 10:24:57', 'Chuyển tiền để Chị Châu thanh toán tiền nhà', 1, 1),
(101, 9, 10000, '2015-10-27 10:24:57', 'Chuyển tiền để Chị Châu thanh toán tiền nhà', 1, 1),
(102, 1, 1300, '2015-10-29 10:35:54', 'Tiền bán hàng trong ngày', 1, 3),
(103, 1, 2000, '2015-10-29 11:59:53', 'Tiền bán hàng trong ngày', 1, 3),
(104, 9, -2342, '2015-10-31 09:09:04', 'Tiền bảo nợ chị Châu.', 1, 4),
(105, 9, -540, '2015-10-31 09:06:14', 'See spend : tiền quảng cáo facebook (HSBC của A Duệ)', 1, 4);

-- --------------------------------------------------------

--
-- Table structure for table `import_facture`
--

CREATE TABLE IF NOT EXISTS `import_facture` (
  `code` varchar(45) NOT NULL,
  `date` datetime NOT NULL,
  `description` varchar(1000) DEFAULT NULL,
  `provider_id` int(11) NOT NULL,
  `deadline` datetime DEFAULT NULL,
  `link` varchar(255) DEFAULT NULL,
  PRIMARY KEY (`code`),
  UNIQUE KEY `code_UNIQUE` (`code`),
  KEY `fk_import_facture_provider1_idx` (`provider_id`)
) ENGINE=InnoDB DEFAULT CHARSET=utf8;

--
-- Dumping data for table `import_facture`
--

INSERT INTO `import_facture` (`code`, `date`, `description`, `provider_id`, `deadline`, `link`) VALUES
('20151007_001', '2015-10-07 19:45:07', 'Trả lại 3 đôi', 2, '2015-10-21 19:45:07', 'img/facture/20151007_001.png'),
('20151007_002', '2015-10-07 16:19:42', 'Nhập về nhà chị châu', 3, '2015-10-21 16:19:42', 'img/facture/20151007_002.png'),
('20151024_001', '2015-10-24 09:47:27', 'Chị Châu lấy', 4, '2015-11-07 09:47:27', 'img/facture/20151024_001.png'),
('20151024_002', '2015-10-24 10:08:16', 'Mang ngày 17.10', 3, '2015-11-07 10:08:16', 'img/facture/20151024_002.png'),
('20151024_003', '2015-10-24 10:15:12', 'Chia 1 phần hóa đơn chị châu lấy từ vinh tuyết', 2, '2015-11-07 10:15:12', 'img/facture/20151024_003.png'),
('20151024_004', '2015-10-24 10:35:39', 'Nhập trực tiếp', 3, '2015-11-07 10:35:39', 'img/facture/20151024_004.png'),
('20151024_005', '2015-10-24 10:42:55', 'lon xon', 3, '2015-11-07 10:42:55', 'img/facture/20151024_005.png'),
('20151024_006', '2015-10-24 11:33:14', 'Bảo nhận riêng', 5, '2015-11-07 11:33:14', 'img/facture/20151024_006.png'),
('20151024_007', '2015-10-24 12:07:49', 'Hàng Chuyển từ shop chị Châu', 6, '2015-11-07 12:07:49', 'img/facture/20151024_007.png'),
('20151024_008', '2015-10-24 20:22:46', 'Dương mang từ 22.10 nhưng 24 mới chụp hóa đơn.', 3, '2015-11-07 20:22:46', 'img/facture/20151024_008.png'),
('20151024_009', '2015-10-24 20:27:49', 'Dương mang chiều 24.10: có cả hàng chị châu. Nhưng Hóa đơn từ giờ đã chốt riêng', 3, '2015-11-07 20:27:49', 'img/facture/20151024_009.png'),
('20151026_001', '2015-10-26 20:27:44', 'Chia cùng chị châu 1 hóa đơn 10825:7575:3250', 4, '2015-11-09 20:27:44', 'img/facture/20151026_001.png');

-- --------------------------------------------------------

--
-- Table structure for table `inout_type`
--

CREATE TABLE IF NOT EXISTS `inout_type` (
  `id` int(11) NOT NULL,
  `name` varchar(45) NOT NULL,
  PRIMARY KEY (`id`)
) ENGINE=InnoDB DEFAULT CHARSET=utf8;

--
-- Dumping data for table `inout_type`
--

INSERT INTO `inout_type` (`id`, `name`) VALUES
(1, 'Thêm tiền'),
(2, 'Rút tiền');

-- --------------------------------------------------------

--
-- Table structure for table `money_inout`
--

CREATE TABLE IF NOT EXISTS `money_inout` (
  `id` int(11) NOT NULL AUTO_INCREMENT,
  `shop_id` int(11) NOT NULL,
  `user_id` int(11) NOT NULL,
  `date` datetime NOT NULL,
  `amount` float NOT NULL DEFAULT '0',
  `description` varchar(255) DEFAULT NULL,
  PRIMARY KEY (`id`),
  KEY `fk_money_inout_shop1_idx` (`shop_id`),
  KEY `fk_money_inout_user1_idx` (`user_id`)
) ENGINE=InnoDB  DEFAULT CHARSET=utf8 AUTO_INCREMENT=40 ;

--
-- Dumping data for table `money_inout`
--

INSERT INTO `money_inout` (`id`, `shop_id`, `user_id`, `date`, `amount`, `description`) VALUES
(1, 1, 3, '2015-10-08 16:10:32', -70, 'lì xì cho khách'),
(2, 1, 3, '2015-10-09 15:39:00', 540, 'Để lại tiền lẻ'),
(3, 1, 3, '2015-10-10 17:17:20', 500, 'Để lại tiền lẻ'),
(4, 1, 3, '2015-10-11 12:47:09', 540, 'Để lại tiền lẻ'),
(5, 1, 3, '2015-10-12 11:29:25', 520, 'để tiền lẻ '),
(6, 1, 3, '2015-10-13 12:50:09', 519, 'để tiền lẻ'),
(7, 1, 3, '2015-10-13 12:53:18', -71, 'mua hoa quả bánh tiền vàng thắp hương mung 1'),
(8, 1, 3, '2015-10-14 11:28:24', 550, 'để tiền lẻ'),
(9, 1, 1, '2015-10-11 18:53:46', -310, 'Hóa đơn số 20151011_017 |  Chị Thơm | online | MẸ | Triệu sơn. phí 25k'),
(10, 1, 3, '2015-10-15 14:32:12', 499, 'để tiền lẻ'),
(11, 1, 3, '2015-10-16 09:36:49', 524, 'để tiền lẻ'),
(12, 1, 1, '2015-10-16 12:48:42', -300, 'Hóa đơn số 20151016_003 |  Hà Huyền bạn Bảo | online | MẸ | Hà Thị Thanh Huyền, Thọ Phú, Triệu Sơn, phí ship 12.5k'),
(13, 1, 1, '2015-10-16 12:54:04', -260, 'Hóa đơn số 20151016_004 |  Minh Thu Bạn Bảo | online | MẸ | Lê Minh Thu, Minh Dân, Triệu Sơn, phí ship 12.5k'),
(14, 1, 3, '2015-10-16 12:59:13', -25, 'phí ship hàng cho Huyển và Thu'),
(15, 1, 3, '2015-10-17 23:15:47', 546, 'để tiền lẻ'),
(16, 1, 3, '2015-10-17 23:16:04', -20, 'mua hoa thắp hương'),
(18, 1, 3, '2015-10-18 11:56:20', 530, 'tiền lẻ'),
(19, 1, 3, '2015-10-19 13:21:11', 705, 'tiền lẻ'),
(20, 1, 3, '2015-10-19 16:19:56', -50, 'mua bánh thắp hương, tỏi để shop, nước'),
(21, 1, 1, '2015-10-20 00:17:04', -300, 'Hóa đơn số 20151020_004 |  Vũ bạn Bảo | online | MẸ | Đôi da miếng xuồng cho mẹ Vũ (phí ship 25k)'),
(22, 1, 3, '2015-10-20 00:17:43', -25, 'phi ship hàng cho Vũ'),
(23, 1, 3, '2015-10-21 09:04:12', 462, 'tien le'),
(24, 1, 3, '2015-10-21 14:59:53', -60, 'Rút tiền mua chổi lau nhà'),
(25, 1, 3, '2015-10-22 10:12:46', 552, 'tien le'),
(26, 1, 3, '2015-10-22 10:13:23', -20, 'mua hoa va banh thap huong'),
(28, 1, 3, '2015-10-23 13:57:39', 552, 'tiền lẻ'),
(29, 1, 3, '2015-10-24 21:09:31', 522, 'tiền lẻ'),
(30, 1, 3, '2015-10-25 13:46:45', 535, 'tiền lẻ'),
(31, 1, 3, '2015-10-26 11:58:16', 550, 'tiền lẻ'),
(32, 1, 3, '2015-10-26 11:58:33', -25, 'mua hoa và quả thắp hương'),
(33, 1, 3, '2015-10-27 15:44:00', 518, 'tiền lẻ'),
(34, 1, 3, '2015-10-27 15:44:30', -42, 'Mua đồ thắp hương rằm'),
(35, 1, 3, '2015-10-28 10:25:26', 561, 'tiền lẻ'),
(36, 1, 3, '2015-10-29 10:37:16', 520, 'tiền lẻ'),
(37, 1, 3, '2015-10-29 10:39:30', -17, 'Mua hoa ly '),
(38, 1, 3, '2015-10-30 10:57:48', -16, 'Mua táo thắp hương'),
(39, 1, 3, '2015-10-30 10:58:09', 543, 'tiền lẻ');

-- --------------------------------------------------------

--
-- Table structure for table `news`
--

CREATE TABLE IF NOT EXISTS `news` (
  `id` int(11) NOT NULL AUTO_INCREMENT,
  `description` varchar(1000) DEFAULT NULL,
  `date` datetime DEFAULT NULL,
  `shop_id` int(11) NOT NULL,
  `user_id` int(11) NOT NULL,
  PRIMARY KEY (`id`),
  KEY `fk_news_shop1_idx` (`shop_id`),
  KEY `fk_news_user1_idx` (`user_id`)
) ENGINE=InnoDB  DEFAULT CHARSET=utf8 AUTO_INCREMENT=13 ;

--
-- Dumping data for table `news`
--

INSERT INTO `news` (`id`, `description`, `date`, `shop_id`, `user_id`) VALUES
(5, 'Còn một đôi mã 0040 Thảo(hd) mua chưa nhập do chưa có mã trong hệ thống', '2015-10-11 12:43:50', 1, 3),
(6, 'Còn một đôi mã 0040 Thảo(hd) mua chưa nhập do chưa có mã trong hệ thống', '2015-10-11 12:43:51', 1, 3),
(7, 'Còn một đôi mã 0040 Thảo(hd) mua chưa nhập do chưa có mã trong hệ thống', '2015-10-11 12:43:53', 1, 3),
(8, 'Ngày 20/10, 1 đôi mã 2519(290 sale còn 230) chưa nhập C Ngọc(đuôi 672)', '2015-10-12 12:57:10', 1, 3),
(9, 'Ngày 12/10: Chị Huyền(0914894934): 2522+2519: 480k\n', '2015-10-12 21:23:55', 1, 3),
(10, 'Ngày 12/10: 2410:288k(3 chị em sv)', '2015-10-12 21:24:33', 1, 3),
(11, 'Ngày 15/10: bán mã 2519: 290k->230k', '2015-10-15 14:32:44', 1, 3),
(12, 'Ngày 15/10: bán mã 2519: 290k->230k', '2015-10-15 14:32:48', 1, 3);

-- --------------------------------------------------------

--
-- Table structure for table `product`
--

CREATE TABLE IF NOT EXISTS `product` (
  `code` varchar(16) NOT NULL,
  `name` varchar(245) NOT NULL,
  `category_id` int(11) NOT NULL,
  `season_id` int(11) NOT NULL,
  `sex_id` int(11) NOT NULL,
  `export_price` float NOT NULL,
  `description` varchar(1000) DEFAULT NULL,
  `brand_id` int(11) NOT NULL,
  `sale` float NOT NULL DEFAULT '0',
  `link` varchar(255) DEFAULT NULL,
  PRIMARY KEY (`code`),
  UNIQUE KEY `code_UNIQUE` (`code`),
  KEY `fk_product_product_type1_idx` (`category_id`),
  KEY `fk_product_season1_idx` (`season_id`),
  KEY `fk_product_sex1_idx` (`sex_id`),
  KEY `fk_product_brand1_idx` (`brand_id`)
) ENGINE=InnoDB DEFAULT CHARSET=utf8;

--
-- Dumping data for table `product`
--

INSERT INTO `product` (`code`, `name`, `category_id`, `season_id`, `sex_id`, `export_price`, `description`, `brand_id`, `sale`, `link`) VALUES
('0001', 'Giầy nữ cao cấp  16628-6-GNT', 2, 4, 1, 550, '', 1, 0, 'img/product/0001.png'),
('0002', 'Giầy nữ cao cấp  16201-3-GNT', 1, 4, 1, 500, 'Cao cấp ()', 1, 0, 'img/product/0002.png'),
('0003', 'Giầy nữ cao cấp  16518-10-GNT', 1, 4, 1, 525, '', 1, 0, 'img/product/0003.png'),
('0004', 'Giầy nữ cao cấp  A5099-GN', 1, 4, 1, 650, '', 1, 0, 'img/product/0004.png'),
('0005', 'Giầy nữ cao cấp  102-152-GNT', 1, 4, 1, 525, '', 1, 0, 'img/product/0005.png'),
('0006', 'Giầy nữ cao cấp  161992-GNH', 1, 4, 1, 600, '', 1, 0, 'img/product/0006.png'),
('0007', 'Giầy nữ cao cấp  1511518-GNH', 1, 4, 1, 750, '', 1, 0, 'img/product/0007.png'),
('0008', 'Giầy nữ cao cấp  8553-GND', 1, 4, 1, 650, '', 1, 0, 'img/product/0008.png'),
('0009', 'Giầy nữ cao cấp  85-2-GLNC', 1, 4, 1, 330, '', 1, 0, 'img/product/0009.png'),
('0010', 'Giầy nữ VNXK HP 327-GNTT', 1, 4, 1, 325, '', 1, 0, 'img/product/0010.png'),
('0011', 'Giầy nữ VNXK 876-GNP', 1, 4, 1, 330, '', 1, 0, 'img/product/0011.png'),
('0012', 'Giầy nữ da miếng HA7116-GNAC', 1, 4, 1, 360, '', 1, 0, 'img/product/0012.png'),
('0013', 'Giầy nữ da miếng LA-18-GN', 1, 4, 1, 350, '', 1, 0, 'img/product/0013.png'),
('0014', 'Giầy nữ da miếng QT18-GNLA', 1, 4, 1, 350, '', 1, 0, 'img/product/0014.png'),
('0015', 'Giầy nữ da miếng QT19-GNLA', 1, 4, 1, 350, '', 1, 0, 'img/product/0015.png'),
('0016', 'Giầy nữ da miếng LA-19-GN', 1, 4, 1, 350, '', 1, 0, 'img/product/0016.png'),
('0017', 'Giầy nữ da miếng LA-22-GNLA', 1, 4, 1, 350, '', 1, 0, 'img/product/0017.png'),
('0018', 'Giầy nữ VNXK 2235-95', 2, 4, 1, 290, '', 1, 0, 'img/product/0018.png'),
('0019', 'Giầy nữ VNXK 140-908', 2, 4, 1, 295, '', 1, 0, 'img/product/0019.png'),
('0020', 'Giầy nữ VNXK 1593-GE', 2, 4, 1, 350, '', 1, 0, 'img/product/0020.png'),
('0022', 'Giầy nữ VNXK D002', 2, 4, 1, 350, '', 1, 0, 'img/product/0022.png'),
('0023', 'Giầy nữ VNXK D002_4', 2, 4, 1, 360, '', 1, 0, 'img/product/0023.png'),
('0024', 'Giầy nữ VNXK D002_1', 2, 4, 1, 350, '', 1, 0, 'img/product/0024.png'),
('0025', 'Giầy nữ VNXK 8174', 2, 4, 1, 350, '', 1, 0, 'img/product/0025.png'),
('0026', 'Giầy nữ VNXK V0025N-1', 2, 4, 1, 320, '', 1, 0, 'img/product/0026.png'),
('0027', 'Giầy nữ VNXK KH0025', 2, 4, 1, 295, '', 1, 0, 'img/product/0027.png'),
('0028', 'Giầy nữ VNXK Bal nhọn', 2, 4, 1, 300, '', 1, 0, 'img/product/0028.png'),
('0029', 'Giầy nữ VNXK HTP01', 2, 4, 1, 295, '', 1, 0, 'img/product/0029.png'),
('0030', 'Giầy nữ VNXK 0906N-1', 2, 4, 1, 290, '', 1, 0, 'img/product/0030.png'),
('0031', 'Giầy nữ VNXK 1068', 2, 4, 1, 360, '', 1, 0, 'img/product/0031.png'),
('0032', 'Giầy nữ VNXK 1069', 2, 4, 1, 360, '', 1, 0, 'img/product/0032.png'),
('0033', 'Giầy nữ VNXK 1502N-4', 2, 4, 1, 295, '', 1, 0, 'img/product/0033.png'),
('0034', 'Giầy nữ VNXK 2235-58', 2, 4, 1, 290, '', 1, 0, 'img/product/0034.png'),
('0035', 'Giầy nữ VNXK AT14', 2, 4, 1, 320, '', 1, 0, 'img/product/0035.png'),
('0036', 'Giầy nữ VNXK AT15', 2, 4, 1, 320, '', 1, 0, 'img/product/0036.png'),
('0037', 'Giầy nữ VNXK AT18', 2, 4, 1, 320, '', 1, 0, 'img/product/0037.png'),
('0038', 'Giầy nữ VNXK AT107', 2, 4, 1, 320, '', 1, 0, 'img/product/0038.png'),
('0039', 'Giầy nữ VNXK 190-04', 2, 4, 1, 290, '', 1, 0, 'img/product/0039.png'),
('0040', 'Giầy nữ VNXK cao 9p đế kép louboutin', 1, 4, 1, 340, '', 1, 0, 'img/product/0040.png'),
('0041', 'Giầy nữ đế xuồng da miếng 7p P_27', 2, 4, 1, 395, '', 1, 0, 'img/product/0041.png'),
('0042', 'Giầy nữ da miếng đế xuồng 3p LA 22', 2, 4, 1, 350, '', 1, 0, 'img/product/0042.png'),
('0043', 'Giầy nữ F.NIR đen nơ loại số 2', 2, 4, 1, 330, '', 1, 0, 'img/product/0043.png'),
('0044', 'Giầy nữ đế vuông 3p mũi tròn nơ', 2, 4, 1, 340, '', 1, 0, 'img/product/0044.png'),
('0045', 'Giầy nữ đế trụ 5p trơn', 2, 4, 1, 320, '', 1, 0, 'img/product/0045.png'),
('0046', 'Giầy gót nhọn 5p ZARA BASIC AD08', 2, 4, 1, 300, '', 1, 0, 'img/product/0046.png'),
('0047', 'Giầy da miếng moka trơn 1068', 2, 4, 1, 360, '', 1, 0, 'img/product/0047.png'),
('0048', 'Giầy da miếng bánh mỳ mũi nhọn 2106', 2, 4, 1, 360, '', 1, 0, 'img/product/0048.png'),
('0049', 'Giầy gót nhọn 5p nơ kép 2235', 1, 4, 1, 300, '', 1, 0, 'img/product/0049.png'),
('0050', 'Giầy da bóng gót nhọn kim loại 7p 911N01', 1, 4, 1, 320, '', 1, 0, 'img/product/0050.png'),
('0051', 'Giầy da mờ gót vuông 3p nơ tết lụa', 1, 4, 1, 295, '', 1, 0, 'img/product/0051.png'),
('0052', 'Giầy VNXK merris 5p nơ bóng', 1, 4, 1, 330, '', 1, 0, 'img/product/0052.png'),
('0053', 'Giầy cao đế kép 5p ZARA', 1, 4, 1, 350, '', 1, 0, 'img/product/0053.png'),
('0054', 'Giầy VNXK Merris múi 5p trơn', 1, 4, 1, 330, '', 1, 0, 'img/product/0054.png'),
('0055', 'Giầy cao gót 5p da miếng', 1, 4, 1, 360, '', 1, 0, 'img/product/0055.png'),
('0056', 'Giầy lười da miếng may viền SAVATO 1068 (2376)', 1, 4, 1, 360, '', 1, 0, 'img/product/0056.png'),
('0057', 'Giầy da miếng gót vuông 3p (2410)', 1, 4, 1, 360, '', 1, 0, 'img/product/0057.png'),
('0058', 'Giầy gót vuông 3p nơ xích zalong (2519)', 1, 4, 1, 290, '', 1, 0, 'img/product/0058.png'),
('0059', 'Giầy bệt versac chống xước (2522)', 1, 4, 1, 310, '', 1, 0, 'img/product/0059.png'),
('0060', 'Giầy da xi gót nhọn nơ thắt nút 5p (2483)', 1, 4, 1, 295, '', 1, 0, 'img/product/0060.png'),
('0061', 'Giầy da bóng gót 11p đế kép zalong HP299(2374)', 1, 4, 1, 360, '', 1, 0, 'img/product/0061.png'),
('0062', 'Giầy cao đế kép louboutin(2381)', 1, 4, 1, 360, '', 1, 0, 'img/product/0062.png'),
('0063', 'Giầy VNXK COCO DIVA đế xuồng(2213)', 1, 4, 1, 345, '', 1, 0, 'img/product/0063.png'),
('0064', 'Giầy da lộn họa tiết lá (2467)', 1, 4, 1, 300, '', 1, 0, 'img/product/0064.png'),
('0065', 'Giầy gót nhọn 5p nơ to đính đá da mờ(2525)', 1, 4, 1, 295, '', 1, 0, 'img/product/0065.png'),
('0066', 'Giầy cao cấp K156383 GN (2534)', 1, 4, 1, 630, '', 1, 0, 'img/product/0066.png'),
('0067', 'Giầy cao cấp 051-2-GNLC(2537)', 1, 4, 1, 350, '', 1, 0, 'img/product/0067.png'),
('0068', 'Giầy cao cấp 06 - 02 GNLC(2535)', 1, 4, 1, 350, '', 1, 0, 'img/product/0068.png'),
('0069', 'Giầy nữ gót nhọn 3p KP1020 GNPX (2529)', 1, 4, 1, 320, '', 1, 0, 'img/product/0069.png'),
('0070', 'Giầy da bóng gót vuông 2p có nơ zalong (2366)', 1, 4, 1, 295, '', 1, 0, 'img/product/0070.png'),
('0071', 'Giầy da lộn họa tiết xoắn (2468)', 1, 4, 1, 300, '', 1, 0, 'img/product/0071.png'),
('0072', 'Giầy da lộn gót vuông 4p SOLE', 2, 4, 1, 320, '', 1, 0, 'img/product/0072.png'),
('0073', 'Giầy da lộn gót kim loại 7p nơ C&K', 2, 4, 1, 320, '', 1, 0, 'img/product/0073.png'),
('0074', 'Giầy da thật mũi tròn trơn 1p', 2, 4, 1, 360, '', 1, 0, 'img/product/0074.png'),
('0075', 'Giầy cao gót ALDO nơ 7p da mờ CG12', 2, 4, 1, 290, '', 2, 0, 'img/product/0075.png'),
('0076', 'Giầy cao gót ALDO gót vuông 5p nơ CQ29', 2, 4, 1, 295, '', 1, 0, 'img/product/0076.png');

-- --------------------------------------------------------

--
-- Table structure for table `product_deviation`
--

CREATE TABLE IF NOT EXISTS `product_deviation` (
  `product_code` varchar(16) NOT NULL,
  `quantity` float NOT NULL DEFAULT '0',
  `date` datetime DEFAULT NULL,
  `description` varchar(245) DEFAULT NULL,
  KEY `fk_product_deviation_product1_idx` (`product_code`)
) ENGINE=InnoDB DEFAULT CHARSET=utf8;

-- --------------------------------------------------------

--
-- Table structure for table `product_import`
--

CREATE TABLE IF NOT EXISTS `product_import` (
  `id` int(11) NOT NULL AUTO_INCREMENT,
  `product_code` varchar(16) NOT NULL,
  `import_facture_code` varchar(45) NOT NULL,
  `quantity` int(11) NOT NULL,
  `import_price` float NOT NULL,
  PRIMARY KEY (`id`),
  KEY `fk_product_import_product1_idx` (`product_code`),
  KEY `fk_product_import_import_facture1_idx` (`import_facture_code`)
) ENGINE=InnoDB  DEFAULT CHARSET=utf8 AUTO_INCREMENT=78 ;

--
-- Dumping data for table `product_import`
--

INSERT INTO `product_import` (`id`, `product_code`, `import_facture_code`, `quantity`, `import_price`) VALUES
(1, '0001', '20151007_001', 8, 305),
(2, '0002', '20151007_001', 10, 291),
(3, '0003', '20151007_001', 3, 299),
(4, '0004', '20151007_001', 9, 374),
(5, '0005', '20151007_001', 5, 304),
(6, '0006', '20151007_001', 5, 343),
(7, '0007', '20151007_001', 5, 424),
(8, '0008', '20151007_001', 5, 365),
(9, '0009', '20151007_001', 10, 196),
(10, '0010', '20151007_001', 10, 185),
(11, '0011', '20151007_001', 10, 190),
(12, '0012', '20151007_001', 5, 215),
(13, '0013', '20151007_001', 5, 210),
(14, '0014', '20151007_001', 5, 210),
(15, '0015', '20151007_001', 5, 210),
(16, '0016', '20151007_001', 5, 210),
(17, '0017', '20151007_001', 5, 210),
(18, '0018', '20151007_002', 15, 160),
(19, '0019', '20151007_002', 15, 165),
(20, '0020', '20151007_002', 10, 205),
(21, '0039', '20151007_002', 20, 160),
(22, '0022', '20151007_002', 10, 200),
(23, '0023', '20151007_002', 15, 210),
(24, '0024', '20151007_002', 25, 205),
(25, '0025', '20151007_002', 15, 205),
(26, '0026', '20151007_002', 10, 170),
(27, '0027', '20151007_002', 15, 165),
(28, '0028', '20151007_002', 15, 170),
(29, '0029', '20151007_002', 10, 165),
(30, '0030', '20151007_002', 20, 160),
(31, '0031', '20151007_002', 20, 215),
(32, '0032', '20151007_002', 15, 225),
(33, '0033', '20151007_002', 25, 165),
(34, '0034', '20151007_002', 25, 160),
(35, '0035', '20151007_002', 15, 170),
(36, '0036', '20151007_002', 15, 170),
(37, '0037', '20151007_002', 10, 170),
(38, '0038', '20151007_002', 10, 170),
(39, '0040', '20151024_001', 15, 190),
(40, '0019', '20151024_002', 5, 165),
(41, '0041', '20151024_003', 5, 235),
(42, '0042', '20151024_003', 5, 210),
(43, '0043', '20151024_003', 5, 185),
(44, '0044', '20151024_003', 5, 190),
(45, '0045', '20151024_003', 5, 175),
(46, '0046', '20151024_004', 15, 165),
(47, '0047', '20151024_004', 5, 215),
(48, '0048', '20151024_004', 5, 210),
(49, '0049', '20151024_005', 15, 160),
(50, '0050', '20151024_005', 10, 175),
(51, '0051', '20151024_005', 15, 165),
(52, '0048', '20151024_005', 5, 210),
(53, '0052', '20151024_006', 10, 175),
(54, '0053', '20151024_006', 10, 180),
(55, '0054', '20151024_006', 10, 175),
(56, '0055', '20151024_006', 15, 215),
(57, '0056', '20151024_007', 15, 215),
(58, '0057', '20151024_007', 10, 230),
(59, '0058', '20151024_007', 20, 160),
(60, '0059', '20151024_007', 15, 150),
(61, '0060', '20151024_007', 15, 165),
(62, '0061', '20151024_007', 5, 210),
(63, '0062', '20151024_007', 5, 215),
(64, '0063', '20151024_007', 1, 210),
(65, '0064', '20151024_007', 1, 170),
(66, '0065', '20151024_007', 15, 165),
(67, '0066', '20151024_007', 4, 371),
(68, '0067', '20151024_007', 5, 190),
(69, '0068', '20151024_007', 5, 195),
(70, '0069', '20151024_007', 15, 180),
(71, '0070', '20151024_007', 7, 175),
(72, '0071', '20151024_007', 9, 170),
(73, '0072', '20151024_008', 15, 175),
(74, '0073', '20151024_008', 15, 170),
(75, '0074', '20151024_009', 5, 205),
(76, '0075', '20151026_001', 10, 160),
(77, '0076', '20151026_001', 10, 165);

-- --------------------------------------------------------

--
-- Table structure for table `product_return`
--

CREATE TABLE IF NOT EXISTS `product_return` (
  `id` int(11) NOT NULL AUTO_INCREMENT,
  `product_code` varchar(16) NOT NULL,
  `quantity` int(11) NOT NULL,
  `date` datetime DEFAULT NULL,
  `description` varchar(245) DEFAULT NULL,
  `provider_id` int(11) NOT NULL,
  `return_price` float NOT NULL DEFAULT '0',
  PRIMARY KEY (`id`),
  KEY `fk_product_return_provider1_idx` (`provider_id`)
) ENGINE=InnoDB  DEFAULT CHARSET=utf8 AUTO_INCREMENT=8 ;

--
-- Dumping data for table `product_return`
--

INSERT INTO `product_return` (`id`, `product_code`, `quantity`, `date`, `description`, `provider_id`, `return_price`) VALUES
(1, '0011', 1, '2015-10-22 21:51:53', 'Lỗi 21.10.15', 2, 190),
(2, '0015', 1, '2015-10-22 21:51:53', 'Lỗi 21.10.15', 2, 210),
(3, '0020', 1, '2015-10-22 21:51:53', 'Lỗi 21.10.15', 3, 205),
(4, '0039', 1, '2015-10-22 21:51:53', 'Lỗi 21.10.15', 3, 160),
(5, '0039', 2, '2015-10-22 21:52:36', 'Lỗi 10.10.15', 3, 160),
(6, '0031', 1, '2015-10-22 21:52:36', 'Lỗi 10.10.15', 3, 215),
(7, '0060', 14, '2015-10-26 00:41:44', 'Trả lại Chị Châu', 6, 165);

-- --------------------------------------------------------

--
-- Table structure for table `property`
--

CREATE TABLE IF NOT EXISTS `property` (
  `id` int(11) NOT NULL AUTO_INCREMENT,
  `date` date NOT NULL,
  `amount` float NOT NULL DEFAULT '0',
  `ket` float DEFAULT '0',
  `loan` float DEFAULT '0',
  `fund` float DEFAULT '0',
  `store` float DEFAULT '0',
  `debt` float DEFAULT '0',
  PRIMARY KEY (`id`)
) ENGINE=InnoDB  DEFAULT CHARSET=utf8 AUTO_INCREMENT=6 ;

--
-- Dumping data for table `property`
--

INSERT INTO `property` (`id`, `date`, `amount`, `ket`, `loan`, `fund`, `store`, `debt`) VALUES
(1, '2015-10-25', 108608, 12500, 41275, 24827, 124801, 255),
(2, '2015-10-26', 110455, 14200, 32750, 26502, 116448, 255),
(3, '2015-10-28', 109825, 15800, 22533, 16945, 115128, 285),
(4, '2015-10-30', 110290, 8600, 22533, 19745, 112793, 285),
(5, '2015-10-31', 111328, 10600, 22533, 21745, 111831, 285);

-- --------------------------------------------------------

--
-- Table structure for table `provider`
--

CREATE TABLE IF NOT EXISTS `provider` (
  `id` int(11) NOT NULL AUTO_INCREMENT,
  `name` varchar(45) NOT NULL,
  `tel` varchar(16) NOT NULL,
  `address` varchar(245) DEFAULT NULL,
  `description` varchar(245) DEFAULT NULL,
  `date` datetime DEFAULT NULL,
  PRIMARY KEY (`id`)
) ENGINE=InnoDB  DEFAULT CHARSET=utf8 AUTO_INCREMENT=7 ;

--
-- Dumping data for table `provider`
--

INSERT INTO `provider` (`id`, `name`, `tel`, `address`, `description`, `date`) VALUES
(2, 'Vinh Tuyết', '0913077448', 'Hàng Thùng', 'Hàng thùng', '2015-10-04 22:25:52'),
(3, 'Dương', '01666082922', 'Cầu Giấy', '', '2015-10-07 23:04:59'),
(4, 'METRONIC VIET NAM', '0948387993', 'Hào Nam, sau nhạc viện hà nội', '043.211.52.37/0948.387.993. Mrs. Lê', '2015-10-24 09:44:06'),
(5, 'Tuyến', '0904123322', 'Ngã Tư sở', '', '2015-10-24 11:32:53'),
(6, 'Chị Châu', '0966807709', 'Số 3 Lê Văn Lương Vạn Phúc Hà Đông Hà Nội', '', '2015-10-24 11:35:38');

-- --------------------------------------------------------

--
-- Table structure for table `provider_paid`
--

CREATE TABLE IF NOT EXISTS `provider_paid` (
  `id` int(11) NOT NULL AUTO_INCREMENT,
  `provider_id` int(11) NOT NULL,
  `amount` float NOT NULL,
  `date` datetime NOT NULL,
  `description` varchar(245) DEFAULT NULL,
  PRIMARY KEY (`id`),
  KEY `fk_provider_paid_provider1_idx` (`provider_id`)
) ENGINE=InnoDB  DEFAULT CHARSET=utf8 AUTO_INCREMENT=10 ;

--
-- Dumping data for table `provider_paid`
--

INSERT INTO `provider_paid` (`id`, `provider_id`, `amount`, `date`, `description`) VALUES
(1, 2, 28830, '2015-10-04 22:27:27', 'Hóa đơn 28830. | 2:28096 | 9:734 | 2:0 | '),
(2, 3, 35000, '2015-10-08 22:56:05', ' | 2:35000 | 2:0 | 2:0 | '),
(3, 3, 10000, '2015-10-12 23:55:04', 'Rút 10M từ tiền gửi anh Minh còn lại trả dương 10M | 2:10000 | 2:0 | 2:0 | '),
(4, 4, 2850, '2015-10-24 09:48:40', 'Lấy tiền nhà Châu trả | 1:2850 | 2:0 | 2:0 | '),
(5, 2, 4573, '2015-10-24 10:59:23', '1 hóa đơn vinh tuyết chia 2 bên. Chị Châu thanh toán hết | 9:4573 | 2:0 | 2:0 | '),
(6, 6, 27294, '2015-10-24 12:17:23', 'Hàng Chau thanh toán Hộ Anh Minh | 9:27294 | 2:0 | 2:0 | '),
(7, 5, 8525, '2015-10-25 14:39:17', 'đã thanh toán hết | 1:8500 | 13:25 | 2:0 | '),
(8, 6, -2310, '2015-10-26 00:42:37', 'Trả lại 14 đôi 2483 cho Chị Châu | 9:-2310 | 2:0 | 2:0 | '),
(9, 3, 13467, '2015-10-26 00:50:31', 'Tiền chị châu đã dùng hết chuyển sang trả Dương | 9:13467 | 2:0 | 2:0 | ');

-- --------------------------------------------------------

--
-- Table structure for table `provider_paid_fund_change_histo`
--

CREATE TABLE IF NOT EXISTS `provider_paid_fund_change_histo` (
  `id` int(11) NOT NULL AUTO_INCREMENT,
  `fund_change_histo_id` int(11) NOT NULL,
  `provider_paid_id` int(11) NOT NULL,
  PRIMARY KEY (`id`),
  KEY `fk_provider_paid_fund_change_fund_change_histo1_idx` (`fund_change_histo_id`),
  KEY `fk_provider_paid_fund_change_provider_paid1_idx` (`provider_paid_id`)
) ENGINE=InnoDB  DEFAULT CHARSET=utf8 AUTO_INCREMENT=12 ;

--
-- Dumping data for table `provider_paid_fund_change_histo`
--

INSERT INTO `provider_paid_fund_change_histo` (`id`, `fund_change_histo_id`, `provider_paid_id`) VALUES
(1, 16, 1),
(2, 17, 1),
(3, 36, 2),
(4, 55, 3),
(5, 86, 4),
(6, 87, 5),
(7, 90, 6),
(8, 93, 7),
(9, 94, 7),
(10, 96, 8),
(11, 97, 9);

-- --------------------------------------------------------

--
-- Table structure for table `role`
--

CREATE TABLE IF NOT EXISTS `role` (
  `id` int(11) NOT NULL AUTO_INCREMENT,
  `name` varchar(8) NOT NULL,
  `description` varchar(255) NOT NULL,
  PRIMARY KEY (`id`)
) ENGINE=InnoDB  DEFAULT CHARSET=utf8 AUTO_INCREMENT=4 ;

--
-- Dumping data for table `role`
--

INSERT INTO `role` (`id`, `name`, `description`) VALUES
(1, 'admin', 'Quản Trị'),
(2, 'editor', 'Nhập Liệu'),
(3, 'employee', 'Nhân Viên');

-- --------------------------------------------------------

--
-- Table structure for table `season`
--

CREATE TABLE IF NOT EXISTS `season` (
  `id` int(11) NOT NULL AUTO_INCREMENT,
  `start_time` date NOT NULL,
  `end_time` date NOT NULL,
  `name` varchar(45) NOT NULL,
  PRIMARY KEY (`id`)
) ENGINE=InnoDB  DEFAULT CHARSET=utf8 AUTO_INCREMENT=5 ;

--
-- Dumping data for table `season`
--

INSERT INTO `season` (`id`, `start_time`, `end_time`, `name`) VALUES
(1, '2014-01-01', '2014-03-31', 'SPRING'),
(2, '2014-04-01', '2014-06-30', 'SUMMER'),
(3, '2014-07-01', '2014-09-30', 'AUTUMN'),
(4, '2014-10-01', '2014-12-31', 'WINTER');

-- --------------------------------------------------------

--
-- Table structure for table `sex`
--

CREATE TABLE IF NOT EXISTS `sex` (
  `id` int(11) NOT NULL,
  `name` varchar(6) NOT NULL DEFAULT 'woman',
  PRIMARY KEY (`id`)
) ENGINE=InnoDB DEFAULT CHARSET=utf8;

--
-- Dumping data for table `sex`
--

INSERT INTO `sex` (`id`, `name`) VALUES
(1, 'WOMAN'),
(2, 'MAN');

-- --------------------------------------------------------

--
-- Table structure for table `shop`
--

CREATE TABLE IF NOT EXISTS `shop` (
  `id` int(11) NOT NULL AUTO_INCREMENT,
  `name` varchar(32) NOT NULL,
  `address` varchar(256) DEFAULT NULL,
  `date` datetime DEFAULT NULL,
  PRIMARY KEY (`id`)
) ENGINE=InnoDB  DEFAULT CHARSET=utf8 AUTO_INCREMENT=4 ;

--
-- Dumping data for table `shop`
--

INSERT INTO `shop` (`id`, `name`, `address`, `date`) VALUES
(1, 'shop1', '19 Vạn phúc Hà Đông Hà Nội', '2015-06-12 22:38:34'),
(2, 'shop2', 'Số 3 Lê Văn Lương - Vạn Phúc', '2015-06-12 22:38:34');

-- --------------------------------------------------------

--
-- Table structure for table `spend`
--

CREATE TABLE IF NOT EXISTS `spend` (
  `id` int(11) NOT NULL AUTO_INCREMENT,
  `spend_category_id` int(11) NOT NULL,
  `amount` float NOT NULL DEFAULT '0',
  `user_id` int(11) NOT NULL,
  `description` varchar(245) DEFAULT NULL,
  `date` datetime DEFAULT NULL,
  `spend_for_id` int(11) NOT NULL,
  `spend_type_id` int(11) NOT NULL,
  PRIMARY KEY (`id`),
  KEY `fk_spend_spend_category1_idx` (`spend_category_id`),
  KEY `fk_spend_user1_idx` (`user_id`),
  KEY `fk_spend_spend_for1_idx` (`spend_for_id`),
  KEY `fk_spend_spend_type1_idx` (`spend_type_id`)
) ENGINE=InnoDB  DEFAULT CHARSET=utf8 AUTO_INCREMENT=45 ;

--
-- Dumping data for table `spend`
--

INSERT INTO `spend` (`id`, `spend_category_id`, `amount`, `user_id`, `description`, `date`, `spend_for_id`, `spend_type_id`) VALUES
(1, 1, 2160, 1, 'Mua thanh ray, thanh đỡ kính (Anh Minh   Anh Duệ)', '2015-10-01 00:29:00', 2, 2),
(2, 1, 34, 1, 'Mua đồ thắp hương', '2015-10-02 00:29:00', 2, 1),
(3, 1, 50, 2, 'Mua thêm 2 thanh ray', '2015-10-02 00:17:10', 2, 1),
(4, 1, 60, 1, 'Tiền ốc vít', '2015-10-01 02:21:35', 2, 1),
(5, 1, 4000, 1, 'laptop dell', '2015-10-03 11:15:04', 2, 1),
(6, 1, 2000, 1, 'Mua 100m led lắp cửa hàng', '2015-10-04 13:46:21', 2, 1),
(7, 1, 480, 2, 'Mua ghế', '2015-10-05 15:57:00', 2, 1),
(8, 1, 180, 2, 'Sớ đi phủ tây hồ', '2015-10-06 15:31:58', 2, 1),
(9, 1, 500, 2, 'Đưa bảo', '2015-10-06 15:31:58', 2, 1),
(10, 1, 220, 2, 'Mua lễ đi phủ', '2015-10-06 15:31:58', 2, 1),
(11, 1, 30, 2, 'Mua hoa', '2015-10-06 15:31:58', 2, 1),
(12, 1, 100, 2, 'Tiền lẻ đi lễ', '2015-10-06 15:31:58', 2, 1),
(13, 1, 500, 2, 'Đưa bảo', '2015-10-07 15:39:25', 2, 1),
(14, 1, 105, 2, 'Mua máy tính, sổ bút', '2015-10-07 15:39:25', 2, 1),
(15, 1, 200, 2, 'Tiền 2 nhân viên', '2015-10-07 15:39:25', 2, 1),
(16, 1, 25, 1, 'Bình nước', '2015-10-07 15:41:41', 2, 1),
(17, 1, 350, 1, 'Đi chợ sáng mua gà. ... khai trương', '2015-10-08 02:52:32', 2, 1),
(18, 1, 550, 2, 'Châu đi mua lễ thắp hương (hoa quả, bánh, hương vàng túi đựng tiền)', '2015-10-08 15:54:47', 2, 1),
(19, 1, 200, 2, 'Đưa bảo trả lại cho khách hôm khai trương', '2015-10-08 15:54:47', 2, 1),
(20, 1, 60, 2, 'Tiền lẻ thắp hương', '2015-10-08 15:54:47', 2, 1),
(21, 1, 600, 2, 'Tiền phong bao lì xì', '2015-10-08 15:54:47', 2, 1),
(22, 1, 1300, 1, 'Chi mua đồ điện: Quạt trần, 3 bóng đôi, các phụ kiện điện', '2015-10-09 16:17:14', 2, 1),
(23, 1, 5000, 1, 'Ứng trước 5m tiền gương kính', '2015-10-09 16:17:14', 2, 1),
(24, 1, 120, 4, 'Mua chuột cho bảo', '2015-10-10 21:57:06', 2, 1),
(25, 1, 160, 4, 'Mua 2 súng bắn giá cho bảo', '2015-10-10 21:57:06', 2, 1),
(26, 1, 220, 4, 'Mua access point lắp wifi', '2015-10-11 23:56:04', 2, 1),
(27, 1, 157, 1, 'Lot thuong truoc 5x3.5, lot thuong sau 20x3.5, silicon 10x 7.0', '2015-10-13 23:43:41', 2, 1),
(28, 1, 700, 3, 'Mua thảm', '2015-10-13 18:50:01', 2, 1),
(29, 1, 71, 3, 'đồ thắp hương', '2015-10-13 18:50:01', 2, 1),
(30, 1, 25, 3, 'SHIP FEE', '2015-10-11 18:55:25', 2, 1),
(31, 1, 5445, 4, 'Lắp camera', '2015-10-14 22:18:24', 2, 1),
(32, 1, 70, 3, 'tiền lì xì mở hàng', '2015-10-08 22:57:02', 2, 1),
(33, 1, 25, 3, 'phí ship hàng cho Thu   Huyền', '2015-10-16 12:55:15', 2, 1),
(35, 1, 20, 3, 'mua hoa thắp hương', '2015-10-17 23:19:26', 2, 1),
(36, 1, 1650, 3, 'mua bàn quầy', '2015-10-17 23:21:13', 2, 1),
(37, 1, 1890, 1, 'In túi bóng và mua giấy cuộn', '2015-10-18 22:25:34', 2, 1),
(38, 1, 50, 3, 'Mua bánh thắp hương, muaỉ toỉ để cửa hàng, mua nước', '2015-10-19 16:14:03', 2, 1),
(39, 1, 25, 3, 'phí ship hàng cho Vũ', '2015-10-20 00:18:08', 2, 1),
(40, 1, 60, 3, 'mua choi lau', '2015-10-21 22:55:00', 2, 1),
(41, 1, 20, 3, 'mua banh va hoa thap huong', '2015-10-22 22:35:28', 2, 1),
(43, 1, 10, 3, 'Mua lựu thắp hương', '2015-10-26 15:52:53', 2, 1),
(44, 1, 540, 4, 'tiền quảng cáo facebook (HSBC của A Duệ)', '2015-10-31 09:06:14', 2, 1);

-- --------------------------------------------------------

--
-- Table structure for table `spend_category`
--

CREATE TABLE IF NOT EXISTS `spend_category` (
  `id` int(11) NOT NULL AUTO_INCREMENT,
  `name` varchar(45) NOT NULL,
  PRIMARY KEY (`id`)
) ENGINE=InnoDB  DEFAULT CHARSET=utf8 AUTO_INCREMENT=9 ;

--
-- Dumping data for table `spend_category`
--

INSERT INTO `spend_category` (`id`, `name`) VALUES
(1, 'Chi tiêu hàng ngày'),
(2, 'Giao thông'),
(3, 'Y tế'),
(4, 'Giáo dục'),
(5, 'Ngoại giao'),
(6, 'Viễn thông'),
(7, 'Khác'),
(8, 'Lấy quần áo');

-- --------------------------------------------------------

--
-- Table structure for table `spend_for`
--

CREATE TABLE IF NOT EXISTS `spend_for` (
  `id` int(11) NOT NULL AUTO_INCREMENT,
  `name` varchar(45) NOT NULL,
  PRIMARY KEY (`id`)
) ENGINE=InnoDB  DEFAULT CHARSET=utf8 AUTO_INCREMENT=3 ;

--
-- Dumping data for table `spend_for`
--

INSERT INTO `spend_for` (`id`, `name`) VALUES
(1, 'Gia đình'),
(2, 'Cửa hàng');

-- --------------------------------------------------------

--
-- Table structure for table `spend_type`
--

CREATE TABLE IF NOT EXISTS `spend_type` (
  `id` int(11) NOT NULL AUTO_INCREMENT,
  `name` varchar(45) NOT NULL,
  PRIMARY KEY (`id`)
) ENGINE=InnoDB  DEFAULT CHARSET=utf8 AUTO_INCREMENT=4 ;

--
-- Dumping data for table `spend_type`
--

INSERT INTO `spend_type` (`id`, `name`) VALUES
(1, 'Khấu hao ngay'),
(2, 'Khấu hao dần'),
(3, 'Không khấu hao');

-- --------------------------------------------------------

--
-- Table structure for table `user`
--

CREATE TABLE IF NOT EXISTS `user` (
  `id` int(11) NOT NULL AUTO_INCREMENT,
  `shop_id` int(11) NOT NULL,
  `name` varchar(128) NOT NULL,
  `email` varchar(64) DEFAULT NULL,
  `phone_number` varchar(16) DEFAULT NULL,
  `username` varchar(16) NOT NULL,
  `password` varchar(32) NOT NULL,
  `confirmcode` varchar(32) DEFAULT 'y',
  `status` varchar(1) NOT NULL DEFAULT 'Y',
  `start_date` datetime NOT NULL DEFAULT '2014-01-01 08:00:00',
  `end_date` datetime DEFAULT '2020-12-31 22:00:00',
  `description` varchar(500) DEFAULT NULL,
  PRIMARY KEY (`id`),
  KEY `fk_user_shop_idx` (`shop_id`)
) ENGINE=InnoDB  DEFAULT CHARSET=utf8 COMMENT='Employees Information' AUTO_INCREMENT=5 ;

--
-- Dumping data for table `user`
--

INSERT INTO `user` (`id`, `shop_id`, `name`, `email`, `phone_number`, `username`, `password`, `confirmcode`, `status`, `start_date`, `end_date`, `description`) VALUES
(1, 1, 'Anh Minh', 'trantridue@gmail.com', '0918888398', 'admin', '4eae18cf9e54a0f62b44176d074cbe2f', 'y', 'y', '2013-01-01 09:07:18', '2015-08-19 20:19:40', 'nothing'),
(2, 1, 'Chị Châu', 'zabuza.vn@gmail.com', '0966807709', 'chau ', 'e10adc3949ba59abbe56e057f20f883e', 'y', 'y', '2015-06-15 09:08:37', '2015-09-04 08:00:41', 'nothing'),
(3, 1, 'Bảo', 'baobao@gmail.com', '01649785255', 'bao', 'e10adc3949ba59abbe56e057f20f883e', 'y', 'y', '2013-06-01 20:47:12', '2015-09-21 20:34:22', 'nothing'),
(4, 1, 'Anh Duệ', 'trantridue@gmail.com', '0979355285', 'due', 'e10adc3949ba59abbe56e057f20f883e', 'y', 'y', '2015-10-10 06:40:54', '2020-12-31 22:00:00', 'Due');

-- --------------------------------------------------------

--
-- Table structure for table `user_role`
--

CREATE TABLE IF NOT EXISTS `user_role` (
  `id` int(11) NOT NULL AUTO_INCREMENT,
  `role_id` int(11) NOT NULL,
  `description` varchar(255) DEFAULT NULL,
  `user_id` int(11) NOT NULL,
  PRIMARY KEY (`id`,`user_id`),
  KEY `fk_user_role_role_idx` (`role_id`),
  KEY `fk_user_role_user1_idx` (`user_id`)
) ENGINE=InnoDB  DEFAULT CHARSET=utf8 AUTO_INCREMENT=2 ;

--
-- Dumping data for table `user_role`
--

INSERT INTO `user_role` (`id`, `role_id`, `description`, `user_id`) VALUES
(1, 1, NULL, 1);

--
-- Constraints for dumped tables
--

--
-- Constraints for table `customer_reservation_histo`
--
ALTER TABLE `customer_reservation_histo`
  ADD CONSTRAINT `fk_customer_reservation_histo_customer1` FOREIGN KEY (`customer_id`) REFERENCES `customer` (`id`) ON DELETE NO ACTION ON UPDATE NO ACTION;

--
-- Constraints for table `export_facture`
--
ALTER TABLE `export_facture`
  ADD CONSTRAINT `fk_export_facture_customer1` FOREIGN KEY (`customer_id`) REFERENCES `customer` (`id`) ON DELETE NO ACTION ON UPDATE NO ACTION,
  ADD CONSTRAINT `fk_export_facture_shop1` FOREIGN KEY (`shop_id`) REFERENCES `shop` (`id`) ON DELETE NO ACTION ON UPDATE NO ACTION,
  ADD CONSTRAINT `fk_export_facture_user1` FOREIGN KEY (`user_id`) REFERENCES `user` (`id`) ON DELETE NO ACTION ON UPDATE NO ACTION;

--
-- Constraints for table `export_facture_product`
--
ALTER TABLE `export_facture_product`
  ADD CONSTRAINT `fk_export_facture_product_export_facture1` FOREIGN KEY (`export_facture_code`) REFERENCES `export_facture` (`code`) ON DELETE NO ACTION ON UPDATE NO ACTION,
  ADD CONSTRAINT `fk_export_facture_product_product1` FOREIGN KEY (`product_code`) REFERENCES `product` (`code`) ON DELETE NO ACTION ON UPDATE NO ACTION;

--
-- Constraints for table `export_facture_trace`
--
ALTER TABLE `export_facture_trace`
  ADD CONSTRAINT `fk_export_facture_trace_customer1` FOREIGN KEY (`customer_id`) REFERENCES `customer` (`id`) ON DELETE NO ACTION ON UPDATE NO ACTION,
  ADD CONSTRAINT `fk_export_facture_trace_export_facture1` FOREIGN KEY (`export_facture_code`) REFERENCES `export_facture` (`code`) ON DELETE NO ACTION ON UPDATE NO ACTION,
  ADD CONSTRAINT `fk_export_facture_trace_shop1` FOREIGN KEY (`shop_id`) REFERENCES `shop` (`id`) ON DELETE NO ACTION ON UPDATE NO ACTION;

--
-- Constraints for table `fund_change_histo`
--
ALTER TABLE `fund_change_histo`
  ADD CONSTRAINT `fk_fund_change_histo_fund1` FOREIGN KEY (`fund_id`) REFERENCES `fund` (`id`) ON DELETE NO ACTION ON UPDATE NO ACTION,
  ADD CONSTRAINT `fk_fund_change_histo_user1` FOREIGN KEY (`user_id`) REFERENCES `user` (`id`) ON DELETE NO ACTION ON UPDATE NO ACTION;

--
-- Constraints for table `import_facture`
--
ALTER TABLE `import_facture`
  ADD CONSTRAINT `fk_import_facture_provider1` FOREIGN KEY (`provider_id`) REFERENCES `provider` (`id`) ON DELETE NO ACTION ON UPDATE NO ACTION;

--
-- Constraints for table `money_inout`
--
ALTER TABLE `money_inout`
  ADD CONSTRAINT `fk_money_inout_shop1` FOREIGN KEY (`shop_id`) REFERENCES `shop` (`id`) ON DELETE NO ACTION ON UPDATE NO ACTION,
  ADD CONSTRAINT `fk_money_inout_user1` FOREIGN KEY (`user_id`) REFERENCES `user` (`id`) ON DELETE NO ACTION ON UPDATE NO ACTION;

--
-- Constraints for table `news`
--
ALTER TABLE `news`
  ADD CONSTRAINT `fk_news_shop1` FOREIGN KEY (`shop_id`) REFERENCES `shop` (`id`) ON DELETE NO ACTION ON UPDATE NO ACTION,
  ADD CONSTRAINT `fk_news_user1` FOREIGN KEY (`user_id`) REFERENCES `user` (`id`) ON DELETE NO ACTION ON UPDATE NO ACTION;

--
-- Constraints for table `product`
--
ALTER TABLE `product`
  ADD CONSTRAINT `fk_product_brand1` FOREIGN KEY (`brand_id`) REFERENCES `brand` (`id`) ON DELETE NO ACTION ON UPDATE NO ACTION,
  ADD CONSTRAINT `fk_product_category1` FOREIGN KEY (`category_id`) REFERENCES `category` (`id`) ON DELETE NO ACTION ON UPDATE NO ACTION,
  ADD CONSTRAINT `fk_product_season1` FOREIGN KEY (`season_id`) REFERENCES `season` (`id`) ON DELETE NO ACTION ON UPDATE NO ACTION,
  ADD CONSTRAINT `fk_product_sex1` FOREIGN KEY (`sex_id`) REFERENCES `sex` (`id`) ON DELETE NO ACTION ON UPDATE NO ACTION;

--
-- Constraints for table `product_deviation`
--
ALTER TABLE `product_deviation`
  ADD CONSTRAINT `fk_product_deviation_product1` FOREIGN KEY (`product_code`) REFERENCES `product` (`code`) ON DELETE NO ACTION ON UPDATE NO ACTION;

--
-- Constraints for table `product_import`
--
ALTER TABLE `product_import`
  ADD CONSTRAINT `fk_product_import_import_facture1` FOREIGN KEY (`import_facture_code`) REFERENCES `import_facture` (`code`) ON DELETE NO ACTION ON UPDATE NO ACTION,
  ADD CONSTRAINT `fk_product_import_product1` FOREIGN KEY (`product_code`) REFERENCES `product` (`code`) ON DELETE NO ACTION ON UPDATE NO ACTION;

--
-- Constraints for table `product_return`
--
ALTER TABLE `product_return`
  ADD CONSTRAINT `fk_product_return_provider1` FOREIGN KEY (`provider_id`) REFERENCES `provider` (`id`) ON DELETE NO ACTION ON UPDATE NO ACTION;

--
-- Constraints for table `provider_paid`
--
ALTER TABLE `provider_paid`
  ADD CONSTRAINT `fk_provider_paid_provider1` FOREIGN KEY (`provider_id`) REFERENCES `provider` (`id`) ON DELETE NO ACTION ON UPDATE NO ACTION;

--
-- Constraints for table `provider_paid_fund_change_histo`
--
ALTER TABLE `provider_paid_fund_change_histo`
  ADD CONSTRAINT `fk_provider_paid_fund_change_fund_change_histo1` FOREIGN KEY (`fund_change_histo_id`) REFERENCES `fund_change_histo` (`id`) ON DELETE CASCADE ON UPDATE NO ACTION,
  ADD CONSTRAINT `fk_provider_paid_fund_change_provider_paid1` FOREIGN KEY (`provider_paid_id`) REFERENCES `provider_paid` (`id`) ON DELETE CASCADE ON UPDATE NO ACTION;

--
-- Constraints for table `spend`
--
ALTER TABLE `spend`
  ADD CONSTRAINT `fk_spend_spend_category1` FOREIGN KEY (`spend_category_id`) REFERENCES `spend_category` (`id`) ON DELETE NO ACTION ON UPDATE NO ACTION,
  ADD CONSTRAINT `fk_spend_spend_for1` FOREIGN KEY (`spend_for_id`) REFERENCES `spend_for` (`id`) ON DELETE NO ACTION ON UPDATE NO ACTION,
  ADD CONSTRAINT `fk_spend_spend_type1` FOREIGN KEY (`spend_type_id`) REFERENCES `spend_type` (`id`) ON DELETE NO ACTION ON UPDATE NO ACTION,
  ADD CONSTRAINT `fk_spend_user1` FOREIGN KEY (`user_id`) REFERENCES `user` (`id`) ON DELETE NO ACTION ON UPDATE NO ACTION;

--
-- Constraints for table `user`
--
ALTER TABLE `user`
  ADD CONSTRAINT `fk_user_shop` FOREIGN KEY (`shop_id`) REFERENCES `shop` (`id`) ON DELETE NO ACTION ON UPDATE NO ACTION;

--
-- Constraints for table `user_role`
--
ALTER TABLE `user_role`
  ADD CONSTRAINT `fk_user_role_role` FOREIGN KEY (`role_id`) REFERENCES `role` (`id`) ON DELETE NO ACTION ON UPDATE NO ACTION,
  ADD CONSTRAINT `fk_user_role_user1` FOREIGN KEY (`user_id`) REFERENCES `user` (`id`) ON DELETE NO ACTION ON UPDATE NO ACTION;

/*!40101 SET CHARACTER_SET_CLIENT=@OLD_CHARACTER_SET_CLIENT */;
/*!40101 SET CHARACTER_SET_RESULTS=@OLD_CHARACTER_SET_RESULTS */;
/*!40101 SET COLLATION_CONNECTION=@OLD_COLLATION_CONNECTION */;
